<?xml version="1.0" encoding="UTF-8"?>
<paragraph xmlns:gate="http://www.gate.ac.uk" gate:gateId="0" gate:annotMaxId="1019">
  Las siguientes reacciones adversas se producen con más frecuencia ( 1/100) que con placebo, o fueron identificadas como reacciones adversas de posible relevancia médica (*): La frecuencia de reacciones adversas listadas a continuación se definen siguiendo la siguiente clasificación: frecuentes ( 1/100, &lt; 1/10) y poco frecuentes ( 1/1,000, &lt; 1/100). Trastornos cardíacos: Poco frecuentes:
  <effect gate:gateId="932" rule="Effect" Simplification="alteración del ritmo cardíaco">taquicardia</effect>
  * Trastornos del sistema
  <effect gate:gateId="933" rule="Effect" Simplification="nervioso">nervioso</effect>
  : Frecuentes:
  <effect gate:gateId="934" rule="Effect" Simplification="incapacidad de quedarse quieto">trastorno extrapiramidal</effect>
  ,
  <effect gate:gateId="935" rule="Effect" Simplification="incapacidad de quedarse quieto">acatisia</effect>
  ,
  <effect gate:gateId="936" rule="Effect" Simplification="temblor">temblor</effect>
  ,
  <effect gate:gateId="937" rule="Effect" Simplification="mareo y vértigo">vértigo</effect>
  ,
  <effect gate:gateId="938" rule="Effect" Simplification="somnolencia">somnolencia</effect>
  ,
  <effect gate:gateId="939" rule="Effect" Simplification="sedación">sedación</effect>
  ,
  <effect gate:gateId="940" rule="Effect" Simplification="dolor de cabeza">dolor de cabeza</effect>
  Trastornos oculares: Frecuentes:
  <effect gate:gateId="941" rule="Effect" Simplification="visión borrosa">visión borrosa</effect>
  Trastornos gastrointestinales: Frecuentes:
  <effect gate:gateId="942" rule="Effect" Simplification="enfermedades del estómago ">dispepsia</effect>
  ,
  <effect gate:gateId="943" rule="Effect" Simplification="vómitos">vómitos</effect>
  ,
  <effect gate:gateId="944" rule="Effect" Simplification="náuseas">náuseas</effect>
  ,
  <effect gate:gateId="945" rule="Effect" Simplification="estreñimiento">estreñimiento</effect>
  , hipersecreción salivar Trastornos vasculares: Poco frecuentes:
  <effect gate:gateId="946" rule="Effect" Simplification="incapacidad de quedarse quieto">hipotensión ortostática</effect>
  * Trastornos generales y alteraciones en el lugar de administración: Frecuentes:
  <effect gate:gateId="947" rule="Effect" Simplification="fatiga ">fatiga</effect>
  Trastornos psiquiátricos: Frecuentes:
  <effect gate:gateId="948" rule="Effect" Simplification="agitación">agitación</effect>
  ,
  <effect gate:gateId="949" rule="Effect" Simplification="insomnio">insomnio</effect>
  ,
  <effect gate:gateId="950" rule="Effect" Simplification="ansiedad">ansiedad</effect>
  Síntomas extrapiramidales (SEP): Esquizofrenia - en un ensayo controlado a largo plazo de 52 semanas, los pacientes tratados con
  <drug gate:gateId="951" rule="Drug">aripiprazol</drug>
  tuvieron una incidencia global menor (25,8%) de SEP incluyendo
  <effect gate:gateId="952" rule="Effect" Simplification=" parkinson">parkinsonismo</effect>
  ,
  <effect gate:gateId="953" rule="Effect" Simplification="incapacidad de quedarse quieto">acatisia</effect>
  ,
  <effect gate:gateId="954" rule="Effect" Simplification="movimiento involuntario">distonía</effect>
  y
  <effect gate:gateId="955" rule="Effect" Simplification="movimientos anormales">discinesia</effect>
  , comparados con aquellos tratados con
  <drug gate:gateId="956" rule="Drug">haloperidol</drug>
  (57,3%). En un ensayo controlado con placebo a largo plazo, de 26 semanas, la incidencia de SEP fue de 19% para pacientes tratados con
  <drug gate:gateId="957" rule="Drug">aripiprazol</drug>
  y 13,1% para pacientes tratados con placebo. En otro ensayo controlado a largo plazo de 26 semanas, la incidencia de SEP fue de 14,8% para pacientes tratados con
  <drug gate:gateId="958" rule="Drug">aripiprazol</drug>
  y 15,1% para pacientes tratados con
  <drug gate:gateId="959" rule="Drug">olanzapina</drug>
  . Episodios maníacos en Trastorno Bipolar I - en un ensayo controlado de 12 semanas de duración, la incidencia de SEP fue de 23,5% en pacientes tratados con
  <drug gate:gateId="960" rule="Drug">aripiprazol</drug>
  y de 53,3 % en pacientes tratados con
  <drug gate:gateId="961" rule="Drug">haloperidol</drug>
  . En otro ensayo, también de 12 semanas de duración, la incidencia de SEP fue de 26,6% en pacientes tratados con
  <drug gate:gateId="962" rule="Drug">aripiprazol</drug>
  y de 17,6% para aquellos tratados con
  <drug gate:gateId="963" rule="Drug">litio</drug>
  . En la fase de mantenimiento a largo plazo de 26 semanas de duración de un ensayo controlado con placebo, la incidencia de SEP fue de 18,2% en pacientes tratados con
  <drug gate:gateId="964" rule="Drug">aripiprazol</drug>
  y de 15,7% en pacientes tratados con placebo. En ensayos controlados con placebo, la incidencia de
  <effect gate:gateId="965" rule="Effect" Simplification="incapacidad de quedarse quieto">acatisia</effect>
  en pacientes con trastorno bipolar fue de 12,1% en los tratados con
  <drug gate:gateId="966" rule="Drug">aripiprazol</drug>
  y de 3,2% en aquellos que recibieron placebo. En pacientes con
  <effect gate:gateId="967" rule="Effect" Simplification="esquizofrenia">esquizofrenia</effect>
  la incidencia de
  <effect gate:gateId="968" rule="Effect" Simplification="incapacidad de quedarse quieto">acatisia</effect>
  fue de 6,2% para
  <drug gate:gateId="969" rule="Drug">aripiprazol</drug>
  y de 3,0% para placebo. La comparación entre
  <drug gate:gateId="970" rule="Drug">aripiprazol</drug>
  y placebo en aquella proporción de pacientes que experimentan potencialmente cambios clínicamente significativos en los parámetros rutinarios de laboratorio no revelan ninguna diferencia médica importante. Se observaron aumentos de CPK (Creatina Fosfoquinasa), generalmente transitorios y asintomáticos, en el 3,5% de pacientes tratados con
  <drug gate:gateId="971" rule="Drug">aripiprazol</drug>
  en comparación al 2,0% de pacientes que recibieron placebo. Otros hallazgos: Se han notificado efectos no deseados durante el tratamiento con
  <drug gate:gateId="972" rule="Drug">aripiprazol</drug>
  que son conocidos en asociación con la terapia antipsicótica, incluyendo el
  <effect gate:gateId="973" rule="Effect" Simplification="trastorno peligroso">síndrome neuroléptico maligno</effect>
  ,
  <effect gate:gateId="974" rule="Effect" Simplification="movimientos anormales">discinesia tardía</effect>
  ,
  <effect gate:gateId="975" rule="Effect" Simplification="ataque">convulsiones</effect>
  , acontecimientos adversos cerebrovasculares y aumento de mortalidad en pacientes ancianos con
  <effect gate:gateId="976" rule="Effect" Simplification="demencia">demencia</effect>
  ,
  <effect gate:gateId="977" rule="Effect" Simplification="alto nivel de azucar">hiperglucemia</effect>
  y
  <effect gate:gateId="978" rule="Effect" Simplification="diabetes">diabetes mellitus</effect>
  (ver sección 4.4). Post-comercialización: Se han notificado los siguientes efectos adversos durante la vigilancia post-comercialización. Se desconoce la frecuencia de estos efectos (no se puede estimar a partir de los datos disponibles). Exploraciones complementarias: aumento de creatina fosfoquinasa, aumento de los niveles Trastornos cardiacos: prolongación del intervalo QT,
  <effect gate:gateId="979" rule="Effect" Simplification="alteración del ritmo cardiaco">arritmia ventricular</effect>
  , Trastornos de la sangre y del sistema
  <effect gate:gateId="980" rule="Effect" Simplification="disminución de leucocitos en la sangre">leucopenia</effect>
  ,
  <effect gate:gateId="981" rule="Effect" Simplification="problemas en la sangre">neutropenia</effect>
  ,
  <effect gate:gateId="982" rule="Effect" Simplification="problemas de coagulación">trombocitopenia</effect>
  linfático: Trastornos del sistema
  <effect gate:gateId="983" rule="Effect" Simplification="nervioso">nervioso</effect>
  : trastornos del lenguaje,
  <effect gate:gateId="984" rule="Effect" Simplification="trastorno peligroso">síndrome neuroléptico maligno</effect>
  Trastornos respiratorios, torácicos y
  <effect gate:gateId="985" rule="Effect" Simplification="problemas para respirar">espasmo orofaríngeo</effect>
  ,
  <effect gate:gateId="986" rule="Effect" Simplification="espasmos en la garganta">laringoespasmo</effect>
  , neumonia de mediastínicos:
  <effect gate:gateId="987" rule="Effect" Simplification="aspiración">aspiración</effect>
  Trastornos gastrointestinales:
  <effect gate:gateId="988" rule="Effect" Simplification="pancreatitis">pancreatitis</effect>
  ,
  <effect gate:gateId="989" rule="Effect" Simplification="problemas para tragar">disfagia</effect>
  ,
  <effect gate:gateId="990" rule="Effect" Simplification="molestia abdominal">molestia abdominal</effect>
  ,
  <effect gate:gateId="991" rule="Effect" Simplification="malestar">malestar</effect>
  de Trastornos renales y urinarios:
  <effect gate:gateId="992" rule="Effect" Simplification="incontinencia urinaria">incontinencia urinaria</effect>
  ,
  <effect gate:gateId="993" rule="Effect" Simplification="retención urinaria">retención urinaria</effect>
  Trastornos de la piel y del tejido
  <effect gate:gateId="994" rule="Effect" Simplification="inflamación">erupción cutánea</effect>
  ,
  <effect gate:gateId="995" rule="Effect" Simplification="intolerancia a la luz">reacción de fotosensibilidad</effect>
  ,
  <effect gate:gateId="996" rule="Effect" Simplification="pérdida de cabello ">alopecia</effect>
  , subcutáneo:
  <effect gate:gateId="997" rule="Effect" Simplification="sudoración">hiperhidrosis</effect>
  Trastornos musculoesqueléticos y del tejido conjuntivo: rabdomiólisis,
  <effect gate:gateId="998" rule="Effect" Simplification="dolor muscular">mialgia</effect>
  ,
  <effect gate:gateId="999" rule="Effect" Simplification="rigidez">rigidez</effect>
  Trastornos endocrinos: hiperglicemia,
  <effect gate:gateId="1000" rule="Effect" Simplification="diabetes">diabetes mellitus</effect>
  ,
  <effect gate:gateId="1001" rule="Effect" Simplification="sangre acida">cetoacidosis diabética</effect>
  , Trastornos del metabolismo y de la
  <effect gate:gateId="1002" rule="Effect" Simplification="aumento de peso">aumento de peso</effect>
  ,
  <effect gate:gateId="1003" rule="Effect" Simplification="pérdida de peso">pérdida de peso</effect>
  ,
  <effect gate:gateId="1004" rule="Effect" Simplification="trastornos de la alimentación ">anorexia</effect>
  ,
  <effect gate:gateId="1005" rule="Effect" Simplification="problemas en la sangre">hiponatremia</effect>
  nutrición: Trastornos vasculares: Síncope,
  <effect gate:gateId="1006" rule="Effect" Simplification="presión arterial alta">hipertensión</effect>
  , episodios tromboembólicos Trastornos generales y alteraciones en el
  <effect gate:gateId="1007" rule="Effect" Simplification="trastorno de la regulación de la temperatura">trastorno de la regulación de la temperatura</effect>
  (por ejemplo, lugar de administración:
  <effect gate:gateId="1008" rule="Effect" Simplification="hipotermia">hipotermia</effect>
  ,
  <effect gate:gateId="1009" rule="Effect" Simplification="fiebre">pirexia</effect>
  ),
  <effect gate:gateId="1010" rule="Effect" Simplification="dolor torácico">dolor torácico</effect>
  ,
  <effect gate:gateId="1011" rule="Effect" Simplification="hinchazón en la pierna">edema periférico</effect>
  Trastornos del sistema inmunológico: reacciones alérgicas (por ejemplo,
  <effect gate:gateId="1012" rule="Effect" Simplification="reacción alérgica">reacción anafiláctica</effect>
  , Trastornos hepatobiliares:
  <effect gate:gateId="1013" rule="Effect" Simplification="piel amarrilla">ictericia</effect>
  ,
  <effect gate:gateId="1014" rule="Effect" Simplification="hepatitis">hepatitis</effect>
  , aumento de alanina aminotransferasa Trastornos del aparato reproductor y de la mama:
  <effect gate:gateId="1015" rule="Effect" Simplification="dolor en el pene">priapismo</effect>
  Trastornos psiquiátricos:
  <effect gate:gateId="1016" rule="Effect" Simplification="agitación">agitación</effect>
  ,
  <effect gate:gateId="1017" rule="Effect" Simplification=" nerviosismo ">nerviosismo</effect>
  ;
  <effect gate:gateId="1018" rule="Effect" Simplification="intento de suicidio">intento de suicidio</effect>
  , ideación
</paragraph>
