<?xml version="1.0" encoding="UTF-8"?>
<paragraph xmlns:gate="http://www.gate.ac.uk" gate:gateId="0" gate:annotMaxId="542">
  En común con otros AINEs, incluyendo los "oxicam", pueden ocurrir los siguientes efectos adversos: - ulceraciones gastrointestinales con
  <effect gate:gateId="483" rule="Effect" Simplification="perforación intestinal">perforación intestinal</effect>
  , que pueden ser graves, - úlceras duodenales,
  <effect gate:gateId="484" rule="Effect" Simplification="vomito con sangre">hematemesis</effect>
  y melena, - posible inicio de reacciones cutáneas graves y reacciones de
  <effect gate:gateId="485" rule="Effect" Simplification="alergia">hipersensibilidad</effect>
  serias que pongan en peligro la vida, - en casos raros:
  <effect gate:gateId="486" rule="Effect" Simplification="problemas en los riñones">nefritis intersticial</effect>
  ,
  <effect gate:gateId="487" rule="Effect" Simplification="enfermedad en los riñones">glomerulonefritis</effect>
  ,
  <effect gate:gateId="488" rule="Effect" Simplification="afección a los riñones">necrosis de la médula renal</effect>
  o
  <effect gate:gateId="489" rule="Effect" Simplification="trastorno en los riñones">síndrome nefrótico</effect>
  , - alteraciones del recuento sanguíneo,
  <effect gate:gateId="490" rule="Effect" Simplification="trastorno de la sangre">discrasia sanguínea</effect>
  ,
  <effect gate:gateId="491" rule="Effect" Simplification="trastorno en la sangre">leucocitopenia</effect>
  . Alteraciones gastrointestinales: Frecuente (1% y &lt;10%):
  <effect gate:gateId="492" rule="Effect" Simplification="dolor abdominal">dolor abdominal</effect>
  ,
  <effect gate:gateId="493" rule="Effect" Simplification="diarrea">diarrea</effect>
  ,
  <effect gate:gateId="494" rule="Effect" Simplification="enfermedades del estómago ">dispepsia</effect>
  ,
  <effect gate:gateId="495" rule="Effect" Simplification="vómitos">náuseas y vómitos</effect>
  . Poco frecuente (&lt;1%):
  <effect gate:gateId="496" rule="Effect" Simplification="estreñimiento">estreñimiento</effect>
  ,
  <effect gate:gateId="497" rule="Effect" Simplification="problemas para tragar">disfagia</effect>
  ,
  <effect gate:gateId="498" rule="Effect" Simplification="sequedad de boca">sequedad de boca</effect>
  ,
  <effect gate:gateId="499" rule="Effect" Simplification="flatulencia">flatulencia</effect>
  ,
  <effect gate:gateId="500" rule="Effect" Simplification="enfermedades del estómago">gastritis</effect>
  ,
  <effect gate:gateId="501" rule="Effect" Simplification="reflujo gástrico">reflujo gastroesofágico</effect>
  ,
  <effect gate:gateId="502" rule="Effect" Simplification="úlcera">úlcera péptica</effect>
  y/o
  <effect gate:gateId="503" rule="Effect" Simplification="hemorragia gastrointestinal">hemorragia gastrointestinal</effect>
  ,
  <effect gate:gateId="504" rule="Effect" Simplification="inflamación en la boca">estomatitis</effect>
  y
  <effect gate:gateId="505" rule="Effect" Simplification="sangrado rectal">sangrado hemorroidal</effect>
  . Alteraciones generales: Frecuente:
  <effect gate:gateId="506" rule="Effect" Simplification="mareo">mareos</effect>
  ,
  <effect gate:gateId="507" rule="Effect" Simplification="___">dolor de cabeza.</effect>
  Poco frecuente:
  <effect gate:gateId="508" rule="Effect" Simplification="insomnio">insomnio</effect>
  ,
  <effect gate:gateId="509" rule="Effect" Simplification="somnolencia">somnolencia</effect>
  ,
  <effect gate:gateId="510" rule="Effect" Simplification="malestar">malestar</effect>
  ,
  <effect gate:gateId="511" rule="Effect" Simplification="debilidad">debilidad</effect>
  ,
  <effect gate:gateId="512" rule="Effect" Simplification="enrojecimiento">enrojecimiento</effect>
  . Alteraciones cutáneas y de tejidos subcutáneos: Poco frecuente:
  <effect gate:gateId="513" rule="Effect" Simplification="pérdida de cabello ">alopecia</effect>
  ,
  <effect gate:gateId="514" rule="Effect" Simplification="dermatitis">dermatitis</effect>
  ,
  <effect gate:gateId="515" rule="Effect" Simplification="picazón">prurito</effect>
  ,
  <effect gate:gateId="516" rule="Effect" Simplification="aumento de la sudoración">aumento de la sudoración</effect>
  ,
  <effect gate:gateId="517" rule="Effect" Simplification="alteración de la piel">rash</effect>
  ,
  <effect gate:gateId="518" rule="Effect" Simplification="urticaria">urticaria</effect>
  , púrpura,
  <effect gate:gateId="519" rule="Effect" Simplification="moretones ">equimosis</effect>
  . Alteraciones hematopoyéticas: Poco frecuente:
  <effect gate:gateId="520" rule="Effect" Simplification="problemas de coagulación">trombocitopenia</effect>
  , aumento del tiempo de
  <effect gate:gateId="521" rule="Effect" Simplification="sangrado ">hemorragia</effect>
  ,
  <effect gate:gateId="522" rule="Effect" Simplification="anemia">anemia</effect>
  , disminución de eritrocitos, hemoglobina y leucocitos. Alteraciones cardiovasculares: Poco frecuente:
  <effect gate:gateId="523" rule="Effect" Simplification="hinchazón">edema</effect>
  ,
  <effect gate:gateId="524" rule="Effect" Simplification="presión arterial alta">hipertensión arterial</effect>
  ,
  <effect gate:gateId="525" rule="Effect" Simplification="palpitaciones">palpitaciones</effect>
  ,
  <effect gate:gateId="526" rule="Effect" Simplification="alteración del ritmo cardíaco">taquicardia</effect>
  ,
  <effect gate:gateId="527" rule="Effect" Simplification="hipotensión arterial">hipotensión arterial</effect>
  . Alteraciones neurológicas: Poco frecuente:
  <effect gate:gateId="528" rule="Effect" Simplification="somnolencia">somnolencia</effect>
  ,
  <effect gate:gateId="529" rule="Effect" Simplification="mareo">mareos</effect>
  ,
  <effect gate:gateId="530" rule="Effect" Simplification="mareo y vértigo">vértigo</effect>
  ,
  <effect gate:gateId="531" rule="Effect" Simplification="cosquilleo">parestesia</effect>
  ,
  <effect gate:gateId="532" rule="Effect" Simplification="temblor">temblor</effect>
  , alteraciones del gusto. Alteraciones respiratorias: Poco frecuente:
  <effect gate:gateId="533" rule="Effect" Simplification="jadeo">disnea</effect>
  , broncospasmo,
  <effect gate:gateId="534" rule="Effect" Simplification="tos">tos</effect>
  ,
  <effect gate:gateId="535" rule="Effect" Simplification="inflamación en las fosas nasales">rinitis</effect>
  . Alteraciones renales y urinarias: Frecuente: aumento en sangre de los niveles de nitrógeno ureico y creatinina. Poco frecuente: alteraciones de la micción. MINISTERIO Alteraciones psiquiátricas: Poco frecuente:
  <effect gate:gateId="536" rule="Effect" Simplification="agitación">agitación</effect>
  ,
  <effect gate:gateId="537" rule="Effect" Simplification="___">depresión.</effect>
  Alteraciones hepatobiliares: Frecuente: aumento de los niveles séricos de transaminasas y fosfatasa alcalina. Poco frecuente: alteraciones de la función hepática. Alteraciones musculoesqueléticas, del tejido conectivo y huesos: Poco frecuente:
  <effect gate:gateId="538" rule="Effect" Simplification="dolor muscular">mialgia</effect>
  ,
  <effect gate:gateId="539" rule="Effect" Simplification="calambres en las piernas">calambres en las piernas</effect>
  . Alteraciones oculares: Poco frecuente:
  <effect gate:gateId="540" rule="Effect" Simplification="conjuntivitis">conjuntivitis</effect>
  , alteraciones de la visión. Alteraciones del oído: Poco frecuente: tinnitus. Alteraciones del sistema inmunológico: Poco frecuente: reacciones alérgicas. Alteraciones del metabolismo y nutrición: Poco frecuente: alteraciones del apetito,
  <effect gate:gateId="541" rule="Effect" Simplification="cambios de peso">cambios de peso</effect>
  .
</paragraph>
