<?xml version="1.0" encoding="UTF-8"?>
<paragraph xmlns:gate="http://www.gate.ac.uk" gate:gateId="0" gate:annotMaxId="727">
  Enalapril ha demostrado ser generalmente bien tolerado. En los estudios clínicos, la frecuencia global de efectos indeseables no fue mayor con
  <drug gate:gateId="645" rule="Drug">enalapril</drug>
  que con un placebo. En su mayoría, dichos efectos han sido leves y pasajeros y no han hecho necesario suspender el tratamiento. Las más comunes fueron
  <effect gate:gateId="646" rule="Effect" Simplification="mareo">mareo</effect>
  ,
  <effect gate:gateId="647" rule="Effect" Simplification="dolor de cabeza">cefalea</effect>
  . Del 2% al 3% de los pacientes experimentaron
  <effect gate:gateId="648" rule="Effect" Simplification="fatiga ">fatiga</effect>
  y
  <effect gate:gateId="649" rule="Effect" Simplification="fatiga">astenia</effect>
  . Otros efectos indeseables, observados en menos del 2% de los pacientes, fueron
  <effect gate:gateId="650" rule="Effect" Simplification="presión arterial baja">hipotensión</effect>
  ,
  <effect gate:gateId="651" rule="Effect" Simplification="incapacidad de quedarse quieto">hipotensión ortostática</effect>
  ,
  <effect gate:gateId="652" rule="Effect" Simplification="desmayo">síncope</effect>
  ,
  <effect gate:gateId="653" rule="Effect" Simplification="náuseas">náuseas</effect>
  ,
  <effect gate:gateId="654" rule="Effect" Simplification="diarrea">diarrea</effect>
  ,
  <effect gate:gateId="655" rule="Effect" Simplification="calambres musculares">calambres musculares</effect>
  ,
  <effect gate:gateId="656" rule="Effect" Simplification="inflamación">erupción cutánea</effect>
  y
  <effect gate:gateId="657" rule="Effect" Simplification="___">tos.</effect>
  Con menos frecuencia, se han observado
  <effect gate:gateId="658" rule="Effect" Simplification="alteración renal">disfunción renal</effect>
  ,
  <effect gate:gateId="659" rule="Effect" Simplification="insuficiencia renal ">insuficiencia renal</effect>
  y
  <effect gate:gateId="660" rule="Effect" Simplification="disminución de orina">oliguria</effect>
  . Tos: durante el empleo de IECAs se ha observado la aparición de
  <effect gate:gateId="661" rule="Effect" Simplification="tos">tos</effect>
  , que característicamente es seca, persistente, y cesa al suspender el tratamiento. Se debe considerar esa posibilidad en el diagnóstico diferencial de la
  <effect gate:gateId="662" rule="Effect" Simplification="___">tos.</effect>
  Hipersensibilidad /
  <effect gate:gateId="663" rule="Effect" Simplification="hinchazón en la piel">edema angioneurótico</effect>
  : ha habido raros casos de
  <effect gate:gateId="664" rule="Effect" Simplification="hinchazón en la piel">edema angioneurótico</effect>
  de la cara, las extremidades, los labios, la lengua, la glotis y/o la laringe (ver Precauciones). Otros efectos colaterales que se observaron en muy raros casos durante los ensayos clínicos controlados o después de la introducción del producto en el mercado, fueron: Cardiovasculares:
  <effect gate:gateId="665" rule="Effect" Simplification="infarto">infarto de miocardio</effect>
  o
  <effect gate:gateId="666" rule="Effect" Simplification="infarto cerebral">accidente cerebrovascular</effect>
  , posiblemente secundarios a
  <effect gate:gateId="667" rule="Effect" Simplification="presión arterial baja">hipotensión</effect>
  excesiva en pacientes de alto riesgo (ver Precauciones),
  <effect gate:gateId="668" rule="Effect" Simplification="dolor de pecho">dolor en el pecho</effect>
  ,
  <effect gate:gateId="669" rule="Effect" Simplification="palpitaciones">palpitaciones</effect>
  , trastornos del ritmo cardíaco,
  <effect gate:gateId="670" rule="Effect" Simplification="dolor en el pecho">angina de pecho</effect>
  . Gastrointestinales: ileo,
  <effect gate:gateId="671" rule="Effect" Simplification="pancreatitis">pancreatitis</effect>
  ,
  <effect gate:gateId="672" rule="Effect" Simplification="insuficiencia hepática">insuficiencia hepática</effect>
  ,
  <effect gate:gateId="673" rule="Effect" Simplification="hepatitis">hepatitis</effect>
  hepatocelular o colestática,
  <effect gate:gateId="674" rule="Effect" Simplification="piel amarrilla">ictericia</effect>
  ,
  <effect gate:gateId="675" rule="Effect" Simplification="dolor abdominal">dolor abdominal</effect>
  ,
  <effect gate:gateId="676" rule="Effect" Simplification="vómito">vómito</effect>
  ,
  <effect gate:gateId="677" rule="Effect" Simplification="enfermedades del estómago ">dispepsia</effect>
  ,
  <effect gate:gateId="678" rule="Effect" Simplification="estreñimiento">estreñimiento</effect>
  ,
  <effect gate:gateId="679" rule="Effect" Simplification="trastornos de la alimentación ">anorexia</effect>
  ,
  <effect gate:gateId="680" rule="Effect" Simplification="inflamación en la boca">estomatitis</effect>
  . Sistema
  <effect gate:gateId="681" rule="Effect" Simplification="nervioso">nervioso</effect>
  y efectos psíquicos:
  <effect gate:gateId="682" rule="Effect" Simplification="depresión">depresión</effect>
  ,
  <effect gate:gateId="683" rule="Effect" Simplification="confusión">confusión</effect>
  ,
  <effect gate:gateId="684" rule="Effect" Simplification="somnolencia">somnolencia</effect>
  ,
  <effect gate:gateId="685" rule="Effect" Simplification="insomnio">insomnio</effect>
  <effect gate:gateId="686" rule="Effect" Simplification=" nerviosismo ">nerviosismo</effect>
  ,
  <effect gate:gateId="687" rule="Effect" Simplification="cosquilleo">parestesias</effect>
  ,
  <effect gate:gateId="688" rule="Effect" Simplification="mareo y vértigo">vértigo</effect>
  . Respiratorios: infiltrados pulmonares,
  <effect gate:gateId="689" rule="Effect" Simplification="trastornos de los bronquios">broncoespasmo</effect>
  /
  <effect gate:gateId="690" rule="Effect" Simplification="asma">asma</effect>
  ,
  <effect gate:gateId="691" rule="Effect" Simplification="jadeo">disnea</effect>
  ,
  <effect gate:gateId="692" rule="Effect" Simplification="exceso de mucosa nasal">rinorrea</effect>
  ,
  <effect gate:gateId="693" rule="Effect" Simplification="dolor de garganta">dolor de garganta</effect>
  y
  <effect gate:gateId="694" rule="Effect" Simplification="___">ronquera.</effect>
  Cutáneos:
  <effect gate:gateId="695" rule="Effect" Simplification="sudoración">diaforesis</effect>
  ,
  <effect gate:gateId="696" rule="Effect" Simplification="múltiples manchas rojas">eritema multiforme</effect>
  ,
  <effect gate:gateId="697" rule="Effect" Simplification="inflamación en la piel">dermatitis exfoliativa</effect>
  , síndrome de Stevens- Johnson,
  <effect gate:gateId="698" rule="Effect" Simplification="enfermedad de la piel">necrólisis epidérmica</effect>
  tóxica,
  <effect gate:gateId="699" rule="Effect" Simplification="enfermedad de la piel">pénfigo</effect>
  ,
  <effect gate:gateId="700" rule="Effect" Simplification="picazón">prurito</effect>
  ,
  <effect gate:gateId="701" rule="Effect" Simplification="urticaria">urticaria</effect>
  ,
  <effect gate:gateId="702" rule="Effect" Simplification="pérdida de cabello ">alopecia</effect>
  . Otros:
  <effect gate:gateId="703" rule="Effect" Simplification="impotencia">impotencia</effect>
  ,
  <effect gate:gateId="704" rule="Effect" Simplification="enrojecimiento de la piel">rubefacción</effect>
  ,
  <effect gate:gateId="705" rule="Effect" Simplification="mal sabor">disgeusia</effect>
  , tinnitus,
  <effect gate:gateId="706" rule="Effect" Simplification="inflamación de la lengua">glositis</effect>
  ,
  <effect gate:gateId="707" rule="Effect" Simplification="___">visión borrosa.</effect>
  Se ha observado un complejo sintomático que puede incluir
  <effect gate:gateId="708" rule="Effect" Simplification="fiebre">fiebre</effect>
  ,
  <effect gate:gateId="709" rule="Effect" Simplification="inflamación pulmonar">serositis</effect>
  , vasculitis,
  <effect gate:gateId="710" rule="Effect" Simplification="dolor muscular">mialgia</effect>
  /
  <effect gate:gateId="711" rule="Effect" Simplification="inflamación de músculos">miositis</effect>
  ,
  <effect gate:gateId="712" rule="Effect" Simplification="dolor articular">artralgia</effect>
  /
  <effect gate:gateId="713" rule="Effect" Simplification="artritis">artritis</effect>
  , anticuerpos antinucleares, aumento de la velocidad de sedimentación globular,
  <effect gate:gateId="714" rule="Effect" Simplification="problemas en la sangre">eosinofilia</effect>
  y
  <effect gate:gateId="715" rule="Effect" Simplification="problema en la sangre">leucocitosis</effect>
  . También puede haber
  <effect gate:gateId="716" rule="Effect" Simplification="inflamación">erupción</effect>
  ,
  <effect gate:gateId="717" rule="Effect" Simplification="intolerancia a la luz">fotosensibilidad</effect>
  u otras manifestaciones cutáneas. Hallazgos de laboratorio: Rara vez ha habido alteraciones clínicamente importantes de las pruebas de laboratorio usuales en asociación con la administración de
  <drug gate:gateId="718" rule="Drug">enalapril</drug>
  . Se han observado aumentos de la urea sanguínea, la creatinina sérica, los enzimas hepáticos y/o la bilirrubina sérica, que por lo general cesaron al interrumpir la administración de
  <drug gate:gateId="719" rule="Drug">enalapril</drug>
  . También ha habido casos de
  <effect gate:gateId="720" rule="Effect" Simplification="aumento de hormonas de lactancia">hiperpotasemia</effect>
  , de
  <effect gate:gateId="721" rule="Effect" Simplification="problemas en la sangre">hiponatremia</effect>
  , y de disminución de la hemoglobina y del hematocrito. Desde la salida del producto al mercado ha habido un pequeño número de casos de
  <effect gate:gateId="722" rule="Effect" Simplification="problemas en la sangre">neutropenia</effect>
  ,
  <effect gate:gateId="723" rule="Effect" Simplification="problemas de coagulación">trombocitopenia</effect>
  ,
  <effect gate:gateId="724" rule="Effect" Simplification="insuficiencia de médula ósea">depresión de la médula ósea</effect>
  y
  <effect gate:gateId="725" rule="Effect" Simplification="poca producción de defensas en la sangre">agranulocitosis</effect>
  en los que no se pudo excluir la posibilidad de una relación causal con el tratamiento con
  <drug gate:gateId="726" rule="Drug">enalapril</drug>
  .
</paragraph>
