<?xml version="1.0" encoding="UTF-8"?>
<paragraph xmlns:gate="http://www.gate.ac.uk" gate:gateId="0" gate:annotMaxId="129">
  Tubo digestivo Comunes (&gt;1%,&lt;10%): Náuseas,
  <effect gate:gateId="120" rule="Effect" Simplification="vómitos">vómitos</effect>
  ,
  <effect gate:gateId="121" rule="Effect" Simplification="diarrea">diarrea</effect>
  ,
  <effect gate:gateId="122" rule="Effect" Simplification="dolor abdominal">dolor abdominal</effect>
  . Piel Comunes (&gt;1%,&lt;10%): Exantema. Muy raros (incluyendo notificaciones aisladas): Se ha comunicado una
  <effect gate:gateId="123" rule="Effect" Simplification="ligera caída de cabello">ligera caída de cabello</effect>
  durante la administración de
  <drug gate:gateId="124" rule="Drug">aciclovir</drug>
  , pero la relación de este acontecimiento con el tratamiento de
  <drug gate:gateId="125" rule="Drug">aciclovir</drug>
  es incierta. Urticaria,
  <effect gate:gateId="126" rule="Effect" Simplification="hinchazón en la piel">edema angioneurótico</effect>
  ,
  <effect gate:gateId="127" rule="Effect" Simplification="intolerancia a la luz">fotosensibilidad</effect>
  . Otros Poco comunes (&gt;0,1%,&lt;1%): Cambios ligeros en los resultados de laboratorio, p. ej., bilirrubina, transaminasas, urea plasmática, creatinina y parámetros hematológicos. Anafilaxis,
  <effect gate:gateId="128" rule="Effect" Simplification="jadeo">disnea</effect>
  .
</paragraph>
