<?xml version="1.0" encoding="UTF-8"?>
<paragraph xmlns:gate="http://www.gate.ac.uk" gate:gateId="0" gate:annotMaxId="662">
  Las reacciones adversas notificadas por los investigadores como posible, probable o definitivamente relacionadas con el fármaco se presentan a continuación si se produjeron en 1% en cualquiera de los grupos de tratamiento en el estudio de un año, o en 1% de las pacientes tratados con 10 mg/día de ácido alendrónico y con una mayor incidencia que en las pacientes a los que se administró placebo en los estudios de tres años: Estudio de un año Estudios de tres años Gastrointestinales
  <effect gate:gateId="615" rule="Effect" Simplification="dolor abdominal">dolor abdominal</effect>
  3,7 3,0 6,6 4,8
  <effect gate:gateId="616" rule="Effect" Simplification="enfermedades del estómago ">dispepsia</effect>
  2,7 2,2 3,6 3,5
  <effect gate:gateId="617" rule="Effect" Simplification="vómitos">regurgitación</effect>
  ácida 1,9 2,4 2,0 4,3
  <effect gate:gateId="618" rule="Effect" Simplification="náuseas">náuseas</effect>
  1,9 2,4 3,6 4,0
  <effect gate:gateId="619" rule="Effect" Simplification="abdomen prominente">distensión abdominal</effect>
  1,0 1,4 1,0 0,8
  <effect gate:gateId="620" rule="Effect" Simplification="estreñimiento">estreñimiento</effect>
  0,8 1,6 3,1 1,8
  <effect gate:gateId="621" rule="Effect" Simplification="diarrea">diarrea</effect>
  0,6 0,5 3,1 1,8
  <effect gate:gateId="622" rule="Effect" Simplification="problemas para tragar">disfagia</effect>
  0,4 0,5 1,0 0,0
  <effect gate:gateId="623" rule="Effect" Simplification="flatulencia">flatulencia</effect>
  0,4 1,6 2,6 0,5
  <effect gate:gateId="624" rule="Effect" Simplification="enfermedades del estómago">gastritis</effect>
  0,2 1,1 0,5 1,3
  <effect gate:gateId="625" rule="Effect" Simplification="úlcera gástrica">úlcera gástrica</effect>
  0,0 1,1 0,0 0,0
  <effect gate:gateId="626" rule="Effect" Simplification="heridas en la garganta">úlcera esofágica</effect>
  0,0 0,0 1,5 0,0 Musculoesqueléticas
  <effect gate:gateId="627" rule="Effect" Simplification="dolor musculoesquelético">dolor musculoesquelético</effect>
  2,9 3,2 4,1 2,5 (óseo, muscular o articular)
  <effect gate:gateId="628" rule="Effect" Simplification="calambres musculares">calambres musculares</effect>
  0,2 1,1 0,0 1,0 Neurológicas
  <effect gate:gateId="629" rule="Effect" Simplification="dolor de cabeza">cefalea</effect>
  0,4 0,3 2,6 1,5 Durante los estudios clínicos y/o después de la comercialización, también se han notificado las siguientes experiencias adversas: [Frecuentes (1/100, &lt; 1/10), Poco frecuentes (1/1.000, &lt; 1/100), Raras (1/10.000, &lt; 1/1.000), Muy raras (&lt; 1/10.000 incluyendo notificaciones aisladas)] Trastornos del sistema inmunológico: Raras: reacciones de
  <effect gate:gateId="630" rule="Effect" Simplification="alergia">hipersensibilidad</effect>
  , como
  <effect gate:gateId="631" rule="Effect" Simplification="urticaria">urticaria</effect>
  y
  <effect gate:gateId="632" rule="Effect" Simplification="hinchazón debajo de la piel">angioedema</effect>
  Trastornos del metabolismo y de la nutrición: Raras:
  <effect gate:gateId="633" rule="Effect" Simplification="bajo nivel de calcio en la sangre">hipocalcemia</effect>
  sintomática, normalmente en asociación con Trastornos del sistema
  <effect gate:gateId="634" rule="Effect" Simplification="nervioso">nervioso</effect>
  : Frecuentes:
  <effect gate:gateId="635" rule="Effect" Simplification="dolor de cabeza">cefalea</effect>
  Trastornos oculares: Raras:
  <effect gate:gateId="636" rule="Effect" Simplification="hinchazón en el ojo">uveítis</effect>
  ,
  <effect gate:gateId="637" rule="Effect" Simplification="inflamación en el ojo">escleritis</effect>
  ,
  <effect gate:gateId="638" rule="Effect" Simplification="irritación en el ojo">episcleritis</effect>
  Trastornos gastrointestinales: Frecuentes:
  <effect gate:gateId="639" rule="Effect" Simplification="dolor abdominal">dolor abdominal</effect>
  ,
  <effect gate:gateId="640" rule="Effect" Simplification="enfermedades del estómago ">dispepsia</effect>
  ,
  <effect gate:gateId="641" rule="Effect" Simplification="estreñimiento">estreñimiento</effect>
  ,
  <effect gate:gateId="642" rule="Effect" Simplification="diarrea">diarrea</effect>
  , Poco frecuentes:
  <effect gate:gateId="643" rule="Effect" Simplification="náuseas">náuseas</effect>
  ,
  <effect gate:gateId="644" rule="Effect" Simplification="vómito">vómito</effect>
  ,
  <effect gate:gateId="645" rule="Effect" Simplification="enfermedades del estómago">gastritis</effect>
  ,
  <effect gate:gateId="646" rule="Effect" Simplification="enfermedades del esófago">esofagitis</effect>
  *,
  <effect gate:gateId="647" rule="Effect" Simplification="heridas en el esófago">erosiones esofágicas</effect>
  *, melena Raras:
  <effect gate:gateId="648" rule="Effect" Simplification="estrechamiento del esófago">estenosis esofágica</effect>
  *, ulceración orofaríngea*, PUHs * Ver secciones 4.2 y 4.4. Trastornos de la piel y del tejido subcutáneo: Poco frecuentes:
  <effect gate:gateId="649" rule="Effect" Simplification="inflamación">erupción cutánea</effect>
  ,
  <effect gate:gateId="650" rule="Effect" Simplification="picazón">prurito</effect>
  ,
  <effect gate:gateId="651" rule="Effect" Simplification="enrojecimiento">eritema</effect>
  Raras:
  <effect gate:gateId="652" rule="Effect" Simplification="inflamación">erupción cutánea</effect>
  con
  <effect gate:gateId="653" rule="Effect" Simplification="intolerancia a la luz">fotosensibilidad</effect>
  MINISTERIO Muy raras y notificaciones aisladas: casos aislados de reacciones cutáneas graves, incluyendo Trastornos musculoesqueléticos, óseos y del tejido conjuntivo: Frecuentes:
  <effect gate:gateId="654" rule="Effect" Simplification="dolor musculoesquelético">dolor musculoesquelético</effect>
  (óseo, muscular o articular) Raras: se ha comunicado
  <effect gate:gateId="655" rule="Effect" Simplification="problemas en los huesos">osteonecrosis</effect>
  de la mandíbula en Trastornos generales y alteraciones en el lugar de administración: Raras: síntomas transitorios propios de una respuesta de fase Durante la experiencia después de la comercialización, se han comunicado las siguientes reacciones adversas (de frecuencia desconocida):
  <effect gate:gateId="656" rule="Effect" Simplification="mareo">mareos</effect>
  Trastornos del sistema
  <effect gate:gateId="657" rule="Effect" Simplification="nervioso">nervioso</effect>
  : Trastornos del oído y del laberinto:
  <effect gate:gateId="658" rule="Effect" Simplification="mareo y vértigo">vértigo</effect>
  Trastornos musculoesqueléticos, óseos y del tejido conjuntivo: Trastornos generales y alteraciones en el lugar de administración: Pruebas de laboratorio En los estudios clínicos, se produjeron descensos asintomáticos, leves y transitorios del calcio y del fosfato séricos en aproximadamente el 18 y el 10 %, respectivamente, de las pacientes tratadas con
  <drug gate:gateId="659" rule="Drug">alendronato</drug>
  10 mg/día, en comparación con el 12 y 3 % de las que recibieron placebo. Sin embargo, las incidencias de descenso del calcio sérico a &lt; 8,0 mg/dl (2,0 mmol/
  <effect gate:gateId="660" rule="Effect" Simplification="..">l</effect>
  ) y del fosfato sérico a &lt; 2,0 mg/dl (0,65 mmol/
  <effect gate:gateId="661" rule="Effect" Simplification="..">l</effect>
  ) fueron similares en ambos grupos de tratamiento.
</paragraph>
