<?xml version="1.0" encoding="UTF-8"?>
<paragraph xmlns:gate="http://www.gate.ac.uk" gate:gateId="0" gate:annotMaxId="941">
  Debido a que Acovil es un antihipertensivo, algunas de las reacciones adversas son secundarias a su efecto hipotensor, que lleva a una compensación adrenérgica o
  <effect gate:gateId="858" rule="Effect" Simplification="disminución del flujo sanguíneo">hipoperfusión</effect>
  orgánica. La inhibición de la ECA u otras acciones farmacológicas de este tipo de medicamentos son la causa de otras numerosas reacciones adversas (ej: efectos sobre el balance electrolítico, ciertas reacciones anafilactoides y reacciones inflamatorias de la membrana mucosa) Frecuentes (1/100, &lt; 1/10): - Tracto respiratorio: Tos seca irritativa.Esta suele empeorar por la noche cuando el paciente está en
  <effect gate:gateId="859" rule="Effect" Simplification="escaras">decúbito</effect>
  y ocurre más frecuentemente en mujeres y en no fumadores Poco frecuentes (1/1000, &lt; 1/100) : - Gastrointestinales: Nauseas - Piel: Exantema,
  <effect gate:gateId="860" rule="Effect" Simplification="picazón">prurito</effect>
  ,
  <effect gate:gateId="861" rule="Effect" Simplification="urticaria">urticaria</effect>
  ,
  <effect gate:gateId="862" rule="Effect" Simplification="hinchazón debajo de la piel">angioedema</effect>
  . El
  <effect gate:gateId="863" rule="Effect" Simplification="hinchazón debajo de la piel">angioedema</effect>
  de lengua, garganta o laringe puede evolucionar a una situación de riesgo vital y requiere medidas de urgencia. También puede aparecer
  <effect gate:gateId="864" rule="Effect" Simplification="hinchazón debajo de la piel">angioedema</effect>
  de intensidad leve, por ejemplo de
  <effect gate:gateId="865" rule="Effect" Simplification="afectación">afectación</effect>
  maleolar. - Ojos:
  <effect gate:gateId="866" rule="Effect" Simplification="conjuntivitis">conjuntivitis</effect>
  - Sistema
  <effect gate:gateId="867" rule="Effect" Simplification="nervioso">nervioso</effect>
  central: Dolor de cabeza, alteraciones del equilibrio,
  <effect gate:gateId="868" rule="Effect" Simplification="alteración del ritmo cardíaco">taquicardia</effect>
  ,
  <effect gate:gateId="869" rule="Effect" Simplification="debilidad">debilidad</effect>
  , - Hepáticas: incremento de la bilirrubina sérica y/o enzimas hepáticas,
  <effect gate:gateId="870" rule="Effect" Simplification="hepatitis">hepatitis</effect>
  hepatocelular o colestática. - Urogenital: Aumento de la creatinina y de la urea y el
  <drug gate:gateId="871" rule="Drug">potasio</drug>
  séricos (más probable cuando se administran diuréticos),
  <effect gate:gateId="872" rule="Effect" Simplification="insuficiencia renal ">insuficiencia renal</effect>
  . Deterioro de la función renal que puede evolucionar hasta
  <effect gate:gateId="873" rule="Effect" Simplification="insuficiencia renal">insuficiencia renal aguda</effect>
  . Raras (1/10000, &lt; 1/1000): - Gastrointestinal: Cambios en los sabores,
  <effect gate:gateId="874" rule="Effect" Simplification="sequedad de boca">sequedad de boca</effect>
  ,
  <effect gate:gateId="875" rule="Effect" Simplification="vómitos">vómitos</effect>
  ,
  <effect gate:gateId="876" rule="Effect" Simplification="estreñimiento">estreñimiento</effect>
  ,
  <effect gate:gateId="877" rule="Effect" Simplification="diarrea">diarrea</effect>
  ,
  <effect gate:gateId="878" rule="Effect" Simplification="inflamación de la lengua">glositis</effect>
  , reacciones inflamatorias de la boca y del sistema gastrointestinal,
  <effect gate:gateId="879" rule="Effect" Simplification="dolor abdominal">dolor abdominal</effect>
  ,
  <effect gate:gateId="880" rule="Effect" Simplification="___">indigestión.</effect>
  - Piel: Enrojecimiento,
  <effect gate:gateId="881" rule="Effect" Simplification="hinchazón en la pierna">edema periférico</effect>
  - Audición: Tinnitus. Alteración de la audición. - Cardiovascular:
  <effect gate:gateId="882" rule="Effect" Simplification="palpitaciones">palpitaciones</effect>
  , cambios en la regulación ortostática,
  <effect gate:gateId="883" rule="Effect" Simplification="dolor en la garganta">angina</effect>
  pectoris, arritmias,
  <effect gate:gateId="884" rule="Effect" Simplification="desmayo">síncope</effect>
  ,
  <effect gate:gateId="885" rule="Effect" Simplification="presión arterial baja">hipotensión</effect>
  . - Higado: Se ha observado incremento de enzimas pancreáticas que pueden conducir a unapancreatitis,
  <effect gate:gateId="886" rule="Effect" Simplification="daño hepático">daño hepático</effect>
  , y casos aislados de
  <effect gate:gateId="887" rule="Effect" Simplification="insuficiencia hepática">insuficiencia hepática</effect>
  . Riñón: Incremento del
  <drug gate:gateId="888" rule="Drug">potasio</drug>
  sérico. - Tracto respiratorio: Bronquitis,
  <effect gate:gateId="889" rule="Effect" Simplification="trastornos de los bronquios">broncoespasmo</effect>
  ,
  <effect gate:gateId="890" rule="Effect" Simplification="jadeo">disnea</effect>
  ,
  <effect gate:gateId="891" rule="Effect" Simplification="congestión nasal">congestión nasal</effect>
  ,
  <effect gate:gateId="892" rule="Effect" Simplification="inflamación en las fosas nasales">rinitis</effect>
  ,
  <effect gate:gateId="893" rule="Effect" Simplification="inflamación nasal">sinusitis</effect>
  . - Sistema musculoesquelético: Calambres musculares - Neurológico:
  <effect gate:gateId="894" rule="Effect" Simplification="temblor">temblor</effect>
  - Mental:
  <effect gate:gateId="895" rule="Effect" Simplification="depresión">depresión</effect>
  ,
  <effect gate:gateId="896" rule="Effect" Simplification=" nerviosismo ">nerviosismo</effect>
  ,
  <effect gate:gateId="897" rule="Effect" Simplification="ansiedad">ansiedad</effect>
  ,
  <effect gate:gateId="898" rule="Effect" Simplification="fatiga">cansancio</effect>
  ,
  <effect gate:gateId="899" rule="Effect" Simplification="alteraciones del sueño">alteraciones del sueño</effect>
  ,
  <effect gate:gateId="900" rule="Effect" Simplification="confusión">confusión</effect>
  - Ojos:
  <effect gate:gateId="901" rule="Effect" Simplification="alteraciones visuales">alteraciones visuales</effect>
  - Sistema
  <effect gate:gateId="902" rule="Effect" Simplification="nervioso">nervioso</effect>
  central: Mareo,
  <effect gate:gateId="903" rule="Effect" Simplification="debilidad">neurastenia</effect>
  . - Otros: Pérdida de apetito, alteraciones del gusto y del olfato (p.e.
  <effect gate:gateId="904" rule="Effect" Simplification="sabor metálico">sabor metálico</effect>
  ), pérdida parcial o total del gusto. Impotencia eréctil transitoria, reducción de la líbido,
  <effect gate:gateId="905" rule="Effect" Simplification="___">sudoración.</effect>
  Aumento y severidad de las reacciones anafilácticas y anafilactoides al veneno de insectos Se han observado casos ocasionales de las siguientes: Hipotensión grave,
  <effect gate:gateId="906" rule="Effect" Simplification="poco flujo de sangre en el corazón">isquemia miocárdica</effect>
  o
  <effect gate:gateId="907" rule="Effect" Simplification="poco flujo de sangre en el cerebro">isquemia cerebral</effect>
  ,
  <effect gate:gateId="908" rule="Effect" Simplification="infarto">infarto de miocardio</effect>
  ,
  <effect gate:gateId="909" rule="Effect" Simplification="infarto cerebral">accidente cerebrovascular</effect>
  transitorio,
  <effect gate:gateId="910" rule="Effect" Simplification="trastorno de la circulación cerebral">ictus</effect>
  , empeoramiento de la perfusión por estenosis, aparición o empeoramiento del fenómeno de Reynaud o
  <effect gate:gateId="911" rule="Effect" Simplification="cosquilleo">parestesias</effect>
  . Descenso del sodio sérico que puede provocar el deterioro de una
  <effect gate:gateId="912" rule="Effect" Simplification="exceso de proteína en la orina">proteinuria</effect>
  pre-existente (aunque los inhibidores de la ECA generalmente reducen la
  <effect gate:gateId="913" rule="Effect" Simplification="exceso de proteína en la orina">proteinuria</effect>
  ) o incremento de la
  <effect gate:gateId="914" rule="Effect" Simplification="cantidad de orina">diuresis</effect>
  (en conexión con una mejora del funcionamiento cardíaco) Fiebre, vasculitis,
  <effect gate:gateId="915" rule="Effect" Simplification="dolor muscular">mialgia</effect>
  ,
  <effect gate:gateId="916" rule="Effect" Simplification="dolor articular">artralgia</effect>
  /
  <effect gate:gateId="917" rule="Effect" Simplification="artritis">artritis</effect>
  , aumento de los títulos de anticuerpos antinucleares,
  <effect gate:gateId="918" rule="Effect" Simplification="problemas en la sangre">eosinofilia</effect>
  , reacciones de la piel,
  <effect gate:gateId="919" rule="Effect" Simplification="intolerancia a la luz">fotosensibilidad</effect>
  y otras respuestas dermatológicas con varios grados de severidad. Se han comunicado algunos casos de reacciones de la piel
  <effect gate:gateId="920" rule="Effect" Simplification="manchas rojas">maculopapular</effect>
  ,
  <effect gate:gateId="921" rule="Effect" Simplification="enfermedad de la piel">pénfigo</effect>
  , exacerbación de la
  <effect gate:gateId="922" rule="Effect" Simplification="enfermedad de la piel">psoriasis</effect>
  y reacciones tipo psoriático,
  <effect gate:gateId="923" rule="Effect" Simplification="erupción">exantema</effect>
  <effect gate:gateId="924" rule="Effect" Simplification="ampollas ">penfigoide</effect>
  o liquenoide,
  <effect gate:gateId="925" rule="Effect" Simplification="manchas rojas">enantema</effect>
  ,
  <effect gate:gateId="926" rule="Effect" Simplification="múltiples manchas rojas">eritema multiforme</effect>
  . Síndrome de Steven Johnson,
  <effect gate:gateId="927" rule="Effect" Simplification="enfermedad de la piel">necrólisis epidérmica</effect>
  tóxica,
  <effect gate:gateId="928" rule="Effect" Simplification="pérdida de cabello ">alopecia</effect>
  y
  <effect gate:gateId="929" rule="Effect" Simplification="separación de uña y piel">onicolisis</effect>
  . Se han observado casos ocasionales de
  <effect gate:gateId="930" rule="Effect" Simplification="pancreatitis">pancreatitis</effect>
  o
  <effect gate:gateId="931" rule="Effect" Simplification="daño hepático">daño hepático</effect>
  (incluyendo
  <effect gate:gateId="932" rule="Effect" Simplification="insuficiencia en el hígado">insuficiencia hepática aguda</effect>
  ). Valores de laboratorio: reducción de moderada a severa del número de hematíes y de la hemoglobina, del número de plaquetas y de leucocitos (registrándose incluso
  <effect gate:gateId="933" rule="Effect" Simplification="problemas en la sangre">neutropenia</effect>
  ). En casos aislados se han producido
  <effect gate:gateId="934" rule="Effect" Simplification="anemia">anemia hemolítica</effect>
  ,
  <effect gate:gateId="935" rule="Effect" Simplification="poca producción de defensas en la sangre">agranulocitosis</effect>
  ,
  <effect gate:gateId="936" rule="Effect" Simplification="problemas en la sangre">pancitopenia</effect>
  o
  <effect gate:gateId="937" rule="Effect" Simplification="insuficiencia de médula ósea">depresión de la médula ósea</effect>
  . Estos cambios en la fórmula sanguínea se presentan con mayor frecuencia en pacientes con
  <effect gate:gateId="938" rule="Effect" Simplification="insuficiencia renal ">insuficiencia renal</effect>
  o con enfermedades vasculares del colágeno (e.j.
  <effect gate:gateId="939" rule="Effect" Simplification="daño en los tejidos">lupus eritematoso</effect>
  o
  <effect gate:gateId="940" rule="Effect" Simplification="piel gruesa">esclerodermia</effect>
  ) o en pacientes tratados con otros medicamentos que pueden afectar al cuadro hemático (ver interacciones y Advertencias" y precauciones de empleo)
</paragraph>
