<?xml version="1.0" encoding="UTF-8"?>
<paragraph xmlns:gate="http://www.gate.ac.uk" gate:gateId="0" gate:annotMaxId="372">
  Con Actiq deben esperarse las reacciones adversas típicas de los opiáceos. A menudo, estos cesan o disminuyen en intensidad con el uso continuado de este producto, o con el ajuste del paciente a la dosis más adecuada. No obstante, las reacciones adversas más graves son:
  <effect gate:gateId="358" rule="Effect" Simplification="depresión respiratoria">depresión respiratoria</effect>
  (que potencialmente conduce a
  <effect gate:gateId="359" rule="Effect" Simplification="interrupción de la respiración">apnea</effect>
  o
  <effect gate:gateId="360" rule="Effect" Simplification="parada respiratoria">parada respiratoria</effect>
  ),
  <effect gate:gateId="361" rule="Effect" Simplification="insuficiencia circulatoria">depresión circulatoria</effect>
  ,
  <effect gate:gateId="362" rule="Effect" Simplification="presión arterial baja">hipotensión</effect>
  y
  <effect gate:gateId="363" rule="Effect" Simplification="colapso">colapso</effect>
  , por este motivo todos los pacientes deben ser estrechamente monitorizados. Se han descrito, en el uso post-comercialización, reacciones en el lugar de administración, incluyendo
  <effect gate:gateId="364" rule="Effect" Simplification="sangrado de encías">sangrado de encías</effect>
  e
  <effect gate:gateId="365" rule="Effect" Simplification="irritación">irritación</effect>
  . Debido a que los ensayos clínicos con Actiq han sido diseñados para valorar la seguridad y eficacia en el tratamiento del
  <effect gate:gateId="366" rule="Effect" Simplification="dolor">dolor</effect>
  irruptivo, todos los pacientes tomaban también opiáceos concomitantes, tales como morfina de liberación prolongada o
  <drug gate:gateId="367" rule="Drug">fentanilo</drug>
  transdérmico, para su
  <effect gate:gateId="368" rule="Effect" Simplification="dolor">dolor</effect>
  persistente. De esta manera no es posible distinguir con seguridad los efectos del Actiq solo. Las reacciones adversas observadas que se consideraron que estaban por lo menos posiblemente relacionadas con el tratamiento fueron las siguientes: (muy frecuente (1/10); frecuente (1/100) a &lt;1/10); poco frecuente (1/1.000 a &lt;1/100); raras (1/10.000 a&lt;1/1.000); muy raras (&lt;1/10.000), frecuencia desconocida (no puede estimarse por falta de datos). Trastornos metabólicos y nutricionales Poco frecuentes: Trastornos psiquiátricos Frecuentes: Poco frecuentes: Trastornos del sistema
  <effect gate:gateId="369" rule="Effect" Simplification="nervioso">nervioso</effect>
  Muy frecuentes: Frecuentes: Poco frecuentes: Trastornos oculares Poco frecuentes:
  <effect gate:gateId="370" rule="Effect" Simplification="visión borrosa">visión borrosa</effect>
  ,
  <effect gate:gateId="371" rule="Effect" Simplification="visión doble">diplopía</effect>
  Trastornos vasculares Frecuentes: Trastornos respiratorios, torácicos y mediastínicos Poco frecuentes: Trastornos gastrointestinales Muy Frecuentes: Frecuentes: Poco frecuentes: Trastornos de la piel y tejidos subcutáneos Frecuentes: Poco frecuentes: Trastornos renales y urinarios Poco frecuentes: Trastornos generales y alteraciones en el lugar de la administración Frecuentes: Poco frecuentes: Lesiones traumáticas, intoxicaciones y complicaciones Frecuentes:
</paragraph>
