<?xml version="1.0" encoding="UTF-8"?>
<paragraph xmlns:gate="http://www.gate.ac.uk" gate:gateId="0" gate:annotMaxId="726">
  La frecuencia de las reacciones adversas se ha descrito utilizando el convenio de frecuencias MedDRA*. *Convenio de frecuencias MedDRA: Muy frecuentes &gt; 1/10 &gt; 1/100 y 1/10 Frecuentes &gt; 1/1.000 y 1/100 Poco frecuentes &gt; 1/10.000 y 1/1.000 Raras Muy raras A excepción de la
  <effect gate:gateId="675" rule="Effect" Simplification="hemorragia intracraneal">hemorragia intracraneal</effect>
  como
  <effect gate:gateId="676" rule="Effect" Simplification="alergia ">reacción adversa</effect>
  en la indicación
  <effect gate:gateId="677" rule="Effect" Simplification="trastorno de la circulación cerebral">ictus</effect>
  y de las arritmias de reperfusión en la indicación
  <effect gate:gateId="678" rule="Effect" Simplification="infarto">infarto de miocardio</effect>
  , no existe ninguna razón médica para suponer que el perfil cualitativo y cuantitativo de reacciones adversas de Actilyse en las indicaciones
  <effect gate:gateId="679" rule="Effect" Simplification="embolia pulmonar ">embolia pulmonar</effect>
  e
  <effect gate:gateId="680" rule="Effect" Simplification="trastorno de la circulación cerebral">ictus isquémico</effect>
  agudo sea diferente del perfil en la indicación
  <effect gate:gateId="681" rule="Effect" Simplification="infarto">infarto de miocardio</effect>
  . Hemorragia La
  <effect gate:gateId="682" rule="Effect" Simplification="alergia ">reacción adversa</effect>
  más frecuente asociada a Actilyse es la
  <effect gate:gateId="683" rule="Effect" Simplification="sangrado ">hemorragia</effect>
  con un descenso en los valores de hematocrito y/o hemoglobina: muy frecuentes: -
  <effect gate:gateId="684" rule="Effect" Simplification="sangrado ">hemorragia</effect>
  de vasos sanguíneos lesionados (como
  <effect gate:gateId="685" rule="Effect" Simplification="moretones ">hematoma</effect>
  ) MINISTERIO frecuentes: -
  <effect gate:gateId="686" rule="Effect" Simplification="hemorragia intracraneal">hemorragia intracraneal</effect>
  (como
  <effect gate:gateId="687" rule="Effect" Simplification="hemorragia cerebral">hemorragia cerebral</effect>
  ,
  <effect gate:gateId="688" rule="Effect" Simplification="hematoma cerebral">hematoma cerebral</effect>
  , poco frecuentes: -
  <effect gate:gateId="689" rule="Effect" Simplification="hemorragia intracraneal">hemorragia intracraneal</effect>
  (como
  <effect gate:gateId="690" rule="Effect" Simplification="hemorragia cerebral">hemorragia cerebral</effect>
  ,
  <effect gate:gateId="691" rule="Effect" Simplification="hematoma cerebral">hematoma cerebral</effect>
  , raras:
  <effect gate:gateId="692" rule="Effect" Simplification="sangrado ">hemorragia</effect>
  en los órganos parenquimatosos (tal y como
  <effect gate:gateId="693" rule="Effect" Simplification="hemorragia en el hígado">hemorragia hepática</effect>
  , muy raras: En pacientes que han padecido un
  <effect gate:gateId="694" rule="Effect" Simplification="trastorno de la circulación cerebral">ictus</effect>
  (incluyendo
  <effect gate:gateId="695" rule="Effect" Simplification="hemorragia intracraneal">hemorragia intracraneal</effect>
  ) y otros episodios hemorrágicos graves se han notificado casos de
  <effect gate:gateId="696" rule="Effect" Simplification="muerte">muerte</effect>
  y
  <effect gate:gateId="697" rule="Effect" Simplification="discapacidad">discapacidad</effect>
  permanente. Si se produce una
  <effect gate:gateId="698" rule="Effect" Simplification="sangrado ">hemorragia</effect>
  potencialmente peligrosa, en particular
  <effect gate:gateId="699" rule="Effect" Simplification="hemorragia cerebral">hemorragia cerebral</effect>
  , debe interrumpirse el tratamiento fibrinolítico. Sin embargo, por regla general, no es necesario sustituir los factores de
  <effect gate:gateId="700" rule="Effect" Simplification="coagulación">coagulación</effect>
  debido a la corta vida media de la alteplasa y al efecto mínimo sobre los factores de la
  <effect gate:gateId="701" rule="Effect" Simplification="coagulación">coagulación</effect>
  sistémicos. La mayoría de los pacientes que presentan
  <effect gate:gateId="702" rule="Effect" Simplification="sangrado ">hemorragia</effect>
  pueden controlarse mediante interrupción del tratamiento trombolítico y anticoagulantes, sustitutivos del plasma y aplicación de
  <effect gate:gateId="703" rule="Effect" Simplification="presión">presión</effect>
  manual a un vaso comprimible. Debe considerarse la administración de protamina si se ha administrado heparina dentro de las 4 horas después de la presentación de la
  <effect gate:gateId="704" rule="Effect" Simplification="sangrado ">hemorragia</effect>
  . Puede indicarse el uso racional de productos de transfusión en pacientes que no respondan a estas medidas conservadoras. Después de cada administración debe realizarse una reevaluación mediante análisis clínicos y de laboratorio, para considerar la necesidad de transfundir crioprecipitado, plasma congelado reciente y plaquetas. Con perfusión de crioprecipitado es deseable alcanzar un nivel de fibrinógeno de 1 g/
  <effect gate:gateId="705" rule="Effect" Simplification="..">l</effect>
  . Como última alternativa se dispone de agentes antifibrinolíticos. Trastornos del sistema inmunológico poco frecuentes: reacciones de
  <effect gate:gateId="706" rule="Effect" Simplification="alergia">hipersensibilidad</effect>
  / reacciones anafilactoides (p.ej. reacciones muy raros:
  <effect gate:gateId="707" rule="Effect" Simplification="anafilaxia">anafilaxia</effect>
  grave Raramente y a dosis bajas se ha observado formación transitoria de anticuerpos contra Actilyse, pero no pudo establecerse la relevancia clínica de este hallazgo. Trastornos del sistema
  <effect gate:gateId="708" rule="Effect" Simplification="nervioso">nervioso</effect>
  muy raros: acontecimientos relacionados con el sistema
  <effect gate:gateId="709" rule="Effect" Simplification="nervioso">nervioso</effect>
  (p.ej.
  <effect gate:gateId="710" rule="Effect" Simplification="ataque">ataque</effect>
  epilético, Trastornos cardíacos Como ocurre con otros agentes trombolíticos, se han notificado los siguientes acontecimientos como secuelas de
  <effect gate:gateId="711" rule="Effect" Simplification="infarto">infarto de miocardio</effect>
  y/o administración trombolítica. muy frecuentes:
  <effect gate:gateId="712" rule="Effect" Simplification="disminución de flujo de sangre">isquemia</effect>
  /
  <effect gate:gateId="713" rule="Effect" Simplification="dolor en la garganta">angina</effect>
  recurrentes,
  <effect gate:gateId="714" rule="Effect" Simplification="presión arterial baja">hipotensión</effect>
  e insuficiencia cardíaca /
  <effect gate:gateId="715" rule="Effect" Simplification="hinchazón">edema</effect>
  frecuentes: paro cardíaco,
  <effect gate:gateId="716" rule="Effect" Simplification="shock">shock cardiogénico</effect>
  y reinfarto poco frecuentes:
  <effect gate:gateId="717" rule="Effect" Simplification="trastorno en el corazón">regurgitación mitral</effect>
  ,
  <effect gate:gateId="718" rule="Effect" Simplification="embolia pulmonar ">embolia pulmonar</effect>
  , otras embolias sistémicas /
  <effect gate:gateId="719" rule="Effect" Simplification="obstrucción de sangre">embolia</effect>
  Estos acontecimientos cardíacos pueden suponer un riesgo para la vida del paciente, llegando a producir la
  <effect gate:gateId="720" rule="Effect" Simplification="muerte">muerte</effect>
  . Trastornos vasculares poco frecuentes:
  <effect gate:gateId="721" rule="Effect" Simplification="obstrucción de sangre">embolia</effect>
  (embolización trombótica), la cual puede conducir a las Trastornos gastrointestinales frecuentes:
  <effect gate:gateId="722" rule="Effect" Simplification="náusea">náusea</effect>
  ,
  <effect gate:gateId="723" rule="Effect" Simplification="vómitos">vómitos</effect>
  Exploraciones complementarias muy frecuentes: descenso de la
  <effect gate:gateId="724" rule="Effect" Simplification="presión">presión</effect>
  arterial frecuentes: aumento de la temperatura corporal Lesiones traumáticas, intoxicaciones y complicaciones de procedimientos terapéuticos raros:
  <effect gate:gateId="725" rule="Effect" Simplification="obstrucción en una arteria por grasa">embolia grasa</effect>
  (embolización de cristales de colesterol), lo cual puede
</paragraph>
