<?xml version="1.0" encoding="UTF-8"?>
<paragraph xmlns:gate="http://www.gate.ac.uk" gate:gateId="0" gate:annotMaxId="1273">
  A continuación se relacionan las reacciones adversas notificadas en exceso (&gt; 0,5 %) con respecto a placebo, así como las que hayan aparecido en más de un caso aislado en pacientes que han recibido
  <drug gate:gateId="1204" rule="Drug">pioglitazona</drug>
  en los estudios doble
  <effect gate:gateId="1205" rule="Effect" Simplification="ciego">ciego</effect>
  . Están ordenadas según los términos establecidos por MedRA para clasificación de órganos de sistemas y frecuencia absoluta. La definición de las frecuencias responde a los siguientes parámetros: muy frecuentes &gt;1/10; frecuentes 1/100, &lt; 1/10; poco frecuentes 1/1.000, &lt; 1/100; raras 1/10.000, &lt; 1/1.000 y muy raras &lt; 1/10.000; frecuencia no conocida (no pueden estimarse a partir de los datos disponibles). Las reacciones adversas se presentan en orden decreciente de gravedad dentro de cada frecuencia. PIOGLITAZONA EN MONOTERAPIA Trastornos oculares Frecuente: anomalías de la visión Infecciones e infestaciones Frecuente:
  <effect gate:gateId="1206" rule="Effect" Simplification="infecciones">infecciones</effect>
  del tracto respiratorio superior Poco frecuente:
  <effect gate:gateId="1207" rule="Effect" Simplification="inflamación nasal">sinusitis</effect>
  Exploraciones complementarias Frecuente:
  <effect gate:gateId="1208" rule="Effect" Simplification="aumento de peso">aumento de peso</effect>
  Trastornos del sistema
  <effect gate:gateId="1209" rule="Effect" Simplification="nervioso">nervioso</effect>
  Frecuente:
  <effect gate:gateId="1210" rule="Effect" Simplification="entumecimiento">hipoestesia</effect>
  Poco frecuente:
  <effect gate:gateId="1211" rule="Effect" Simplification="insomnio">insomnio</effect>
  PIOGLITAZONA EN TERAPIA COMBINADA CON METFORMINA Trastornos del sistema linfático y sanguíneo Frecuente:
  <effect gate:gateId="1212" rule="Effect" Simplification="anemia">anemia</effect>
  Trastornos oculares Frecuente: anomalías de la visión Trastornos gastrointestinales Poco frecuente:
  <effect gate:gateId="1213" rule="Effect" Simplification="flatulencia">flatulencia</effect>
  Exploraciones complementarias Frecuente:
  <effect gate:gateId="1214" rule="Effect" Simplification="aumento de peso">aumento de peso</effect>
  Trastornos musculoesqueléticos, del tejido conjuntivo y óseo Frecuente:
  <effect gate:gateId="1215" rule="Effect" Simplification="dolor articular">artralgia</effect>
  Trastornos del sistema
  <effect gate:gateId="1216" rule="Effect" Simplification="nervioso">nervioso</effect>
  Frecuente:
  <effect gate:gateId="1217" rule="Effect" Simplification="dolor de cabeza">cefalea</effect>
  Trastornos renales y urinarios Frecuente:
  <effect gate:gateId="1218" rule="Effect" Simplification="orina y micción">hematuria</effect>
  Trastornos del aparato reproductor y de la mama Frecuente:
  <effect gate:gateId="1219" rule="Effect" Simplification="impotencia">disfunción eréctil</effect>
  PIOGLITAZONA EN TERAPIA COMBINADA CON SULFONILUREA Trastornos del oído y del laberinto Poco frecuente:
  <effect gate:gateId="1220" rule="Effect" Simplification="mareo y vértigo">vértigo</effect>
  Trastornos oculares Poco frecuente: anomalías de la visión Trastornos gastrointestinales Frecuente:
  <effect gate:gateId="1221" rule="Effect" Simplification="flatulencia">flatulencia</effect>
  Trastornos generales y alteraciones en el lugar de administración Poco frecuente:
  <effect gate:gateId="1222" rule="Effect" Simplification="fatiga ">fatiga</effect>
  Exploraciones complementarias Frecuente:
  <effect gate:gateId="1223" rule="Effect" Simplification="aumento de peso">aumento de peso</effect>
  7 Poco frecuente: aumento de la deshidrogenasa láctica Trastornos del metabolismo y de la nutrición Poco frecuente:
  <effect gate:gateId="1224" rule="Effect" Simplification="aumento del apetito">aumento del apetito</effect>
  ,
  <effect gate:gateId="1225" rule="Effect" Simplification="poca azúcar en la sangre">hipoglucemia</effect>
  Trastornos del sistema
  <effect gate:gateId="1226" rule="Effect" Simplification="nervioso">nervioso</effect>
  Frecuente:
  <effect gate:gateId="1227" rule="Effect" Simplification="mareo">mareo</effect>
  Poco frecuente:
  <effect gate:gateId="1228" rule="Effect" Simplification="dolor de cabeza">cefalea</effect>
  Trastornos renales y urinarios Poco frecuente:
  <effect gate:gateId="1229" rule="Effect" Simplification="azúcar en la orina">glucosuria</effect>
  ,
  <effect gate:gateId="1230" rule="Effect" Simplification="exceso de proteína en la orina">proteinuria</effect>
  Trastornos de la piel y del tejido subcutáneo Poco frecuente:
  <effect gate:gateId="1231" rule="Effect" Simplification=" sudoración ">sudoración</effect>
  PIOGLITAZONA EN TRIPLE TERAPIA ORAL COMBINADA CON METFORMINA Y SULFONILUREA Exploraciones complementarias Frecuentes:
  <effect gate:gateId="1232" rule="Effect" Simplification="aumento de peso">aumento de peso</effect>
  , aumento de la creatinfosfoquinasa sérica Trastornos del metabolismo y de la nutrición Muy frecuente:
  <effect gate:gateId="1233" rule="Effect" Simplification="poca azúcar en la sangre">hipoglucemia</effect>
  Trastornos musculoesqueléticos , del tejido conjuntivo y óseo Frecuente:
  <effect gate:gateId="1234" rule="Effect" Simplification="dolor articular">artralgia</effect>
  PIOGLITAZONA EN TERAPIA COMBINADA CON INSULINAS Trastornos del metabolismo y de la nutrición Frecuente:
  <effect gate:gateId="1235" rule="Effect" Simplification="poca azúcar en la sangre">hipoglucemia</effect>
  Trastornos generales y alteraciones en el lugar de administración Muy frecuente:
  <effect gate:gateId="1236" rule="Effect" Simplification="hinchazón">edema</effect>
  Infecciones e infestaciones Frecuente:
  <effect gate:gateId="1237" rule="Effect" Simplification="bronquitis">bronquitis</effect>
  Exploraciones complementarias Frecuente:
  <effect gate:gateId="1238" rule="Effect" Simplification="aumento de peso">aumento de peso</effect>
  Trastornos musculoesqueléticos y del tejido conjuntivo Frecuente:
  <effect gate:gateId="1239" rule="Effect" Simplification="dolor de espalda">dolor de espalda</effect>
  ,
  <effect gate:gateId="1240" rule="Effect" Simplification="dolor articular">artralgia</effect>
  Trastornos respiratorios, torácicos y mediastínicos Frecuente:
  <effect gate:gateId="1241" rule="Effect" Simplification="jadeo">disnea</effect>
  Trastornos cardiacos Frecuente:
  <effect gate:gateId="1242" rule="Effect" Simplification="insuficiencia cardiaca">insuficiencia cardiaca</effect>
  DATOS POSTCOMERCIALIZACIÓN Trastornos oculares Edema macular: Desconocido. Se ha notificado
  <effect gate:gateId="1243" rule="Effect" Simplification="hinchazón">edema</effect>
  en el 6-9 % de los pacientes tratados con
  <drug gate:gateId="1244" rule="Drug">pioglitazona</drug>
  durante un periodo superior a un año en ensayos clínicos controlados. Los índices de
  <effect gate:gateId="1245" rule="Effect" Simplification="hinchazón">edema</effect>
  para los grupos comparadores (sulfonilurea,
  <drug gate:gateId="1246" rule="Drug">metformina</drug>
  ) fueron de 2 ­ 5 %. Las notificaciones de
  <effect gate:gateId="1247" rule="Effect" Simplification="hinchazón">edema</effect>
  fueron generalmente entre leves a moderadas y generalmente no hicieron necesaria la interrupción del tratamiento. En ensayos controlados con comparador activo, el incremento medio de peso con
  <drug gate:gateId="1248" rule="Drug">pioglitazona</drug>
  administrado en monoterapia, fue de 2 ­3 kg durante un periodo superior a un año. Esto es similar a lo que se ha observado en el grupo comparador en tratamiento con sulfonilurea. En estudios de combinación,
  <drug gate:gateId="1249" rule="Drug">pioglitazona</drug>
  añadida a
  <drug gate:gateId="1250" rule="Drug">metformina</drug>
  dio lugar a un incremento medio de peso durante un periodo superior a un año de 1,5 kg; y añadida a sulfonilurea, de 2,8 kg. En grupos comparadores, la adición de sulfonilurea a
  <drug gate:gateId="1251" rule="Drug">metformina</drug>
  dio lugar a un incremento medio de peso de 1,3 kg y en la adición de
  <drug gate:gateId="1252" rule="Drug">metformina</drug>
  a sulfonilurea dio lugar a una pérdida media de peso de 1,0 kg. Se han notificado alteraciones de la visión principalmente al comienzo del tratamiento y se asocian a cambios en la glucosa sanguínea debida a una alteración temporal en la turgencia y el índice refractivo de las lentes, tal y como se ha observado con otros agentes hipoglucemiantes. En ensayos clínicos con
  <drug gate:gateId="1253" rule="Drug">pioglitazona</drug>
  , la inicidencia de elevaciones de ALT tres veces superiores al límite superior de la normalidad, fue igual a placebo pero inferior a lo observado en los grupos que tienen como comparador
  <drug gate:gateId="1254" rule="Drug">metformina</drug>
  o sulfonilurea. Los niveles medios de enzimas hepáticas disminuyeron con el tratamiento con
  <drug gate:gateId="1255" rule="Drug">pioglitazona</drug>
  . Después de la comercialización se han observado escasos casos de elevación de los enzimas hepáticos e insuficiencia hepatocelular. Aunque en muy raros casos se han notificado desenlaces fatales, no se ha establecido la relación causal con el fármaco. En ensayos clínicos controlados, la incidencia de
  <effect gate:gateId="1256" rule="Effect" Simplification="insuficiencia cardiaca">insuficiencia cardiaca</effect>
  durante el tratamiento con
  <drug gate:gateId="1257" rule="Drug">pioglitazona</drug>
  fue el mismo que con los grupos de tratamiento placebo,
  <drug gate:gateId="1258" rule="Drug">metformina</drug>
  y sulfonilurea, pero aumentó cuando se utlizó en terapia combinada con insulina. En un estudio de variables cardiovasculares en pacientes con
  <effect gate:gateId="1259" rule="Effect" Simplification="endurecimiento de arterias">enfermedad macrovascular</effect>
  importante previa, la incidencia de
  <effect gate:gateId="1260" rule="Effect" Simplification="insuficiencia cardiaca">insuficiencia cardiaca</effect>
  grave fue de 1,6 % mayor con
  <drug gate:gateId="1261" rule="Drug">pioglitazona</drug>
  que con placebo cuando se añadió al tratamiento que incluía insulina. Sin embargo, esto no produjo un aumento de la mortalidad en este estudio. Raramente se ha notificado la aparición de
  <effect gate:gateId="1262" rule="Effect" Simplification="insuficiencia cardiaca">insuficiencia cardiaca</effect>
  tras la comercialización de
  <drug gate:gateId="1263" rule="Drug">pioglitazona</drug>
  , pero más frecuentemente cuando se utilizó
  <drug gate:gateId="1264" rule="Drug">pioglitazona</drug>
  en combinación con insulina o en pacientes con historia de
  <effect gate:gateId="1265" rule="Effect" Simplification="insuficiencia cardiaca">insuficiencia cardiaca</effect>
  . Se realizó un análisis agregado de informes de acontecimientos adversos de fracturas óseas procedentes de ensayos clínicos doble
  <effect gate:gateId="1266" rule="Effect" Simplification="ciego">ciego</effect>
  , controlados con comparador, aleatorizados con más de 8100 pacientes en grupos de tratamiento con
  <drug gate:gateId="1267" rule="Drug">pioglitazona</drug>
  y 7400 en grupos tratados con el comparador con una duración del tratamiento de hasta 3,5 años. Se observó una mayor tasa de fracturas en mujeres que recibieron
  <drug gate:gateId="1268" rule="Drug">pioglitazona</drug>
  (2,6%) frente al comparador (1,7%). No se observó un aumento de la tasa de fracturas en hombres tratados con
  <drug gate:gateId="1269" rule="Drug">pioglitazona</drug>
  (1,3%) frente al comparador (1,5%). 9 En el estudio PROactive, con una duración de 3,5 años, 44/870 (5,1%) de las pacientes tratadas con
  <drug gate:gateId="1270" rule="Drug">pioglitazona</drug>
  presentaron fracturas frente a 23/905 (2,5%) de las pacientes tratadas con el comparador. No se observó un aumento del porcentaje de
  <effect gate:gateId="1271" rule="Effect" Simplification="fractura">fractura</effect>
  en los hombres tratados con
  <drug gate:gateId="1272" rule="Drug">pioglitazona</drug>
  (1,7%) frente al comparador (2,1%).
</paragraph>
