<?xml version="1.0" encoding="UTF-8"?>
<paragraph xmlns:gate="http://www.gate.ac.uk" gate:gateId="0" gate:annotMaxId="508">
  Ácido acetilsalicílico: Los efectos adversos del ácido acetilsalicílico son, en general, infrecuentes aunque importantes en algunos casos. En la mayor parte de los casos, los efectos adversos son una prolongación de la acción farmacológica y afectan principalmente al aparato digestivo. El 5- 7% de los pacientes experimenta algún tipo de efecto adverso. Las reacciones adversas más características son: Trastornos gastrointestinales: Frecuentes (1-9%): Trastornos respiratorios: Frecuentes (1-9%): Trastornos de la piel y tejido Frecuentes (1-9%): subcutáneo: -
  <effect gate:gateId="476" rule="Effect" Simplification="urticaria">urticaria</effect>
  ,
  <effect gate:gateId="477" rule="Effect" Simplification="inflamación">erupciones cutáneas</effect>
  ,
  <effect gate:gateId="478" rule="Effect" Simplification="hinchazón debajo de la piel">angioedema</effect>
  . Trastornos de la sangre y sistema Frecuentes (1-9%): linfático: -
  <effect gate:gateId="479" rule="Effect" Simplification="problema de coagulación de sangre">hipoprotrombinemia</effect>
  (con dosis altas). Trastornos generales: Poco frecuentes (&lt;1%): Trastornos hepatobiliares: Poco frecuentes (&lt;1%): Con dosis superiores a las de este preparado en tratamientos prolongados pueden aparecer: Trastornos generales: -
  <effect gate:gateId="480" rule="Effect" Simplification="dolor de cabeza">cefalea</effect>
  Trastornos del sistema
  <effect gate:gateId="481" rule="Effect" Simplification="nervioso">nervioso</effect>
  : -
  <effect gate:gateId="482" rule="Effect" Simplification="mareo">mareos</effect>
  Trastornos psiquiátricos: -
  <effect gate:gateId="483" rule="Effect" Simplification="confusión">confusión</effect>
  Trastornos del oído y del - tinnitus,
  <effect gate:gateId="484" rule="Effect" Simplification="sordera">sordera</effect>
  laberinto: Trastornos de la piel y tejido subcutáneo: Trastornos renales y urinarios: -
  <effect gate:gateId="485" rule="Effect" Simplification="insuficiencia renal ">insuficiencia renal</effect>
  y
  <effect gate:gateId="486" rule="Effect" Simplification="problemas en los riñones">nefritis intersticial aguda</effect>
  El tratamiento debe ser suspendido inmediatamente en el caso de que el paciente experimente algún tipo de
  <effect gate:gateId="487" rule="Effect" Simplification="sordera">sordera</effect>
  , tinnitus o
  <effect gate:gateId="488" rule="Effect" Simplification="___">mareos.</effect>
  En pacientes con historia de
  <effect gate:gateId="489" rule="Effect" Simplification="alergia">hipersensibilidad</effect>
  al ácido acetilsalicílico y a otros antiinflamatorios no esteroideos pueden producirse reacciones anafilácticas o anafilactoides. Esto también podría suceder en pacientes que no han mostrado previamente
  <effect gate:gateId="490" rule="Effect" Simplification="alergia">hipersensibilidad</effect>
  a estos fármacos. Paracetamol: Debido a la presencia de paracetamol en el medicamento pueden aparecer ocasionalmente efectos renales adversos,
  <effect gate:gateId="491" rule="Effect" Simplification="dermatitis alérgica">dermatitis alérgica</effect>
  ,
  <effect gate:gateId="492" rule="Effect" Simplification="hepatitis aguda">hepatotoxicidad</effect>
  (
  <effect gate:gateId="493" rule="Effect" Simplification="piel amarrilla">ictericia</effect>
  ),
  <effect gate:gateId="494" rule="Effect" Simplification="poca producción de defensas en la sangre">agranulocitosis</effect>
  ,
  <effect gate:gateId="495" rule="Effect" Simplification="disminución de leucocitos en la sangre">leucopenia</effect>
  ,
  <effect gate:gateId="496" rule="Effect" Simplification="problemas en la sangre">neutropenia</effect>
  ,
  <effect gate:gateId="497" rule="Effect" Simplification="problemas de coagulación">trombocitopenia</effect>
  ,
  <effect gate:gateId="498" rule="Effect" Simplification="anemia">anemia hemolítica</effect>
  ,
  <effect gate:gateId="499" rule="Effect" Simplification="pus en la orina">piuria estéril</effect>
  (
  <effect gate:gateId="500" rule="Effect" Simplification="orina turbia">orina turbia</effect>
  ) e
  <effect gate:gateId="501" rule="Effect" Simplification="poca azúcar en la sangre">hipoglucemia</effect>
  . Cafeína: Se debe tener en cuenta que el uso prolongado y continuado de medicamentos con asociaciones de dos analgésicos más cafeína, se ha asociado en algunos casos a nefropatías. Debido a la presencia de cafeína en el preparado pueden aparecer reacciones adversas debidas a la estimulación del SNC con síntomas como
  <effect gate:gateId="502" rule="Effect" Simplification=" nerviosismo ">nerviosismo</effect>
  ,
  <effect gate:gateId="503" rule="Effect" Simplification="inquietud">desasosiego</effect>
  o
  <effect gate:gateId="504" rule="Effect" Simplification="irritación gástrica">irritación gastrointestinal</effect>
  leve. Estos efectos adversos dependen de la sensibilidad a la cafeína y de la dosis diaria. Los individuos vegetativamente lábiles pueden reaccionar incluso a dosis bajas de cafeína con
  <effect gate:gateId="505" rule="Effect" Simplification="insomnio">insomnio</effect>
  ,
  <effect gate:gateId="506" rule="Effect" Simplification="inquietud">inquietud</effect>
  ,
  <effect gate:gateId="507" rule="Effect" Simplification="alteración del ritmo cardíaco">taquicardia</effect>
  y posiblemente molestias gastrointestinales. En caso de observarse la aparición de reacciones adversas, debe suspenderse el tratamiento y notificarlas a los sistemas de farmacovigilancia.
</paragraph>
