<?xml version="1.0" encoding="UTF-8"?>
<paragraph xmlns:gate="http://www.gate.ac.uk" gate:gateId="0" gate:annotMaxId="111">
  Aunque la povidona iodada es menos irritante que el iodo, en raras ocasiones se pueden producir reacciones cutáneas locales, como
  <effect gate:gateId="107" rule="Effect" Simplification="irritación">irritación</effect>
  local,
  <effect gate:gateId="108" rule="Effect" Simplification="picazón">prurito</effect>
  o quemazón. La aplicación de povidona iodada sobre heridas extensas, quemaduras o durante tiempo prolongado, puede producir efectos sistémicos adversos, tales como
  <effect gate:gateId="109" rule="Effect" Simplification="acidez en la sangre">acidosis metabólica</effect>
  ,
  <effect gate:gateId="110" rule="Effect" Simplification="problemas en la sangre">hipernatremia</effect>
  y trastornos de la función renal, hepática y tiroidea (especialmente en niños). En caso de observarse la aparición de reacciones adversas, deben notificarse a los sistemas de farmacovigilancia y, en caso necesario, suspender el tratamiento.
</paragraph>
