<?xml version="1.0" encoding="UTF-8"?>
<paragraph xmlns:gate="http://www.gate.ac.uk" gate:gateId="0" gate:annotMaxId="346">
  Los efectos adversos del ácido acetilsalicílico, en la mayor parte de los casos, son una consecuencia del mecanismo de su acción farmacológica y afectan principalmente al aparato digestivo. El 5-7% de los pacientes experimenta algún tipo de efecto adverso. Los efectos adversos más característicos son: Trastornos gastrointestinales: Frecuentes (1-9%): Trastornos respiratorios: Frecuentes (1-9%): Trastornos de la piel y tejido subcutáneo: Trastornos de la sangre y sistema linfático: Trastornos generales: Poco frecuentes (&lt;1%): Trastornos hepatobiliares: Poco frecuentes (&lt;1%): Con dosis superiores a las de este preparado en tratamientos prolongados pueden aparecer: Trastornos generales: -
  <effect gate:gateId="327" rule="Effect" Simplification="dolor de cabeza">cefalea</effect>
  Trastornos del sistema -
  <effect gate:gateId="328" rule="Effect" Simplification="mareo">mareos</effect>
  <effect gate:gateId="329" rule="Effect" Simplification="nervioso">nervioso</effect>
  : Trastornos psiquiátricos: -
  <effect gate:gateId="330" rule="Effect" Simplification="confusión">confusión</effect>
  Trastornos del oído y del - tinnitus,
  <effect gate:gateId="331" rule="Effect" Simplification="sordera">sordera</effect>
  laberinto: Trastornos de la piel y tejido subcutáneo: MINISTERIO Trastornos renales y -
  <effect gate:gateId="332" rule="Effect" Simplification="insuficiencia renal ">insuficiencia renal</effect>
  y
  <effect gate:gateId="333" rule="Effect" Simplification="problemas en los riñones">nefritis intersticial aguda</effect>
  urinarios: El tratamiento debe ser suspendido inmediatamente en el caso de que el paciente experimente algún episodio de
  <effect gate:gateId="334" rule="Effect" Simplification="sordera">sordera</effect>
  , tinnitus o
  <effect gate:gateId="335" rule="Effect" Simplification="___">mareos.</effect>
  En pacientes con historia de
  <effect gate:gateId="336" rule="Effect" Simplification="alergia">hipersensibilidad</effect>
  al ácido acetilsalicílico y a otros antiinflamatorios no esteroideos pueden producirse reacciones anafilácticas o anafilactoides. Esto también podría suceder en pacientes que no han mostrado previamente
  <effect gate:gateId="337" rule="Effect" Simplification="alergia">hipersensibilidad</effect>
  a estos fármacos. Ácido ascórbico: El
  <drug gate:gateId="338" rule="Drug">ácido ascórbico</drug>
  puede producir ocasionalmente a dosis altas mayores de 600 mg/día:
  <effect gate:gateId="339" rule="Effect" Simplification="diarrea">diarrea</effect>
  ,
  <effect gate:gateId="340" rule="Effect" Simplification="enrojecimiento de la piel">enrojecimiento de la piel</effect>
  ,
  <effect gate:gateId="341" rule="Effect" Simplification="dolor de cabeza">dolor de cabeza</effect>
  ,
  <effect gate:gateId="342" rule="Effect" Simplification="náuseas">náuseas</effect>
  ,
  <effect gate:gateId="343" rule="Effect" Simplification="vómitos">vómitos</effect>
  y
  <effect gate:gateId="344" rule="Effect" Simplification="calambres">calambres</effect>
  en el estómago. Existe riesgo de formación de cálculos en las vías urinarias o ataques agudos de
  <effect gate:gateId="345" rule="Effect" Simplification="gota">gota</effect>
  en individuos predispuestos. En caso de observarse la aparición de reacciones adversas, debe suspenderse el tratamiento y notificarlas a los sistemas de farmacovigilancia.
</paragraph>
