<?xml version="1.0" encoding="UTF-8"?>
<paragraph xmlns:gate="http://www.gate.ac.uk" gate:gateId="0" gate:annotMaxId="670">
  Empleo de Ropinirol en el Síndrome de Piernas Inquietas En los ensayos clínicos en Síndrome de Piernas Inquietas la
  <effect gate:gateId="634" rule="Effect" Simplification="alergia ">reacción adversa</effect>
  más frecuente fue
  <effect gate:gateId="635" rule="Effect" Simplification="náuseas">náuseas</effect>
  , que se produjeron en aproximadamente el 30% de los pacientes. Las reacciones adversas fueron normalmente de naturaleza leve a moderada y tuvieron lugar al inicio del tratamiento o cuando se aumentó la dosis; pocos pacientes abandonaron los ensayos clínicos debido a las reacciones adversas. La tabla 2 enumera los acontecimientos adversos comunicados para
  <drug gate:gateId="636" rule="Drug">ropinirol</drug>
  en los ensayos clínicos de 12 semanas con una frecuencia &gt;1,0 % mayor que la frecuencia con placebo o aquellos comunicados con poca frecuencia pero que están asociados al uso de
  <drug gate:gateId="637" rule="Drug">ropinirol</drug>
  . Tabla 2: Reacciones adversas comunicadas en los ensayos clínicos de 12 semanas en el Síndrome de Piernas Inquietas (
  <drug gate:gateId="638" rule="Drug">ropinirol</drug>
  n=309, placebo n=307) Trastornos psiquiátricos Frecuentes Nerviosismo Poco frecuentes Confusión Trastornos del sistema
  <effect gate:gateId="639" rule="Effect" Simplification="nervioso">nervioso</effect>
  Frecuentes Síncope,
  <effect gate:gateId="640" rule="Effect" Simplification="somnolencia">somnolencia</effect>
  ,
  <effect gate:gateId="641" rule="Effect" Simplification="mareo">mareo</effect>
  (incluyendo
  <effect gate:gateId="642" rule="Effect" Simplification="mareo y vértigo">vértigo</effect>
  ) Trastornos vasculares Poco frecuentes Hipotensión postural,
  <effect gate:gateId="643" rule="Effect" Simplification="presión arterial baja">hipotensión</effect>
  Trastornos gastrointestinales Muy frecuentes Vómitos,
  <effect gate:gateId="644" rule="Effect" Simplification="náuseas">náuseas</effect>
  Frecuentes Dolor abdominal Trastornos generales y alteraciones en el lugar de administración Frecuentes Fatiga De forma poco frecuente se han notificado
  <effect gate:gateId="645" rule="Effect" Simplification="alucinaciones">alucinaciones</effect>
  en los estudios abiertos a largo plazo. Puede observarse un empeoramiento paradójico de los síntomas del Síndrome de Piernas Inquietas ocurriendo con la aparición temprana de los síntomas (potenciación) y reaparición de los mismos a primera hora de la mañana (efecto rebote temprano) durante el tratamiento con
  <drug gate:gateId="646" rule="Drug">ropinirol</drug>
  . Manejo de las reacciones adversas Debe considerarse una reducción de la dosis si los pacientes experimentan reacciones adversas importantes. Si cesan las reacciones adversas, puede re-establecerse un ajuste gradual de la dosis. Si es necesario, puede utilizarse medicación antiemética con antagonistas dopaminérgicos que no actúen a nivel central, como domperidona. Otra experiencia con
  <drug gate:gateId="647" rule="Drug">ropinirol</drug>
  Ropinirol también está indicado en el tratamiento de la
  <effect gate:gateId="648" rule="Effect" Simplification="enfermedad">enfermedad</effect>
  de Parkinson. Las reacciones adversas notificadas en pacientes con
  <effect gate:gateId="649" rule="Effect" Simplification="enfermedad">enfermedad</effect>
  de Parkinson en tratamiento con
  <drug gate:gateId="650" rule="Drug">ropinirol</drug>
  en monoterapia o en combinación a dosis de hasta 24 mg/día se expresan en forma de incidencia en exceso respecto a placebo. Tabla 3: Reacciones adversas notificadas en los ensayos clínicos en
  <effect gate:gateId="651" rule="Effect" Simplification="enfermedad">enfermedad</effect>
  de Parkinson a dosis de hasta 24 mg/día Trastornos psiquiátricos Frecuentes Alucinaciones,
  <effect gate:gateId="652" rule="Effect" Simplification="confusión">confusión</effect>
  Poco frecuentes Aumento de la libido Trastornos del sistema
  <effect gate:gateId="653" rule="Effect" Simplification="nervioso">nervioso</effect>
  MINISTERIO Muy frecuentes Síncope,
  <effect gate:gateId="654" rule="Effect" Simplification="movimientos anormales">discinesia</effect>
  ,
  <effect gate:gateId="655" rule="Effect" Simplification="somnolencia">somnolencia</effect>
  Trastornos gastrointestinales Muy frecuentes Náuseas Frecuentes Vómitos,
  <effect gate:gateId="656" rule="Effect" Simplification="dolor abdominal">dolor abdominal</effect>
  ,
  <effect gate:gateId="657" rule="Effect" Simplification="ardor">ardor</effect>
  gástrico Trastornos generales y alteraciones en el lugar de administración Frecuentes Edema en extremidades inferiores Notificaciones post-comercialización Se han comunicado reacciones psicóticas (diferentes de
  <effect gate:gateId="658" rule="Effect" Simplification="alucinaciones">alucinaciones</effect>
  ) incluyendo
  <effect gate:gateId="659" rule="Effect" Simplification="ideas delirantes">ideas delirantes</effect>
  ,
  <effect gate:gateId="660" rule="Effect" Simplification="trastorno delirante">paranoia</effect>
  , percepciones erróneas. Asimismo, se han notificados casos de alteraciones en el control de impulsos incluyendo
  <effect gate:gateId="661" rule="Effect" Simplification="adicción">adicción</effect>
  patológica al juego,
  <effect gate:gateId="662" rule="Effect" Simplification="hipersexualidad">hipersexualidad</effect>
  e aumento de la libido (ver sección 4.4). En la
  <effect gate:gateId="663" rule="Effect" Simplification="enfermedad">enfermedad</effect>
  de Parkinson,
  <drug gate:gateId="664" rule="Drug">ropinirol</drug>
  se asocia con
  <effect gate:gateId="665" rule="Effect" Simplification="somnolencia">somnolencia</effect>
  y con poca frecuencia (&gt;1/1.000, &lt;1/100) ha sido relacionado con
  <effect gate:gateId="666" rule="Effect" Simplification="somnolencia">somnolencia diurna excesiva</effect>
  y episodios de sueño repentinos, sin enbargo, en el Síndrome de Piernas Inquietas, este fenómeno es muy raro (&lt;1/10.000). Después del tratamiento con
  <drug gate:gateId="667" rule="Drug">ropinirol</drug>
  se han comunicado casos poco frecuentes (&gt;1/1.000, &lt;1/100) de
  <effect gate:gateId="668" rule="Effect" Simplification="presión sanguínea baja">hipotensión postural</effect>
  o
  <effect gate:gateId="669" rule="Effect" Simplification="presión arterial baja">hipotensión</effect>
  , raramente graves. Se han notificado casos muy raros (&lt;1/10.000) de alteraciones hepáticas, principalmente aumento de las enzimas hepáticas.
</paragraph>
