<?xml version="1.0" encoding="UTF-8"?>
<paragraph xmlns:gate="http://www.gate.ac.uk" gate:gateId="0" gate:annotMaxId="4264">
  4.3. Contraindicaciones Hipersensibilidad a
  <drug gate:gateId="4037" rule="Drug">fluoxetina</drug>
  o a cualquiera de sus excipientes. Inhibidores de la Monoaminooxidasa: Se han comunicado reacciones adversas graves y a veces fatales en pacientes en tratamiento con ISRS en combinación con un inhibidor de la monoaminooxidasa (IMAO), y en pacientes que han suspendido recientemente el tratamiento con un ISRS y lo han comenzado con un IMAO. El tratamiento con
  <drug gate:gateId="4038" rule="Drug">fluoxetina</drug>
  sólo debe comenzar 2 semanas después de la interrupción de un tratamiento con un IMAO irreversible y el día después de la interrupción de un tratamiento con un IMAO-A reversible. Algunos casos presentaron características semejantes al
  <effect gate:gateId="4039" rule="Effect" Simplification="trastorno peligroso">síndrome serotoninérgico</effect>
  (el cual puede asemejarse y ser diagnosticado como
  <effect gate:gateId="4040" rule="Effect" Simplification="trastorno peligroso">síndrome neuroléptico maligno</effect>
  ). Ciproheptadina o dantroleno pueden beneficiar a los pacientes que experimenten estas reacciones. Los síntomas de una
  <effect gate:gateId="4041" rule="Effect" Simplification="interacción">interacción</effect>
  de un medicamento con un IMAO incluyen:
  <effect gate:gateId="4042" rule="Effect" Simplification="fiebre">hipertermia</effect>
  ,
  <effect gate:gateId="4043" rule="Effect" Simplification="rigidez">rigidez</effect>
  , mioclonía,
  <effect gate:gateId="4044" rule="Effect" Simplification="inestabilidad">inestabilidad autonómica</effect>
  con posibles fluctuaciones rápidas de los signos vitales, cambios en el estado mental que incluyen
  <effect gate:gateId="4045" rule="Effect" Simplification="confusión">confusión</effect>
  ,
  <effect gate:gateId="4046" rule="Effect" Simplification="irritabilidad">irritabilidad</effect>
  y
  <effect gate:gateId="4047" rule="Effect" Simplification="agitación">agitación</effect>
  extrema que puede evolucionar hasta delirium o
  <effect gate:gateId="4048" rule="Effect" Simplification="coma">coma</effect>
  . Por lo tanto,
  <drug gate:gateId="4049" rule="Drug">fluoxetina</drug>
  está contraindicada en combinación con un IMAO no selectivo. Asimismo, deben transcurrir al menos 5 semanas desde la interrupción del tratamiento con
  <drug gate:gateId="4050" rule="Drug">fluoxetina</drug>
  antes de iniciar un tratamiento con un IMAO. Si
  <drug gate:gateId="4051" rule="Drug">fluoxetina</drug>
  se ha prescrito como tratamiento crónico y/o a una dosis más alta, se debe considerar un intervalo mayor. No se recomienda la combinación de
  <drug gate:gateId="4052" rule="Drug">fluoxetina</drug>
  con un IMAO reversible (p. ej. Moclobemida). . El tratamiento con
  <drug gate:gateId="4053" rule="Drug">fluoxetina</drug>
  se puede iniciar el día después de la interrupción del tratamiento con un IMAO reversible. 4.4 Advertencias y precauciones especiales de empleo Uso en niños y adolescentes menores de 18 años: Los comportamientos suicidas (
  <effect gate:gateId="4054" rule="Effect" Simplification="intento de suicidio">intento de suicidio</effect>
  e ideas de
  <effect gate:gateId="4055" rule="Effect" Simplification="suicidio">suicidio</effect>
  ), y la
  <effect gate:gateId="4056" rule="Effect" Simplification="hostilidad">hostilidad</effect>
  (predominantemente
  <effect gate:gateId="4057" rule="Effect" Simplification="agresividad">agresión</effect>
  , comportamiento de confrontación e
  <effect gate:gateId="4058" rule="Effect" Simplification="irritación">irritación</effect>
  ) fueron observados con mas frecuencia en ensayos clínicos con niños y adolescentes tratados con antidepresivos frente a aquellos tratados con placebo. Adofen sólo se deberá utilizar en niños y adolescentes de 8 a 18 años para el tratamiento de episodios depresivos de moderados a graves y no deberá ser usado en otras indicaciones en este grupo de edad. No obstante, si se adoptase la decisión de efectuar el tratamiento, en base a la necesidad clínica, deberá supervisarse cuidadosamente en el paciente la aparición de síntomas de
  <effect gate:gateId="4059" rule="Effect" Simplification="suicidio">suicidio</effect>
  . Además, no existen datos sobre la seguridad a largo plazo en niños y adolescentes en relación al crecimiento, la maduración sexual y el desarrollo cognitivo, emocional y conductual (ver sección 5.3). En un ensayo clínico de 19 semanas de duración se observo una disminución en la ganancia de altura y peso en niños y adolescentes tratados con Fluoxetina (ver sección 4.8). No se ha establecido si hay efecto en alcanzar la talla normal adulta. No se puede descartar la posibilidad de un retraso en la
  <effect gate:gateId="4060" rule="Effect" Simplification="pubertad">pubertad</effect>
  (ver secciones 5.3 y 4.8). Deberá por lo tanto hacerse un seguimiento del crecimiento y del desarrollo puberal (talla, peso y grados de TANNER) durante y después del tratamiento con Fluoxetina. Si cualquiera de ellos esta disminuido, se deberá considerar el consultar a un pediatra. En ensayos clínicos pediátricos se notificaron con frecuencia
  <effect gate:gateId="4061" rule="Effect" Simplification="manía">manía</effect>
  y
  <effect gate:gateId="4062" rule="Effect" Simplification="exceso de animo">hipomanía</effect>
  (ver sección 4.8). Por lo tanto se recomienda hacer un seguimiento regular sobre la aparición de
  <effect gate:gateId="4063" rule="Effect" Simplification="manía">manía</effect>
  /
  <effect gate:gateId="4064" rule="Effect" Simplification="exceso de animo">hipomanía</effect>
  . Se debe discontinuar el tratamiento con
  <drug gate:gateId="4065" rule="Drug">fluoxetina</drug>
  si el paciente entra en una fase maníaca. Es importante que el médico prescriptor discuta cuidadosamente con el niño/joven y/o sus padres los riesgos y beneficios del tratamiento. Erupción cutánea y reacciones alérgicas: Se han comunicado casos de
  <effect gate:gateId="4066" rule="Effect" Simplification="inflamación">erupción cutánea</effect>
  , reacciones anafilactoides y reacciones sistémicas progresivas, en ocasiones graves (afectando a la piel, los riñones, el hígado, o los pulmones). Se debe interrumpir el tratamiento con
  <drug gate:gateId="4067" rule="Drug">fluoxetina</drug>
  cuando aparezca una
  <effect gate:gateId="4068" rule="Effect" Simplification="inflamación">erupción cutánea</effect>
  u otra
  <effect gate:gateId="4069" rule="Effect" Simplification="alergia">reacción alérgica</effect>
  para las cuales no se pueda encontrar otra etiología. Convulsiones: Las
  <effect gate:gateId="4070" rule="Effect" Simplification="ataque">convulsiones</effect>
  son un riesgo potencial de los medicamentos antidepresivos. Por lo tanto, como con otros antidepresivos,
  <drug gate:gateId="4071" rule="Drug">fluoxetina</drug>
  se debe introducir con precaución en pacientes con historial de
  <effect gate:gateId="4072" rule="Effect" Simplification="___">convulsiones.</effect>
  El tratamiento se debe interrumpir en cualquier paciente que desarrolle
  <effect gate:gateId="4073" rule="Effect" Simplification="ataque">convulsiones</effect>
  o que experimente un incremento en la frecuencia de las
  <effect gate:gateId="4074" rule="Effect" Simplification="___">convulsiones.</effect>
  Fluoxetina se debe evitar en pacientes con historia de trastornos convulsivos inestables/
  <effect gate:gateId="4075" rule="Effect" Simplification="epilepsia">epilepsia</effect>
  y debe realizarse un estrecho seguimiento en aquellos pacientes con
  <effect gate:gateId="4076" rule="Effect" Simplification="epilepsia">epilepsia</effect>
  controlada. Manía: Los antidepresivos se deben utilizar con precaución en pacientes con historial de
  <effect gate:gateId="4077" rule="Effect" Simplification="manía">manía</effect>
  /
  <effect gate:gateId="4078" rule="Effect" Simplification="exceso de animo">hipomanía</effect>
  . Como con otros antidepresivos, el tratamiento con
  <drug gate:gateId="4079" rule="Drug">fluoxetina</drug>
  se debe interrumpir en cualquier paciente que esté iniciando una fase maníaca. Función hepática/renal:
  <drug gate:gateId="4080" rule="Drug">fluoxetina</drug>
  es metabolizada en gran parte por el hígado y excretada por los riñones. Se recomienda una dosis más baja (p.ej. dosis a días alternos) en pacientes con disfunción hepática significativa. Cuando se administró
  <drug gate:gateId="4081" rule="Drug">fluoxetina</drug>
  20 mg/día durante 2 meses, aquellos pacientes con
  <effect gate:gateId="4082" rule="Effect" Simplification="insuficiencia renal ">insuficiencia renal</effect>
  grave (tasa de filtración glomerular &lt; 10 ml/min) que necesitaban diálisis no mostraron diferencias en los niveles plasmáticos de
  <drug gate:gateId="4083" rule="Drug">fluoxetina</drug>
  o norfluoxetina comparados con pacientes control con una función renal normal. Enfermedad cardiaca: No se observaron anormalidades de conducción que dieran lugar a
  <effect gate:gateId="4084" rule="Effect" Simplification="bloqueo cardiaco">bloqueo cardiaco</effect>
  en el electrocardiograma de 312 pacientes que recibieron
  <drug gate:gateId="4085" rule="Drug">fluoxetina</drug>
  en ensayos clínicos doble
  <effect gate:gateId="4086" rule="Effect" Simplification="ciego">ciego</effect>
  . No obstante, la experiencia clínica en enfermedades cardiacas agudas es limitada, por lo que se aconseja precaución en su uso. Pérdida de peso: Los pacientes en tratamiento con
  <drug gate:gateId="4087" rule="Drug">fluoxetina</drug>
  pueden experimentar
  <effect gate:gateId="4088" rule="Effect" Simplification="pérdida de peso">pérdida de peso</effect>
  que normalmente es proporcional al peso basal. Diabetes: En pacientes con
  <effect gate:gateId="4089" rule="Effect" Simplification="diabetes">diabetes</effect>
  , el tratamiento con un ISRS puede alterar el control glucémico. Ha aparecido
  <effect gate:gateId="4090" rule="Effect" Simplification="poca azúcar en la sangre">hipoglucemia</effect>
  durante el tratamiento con
  <drug gate:gateId="4091" rule="Drug">fluoxetina</drug>
  y se ha desarrollado
  <effect gate:gateId="4092" rule="Effect" Simplification="alto nivel de azucar">hiperglucemia</effect>
  al interrumpir el tratamiento. Puede ser necesario el ajuste de dosis de insulina y/o antidiabéticos orales. Suicidio/pensamientos suicidas: La
  <effect gate:gateId="4093" rule="Effect" Simplification="depresión">depresión</effect>
  está asociada con un riesgo incrementado de pensamientos suicidas, autolesión y
  <effect gate:gateId="4094" rule="Effect" Simplification="suicidio">suicidio</effect>
  (acontecimientos relacionados con el
  <effect gate:gateId="4095" rule="Effect" Simplification="suicidio">suicidio</effect>
  ). Este riesgo persiste hasta que tiene lugar una remisión significativa. Puesto que dicha mejoría puede no tener lugar durante las primeras semanas o más de tratamiento, se debe hacer un cuidadoso seguimiento de los pacientes hasta que dicha mejoría se produzca. Según la experiencia clínica general el riesgo de
  <effect gate:gateId="4096" rule="Effect" Simplification="suicidio">suicidio</effect>
  puede aumentar en las primeras etapas de la recuperación. Otras alteraciones psiquiátricas para las que se prescribe Adofen pueden también asociarse con un mayor riesgo de acontecimientos relacionados con el
  <effect gate:gateId="4097" rule="Effect" Simplification="suicidio">suicidio</effect>
  . Además, estas enfermedades pueden ser comórbidas al
  <effect gate:gateId="4098" rule="Effect" Simplification="depresión">trastorno depresivo</effect>
  mayor. Las mismas precauciones consideradas al tratar pacientes con
  <effect gate:gateId="4099" rule="Effect" Simplification="depresión">trastorno depresivo</effect>
  mayor deben por tanto considerarse cuando se esté tratando a pacientes con otros trastornos psiquiátricos. Se sabe que los pacientes con antecedentes de acontecimientos relacionados con el
  <effect gate:gateId="4100" rule="Effect" Simplification="suicidio">suicidio</effect>
  y aquéllos que presenten un grado significativo de
  <effect gate:gateId="4101" rule="Effect" Simplification="suicidio">ideación suicida</effect>
  antes de iniciar el tratamiento tienen un mayor riesgo de pensamientos o intentos suicidas, con lo cual debe hacerse un cuidadoso seguimiento durante el tratamiento. Además, existe una posibilidad de aumento del riesgo de comportamientos suicidas en adultos jóvenes. Los pacientes (y los cuidadores de los pacientes) deben ser alertados de la necesidad de controlar la aparición de estos comportamientos y buscar inmediatamente asesoramiento médico si estos síntomas aparecen. Acatisia/Inquietud psicomotora: El uso de
  <drug gate:gateId="4102" rule="Drug">fluoxetina</drug>
  se ha asociado con el desarrollo de
  <effect gate:gateId="4103" rule="Effect" Simplification="incapacidad de quedarse quieto">acatisia</effect>
  , caracterizada por una
  <effect gate:gateId="4104" rule="Effect" Simplification="inquietud">inquietud</effect>
  subjetivamente desagradable o preocupante, y por la necesidad de movimiento, a menudo acompañada por la incapacidad de permanecer sentado o estar quieto. Esto es más probable que se produzca en las primeras semanas de tratamiento. En aquellos pacientes que desarrollan esta sintomatología, el aumento de la dosis puede ser perjudicial. Síntomas de retirada tras la interrupción del tratamiento con ISRS: Los síntomas de retirada cuando se interrumpe el tratamiento son frecuentes, especialmente cuando el tratamiento se interrumpe de forma abrupta (ver el epígrafe 4.8 de reacciones adversas). En los ensayos clínicos, los acontecimientos adversos observados al interrumpir el tratamiento tuvieron lugar en aproximadamente un 60% de los pacientes en ambos grupos, el de
  <drug gate:gateId="4105" rule="Drug">fluoxetina</drug>
  y el de placebo. De estos efectos adversos, el 17% del grupo de
  <drug gate:gateId="4106" rule="Drug">fluoxetina</drug>
  y el 12% del grupo de placebo fueron de índole grave. El riesgo de aparición de los síntomas de retirada puede depender de varios factores, incluyendo la duración y dosis del tratamiento y del patrón de reducción de la dosis. Mareos, alteraciones sensoriales (incluyendo
  <effect gate:gateId="4107" rule="Effect" Simplification="cosquilleo">parestesia</effect>
  ), trastornos del sueño (incluyendo
  <effect gate:gateId="4108" rule="Effect" Simplification="insomnio">insomnio</effect>
  y sueños intensos),
  <effect gate:gateId="4109" rule="Effect" Simplification="fatiga">astenia</effect>
  ,
  <effect gate:gateId="4110" rule="Effect" Simplification="agitación">agitación</effect>
  o
  <effect gate:gateId="4111" rule="Effect" Simplification="ansiedad">ansiedad</effect>
  ,
  <effect gate:gateId="4112" rule="Effect" Simplification="náuseas">náuseas</effect>
  y/o
  <effect gate:gateId="4113" rule="Effect" Simplification="vómitos">vómitos</effect>
  ,
  <effect gate:gateId="4114" rule="Effect" Simplification="temblor">temblores</effect>
  y
  <effect gate:gateId="4115" rule="Effect" Simplification="dolor de cabeza">dolor de cabeza</effect>
  son las reacciones más comúnmente notificadas. Generalmente estos síntomas son de naturaleza leve a moderada, sin embargo, en algunos pacientes pueden ser graves en cuanto a intensidad. Los síntomas de retirada suelen aparecer en los primeros días tras la discontinuación del tratamiento. Generalmente estos síntomas son autolimitados y suelen desaparecer en dos semanas, si bien en algunos pacientes pueden tener una duración más prolongada (2-3 meses o más). Se aconseja por lo tanto que la dosis de Adofen se disminuya gradualmente a lo largo de un periodo de como mínimo de una a dos semanas cuando se discontinúe el tratamiento, de acuerdo con las necesidades del paciente (ver el apartado "Síntomas de retirada al interrumpir el tratamiento con Adofen" de la sección 4.2 Posología y forma de administración). Hemorragia: Ha habido casos de
  <effect gate:gateId="4116" rule="Effect" Simplification="manchas rojas en la piel">hemorragia cutánea</effect>
  tipo
  <effect gate:gateId="4117" rule="Effect" Simplification="moretones ">equimosis</effect>
  y púrpura con ISRS. La
  <effect gate:gateId="4118" rule="Effect" Simplification="moretones ">equimosis</effect>
  se ha comunicado como acontecimiento infrecuente durante el tratamiento con
  <drug gate:gateId="4119" rule="Drug">fluoxetina</drug>
  . Se han comunicado raramente otras manifestaciones hemorrágicas (p.ej. hemorragias ginecológicas,
  <effect gate:gateId="4120" rule="Effect" Simplification="hemorragia gastrointestinal">hemorragia gastrointestinal</effect>
  y otras hemorragias cutáneas o mucosas). Se recomienda precaución en pacientes en tratamiento con ISRS particularmente en uso concomitante con anticoagulantes orales, medicamentos que se saben que afectan a la función plaquetaria (p.ej. antipsicóticos atípicos tales como
  <drug gate:gateId="4121" rule="Drug">clozapina</drug>
  , fenotiazinas, la mayoría de antidepresivos triciclicos,
  <drug gate:gateId="4122" rule="Drug">aspirina</drug>
  , AINES) u otros medicamentos que pueden incrementar el riesgo de
  <effect gate:gateId="4123" rule="Effect" Simplification="sangrado ">hemorragia</effect>
  así como en pacientes con un historial de trastornos hemorrágicos. Terapia electroconvulsiva (TEC): Se han comunicado raramente casos de
  <effect gate:gateId="4124" rule="Effect" Simplification="crisis">crisis</effect>
  prolongadas en pacientes en tratamiento con
  <drug gate:gateId="4125" rule="Drug">fluoxetina</drug>
  que recibieron tratamiento con TEC, por ello se recomienda precaución. Hierba de San Juan: Se puede producir un incremento de los efectos serotoninérgicos, como el
  <effect gate:gateId="4126" rule="Effect" Simplification="trastorno peligroso">síndrome serotoninérgico</effect>
  , cuando se utilizan conjuntamente inhibidores selectivos de la recaptación de serotonina con preparaciones fitoterápicas que contengan la hierba de San Juan (Hypericum perforatum). En raras ocasiones, se ha notificado el desarrollo del
  <effect gate:gateId="4127" rule="Effect" Simplification="trastorno peligroso">síndrome serotoninérgico</effect>
  o acontecimientos del tipo
  <effect gate:gateId="4128" rule="Effect" Simplification="trastorno peligroso">síndrome neuroléptico maligno</effect>
  asociados al tratamiento con
  <drug gate:gateId="4129" rule="Drug">fluoxetina</drug>
  , particularmente cuando se administran en asociación con otros medicamentos serotoninérgicos (entre otros L- triptófano) y/o neurolépticos. Dado que estos síndromes pueden dar lugar a situaciones que potencialmente amenazan la vida, se debe interrumpir el tratamiento con
  <drug gate:gateId="4130" rule="Drug">fluoxetina</drug>
  si aparecen estas reacciones (caracterizadas por grupos de síntomas como
  <effect gate:gateId="4131" rule="Effect" Simplification="fiebre">hipertermia</effect>
  ,
  <effect gate:gateId="4132" rule="Effect" Simplification="rigidez">rigidez</effect>
  , mioclonia,
  <effect gate:gateId="4133" rule="Effect" Simplification="inestabilidad">inestabilidad autonómica</effect>
  con posibles fluctuaciones rápidas de los signos vitales, cambios en el estado mental que incluye
  <effect gate:gateId="4134" rule="Effect" Simplification="confusión">confusión</effect>
  ,
  <effect gate:gateId="4135" rule="Effect" Simplification="irritabilidad">irritabilidad</effect>
  y
  <effect gate:gateId="4136" rule="Effect" Simplification="agitación">agitación</effect>
  extrema evolucionando hasta delirium y
  <effect gate:gateId="4137" rule="Effect" Simplification="coma">coma</effect>
  .) y se debe iniciar un tratamiento sintomático de sostén. 4.5 Interacción con otros medicamentos y otras formas de
  <effect gate:gateId="4138" rule="Effect" Simplification="interacción">interacción</effect>
  Los estudios de interacciones se han realizado sólo en adultos. Vida media: La larga vida media de eliminación de
  <drug gate:gateId="4139" rule="Drug">fluoxetina</drug>
  y norfluoxetina se debe tener en cuenta (ver Propiedades farmacocinéticas) al considerar las interacciones farmacodinámicas o farmacocinéticas del medicamento (p.ej., al cambiar de
  <drug gate:gateId="4140" rule="Drug">fluoxetina</drug>
  a otro antidepresivo). Inhibidores de la Monoaminooxidasa: (ver 'Contraindicaciones'). Combinaciones no recomendadas: IMAO-A (ver sección 4.3) Combinaciones que requieren precauciones de uso: MINISTERIO IMAO-B (
  <drug gate:gateId="4141" rule="Drug">selegilina</drug>
  ): riesgo de
  <effect gate:gateId="4142" rule="Effect" Simplification="trastorno peligroso">síndrome serotoninérgico</effect>
  . Se recomienda seguimiento clínico. Fenitoína: Se han observado cambios en los niveles sanguíneos al combinarla con
  <drug gate:gateId="4143" rule="Drug">fluoxetina</drug>
  . En algunos casos se han presentado manifestaciones de toxicidad. Se deben considerar esquemas de dosis de tratamiento conservador del medicamento concomitante y realizar constante seguimiento del estado clínico del paciente. Medicamentos serotoninérgicos: La administración conjunta con otros medicamentos serotoninérgicos (p.ej.,
  <drug gate:gateId="4144" rule="Drug">tramadol</drug>
  , triptanos) puede incrementar el riesgo de
  <effect gate:gateId="4145" rule="Effect" Simplification="trastorno peligroso">síndrome serotoninérgico</effect>
  . El uso con triptanos conlleva el riesgo adicional de
  <effect gate:gateId="4146" rule="Effect" Simplification="estrechamiento de vasos sanguíneos">vasoconstricción</effect>
  coronaria e
  <effect gate:gateId="4147" rule="Effect" Simplification="presión arterial alta">hipertensión</effect>
  . Litio y triptófano: Se han notificado casos de
  <effect gate:gateId="4148" rule="Effect" Simplification="trastorno peligroso">síndrome serotoninérgico</effect>
  cuando se ha administrado conjuntamente ISRS con
  <drug gate:gateId="4149" rule="Drug">litio</drug>
  o triptófano, por ello, el uso conjunto de
  <drug gate:gateId="4150" rule="Drug">fluoxetina</drug>
  con este tipo de productos debe hacerse con precaución. Se debe hacer un seguimiento clínico más frecuente y estrecho cuando se utiliza
  <drug gate:gateId="4151" rule="Drug">fluoxetina</drug>
  en combinación con
  <drug gate:gateId="4152" rule="Drug">litio</drug>
  . Isoenzima CYP2D6: Debido a que el metabolismo de la
  <drug gate:gateId="4153" rule="Drug">fluoxetina</drug>
  ( al igual que los antidepresivos tricíclicos y otros antidepresivos selectivos de serotonina) involucra al sistema de enzimas hepáticas del citocromo CYP2D6, los tratamientos concomitantes con medicamentos que sean también metabolizados por este sistema enzimático pueden conducir a interacciones medicamentosas. El tratamiento concomitante con medicamentos metabolizados predominantemente por este isoenzima, los cuales tengan un estrecho margen terapéutico (como
  <drug gate:gateId="4154" rule="Drug">flecainida</drug>
  , encainida,
  <drug gate:gateId="4155" rule="Drug">carbamazepina</drug>
  , y antidepresivos tricíclicos), debe ser iniciado o ajustado al mínimo rango terapéutico. Esto también será aplicable si
  <drug gate:gateId="4156" rule="Drug">fluoxetina</drug>
  ha sido utilizada en las 5 semanas previas. Anticoagulantes orales: Se han notificado infrecuentemente alteraciones en la
  <effect gate:gateId="4157" rule="Effect" Simplification="coagulación">coagulación</effect>
  ( valores de laboratorio y/o signos y síntomas clínicos), sin un patrón consistente, pero que incluyen incremento en el
  <effect gate:gateId="4158" rule="Effect" Simplification="sangrado">sangrado</effect>
  , cuando
  <drug gate:gateId="4159" rule="Drug">fluoxetina</drug>
  es administrada conjuntamente con anticoagulantes orales. Los pacientes en tratamiento con
  <drug gate:gateId="4160" rule="Drug">warfarina</drug>
  deben recibir un cuidadoso seguimiento de la
  <effect gate:gateId="4161" rule="Effect" Simplification="coagulación">coagulación</effect>
  al iniciar o finalizar el tratamiento con
  <drug gate:gateId="4162" rule="Drug">fluoxetina</drug>
  . (ver `Precauciones', Hemorragia). Terapia electroconvulsiva (TEC): Se han comunicado raramente casos de
  <effect gate:gateId="4163" rule="Effect" Simplification="crisis">crisis</effect>
  prolongadas en pacientes en tratamiento con
  <drug gate:gateId="4164" rule="Drug">fluoxetina</drug>
  que recibieron tratamiento con TEC, por ello se recomienda precaución. Alcohol: En estudios formales no se encontró incremento en los niveles de alcohol en sangre ni aumento de los efectos del alcohol. Sin embargo la combinación de ISRS y alcohol no es aconsejable. Hierba de San Juan: Al igual que con otros ISRS, pueden producirse interacciones farmacodinámicas entre
  <drug gate:gateId="4165" rule="Drug">fluoxetina</drug>
  y la preparación fitoterápica de la hierba de San Juan (Hypericum perforatum) que pueden dar lugar a un incremento de las reacciones adversas. 4.6 Embarazo y lactancia Embarazo: Los datos en un elevado número de embarazos expuestos no indicaron un efecto teratogénico de
  <drug gate:gateId="4166" rule="Drug">fluoxetina</drug>
  . Fluoxetina se puede usar durante el
  <effect gate:gateId="4167" rule="Effect" Simplification="embarazo">embarazo</effect>
  , pero se debe tener precaución, especialmente durante la última etapa del
  <effect gate:gateId="4168" rule="Effect" Simplification="embarazo">embarazo</effect>
  o justo antes del
  <effect gate:gateId="4169" rule="Effect" Simplification="parto">parto</effect>
  ya que se han comunicado los siguientes efectos en neonatos:
  <effect gate:gateId="4170" rule="Effect" Simplification="irritabilidad">irritabilidad</effect>
  ,
  <effect gate:gateId="4171" rule="Effect" Simplification="temblor">temblor</effect>
  ,
  <effect gate:gateId="4172" rule="Effect" Simplification="disminución de tensión muscular">hipotonía</effect>
  ,
  <effect gate:gateId="4173" rule="Effect" Simplification="llanto persistente">llanto persistente</effect>
  , dificultad para mamar o para dormir. Estos síntomas pueden indicar tanto efectos serotoninérgicos como síndrome de retirada. El inicio y la duración de estos síntomas puede estar relacionado con la larga vida media de la
  <drug gate:gateId="4174" rule="Drug">fluoxetina</drug>
  (4 a 6 días) y de su metabolito activo, norfluoxetina (4-16 días). Lactancia: se sabe que
  <drug gate:gateId="4175" rule="Drug">fluoxetina</drug>
  y su metabolito, norfluoxetina, se excretan en la leche materna. Se han comunicado reacciones adversas en lactantes alimentados con leche materna. Si el tratamiento con
  <drug gate:gateId="4176" rule="Drug">fluoxetina</drug>
  se considera necesario, se debe considerar la interrupción de la
  <effect gate:gateId="4177" rule="Effect" Simplification="lactancia materna">lactancia materna</effect>
  ; no obstante, si se continúa con la lactancia, se debería prescribir la menor dosis efectiva de
  <drug gate:gateId="4178" rule="Drug">fluoxetina</drug>
  . 4.7 Efectos sobre la capacidad para conducir y utilizar máquinas Aunque se ha visto que
  <drug gate:gateId="4179" rule="Drug">fluoxetina</drug>
  no afecta el funcionamiento psicomotor en voluntarios sanos, cualquier psicofármaco puede alterar el juicio y/o ciertas habilidades. Se debe aconsejar a los pacientes que eviten conducir o manejar maquinaria peligrosa hasta que tengan una certeza razonable de que sus habilidades no se ven afectadas. 4.8 Reacciones adversas Las reacciones adversas pueden disminuir en intensidad y frecuencia con el tratamiento continuado y no conducen generalmente a la interrupción del tratamiento. Al igual que con otros ISRS se han observado las siguientes reacciones adversas: Reacciones generalizadas: Hipersensibilidad ( p.ej.
  <effect gate:gateId="4180" rule="Effect" Simplification="picazón">prurito</effect>
  ,
  <effect gate:gateId="4181" rule="Effect" Simplification="inflamación">erupción cutánea</effect>
  ,
  <effect gate:gateId="4182" rule="Effect" Simplification="urticaria">urticaria</effect>
  ,
  <effect gate:gateId="4183" rule="Effect" Simplification="reacción alérgica">reacción anafilactoide</effect>
  , vasculitis, reacción del tipo
  <effect gate:gateId="4184" rule="Effect" Simplification="reacción alérgica">enfermedad del suero</effect>
  ,
  <effect gate:gateId="4185" rule="Effect" Simplification="hinchazón debajo de la piel">angioedema</effect>
  ) (ver `Contraindicaciones' y `Advertencias'),
  <effect gate:gateId="4186" rule="Effect" Simplification="escalofríos">escalofríos</effect>
  ,
  <effect gate:gateId="4187" rule="Effect" Simplification="trastorno peligroso">síndrome serotoninérgico</effect>
  ,
  <effect gate:gateId="4188" rule="Effect" Simplification="intolerancia a la luz">fotosensibilidad</effect>
  , muy raramente necrolísis epidérmica tóxica (síndrome de Lyell ). Aparato digestivo: trastornos gastrointestinales (p.ej.
  <effect gate:gateId="4189" rule="Effect" Simplification="diarrea">diarrea</effect>
  ,
  <effect gate:gateId="4190" rule="Effect" Simplification="náuseas">náuseas</effect>
  ,
  <effect gate:gateId="4191" rule="Effect" Simplification="vómitos">vómitos</effect>
  ,
  <effect gate:gateId="4192" rule="Effect" Simplification="enfermedades del estómago ">dispepsia</effect>
  ,
  <effect gate:gateId="4193" rule="Effect" Simplification="problemas para tragar">disfagia</effect>
  , alteración del sentido del gusto),
  <effect gate:gateId="4194" rule="Effect" Simplification="sequedad de boca">sequedad de boca</effect>
  . Se han comunicado, raramente tests anormales de función hepática. Casos muy raros de
  <effect gate:gateId="4195" rule="Effect" Simplification="hepatitis">hepatitis</effect>
  idiosincrática. Sistema
  <effect gate:gateId="4196" rule="Effect" Simplification="nervioso">nervioso</effect>
  : Dolor de cabeza, alteraciones en el sueño (p.ej.
  <effect gate:gateId="4197" rule="Effect" Simplification="sueños anormales">sueños anormales</effect>
  ,
  <effect gate:gateId="4198" rule="Effect" Simplification="insomnio">insomnio</effect>
  ),
  <effect gate:gateId="4199" rule="Effect" Simplification="mareo">mareos</effect>
  ,
  <effect gate:gateId="4200" rule="Effect" Simplification="trastornos de la alimentación ">anorexia</effect>
  ,
  <effect gate:gateId="4201" rule="Effect" Simplification="fatiga ">fatiga</effect>
  (p.ej.
  <effect gate:gateId="4202" rule="Effect" Simplification="somnolencia">somnolencia</effect>
  ,
  <effect gate:gateId="4203" rule="Effect" Simplification="somnolencia">sopor</effect>
  ),
  <effect gate:gateId="4204" rule="Effect" Simplification="euforia">euforia</effect>
  ,
  <effect gate:gateId="4205" rule="Effect" Simplification="movimientos anormales">movimientos anormales</effect>
  transitorios (p.ej.
  <effect gate:gateId="4206" rule="Effect" Simplification="calambre muscular">espasmos musculares</effect>
  ,
  <effect gate:gateId="4207" rule="Effect" Simplification="descoordinación muscular">ataxia</effect>
  ,
  <effect gate:gateId="4208" rule="Effect" Simplification="temblor">temblor</effect>
  , mioclonia),
  <effect gate:gateId="4209" rule="Effect" Simplification="ataque">convulsiones</effect>
  e
  <effect gate:gateId="4210" rule="Effect" Simplification="inquietud psicomotora">inquietud psicomotora</effect>
  /
  <effect gate:gateId="4211" rule="Effect" Simplification="incapacidad de quedarse quieto">acatisia</effect>
  (ver sección 4.4 de Advertencias y precauciones especiales de empleo). Alucinaciones, reacciones maniacas,
  <effect gate:gateId="4212" rule="Effect" Simplification="confusión">confusión</effect>
  ,
  <effect gate:gateId="4213" rule="Effect" Simplification="agitación">agitación</effect>
  ,
  <effect gate:gateId="4214" rule="Effect" Simplification="ansiedad">ansiedad</effect>
  y síntomas asociados (p.ej.
  <effect gate:gateId="4215" rule="Effect" Simplification=" nerviosismo ">nerviosismo</effect>
  ), dificultad para la concentración y el proceso del
  <effect gate:gateId="4216" rule="Effect" Simplification="pensamiento">pensamiento</effect>
  (p.ej.
  <effect gate:gateId="4217" rule="Effect" Simplification="despersonalización">despersonalización</effect>
  ), ataques de pánico, comportamientos y pensamientos suicidas (estos síntomas pueden ser debidos a la
  <effect gate:gateId="4218" rule="Effect" Simplification="enfermedad">enfermedad</effect>
  subyacente), muy raramente
  <effect gate:gateId="4219" rule="Effect" Simplification="trastorno peligroso">síndrome serotoninérgico</effect>
  . Aparato urogenital: Retención urinaria,
  <effect gate:gateId="4220" rule="Effect" Simplification="frecuencia orinaría">polaquiuria</effect>
  . Trastornos del aparato reproductor: Disfunción sexual (retraso o
  <effect gate:gateId="4221" rule="Effect" Simplification="ausencia">ausencia</effect>
  de la eyaculación,
  <effect gate:gateId="4222" rule="Effect" Simplification="impotencia orgásmica">anorgasmia</effect>
  ),
  <effect gate:gateId="4223" rule="Effect" Simplification="dolor en el pene">priapismo</effect>
  ,
  <effect gate:gateId="4224" rule="Effect" Simplification="anormal producción de leche materna">galactorrea</effect>
  . Otros: Alopecia, bostezo,
  <effect gate:gateId="4225" rule="Effect" Simplification="visión anormal">visión anormal</effect>
  (p.ej. vista borrosa,
  <effect gate:gateId="4226" rule="Effect" Simplification="dilatación de pupilas">midriasis</effect>
  ), sudores,
  <effect gate:gateId="4227" rule="Effect" Simplification="venas dilatadas">vasodilatación</effect>
  ,
  <effect gate:gateId="4228" rule="Effect" Simplification="dolor articular">artralgia</effect>
  ,
  <effect gate:gateId="4229" rule="Effect" Simplification="dolor muscular">mialgia</effect>
  ,
  <effect gate:gateId="4230" rule="Effect" Simplification="presión sanguínea baja">hipotensión postural</effect>
  ,
  <effect gate:gateId="4231" rule="Effect" Simplification="moretones ">equimosis</effect>
  . Se han comunicado raramente otras manifestaciones hemorrágicas (p.ej. hemorragias ginecológicas, hemorragias gastrointestinales y otras hemorragias cutáneas o mucosas). (ver `Precauciones', Hemorragias). Hiponatremia: Se ha comunicado raramente
  <effect gate:gateId="4232" rule="Effect" Simplification="problemas en la sangre">hiponatremia</effect>
  (incluyendo niveles séricos de sodio por debajo de 110 mmol/
  <effect gate:gateId="4233" rule="Effect" Simplification="..">l</effect>
  ) que pareció ser reversible al interrumpir el tratamiento con
  <drug gate:gateId="4234" rule="Drug">fluoxetina</drug>
  . Algunos casos pudieron ser debidos al síndrome de secreción inapropiada de hormona antidiurética. La mayoría de los informes se asociaron a personas mayores y a pacientes en tratamientos con diuréticos o con
  <effect gate:gateId="4235" rule="Effect" Simplification="disminución de volumen">depleción de volumen</effect>
  . Aparato respiratorio: Faringitis,
  <effect gate:gateId="4236" rule="Effect" Simplification="jadeo">disnea</effect>
  . Se han comunicado raramente alteraciones pulmonares (incluyendo procesos inflamatorios de diversa histopatología y/o
  <effect gate:gateId="4237" rule="Effect" Simplification="exceso de tejido">fibrosis</effect>
  ). La
  <effect gate:gateId="4238" rule="Effect" Simplification="jadeo">disnea</effect>
  puede ser el único síntoma precedente. Síntomas de retirada al interrumpir el tratamiento con
  <drug gate:gateId="4239" rule="Drug">fluoxetina</drug>
  : La interrupción del tratamiento con
  <drug gate:gateId="4240" rule="Drug">fluoxetina</drug>
  frecuentemente conduce a la aparición de síntomas de retirada. Las reacciones más comúnmente comunicadas son
  <effect gate:gateId="4241" rule="Effect" Simplification="mareo">mareos</effect>
  , alteraciones sensoriales (incluyendo
  <effect gate:gateId="4242" rule="Effect" Simplification="cosquilleo">parestesia</effect>
  ), trastornos del sueño (incluyendo
  <effect gate:gateId="4243" rule="Effect" Simplification="insomnio">insomnio</effect>
  y sueños intensos),
  <effect gate:gateId="4244" rule="Effect" Simplification="fatiga">astenia</effect>
  ,
  <effect gate:gateId="4245" rule="Effect" Simplification="agitación">agitación</effect>
  o
  <effect gate:gateId="4246" rule="Effect" Simplification="ansiedad">ansiedad</effect>
  ,
  <effect gate:gateId="4247" rule="Effect" Simplification="náuseas">náuseas</effect>
  y/o
  <effect gate:gateId="4248" rule="Effect" Simplification="vómitos">vómitos</effect>
  ,
  <effect gate:gateId="4249" rule="Effect" Simplification="temblor">temblores</effect>
  y
  <effect gate:gateId="4250" rule="Effect" Simplification="___">dolor de cabeza.</effect>
  Generalmente, estos acontecimientos son de leve a moderados y autolimitados, sin embargo, en algunos pacientes pueden ser graves y/o prolongados (ver sección 4.4. Advertencias y precauciones especiales de empleo). Se recomienda por lo tanto que cuando ya no sea necesario continuar el tratamiento con Adofen, se realice una reducción gradual de la dosis (ver secciones 4.2 Posología y forma de administración y 4.4 Advertencias y precauciones especiales de empleo). Niños y adolescentes (ver sección 4.4 Advertencias y precauciones especiales de empleo): En ensayos clínicos pediátricos los comportamientos suicidas (intentos de
  <effect gate:gateId="4251" rule="Effect" Simplification="suicidio">suicidio</effect>
  e ideas de
  <effect gate:gateId="4252" rule="Effect" Simplification="suicidio">suicidio</effect>
  ), y la
  <effect gate:gateId="4253" rule="Effect" Simplification="hostilidad">hostilidad</effect>
  se observaron con más frecuencia en los niños y adolescentes tratados con antidepresivos en comparación con aquellos tratados con placebo. No se ha evaluado sistemáticamente la seguridad de
  <drug gate:gateId="4254" rule="Drug">fluoxetina</drug>
  en tratamientos crónicos de más de 19 semanas. En ensayos clínicos pediátricos fueron notificadas reacciones maníacas, incluyendo
  <effect gate:gateId="4255" rule="Effect" Simplification="manía">manía</effect>
  e
  <effect gate:gateId="4256" rule="Effect" Simplification="exceso de animo">hipomanía</effect>
  (2,6% de los pacientes tratados con
  <drug gate:gateId="4257" rule="Drug">fluoxetina</drug>
  frente a 0% en el grupo control tratado con placebo), llevando a la discontinuación en la mayoría de los casos. Estos pacientes no tenían episodios previos de
  <effect gate:gateId="4258" rule="Effect" Simplification="manía">manía</effect>
  /
  <effect gate:gateId="4259" rule="Effect" Simplification="exceso de animo">hipomanía</effect>
  . Después de 19 semanas de tratamiento, los sujetos pediátricos tratados con
  <drug gate:gateId="4260" rule="Drug">fluoxetina</drug>
  en un ensayo clínico ganaron una media de 1,1 cm menos en altura (p=0,004) y 1,1 kg menos en peso (p=0,008) que los pacientes tratados con placebo. Se han notificado también casos aislados de
  <effect gate:gateId="4261" rule="Effect" Simplification="retraso en el crecimiento">retraso en el crecimiento</effect>
  en el uso clínico. Han sido notificados de la experiencia clínica en pediatría casos aislados de efectos adversos indicando potencialmente un retraso en la maduración sexual o
  <effect gate:gateId="4262" rule="Effect" Simplification="disfunción sexual">disfunción sexual</effect>
  ( ver también sección 5.3). En los ensayos clínicos en pediatría, se ha asociado el tratamiento con
  <drug gate:gateId="4263" rule="Drug">fluoxetina</drug>
  con una disminución en los niveles de fosfatasa alcalina.
</paragraph>
