<?xml version="1.0" encoding="UTF-8"?>
<paragraph xmlns:gate="http://www.gate.ac.uk" gate:gateId="0" gate:annotMaxId="713">
  Alteraciones cardiovasculares: Infrecuentes ( 1/1000, &lt;1/100): relativas a la regulación cardiovascular (
  <effect gate:gateId="654" rule="Effect" Simplification="palpitaciones">palpitaciones</effect>
  ,
  <effect gate:gateId="655" rule="Effect" Simplification="alteración del ritmo cardíaco">taquicardia</effect>
  ,
  <effect gate:gateId="656" rule="Effect" Simplification="presión sanguínea baja">hipotensión postural</effect>
  o
  <effect gate:gateId="657" rule="Effect" Simplification="colapso cardiovascular">colapso cardiovascular</effect>
  ). Estas reacciones adversas pueden presentarse especialmente tras la administración intravenosa y en pacientes sometidos a esfuerzo físico. Raras ( 1/10000, &lt;1/1000):
  <effect gate:gateId="658" rule="Effect" Simplification="anomalía cardiaca">bradicardia</effect>
  ,
  <effect gate:gateId="659" rule="Effect" Simplification="aumento de la presión arterial">aumento de la presión arterial</effect>
  . Alteraciones del sistema
  <effect gate:gateId="660" rule="Effect" Simplification="nervioso">nervioso</effect>
  : Muy frecuentes ( 1/10):
  <effect gate:gateId="661" rule="Effect" Simplification="mareo">mareo</effect>
  . Frecuentes ( 1/100, &lt;1/10): cefaleas y
  <effect gate:gateId="662" rule="Effect" Simplification="___">somnolencia.</effect>
  Raras (1/10000, &lt;1/1000): alteraciones del apetito,
  <effect gate:gateId="663" rule="Effect" Simplification="cosquilleo">parestesia</effect>
  ,
  <effect gate:gateId="664" rule="Effect" Simplification="temblor">temblor</effect>
  ,
  <effect gate:gateId="665" rule="Effect" Simplification="depresión respiratoria">depresión respiratoria</effect>
  ,
  <effect gate:gateId="666" rule="Effect" Simplification="ataque">convulsiones</effect>
  epileptiformes,
  <effect gate:gateId="667" rule="Effect" Simplification="contracciones musculares involuntarias">contracciones musculares involuntarias</effect>
  ,
  <effect gate:gateId="668" rule="Effect" Simplification="coordinación anormal">coordinación anormal</effect>
  ,
  <effect gate:gateId="669" rule="Effect" Simplification="desmayo">síncope</effect>
  . Tras la administración de dosis que sobrepasan considerablemente las dosis recomendadas y administrando simultáneamente otros medicamentos con acción depresora central (ver apartado 4.5), puede presentarse una
  <effect gate:gateId="670" rule="Effect" Simplification="depresión respiratoria">depresión respiratoria</effect>
  . Se han comunicado
  <effect gate:gateId="671" rule="Effect" Simplification="ataque">convulsiones</effect>
  epileptiformes, tras la administración de dosis altas de
  <drug gate:gateId="672" rule="Drug">tramadol</drug>
  o tras el tratamiento concomitante con otros medicamentos que puedan reducir el umbral convulsivo (ver apartados 4.4 y 4.5). Alteraciones psiquiátricas: Raras (1/10000, &lt;1/1000):
  <effect gate:gateId="673" rule="Effect" Simplification="alucinaciones">alucinaciones</effect>
  ,
  <effect gate:gateId="674" rule="Effect" Simplification="confusión">confusión</effect>
  ,
  <effect gate:gateId="675" rule="Effect" Simplification="alteraciones del sueño">alteraciones del sueño</effect>
  ,
  <effect gate:gateId="676" rule="Effect" Simplification="ansiedad">ansiedad</effect>
  y
  <effect gate:gateId="677" rule="Effect" Simplification="pesadillas">pesadillas</effect>
  . Tras la administración de Adolonta retard pueden presentarse diversas reacciones adversas psíquicas cuya intensidad y naturaleza varían individualmente (dependiendo de la personalidad y de la duración del tratamiento). Estos incluyen alteraciones de humor (en general provoca
  <effect gate:gateId="678" rule="Effect" Simplification="euforia">euforia</effect>
  , a veces
  <effect gate:gateId="679" rule="Effect" Simplification="ronquera">disforia</effect>
  ), de la actividad (en general está disminuida, a veces aumentada) y alteraciones de la capacidad cognitiva y sensorial (p.e.: toma de decisiones, alteraciones de la percepción). Puede originarse
  <effect gate:gateId="680" rule="Effect" Simplification="dependencia">dependencia</effect>
  . Alteraciones del ojo: Raras (1/10000, &lt;1/1000):
  <effect gate:gateId="681" rule="Effect" Simplification="___">visión borrosa.</effect>
  Alteraciones respiratorias: Raras (1/10000, &lt;1/1000):
  <effect gate:gateId="682" rule="Effect" Simplification="jadeo">disnea</effect>
  Se han comunicado casos de
  <effect gate:gateId="683" rule="Effect" Simplification="empeoramiento del asma">empeoramiento del asma</effect>
  , si bien no se estableció ninguna relación causal Alteraciones gastrointestinales: Muy frecuentes ( 1/10):
  <effect gate:gateId="684" rule="Effect" Simplification="___">náuseas.</effect>
  Frecuentes ( 1/100, &lt;1/10):
  <effect gate:gateId="685" rule="Effect" Simplification="vómitos">vómitos</effect>
  ,
  <effect gate:gateId="686" rule="Effect" Simplification="estreñimiento">estreñimiento</effect>
  y
  <effect gate:gateId="687" rule="Effect" Simplification="sequedad">sequedad</effect>
  bucal. Poco frecuentes ( 1/1000, &lt;1/100):
  <effect gate:gateId="688" rule="Effect" Simplification="arcadas">arcadas</effect>
  ,
  <effect gate:gateId="689" rule="Effect" Simplification="irritación gástrica">irritación gastrointestinal</effect>
  (sensación de plenitud, pesadez),
  <effect gate:gateId="690" rule="Effect" Simplification="diarrea">diarrea</effect>
  Alteraciones de la piel y subcutáneas: Frecuentes ( 1/100, &lt;1/10):
  <effect gate:gateId="691" rule="Effect" Simplification="___">sudoración.</effect>
  Poco frecuentes( 1/1000, &lt; 1/100): reacciones cutáneas (p.e.
  <effect gate:gateId="692" rule="Effect" Simplification="picazón">prurito</effect>
  ,
  <effect gate:gateId="693" rule="Effect" Simplification="inflamación">erupción cutánea</effect>
  ,
  <effect gate:gateId="694" rule="Effect" Simplification="urticaria">urticaria</effect>
  ). Alteraciones músculo-esqueléticas: Raras ( 1/10000, &lt;1/1000):
  <effect gate:gateId="695" rule="Effect" Simplification="debilidad">debilidad</effect>
  motora. Alteraciones hepatobiliares: MINISTERIO En algunos casos aislados, coincidiendo con el uso terapéutico de
  <drug gate:gateId="696" rule="Drug">tramadol</drug>
  , se ha observado un incremento de las enzimas hepáticas. Alteraciones renales y urinarias: Raras ( 1/10000, &lt;1/1000)(&lt;0,1%): perturbaciones de la micción (dificultad en la micción,
  <effect gate:gateId="697" rule="Effect" Simplification="dolor al orinar">disuria</effect>
  y
  <effect gate:gateId="698" rule="Effect" Simplification="retención urinaria">retención urinaria</effect>
  ). Alteraciones generales: Frecuentes ( 1/100, &lt;1/10):
  <effect gate:gateId="699" rule="Effect" Simplification="fatiga ">fatiga</effect>
  Raras (1/10000, &lt;1/1000): reacciones alérgicas (p.e.
  <effect gate:gateId="700" rule="Effect" Simplification="jadeo">disnea</effect>
  , broncospasmo, sibilaciones,
  <effect gate:gateId="701" rule="Effect" Simplification="hinchazón en la piel">edema angioneurótico</effect>
  ) y
  <effect gate:gateId="702" rule="Effect" Simplification="anafilaxia">anafilaxia</effect>
  ; pueden presentarse los siguientes síntomas, similares a los que aparecen con la privación de opiáceos:
  <effect gate:gateId="703" rule="Effect" Simplification="agitación">agitación</effect>
  ,
  <effect gate:gateId="704" rule="Effect" Simplification="ansiedad">ansiedad</effect>
  ,
  <effect gate:gateId="705" rule="Effect" Simplification=" nerviosismo ">nerviosismo</effect>
  ,
  <effect gate:gateId="706" rule="Effect" Simplification="insomnio">insomnio</effect>
  , hiperquinesia,
  <effect gate:gateId="707" rule="Effect" Simplification="temblor">temblor</effect>
  y síntomas gastrointestinales. Otros síntomas observados muy raramente tras la administración discontinua de
  <drug gate:gateId="708" rule="Drug">tramadol</drug>
  son: ataques de pánico,
  <effect gate:gateId="709" rule="Effect" Simplification="ansiedad">ansiedad</effect>
  severa,
  <effect gate:gateId="710" rule="Effect" Simplification="alucinaciones">alucinaciones</effect>
  ,
  <effect gate:gateId="711" rule="Effect" Simplification="cosquilleo">parestesias</effect>
  , tinnitus y síntomas inusuales del sistema
  <effect gate:gateId="712" rule="Effect" Simplification="nervioso">nervioso</effect>
  central.
</paragraph>
