<?xml version="1.0" encoding="UTF-8"?>
<paragraph xmlns:gate="http://www.gate.ac.uk" gate:gateId="0" gate:annotMaxId="466">
  Las reacciones adversas que se observan con mayor frecuencia son de naturaleza gastrointestinal. Pueden producirse úlceras pépticas, perforación o
  <effect gate:gateId="439" rule="Effect" Simplification="hemorragia gastrointestinal">hemorragia gastrointestinal</effect>
  , en algunos casos mortales, especialmente en los ancianos (ver sección 4.4).También se han notificado
  <effect gate:gateId="440" rule="Effect" Simplification="náuseas">naúseas</effect>
  ,
  <effect gate:gateId="441" rule="Effect" Simplification="vómitos">vómitos</effect>
  ,
  <effect gate:gateId="442" rule="Effect" Simplification="diarrea">diarrea</effect>
  ,
  <effect gate:gateId="443" rule="Effect" Simplification="flatulencia">flatulencia</effect>
  ,
  <effect gate:gateId="444" rule="Effect" Simplification="estreñimiento">constipación</effect>
  ,
  <effect gate:gateId="445" rule="Effect" Simplification="enfermedades del estómago ">dispepsia</effect>
  ,
  <effect gate:gateId="446" rule="Effect" Simplification="dolor abdominal">dolor abdominal</effect>
  , melena,
  <effect gate:gateId="447" rule="Effect" Simplification="vomito con sangre">hematemesis</effect>
  ,
  <effect gate:gateId="448" rule="Effect" Simplification="ulceración de la boca">estomatitis ulcerosa</effect>
  , exacerbación de
  <effect gate:gateId="449" rule="Effect" Simplification="inflamación en el colon">colitis</effect>
  y
  <effect gate:gateId="450" rule="Effect" Simplification="enfermedad">enfermedad</effect>
  de Crohn (ver sección 4.4 advertencias y precauciones especiales de empleo). Se ha observado menos frecuentemente la aparición de
  <effect gate:gateId="451" rule="Effect" Simplification="enfermedades del estómago">gastritis</effect>
  . Las reacciones adversas notificadas como al menos posiblemente relacionadas con dexketoprofeno trometamol en los ensayos clínicos, así como los efectos adversos comunicados tras la comercialización de ADOLQUIR comprimidos se tabulan a continuación, clasificados por órganos y sistemas y ordenados según frecuencia: Muy raras / ORGANO / SISTEMA Casos aislados Trastornos de la sangre y del sistema linfático Trastornos del sistema inmunológico Trastornos del metabolismo y de la nutrición Trastornos psiquiátricos Insomnio,
  <effect gate:gateId="452" rule="Effect" Simplification="ansiedad">ansiedad</effect>
  Trastornos del sistema Cefalea,
  <effect gate:gateId="453" rule="Effect" Simplification="mareo">mareo</effect>
  ,
  <effect gate:gateId="454" rule="Effect" Simplification="nervioso">nervioso</effect>
  <effect gate:gateId="455" rule="Effect" Simplification="somnolencia">somnolencia</effect>
  Trastornos oculares Trastornos del oído y del laberinto Trastornos cardíacos Trastornos vasculares Trastornos respiratorios, torácicos y mediastínicos Trastornos gastrointestinales Trastornos hepatobiliares --- --- Lesión hepática Daño hepatocelular Trastornos de la piel y del --- Rash Urticaria,
  <effect gate:gateId="456" rule="Effect" Simplification="acné">acné</effect>
  , Síndrome de Steven Johnson, necrolisis tejido subcutáneo Trastornos musculoesqueléticos y del tejido conjuntivo Trastornos renales y urinarios Trastornos del aparato reproductor y de la mama Trastornos generales y alteraciones en el lugar de administración Exploraciones complementarias Cardiovasculares: Se han notificado casos de
  <effect gate:gateId="457" rule="Effect" Simplification="hinchazón">edema</effect>
  ,
  <effect gate:gateId="458" rule="Effect" Simplification="presión arterial alta">hipertensión arterial</effect>
  e
  <effect gate:gateId="459" rule="Effect" Simplification="insuficiencia cardiaca">insuficiencia cardiaca</effect>
  en asociación con el tratamiento con AINE. Datos procedentes de ensayos clínicos y de estudios epidemiológicos sugieren que el empleo de algunos AINE (especialmente en dosis altas y en tratamientos de larga duración) puede asociarse con un moderado aumento del riesgo de acontecimientos aterotrombóticos (por ejemplo
  <effect gate:gateId="460" rule="Effect" Simplification="infarto">infarto de miocardio</effect>
  o
  <effect gate:gateId="461" rule="Effect" Simplification="trastorno de la circulación cerebral">ictus</effect>
  ; ver sección 4.4). Cutáneas: Reacciones ampollosas incluyendo el Síndrome de Stevens Johnson y la Necrolisis Epidérmica Tóxica (muy raros). Hepáticas: Lesión hepática (rara) Como todos los AINE las siguientes reacciones adversas podrían presentarse:
  <effect gate:gateId="462" rule="Effect" Simplification="inflamación en la cabeza">meningitis aséptica</effect>
  , la cual predominantemente podría ocurrir en pacientes con
  <effect gate:gateId="463" rule="Effect" Simplification="enfermedad del sistema inmunitario">lupus eritematoso sistémico</effect>
  o
  <effect gate:gateId="464" rule="Effect" Simplification="enfermedad">enfermedad</effect>
  mixta del tejido conectivo; y reacciones hematológicas (púrpura, anemias aplásica y hemolítica y raramente
  <effect gate:gateId="465" rule="Effect" Simplification="poca producción de defensas en la sangre">agranulocitosis</effect>
  e hipoplasia medular).
</paragraph>
