<?xml version="1.0" encoding="UTF-8"?>
<paragraph xmlns:gate="http://www.gate.ac.uk" gate:gateId="0" gate:annotMaxId="1219">
  Como con cualquier otro medicamentode administración intravenosa, es posible que se produzcan reacciones de
  <effect gate:gateId="1195" rule="Effect" Simplification="alergia">hipersensibilidad</effect>
  de tipo alérgico. Se debe informar a los pacientes de los signos iniciales de las reacciones de
  <effect gate:gateId="1196" rule="Effect" Simplification="alergia">hipersensibilidad</effect>
  , que pueden incluir
  <effect gate:gateId="1197" rule="Effect" Simplification="urticaria">urticaria</effect>
  ,
  <effect gate:gateId="1198" rule="Effect" Simplification="picazón">prurito</effect>
  ,
  <effect gate:gateId="1199" rule="Effect" Simplification="ronchas en todo el cuerpo">urticaria generalizada</effect>
  ,
  <effect gate:gateId="1200" rule="Effect" Simplification="hinchazón debajo de la piel">angioedema</effect>
  ,
  <effect gate:gateId="1201" rule="Effect" Simplification="presión arterial baja">hipotensión</effect>
  (ej:
  <effect gate:gateId="1202" rule="Effect" Simplification="mareo">mareos</effect>
  y
  <effect gate:gateId="1203" rule="Effect" Simplification="desmayo">síncope</effect>
  ),
  <effect gate:gateId="1204" rule="Effect" Simplification="conmoción">conmoción</effect>
  y distrés respiratorio agudo (ej:
  <effect gate:gateId="1205" rule="Effect" Simplification="opresión">opresión</effect>
  del pecho, respiración dificultosa). Se debe advertir a los pacientes de que deben consultar inmediatamente con su médico si aparecen estos síntomas (ver sección 4.4.). Durante los ensayos clínicos con ADVATE, se describieron un total de 56 reacciones adversas al medicamento (RAM) en 27 de 234 sujetos en tratamiento. Las RAM que aparecieron en un mayor número de sujetos fueron inhibidores del Factor VIII (5 sujetos), todas en pacientes sin tratamiento previo (naïve) que presentaban un riesgo elevado de desarrollo de inhibidores,
  <effect gate:gateId="1206" rule="Effect" Simplification="dolor de cabeza">cefalea</effect>
  (en 5 sujetos),
  <effect gate:gateId="1207" rule="Effect" Simplification="fiebre">fiebre</effect>
  y
  <effect gate:gateId="1208" rule="Effect" Simplification="mareo">mareos</effect>
  (en 3 sujetos cada una). De las 56 RAM, no se produjo ninguna en neonatos, 16 aparecieron en 13/32 bebés, 7 aparecieron en 4/56 niños, 8 en 4/31 adolescentes y 25 en 14/94 adultos. La siguiente tabla indica la frecuencia con que los sujetos presentaron reacciones adversas en los ensayos clínicos: Clasificación MedDRA Término de elección Nº de sujetos Tasa de Categoría de por órganos y sistemas según la clasificación reacciones frecuencia de MedDRA MedDRA adversas reacciones Infecciones e Gripe 1 0,43 Poco frecuentes infestaciones Laringitis 1 0,43 Poco frecuentes Trastornos de la sangre y Linfangitis 1 0,43 Poco frecuentes el sistema linfático Trastornos del sistema Dolor de cabeza 5 2,14 Frecuentes
  <effect gate:gateId="1209" rule="Effect" Simplification="nervioso">nervioso</effect>
  Mareos 3 1,28 Frecuentes Trastornos oculares Inflamación ocular 1 0,43 Poco frecuentes Trastornos vasculares Hematoma 1 0,43 Poco frecuentes 5 Clasificación MedDRA Término de elección Nº de sujetos Tasa de Categoría de por órganos y sistemas según la clasificación reacciones frecuencia de MedDRA MedDRA adversas reacciones Trastornos respiratorios, Disnea 1 0,43 Poco frecuentes torácicos y mediastínicos Trastornos Diarrea 2 0,85 Poco frecuentes gastrointestinales Dolor en el abdomen 1 0,43 Poco frecuentes Trastornos de la piel y Prurito 2 0,85 Poco frecuentes del tejido subcutáneo Sarpullido 2 0,85 Poco frecuentes Trastornos generales y Fiebre 3 1,28 Frecuentes alteraciones en el lugar Edema periférico 1 0,43 Poco frecuentes de administración Dolor torácico 1 0,43 Poco frecuentes Sensación anormal 1 0,43 Poco frecuentes Exploraciones Anticuerpo positivo del 5 2,14 Frecuentes complementarias Factor VIII Lesiones, intoxicaciones Complicaciones tras el 1 0,43 Poco frecuentes y complicaciones de procedimiento procedimientos Hemorragia tras el 1 0,43 Poco frecuentes terapéuticos procedimiento a) Porcentaje de sujetos calculado según un número total único de personas (234) b) La frecuencia se ha evaluado utilizando el siguiente criterio: muy frecuentes (1/10), frecuentes (1/100 a &lt;1/10), poco frecuentes (1/1.000 a &lt;1/100), raras (1/10.000 a &lt;1/1.000), muy raras (&lt;1/10.000). Las reacciones adversas se presentan en orden decreciente de gravedad dentro de cada intervalo frecuencia c) El descenso inesperado de los niveles de Factor de
  <effect gate:gateId="1210" rule="Effect" Simplification="coagulación">coagulación</effect>
  VIII se produjo en un sujeto durante la perfusión continua de ADVATE después de cirugía (días 10-14 de postoperatorio). Se mantuvo la hemostasis durante todo este periodo y tanto los niveles de Factor VIII de plasma como los niveles de aclaramiento volvieron a los niveles adecuados el día 15 de postoperatorio. Los ensayos de inhibidores del Factor VIII realizados tras la finalización de la perfusión continua y la terminación del estudio fueron negativos. En pacientes que desarrollan anticuerpos neutralizantes (inhibidores) al Factor VIII, esta condición se manifestará con una respuesta clínica insuficiente. En esos casos, se recomienda contactar con un centro especializado en
  <effect gate:gateId="1211" rule="Effect" Simplification="defecto en la coagulación de la sangre">hemofilia</effect>
  . 6 La inmunogenicidad de ADVATE se evaluó en pacientes con tratamientos previos. Durante los ensayos clínicos con ADVATE realizados en 145 niños (entre 2 y 12 años), adolescentes (entre 12 y 16 años) y adultos (mayores de 16 años), diagnosticados con
  <effect gate:gateId="1212" rule="Effect" Simplification="defecto en la coagulación de la sangre">hemofilia</effect>
  A de grave a moderada (FVIII 2%), con exposición previa a concentrados de Factor VIII durante un periodo superior o igual a 150 días, sólo un paciente desarrolló un título bajo de inhibidor (2,4 UB en el ensayo Bethesda modificado) después de 26 días de exposición a ADVATE. Las pruebas de seguimiento de inhibidores en este paciente tras abandonar el ensayo fueron negativas. Tampoco se detectó ningún inhibidor de FVIII en 53 sujetos pediátricos menores de 6 años, diagnosticados con
  <effect gate:gateId="1213" rule="Effect" Simplification="defecto en la coagulación de la sangre">hemofilia</effect>
  A de grave a moderadamente grave (FVIII 2%), con una exposición previa a concentrados de Factor VIII durante un periodo superior o igual a 50 días. En pacientes no tratados previamente (naïve) que participan en un ensayo clínico que en la actualidad se encuentra en curso, 5 (20%) de los 25 sujetos que recibieron ADVATE desarrollaron inhibidores del Factor VIII. De estos sujetos, 4 eran de título elevado ( 5 unidades Bethesda) y 1 era de título bajo (&lt;5 unidades Bethesda). La frecuencia de los inhibidores de FVIII detectados hasta el momento se encuentra dentro del rango esperado y observado anteriormente. La respuesta inmune del sujeto a cantidades mínimas de proteínas contaminantes se analizó mediante el examen de los títulos de anticuerpos para estas proteínas, los parámetros de laboratorio y las reacciones adversas descritas. De los 182 sujetos en tratamiento en los que se evaluaron los anticuerpos antiproteínas de células de ovario de hámster chino (CHO), 3 mostraron una tendencia ascendente estadísticamente significativa en los títulos mediante análisis de regresión lineal y 4 mostraron picos sostenidos o picos momentáneos. Un sujeto mostró tanto una tendencia ascendente estadísticamente significativa como un pico sostenido en el nivel de anticuerpos antiproteínas de células CHO, pero no tuvo ningún otro signo o síntoma que indicara una respuesta alérgica o de
  <effect gate:gateId="1214" rule="Effect" Simplification="alergia">hipersensibilidad</effect>
  . De los 182 sujetos tratados a los que se realizó una evaluación de los anticuerpos anti-IgG murina, 10 mostraron una tendencia ascendente estadísticamente significativa mediante análisis de regresión lineal y dos mostraron un pico sostenido o pico momentáneo.1 sujeto mostró una tendencia ascendente estadísticamente significativa y un pico sostenido en el nivel de anticuerpos anti- IgG murina. Cuatro de estos sujetos sufrieron episodios aislados de
  <effect gate:gateId="1215" rule="Effect" Simplification="urticaria">urticaria</effect>
  ,
  <effect gate:gateId="1216" rule="Effect" Simplification="picazón">prurito</effect>
  ,
  <effect gate:gateId="1217" rule="Effect" Simplification="sarpullido">sarpullido</effect>
  y recuentos ligeramente elevados de eosinófilos entre numerosas exposiciones repetidas al medicamento del estudio. Como con otros medicamentos administrados por vía intravenosa, con ADVATE se han descrito reacciones de
  <effect gate:gateId="1218" rule="Effect" Simplification="alergia">hipersensibilidad</effect>
  de tipo alérgico de frecuencia desconocida, incluyendo anafilaxis/reacciones anafilactoides.
</paragraph>
