<?xml version="1.0" encoding="UTF-8"?>
<paragraph xmlns:gate="http://www.gate.ac.uk" gate:gateId="0" gate:annotMaxId="195">
  En ensayos clínicos en un intervalo de indicaciones que incluyen
  <effect gate:gateId="186" rule="Effect" Simplification="alergia">rinitis alérgica</effect>
  y
  <effect gate:gateId="187" rule="Effect" Simplification="ronchas">urticaria idiopática crónica</effect>
  , a la dosis recomendada de 5 mg diarios, se notificaron reacciones adversas con Aerius en un 3 % de pacientes más que en los tratados con placebo. Las reacciones adversas más frecuentes, notificadas con una incidencia superior al grupo placebo, fueron
  <effect gate:gateId="188" rule="Effect" Simplification="fatiga">cansancio</effect>
  (1,2 %),
  <effect gate:gateId="189" rule="Effect" Simplification="sequedad de boca">sequedad de boca</effect>
  (0,8 %) y
  <effect gate:gateId="190" rule="Effect" Simplification="dolor de cabeza">cefalea</effect>
  (0,6 %). En un ensayo clínico con 578 pacientes adolescentes, de 12 a 17 años de edad, la
  <effect gate:gateId="191" rule="Effect" Simplification="alergia ">reacción adversa</effect>
  más frecuente fue la
  <effect gate:gateId="192" rule="Effect" Simplification="dolor de cabeza">cefalea</effect>
  ; que se produjo en el 5,9 % de los pacientes tratados con
  <drug gate:gateId="193" rule="Drug">desloratadina</drug>
  y en el 6,9 % de los pacientes que recibieron placebo. En la siguiente tabla se presentan otras reacciones adversas notificadas muy raramente durante el periodo de postcomercialización. Alucinaciones Trastornos psiquiátricos Trastornos del sistema
  <effect gate:gateId="194" rule="Effect" Simplification="nervioso">nervioso</effect>
  Trastornos cardiacos Trastornos gastrointestinales Trastornos hepatobiliares Trastornos musculoesqueléticos y del tejido conjuntivo Trastornos generales
</paragraph>
