<?xml version="1.0" encoding="UTF-8"?>
<paragraph xmlns:gate="http://www.gate.ac.uk" gate:gateId="0" gate:annotMaxId="168">
  La
  <effect gate:gateId="157" rule="Effect" Simplification="alergia ">reacción adversa</effect>
  más frecuente en los pacientes tratados con AFATINAL es el
  <effect gate:gateId="158" rule="Effect" Simplification="moretones ">hematoma</effect>
  y/o la
  <effect gate:gateId="159" rule="Effect" Simplification="moretones ">equimosis</effect>
  en el lugar de la inyección (15%). Se ha asociado la aparición de
  <effect gate:gateId="160" rule="Effect" Simplification="problemas en los huesos">osteoporosis</effect>
  con tratamientos a largo plazo con heparinas. La frecuencia de reacciones adversas comunicadas con bemiparina es similar a las comunicadas con otras HBPMs y se cita a continuación. Muy frecuentes ( Equímosis en el lugar de la inyección &gt;1/10): Frecuentes Hematoma en el lugar de la inyección y
  <effect gate:gateId="161" rule="Effect" Simplification="dolor">dolor</effect>
  . (&gt;1/100 y &lt; 1/10): Complicaciones hemorrágicas (piel, mucosas, heridas, tracto Ocasionales Reacciones alérgicas cutáneas (
  <effect gate:gateId="162" rule="Effect" Simplification="urticaria">urticaria</effect>
  ,
  <effect gate:gateId="163" rule="Effect" Simplification="picazón">prurito</effect>
  ). (&gt;1/1000 y &lt; 1/100): Trombocitopenia transitoria leve (tipo I) (ver 4.4: Raras (&lt;1/1000): Reacciones anafilácticas (
  <effect gate:gateId="164" rule="Effect" Simplification="náuseas">náuseas</effect>
  ,
  <effect gate:gateId="165" rule="Effect" Simplification="vómitos">vómitos</effect>
  ,
  <effect gate:gateId="166" rule="Effect" Simplification="fiebre">fiebre</effect>
  ,
  <effect gate:gateId="167" rule="Effect" Simplification="jadeo">disnea</effect>
  ,
</paragraph>
