<?xml version="1.0" encoding="UTF-8"?>
<paragraph xmlns:gate="http://www.gate.ac.uk" gate:gateId="0" gate:annotMaxId="597">
  La frecuencia de las reacciones adversas depende de la dosis diaria y de la duración del tratamiento. La frecuencia de reacciones adversas es baja con dosis de hasta 100 mg. La
  <effect gate:gateId="559" rule="Effect" Simplification="enfermedades del seno">ginecomastia</effect>
  es la
  <effect gate:gateId="560" rule="Effect" Simplification="alergia ">reacción adversa</effect>
  más frecuente, especialmente durante tratamientos de larga duración (2-7 meses). Con dosis de hasta 100 mg la frecuencia es del 13%. Normalmente este efecto es reversible con la suspensión del tratamiento. Se han notificado casos de
  <effect gate:gateId="561" rule="Effect" Simplification="aumento de hormonas de lactancia">hiperpotasemia</effect>
  en pacientes hospitalizados graves y con alteración de la función renal que reciben suplementos de
  <drug gate:gateId="562" rule="Drug">potasio</drug>
  . En pacientes con la función renal normal o en pacientes que no reciben suplementos de
  <drug gate:gateId="563" rule="Drug">potasio</drug>
  o diuréticos ahorradores de
  <drug gate:gateId="564" rule="Drug">potasio</drug>
  , que reciben dosis de hasta 100 mg, solo existe un riesgo menor de
  <effect gate:gateId="565" rule="Effect" Simplification="aumento de hormonas de lactancia">hiperpotasemia</effect>
  . Las reacciones adversas se presentan en orden decreciente de gravedad dentro de cada intervalo: frecuentes (1/100, &lt;1/10), poco frecuentes (1/1.000, &lt;1/100); raras (1/10.000, &lt;1/1.000); muy raras (&lt;1/10.000) frecuencia no conocida (no puede estimarse a partir de los datos disponibles). Trastornos generales y alteraciones en el lugar de administración: Frecuentes: Malestar,
  <effect gate:gateId="566" rule="Effect" Simplification="fatiga ">fatiga</effect>
  Muy raro: Dolor torácico Trastornos del aparato reproductor y de la mama: Frecuentes: Ginecomastia,
  <effect gate:gateId="567" rule="Effect" Simplification="menstruación irregular">menstruación irregular</effect>
  ,
  <effect gate:gateId="568" rule="Effect" Simplification="ausencia de la menstruación">amenorrea</effect>
  ,
  <effect gate:gateId="569" rule="Effect" Simplification="sangrado">sangrado</effect>
  post menopáusico,
  <effect gate:gateId="570" rule="Effect" Simplification="impotencia">impotencia</effect>
  Muy raros: Quistes benignos en el pecho Trastornos gastrointestinales: Frecuentes: Diarrea, nauseas. Trastornos de la piel y tejido subcutáneo: Poco frecuentes: Eritema,
  <effect gate:gateId="571" rule="Effect" Simplification="erupción">exantema</effect>
  ,
  <effect gate:gateId="572" rule="Effect" Simplification="urticaria">urticaria</effect>
  ,
  <effect gate:gateId="573" rule="Effect" Simplification="picazón">prurito</effect>
  . Muy raros: Alopecia,
  <effect gate:gateId="574" rule="Effect" Simplification="cantidad excesiva de vello">hipertricosis</effect>
  . Trastornos del metabolismo y de la nutrición: Poco frecuente: Trastornos electrolíticos, incluyendo hipercalemia,
  <effect gate:gateId="575" rule="Effect" Simplification="problemas en la sangre">hiponatremia</effect>
  . Trastornos del sistema
  <effect gate:gateId="576" rule="Effect" Simplification="nervioso">nervioso</effect>
  : Frecuente:
  <effect gate:gateId="577" rule="Effect" Simplification="dolor de cabeza">dolor de cabeza</effect>
  ,
  <effect gate:gateId="578" rule="Effect" Simplification="___">somnolencia.</effect>
  Poco frecuente: Calambres,
  <effect gate:gateId="579" rule="Effect" Simplification="cosquilleo">parestesia</effect>
  . Raro: Mareos. Muy raros: Ataxia Trastornos psiquiátricos: Poco frecuentes: Confusión. Muy raros: Cambios en la líbido. Trastornos renales y urinarios: Poco frecuentes: Elevación de la concentración de creatinina sérica. Raro: Insuficiencia renal aguda. MINISTERIO Trastornos de la sangre y del sistema linfático: Raro: Leucopenia (incluyendo
  <effect gate:gateId="580" rule="Effect" Simplification="poca producción de defensas en la sangre">agranulocitosis</effect>
  ),
  <effect gate:gateId="581" rule="Effect" Simplification="problemas de coagulación">trombocitopenia</effect>
  . Trastornos hepatobiliares: Muy raro: Alteración de la función hepática. La
  <effect gate:gateId="582" rule="Effect" Simplification="aumento de hormonas de lactancia">hiperpotasemia</effect>
  se caracteriza por alteraciones del ritmo cardíaco,
  <effect gate:gateId="583" rule="Effect" Simplification="cosquilleo">parestesias</effect>
  ,
  <effect gate:gateId="584" rule="Effect" Simplification="debilidad muscular">debilidad muscular</effect>
  ,
  <effect gate:gateId="585" rule="Effect" Simplification="parálisis">parálisis flácida</effect>
  y
  <effect gate:gateId="586" rule="Effect" Simplification="calambre muscular">espasmos musculares</effect>
  . Es más frecuente en pacientes con alteraciones renales o que tomen dietas ricas en
  <drug gate:gateId="587" rule="Drug">potasio</drug>
  o suplementos de este mineral (ver apartados 4.4 y 4.5). Con el uso concomitante de otros diuréticos puede producirse también,
  <effect gate:gateId="588" rule="Effect" Simplification="problemas en la sangre">hiponatremia</effect>
  caracterizada por
  <effect gate:gateId="589" rule="Effect" Simplification="vómitos">vómitos</effect>
  ,
  <effect gate:gateId="590" rule="Effect" Simplification="enfermedades del estómago ">dispepsia</effect>
  ,
  <effect gate:gateId="591" rule="Effect" Simplification="sequedad de boca">sequedad de boca</effect>
  ,
  <effect gate:gateId="592" rule="Effect" Simplification="sed">sed</effect>
  ,
  <effect gate:gateId="593" rule="Effect" Simplification="fatiga ">fatiga</effect>
  y
  <effect gate:gateId="594" rule="Effect" Simplification="malestar">malestar</effect>
  debido a un aumento del
  <effect gate:gateId="595" rule="Effect" Simplification="efecto diurético">efecto diurético</effect>
  . Para evitar la
  <effect gate:gateId="596" rule="Effect" Simplification="problemas en la sangre">hiponatremia</effect>
  debe reducirse la posología por debajo de la dosis normal.
</paragraph>
