<?xml version="1.0" encoding="UTF-8"?>
<paragraph xmlns:gate="http://www.gate.ac.uk" gate:gateId="0" gate:annotMaxId="754">
  Se han observado las siguientes reacciones adversas: Trastornos gastrointestinales: Las reacciones adversas que se observan con mayor frecuencia son de naturaleza gastrointestinal. Pueden producirse úlceras pépticas, perforación o
  <effect gate:gateId="678" rule="Effect" Simplification="hemorragia gastrointestinal">hemorragia gastrointestinal</effect>
  , en algunos casos mortales, especialmente en los ancianos (ver sección 4.4).También se han notificado
  <effect gate:gateId="679" rule="Effect" Simplification="náuseas">náuseas</effect>
  ,
  <effect gate:gateId="680" rule="Effect" Simplification="vómitos">vómitos</effect>
  ,
  <effect gate:gateId="681" rule="Effect" Simplification="diarrea">diarrea</effect>
  ,
  <effect gate:gateId="682" rule="Effect" Simplification="flatulencia">flatulencia</effect>
  ,
  <effect gate:gateId="683" rule="Effect" Simplification="estreñimiento">estreñimiento</effect>
  ,
  <effect gate:gateId="684" rule="Effect" Simplification="estreñimiento">constipación</effect>
  ,
  <effect gate:gateId="685" rule="Effect" Simplification="enfermedades del estómago ">dispepsia</effect>
  ,
  <effect gate:gateId="686" rule="Effect" Simplification="dolor abdominal">dolor abdominal</effect>
  , melena,
  <effect gate:gateId="687" rule="Effect" Simplification="vomito con sangre">hematemesis</effect>
  ,
  <effect gate:gateId="688" rule="Effect" Simplification="ulceración de la boca">estomatitis ulcerosa</effect>
  , exacerbación de
  <effect gate:gateId="689" rule="Effect" Simplification="inflamación en el colon">colitis ulcerosa</effect>
  y
  <effect gate:gateId="690" rule="Effect" Simplification="enfermedad">enfermedad</effect>
  de Crohn (ver sección 4.4 advertencias y precauciones especiales de empleo). Se ha observado menos frecuentemente la aparición de
  <effect gate:gateId="691" rule="Effect" Simplification="enfermedades del estómago">gastritis</effect>
  . Trastornos de la sangre y del sistema linfático: Muy raras (&lt;1/10.000):
  <effect gate:gateId="692" rule="Effect" Simplification="poca producción de defensas en la sangre">agranulocitosis</effect>
  ,
  <effect gate:gateId="693" rule="Effect" Simplification="anemia">anemia aplásica</effect>
  y hemolítica,
  <effect gate:gateId="694" rule="Effect" Simplification="problemas en la sangre">eosinofilia</effect>
  ,
  <effect gate:gateId="695" rule="Effect" Simplification="disminución de leucocitos en la sangre">leucopenia</effect>
  ,
  <effect gate:gateId="696" rule="Effect" Simplification="problemas de coagulación">trombocitopenia</effect>
  . Trastornos del sistema inmunológico: Muy raras (&lt;1/10.000): reacciones anafilactoides,
  <effect gate:gateId="697" rule="Effect" Simplification="hinchazón en la piel">edema angioneurótico</effect>
  . Trastornos del metabolismo y de la nutrición: Muy raras (&lt;1/10.000): hipercalemia Trastornos psiquiátricos: Muy raras (&lt;1/10.000): dificultades para la concentración,
  <effect gate:gateId="698" rule="Effect" Simplification="depresión">depresión</effect>
  ,
  <effect gate:gateId="699" rule="Effect" Simplification="alteraciones del sueño">alteraciones del sueño</effect>
  . Trastornos del sistema
  <effect gate:gateId="700" rule="Effect" Simplification="nervioso">nervioso</effect>
  : Muy raras (&lt;1/10.000):
  <effect gate:gateId="701" rule="Effect" Simplification="mareo">mareo</effect>
  ,
  <effect gate:gateId="702" rule="Effect" Simplification="somnolencia">somnolencia</effect>
  ,
  <effect gate:gateId="703" rule="Effect" Simplification="dolor de cabeza">cefalea</effect>
  ,
  <effect gate:gateId="704" rule="Effect" Simplification="sensación de mareo">sensación de mareo</effect>
  ,
  <effect gate:gateId="705" rule="Effect" Simplification="mareo y vértigo">vértigo</effect>
  , disfunción cognoscitiva,
  <effect gate:gateId="706" rule="Effect" Simplification="inflamación en la cabeza">meningitis aséptica</effect>
  ,
  <effect gate:gateId="707" rule="Effect" Simplification="ataque">convulsiones</effect>
  ,
  <effect gate:gateId="708" rule="Effect" Simplification="insomnio">insomnio</effect>
  , anomalías oníricas. Trastornos oculares: Muy raras (&lt;1/10.000): trastornos de la visión,
  <effect gate:gateId="709" rule="Effect" Simplification="trastorno de la cornea">opacidad corneal</effect>
  ,
  <effect gate:gateId="710" rule="Effect" Simplification="inflamación en el nervio óptico">papilitis</effect>
  ,
  <effect gate:gateId="711" rule="Effect" Simplification="inflamación en el nervio óptico">neuritis óptica retrobulbar</effect>
  y
  <effect gate:gateId="712" rule="Effect" Simplification="hinchazón">edema</effect>
  de la papila. Trastornos del oído y del laberinto: Muy raras (&lt;1/10.000): alteraciones de la audición, tinnitus,
  <effect gate:gateId="713" rule="Effect" Simplification="sordera">hipoacusia</effect>
  Trastornos cardíacos: MINISTERIO Se han notificado
  <effect gate:gateId="714" rule="Effect" Simplification="hinchazón">edema</effect>
  ,
  <effect gate:gateId="715" rule="Effect" Simplification="presión arterial alta">hipertensión arterial</effect>
  e
  <effect gate:gateId="716" rule="Effect" Simplification="insuficiencia cardiaca">insuficiencia cardiaca</effect>
  en asociación con el tratamiento con AINE. Datos procedentes de ensayos clínicos y de estudios epidemiológicos sugieren que el empleo de algunos AINE (especialmente en dosis altas y en tratamientos de larga duración) puede asociarse con un moderado aumento del riesgo de acontecimientos aterotrombóticos (por ejemplo
  <effect gate:gateId="717" rule="Effect" Simplification="infarto">infarto de miocardio</effect>
  o
  <effect gate:gateId="718" rule="Effect" Simplification="trastorno de la circulación cerebral">ictus</effect>
  ). Trastornos vasculares: Muy raras (&lt;1/10.000): vasculitis Trastornos respiratorios, torácicos y mediastínicos: Muy raras (&lt;1/10.000):
  <effect gate:gateId="719" rule="Effect" Simplification="asma">asma</effect>
  <effect gate:gateId="720" rule="Effect" Simplification="inflamación pulmonar">neumonitis</effect>
  eosinofílica,
  <effect gate:gateId="721" rule="Effect" Simplification="jadeo">disnea</effect>
  ,
  <effect gate:gateId="722" rule="Effect" Simplification="hinchazón en los pulmones">edema pulmonar</effect>
  Trastornos hepatobiliares: Raras (&gt;1/10.000, &lt;1/1.000):
  <effect gate:gateId="723" rule="Effect" Simplification="lesión hepática">lesión hepática</effect>
  . Trastornos de la piel y del tejido subcutáneo: Muy raras (&lt;1/10.000):
  <effect gate:gateId="724" rule="Effect" Simplification="hinchazón">edema</effect>
  ,
  <effect gate:gateId="725" rule="Effect" Simplification="moretones ">equimosis</effect>
  ,
  <effect gate:gateId="726" rule="Effect" Simplification="picazón">prurito</effect>
  , púrpura,
  <effect gate:gateId="727" rule="Effect" Simplification="inflamación">erupciones cutáneas</effect>
  ,
  <effect gate:gateId="728" rule="Effect" Simplification=" sudoración ">sudoración</effect>
  ,
  <effect gate:gateId="729" rule="Effect" Simplification="pérdida de cabello ">alopecia</effect>
  , necrolisis epidérmica,
  <effect gate:gateId="730" rule="Effect" Simplification="enrojecimiento">eritema</effect>
  polimorfo,
  <effect gate:gateId="731" rule="Effect" Simplification="erupciones bajo la piel">eritema nudoso</effect>
  ,
  <effect gate:gateId="732" rule="Effect" Simplification="erupción">exantema</effect>
  fijo medicamentoso,
  <effect gate:gateId="733" rule="Effect" Simplification="enfermedades de la piel">liquen plano</effect>
  , reacción pustulosa,
  <effect gate:gateId="734" rule="Effect" Simplification="inflamación">erupciones cutáneas</effect>
  ,
  <effect gate:gateId="735" rule="Effect" Simplification="enfermedad del sistema inmunitario">lupus eritematoso sistémico</effect>
  , reacciones ampollosas incluyendo el Síndrome de Stevens Johnson y la Necrolisis Epidérmica Tóxica,
  <effect gate:gateId="736" rule="Effect" Simplification="urticaria">urticaria</effect>
  , reacciones de
  <effect gate:gateId="737" rule="Effect" Simplification="intolerancia a la luz">fotosensibilidad</effect>
  incluyendo casos raros en que la piel toma un aspecto de
  <effect gate:gateId="738" rule="Effect" Simplification="erupciones en la piel">porfiria cutánea tarda</effect>
  (
  <effect gate:gateId="739" rule="Effect" Simplification="pseudoporfiria">pseudoporfiria</effect>
  ) o de epidermólisis ampollosa. Si se produce fragilidad cutánea, formación de flictenas u otros síntomas indicativos de
  <effect gate:gateId="740" rule="Effect" Simplification="pseudoporfiria">pseudoporfiria</effect>
  , debe suspenderse el tratamiento y vigilar al paciente. Trastornos musculoesqueléticos del tejido conjuntivo y de los huesos: Muy raras (&lt;1/10.000):
  <effect gate:gateId="741" rule="Effect" Simplification="dolor muscular">mialgia</effect>
  ,
  <effect gate:gateId="742" rule="Effect" Simplification="fatiga">astenia</effect>
  muscular Trastornos renales y urinarios: Muy raras (&lt;1/10.000):
  <effect gate:gateId="743" rule="Effect" Simplification="orina y micción">hematuria</effect>
  ,
  <effect gate:gateId="744" rule="Effect" Simplification="problemas en los riñones">nefritis intersticial</effect>
  ,
  <effect gate:gateId="745" rule="Effect" Simplification="trastorno en los riñones">síndrome nefrótico</effect>
  , renopatía,
  <effect gate:gateId="746" rule="Effect" Simplification="insuficiencia renal ">insuficiencia renal</effect>
  ,
  <effect gate:gateId="747" rule="Effect" Simplification="afección a los riñones">necrosis papilar renal</effect>
  Trastornos del aparato reproductor y de la mama: Muy raras (&lt;1/10.000):
  <effect gate:gateId="748" rule="Effect" Simplification="esterilidad">infertilidad</effect>
  Trastornos generales y alteraciones en el lugar de administración: Muy raras (&lt;1/10.000):
  <effect gate:gateId="749" rule="Effect" Simplification="malestar general">malestar general</effect>
  ,
  <effect gate:gateId="750" rule="Effect" Simplification="fiebre">pirexia</effect>
  (
  <effect gate:gateId="751" rule="Effect" Simplification="escalofríos y fiebre">escalofríos y fiebre</effect>
  ),
  <effect gate:gateId="752" rule="Effect" Simplification="sed">sed</effect>
  ,
  <effect gate:gateId="753" rule="Effect" Simplification="dolor de garganta">dolor de garganta</effect>
</paragraph>
