<?xml version="1.0" encoding="UTF-8"?>
<paragraph xmlns:gate="http://www.gate.ac.uk" gate:gateId="0" gate:annotMaxId="276">
  Las reacciones adversas s eenumeran en orden decreciente de gravedad dentro de cada intervalo de frecuencia. Las reacciones adversas se presentan agrupadas según su frecuencia: muy frecuentes (&gt; 1/10); frecuentes (&gt;1/100, &lt;1/10); poco frecuentes (&gt;1/1.000, &lt;1/100); raras (&gt;1/10.000, &lt;1/1.000); muy raras (&lt;1/10.000); frecuencia desconocida (no puede estimarse a partir de los datos disponibles) y según la clasificación de órganos y sistemas: 3 · Trastornos psiquiátricos y del Sistema Nervioso Central Frecuentes:
  <effect gate:gateId="250" rule="Effect" Simplification="desfallecimiento">desfallecimiento</effect>
  /
  <effect gate:gateId="251" rule="Effect" Simplification="mareo">mareo</effect>
  ,
  <effect gate:gateId="252" rule="Effect" Simplification="dolor de cabeza">cefalea</effect>
  Poco frecuentes:
  <effect gate:gateId="253" rule="Effect" Simplification="mareo y vértigo">vértigo</effect>
  ,
  <effect gate:gateId="254" rule="Effect" Simplification="somnolencia">somnolencia</effect>
  · Trastornos oculares Frecuencia desconocida: Síndrome del Iris Flácido intraoperatorio (ver sección 4.4) · Trastornos cardiovasculares Poco frecuentes:
  <effect gate:gateId="255" rule="Effect" Simplification="alteración del ritmo cardíaco">taquicardia</effect>
  ,
  <effect gate:gateId="256" rule="Effect" Simplification="presión arterial baja">hipotensión</effect>
  (postural),
  <effect gate:gateId="257" rule="Effect" Simplification="desmayo">síncope</effect>
  ,
  <effect gate:gateId="258" rule="Effect" Simplification="palpitaciones">palpitaciones</effect>
  Muy raros:
  <effect gate:gateId="259" rule="Effect" Simplification="dolor en el pecho">angina de pecho</effect>
  en pacientes con
  <effect gate:gateId="260" rule="Effect" Simplification="enfermedad cardiaca">enfermedad coronaria</effect>
  (ver sección 4.4). · Trastornos respiratorios Poco frecuentes:
  <effect gate:gateId="261" rule="Effect" Simplification="inflamación en las fosas nasales">rinitis</effect>
  · Trastornos gastrointestinales Frecuentes:
  <effect gate:gateId="262" rule="Effect" Simplification="náusea">náusea</effect>
  ,
  <effect gate:gateId="263" rule="Effect" Simplification="dolor abdominal">dolor abdominal</effect>
  ,
  <effect gate:gateId="264" rule="Effect" Simplification="sequedad de boca">sequedad de boca</effect>
  Poco frecuentes:
  <effect gate:gateId="265" rule="Effect" Simplification="diarrea">diarrea</effect>
  · Trastornos hepatobiliares Frecuencia desconocida:
  <effect gate:gateId="266" rule="Effect" Simplification="lesión en el hígado">lesión hepatocelular</effect>
  ,
  <effect gate:gateId="267" rule="Effect" Simplification="enfermedad en el hígado">enfermedad hepática</effect>
  colestática · Trastornos de la piel y órganos anejos Poco frecuentes:
  <effect gate:gateId="268" rule="Effect" Simplification="alteración de la piel">rash</effect>
  ,
  <effect gate:gateId="269" rule="Effect" Simplification="picazón">prurito</effect>
  Muy raros:
  <effect gate:gateId="270" rule="Effect" Simplification="urticaria">urticaria</effect>
  ,
  <effect gate:gateId="271" rule="Effect" Simplification="hinchazón debajo de la piel">angioedema</effect>
  · Trastornos generales Frecuentes:
  <effect gate:gateId="272" rule="Effect" Simplification="fatiga">astenia</effect>
  Poco frecuentes:
  <effect gate:gateId="273" rule="Effect" Simplification="sofoco">sofocos</effect>
  ,
  <effect gate:gateId="274" rule="Effect" Simplification="hinchazón">edema</effect>
  ,
  <effect gate:gateId="275" rule="Effect" Simplification="dolor torácico">dolor torácico</effect>
</paragraph>
