<?xml version="1.0" encoding="UTF-8"?>
<paragraph xmlns:gate="http://www.gate.ac.uk" gate:gateId="0" gate:annotMaxId="649">
  A continuación se detallan las reacciones adversas comunicadas con el tratamiento con
  <drug gate:gateId="571" rule="Drug">captopril</drug>
  y/u otro inhibidor de la ECA: Trastornos del sistema linfático y sanguíneo: Muy raros:
  <effect gate:gateId="572" rule="Effect" Simplification="problemas en la sangre">neutropenia</effect>
  /
  <effect gate:gateId="573" rule="Effect" Simplification="poca producción de defensas en la sangre">agranulocitosis</effect>
  (ver 4.4),
  <effect gate:gateId="574" rule="Effect" Simplification="problemas en la sangre">pancitopenia</effect>
  especialmente en pacientes con
  <effect gate:gateId="575" rule="Effect" Simplification="alteración renal">disfunción renal</effect>
  (ver 4.4),
  <effect gate:gateId="576" rule="Effect" Simplification="anemia">anemia</effect>
  (incluyendo
  <effect gate:gateId="577" rule="Effect" Simplification="anemia">anemia aplásica</effect>
  y
  <effect gate:gateId="578" rule="Effect" Simplification="anemia">anemia hemolítica</effect>
  ),
  <effect gate:gateId="579" rule="Effect" Simplification="problemas de coagulación">trombocitopenia</effect>
  ,
  <effect gate:gateId="580" rule="Effect" Simplification="trastorno en los ganglios">linfadenopatía</effect>
  ,
  <effect gate:gateId="581" rule="Effect" Simplification="problemas en la sangre">eosinofilia</effect>
  , enfermedades autoinmunes y/o test ANA- positivo. Trastornos del metabolismo y nutrición: Raros:
  <effect gate:gateId="582" rule="Effect" Simplification="trastornos de la alimentación ">anorexia</effect>
  . Muy raros: hiperkalemia,
  <effect gate:gateId="583" rule="Effect" Simplification="poca azúcar en la sangre">hipoglucemia</effect>
  (ver 4.4). Trastornos psiquiátricos: Frecuentes: trastornos del sueño. Muy raros:
  <effect gate:gateId="584" rule="Effect" Simplification="confusión">confusión</effect>
  ,
  <effect gate:gateId="585" rule="Effect" Simplification="___">depresión.</effect>
  Trastornos del sistema
  <effect gate:gateId="586" rule="Effect" Simplification="nervioso">nervioso</effect>
  : Frecuentes:
  <effect gate:gateId="587" rule="Effect" Simplification="alteración del gusto">alteración del gusto</effect>
  ,
  <effect gate:gateId="588" rule="Effect" Simplification="___">mareos.</effect>
  Raros:
  <effect gate:gateId="589" rule="Effect" Simplification="somnolencia">somnolencia</effect>
  ,
  <effect gate:gateId="590" rule="Effect" Simplification="dolor de cabeza">cefalea</effect>
  y
  <effect gate:gateId="591" rule="Effect" Simplification="cosquilleo">parestesia</effect>
  . Muy raros: incidentes cerebrovasculares incluyendo
  <effect gate:gateId="592" rule="Effect" Simplification="trastorno de la circulación cerebral">ictus</effect>
  y
  <effect gate:gateId="593" rule="Effect" Simplification="desmayo">síncope</effect>
  . Trastornos oculares: Muy raros:
  <effect gate:gateId="594" rule="Effect" Simplification="___">visión borrosa.</effect>
  Trastornos cardíacos: Poco frecuentes:
  <effect gate:gateId="595" rule="Effect" Simplification="alteración del ritmo cardíaco">taquicardia</effect>
  o
  <effect gate:gateId="596" rule="Effect" Simplification="alteración del ritmo cardiaco">taquiarritmia</effect>
  ,
  <effect gate:gateId="597" rule="Effect" Simplification="dolor en el pecho">angina de pecho</effect>
  ,
  <effect gate:gateId="598" rule="Effect" Simplification="palpitaciones">palpitaciones</effect>
  . Muy raros:
  <effect gate:gateId="599" rule="Effect" Simplification="paro cardiaco">parada cardiaca</effect>
  ,
  <effect gate:gateId="600" rule="Effect" Simplification="shock">shock cardiogénico</effect>
  . Trastornos vasculares: Poco frecuentes:
  <effect gate:gateId="601" rule="Effect" Simplification="presión arterial baja">hipotensión</effect>
  (ver 4.4), síndrome de Raynaud,
  <effect gate:gateId="602" rule="Effect" Simplification="rubor">rubor</effect>
  ,
  <effect gate:gateId="603" rule="Effect" Simplification="___">palidez.</effect>
  Trastornos respiratorios, torácicos y mediastínicos: Frecuentes:
  <effect gate:gateId="604" rule="Effect" Simplification="tos seca">tos seca</effect>
  , irritativa (no productiva) (ver 4.4) y
  <effect gate:gateId="605" rule="Effect" Simplification="jadeo">disnea</effect>
  . Muy raros:
  <effect gate:gateId="606" rule="Effect" Simplification="trastornos de los bronquios">broncoespasmo</effect>
  ,
  <effect gate:gateId="607" rule="Effect" Simplification="inflamación en las fosas nasales">rinitis</effect>
  ,
  <effect gate:gateId="608" rule="Effect" Simplification="alergia">alveolitis alérgica</effect>
  /
  <effect gate:gateId="609" rule="Effect" Simplification="enfermedad pulmonar inducida por fármacos">neumonía eosinofílica</effect>
  . Trastornos gastrointestinales: Frecuentes:
  <effect gate:gateId="610" rule="Effect" Simplification="náuseas">náuseas</effect>
  ,
  <effect gate:gateId="611" rule="Effect" Simplification="vómitos">vómitos</effect>
  ,
  <effect gate:gateId="612" rule="Effect" Simplification="irritación gástrica">irritación gástrica</effect>
  ,
  <effect gate:gateId="613" rule="Effect" Simplification="dolor abdominal">dolor abdominal</effect>
  ,
  <effect gate:gateId="614" rule="Effect" Simplification="diarrea">diarrea</effect>
  ,
  <effect gate:gateId="615" rule="Effect" Simplification="estreñimiento">estreñimiento</effect>
  ,
  <effect gate:gateId="616" rule="Effect" Simplification="sequedad de boca">sequedad de boca</effect>
  . Raros:
  <effect gate:gateId="617" rule="Effect" Simplification="inflamación en la boca">estomatitis</effect>
  /ulceraciones aftosas. Muy raros:
  <effect gate:gateId="618" rule="Effect" Simplification="inflamación de la lengua">glositis</effect>
  ,
  <effect gate:gateId="619" rule="Effect" Simplification="úlcera">úlcera péptica</effect>
  ,
  <effect gate:gateId="620" rule="Effect" Simplification="pancreatitis">pancreatitis</effect>
  . Trastornos hepatobiliares: Muy raros: función hepática deteriorada y
  <effect gate:gateId="621" rule="Effect" Simplification="anomalía en el flujo de la bilis">colestasis</effect>
  (incluyendo
  <effect gate:gateId="622" rule="Effect" Simplification="piel amarrilla">ictericia</effect>
  ),
  <effect gate:gateId="623" rule="Effect" Simplification="hepatitis">hepatitis</effect>
  incluyendo
  <effect gate:gateId="624" rule="Effect" Simplification="muerte de tejido">necrosis</effect>
  , elevaciones de las enzimas hepáticas y bilirrubina. Trastornos del tejido de la piel y subcutáneos: Frecuentes:
  <effect gate:gateId="625" rule="Effect" Simplification="picazón">prurito</effect>
  con o sin
  <effect gate:gateId="626" rule="Effect" Simplification="inflamación">erupción cutánea</effect>
  ,
  <effect gate:gateId="627" rule="Effect" Simplification="inflamación">erupción cutánea</effect>
  y
  <effect gate:gateId="628" rule="Effect" Simplification="pérdida de cabello ">alopecia</effect>
  . Poco frecuentes: angiodedema (ver 4.4). Muy raros:
  <effect gate:gateId="629" rule="Effect" Simplification="urticaria">urticaria</effect>
  , síndrome de Steven Johnson,
  <effect gate:gateId="630" rule="Effect" Simplification="múltiples manchas rojas">eritema multiforme</effect>
  ,
  <effect gate:gateId="631" rule="Effect" Simplification="intolerancia a la luz">fotosensibilidad</effect>
  ,
  <effect gate:gateId="632" rule="Effect" Simplification="descamación de la piel">eritroderma</effect>
  , reacciones penfigoides y
  <effect gate:gateId="633" rule="Effect" Simplification="inflamación en la piel">dermatitis exfoliativa</effect>
  . Trastornos musculoesqueléticos, del tejido conectivo y óseos: Muy raros:
  <effect gate:gateId="634" rule="Effect" Simplification="dolor muscular">mialgia</effect>
  ,
  <effect gate:gateId="635" rule="Effect" Simplification="dolor articular">artralgia</effect>
  . Trastornos renales y urinarios: Raros: trastornos de la función renal incluyendo
  <effect gate:gateId="636" rule="Effect" Simplification="fallo renal">fallo renal</effect>
  ,
  <effect gate:gateId="637" rule="Effect" Simplification="orina abundante">poliuria</effect>
  ,
  <effect gate:gateId="638" rule="Effect" Simplification="disminución de orina">oliguria</effect>
  ,
  <effect gate:gateId="639" rule="Effect" Simplification="frecuencia orinaría">polaquiuria</effect>
  . Trastornos del sistema reproductor y de la mama: Muy raros:
  <effect gate:gateId="640" rule="Effect" Simplification="impotencia">impotencia</effect>
  ,
  <effect gate:gateId="641" rule="Effect" Simplification="enfermedades del seno">ginecomastia</effect>
  . Trastornos generales: Poco frecuentes:
  <effect gate:gateId="642" rule="Effect" Simplification="dolor torácico">dolor torácico</effect>
  ,
  <effect gate:gateId="643" rule="Effect" Simplification="fatiga ">fatiga</effect>
  ,
  <effect gate:gateId="644" rule="Effect" Simplification="malestar">malestar</effect>
  . Muy raros:
  <effect gate:gateId="645" rule="Effect" Simplification="___">fiebre.</effect>
  Hallazgos de laboratorio: Muy raros:
  <effect gate:gateId="646" rule="Effect" Simplification="exceso de proteína en la orina">proteinuria</effect>
  ,
  <effect gate:gateId="647" rule="Effect" Simplification="problemas en la sangre">eosinofilia</effect>
  , incremento del
  <drug gate:gateId="648" rule="Drug">potasio</drug>
  sérico, descenso del sodio sérico, elevación del nitrógeno ureico (BUN), creatinina sérica y bilirrubina sérica, descensos en hemoglobina, hematocrito, leucocitos, plaquetas, test ANA-positivo, elevación de la VSG.
</paragraph>
