<?xml version="1.0" encoding="UTF-8"?>
<paragraph xmlns:gate="http://www.gate.ac.uk" gate:gateId="0" gate:annotMaxId="221">
  Somnolencia,
  <effect gate:gateId="202" rule="Effect" Simplification="embotamiento afectivo">embotamiento afectivo</effect>
  , reducción del estado de alerta,
  <effect gate:gateId="203" rule="Effect" Simplification="confusión">confusión</effect>
  ,
  <effect gate:gateId="204" rule="Effect" Simplification="fatiga ">fatiga</effect>
  ,
  <effect gate:gateId="205" rule="Effect" Simplification="dolor de cabeza">cefalea</effect>
  ,
  <effect gate:gateId="206" rule="Effect" Simplification="mareo">mareo</effect>
  ,
  <effect gate:gateId="207" rule="Effect" Simplification="debilidad muscular">debilidad muscular</effect>
  ,
  <effect gate:gateId="208" rule="Effect" Simplification="descoordinación muscular">ataxia</effect>
  o diplopia. Estos fenómenos ocurren predominantemente al comienzo del tratamiento y generalmente desaparecen con la administración continuada. Otras reacciones adversas tales como alteraciones gastrointestinales, cambios en la libido o reacciones cutáneas pueden ocurrir ocasionalmente. Depresión: La utilización de benzodiazepinas puede desenmascarar una
  <effect gate:gateId="209" rule="Effect" Simplification="depresión">depresión</effect>
  preexistente. Reacciones psiquiátricas y paradójicas: Al utilizar benzodiazepinas o compuestos similares, pueden aparecer reacciones tales como
  <effect gate:gateId="210" rule="Effect" Simplification="intranquilidad">intranquilidad</effect>
  ,
  <effect gate:gateId="211" rule="Effect" Simplification="agitación">agitación</effect>
  ,
  <effect gate:gateId="212" rule="Effect" Simplification="irritabilidad">irritabilidad</effect>
  ,
  <effect gate:gateId="213" rule="Effect" Simplification="agresividad">agresividad</effect>
  ,
  <effect gate:gateId="214" rule="Effect" Simplification="delirio">delirio</effect>
  , ataques de
  <effect gate:gateId="215" rule="Effect" Simplification="ira">ira</effect>
  ,
  <effect gate:gateId="216" rule="Effect" Simplification="pesadillas">pesadillas</effect>
  ,
  <effect gate:gateId="217" rule="Effect" Simplification="alucinaciones">alucinaciones</effect>
  ,
  <effect gate:gateId="218" rule="Effect" Simplification="psicótico">psicosis</effect>
  , comportamiento inadecuado y otras alteraciones de la conducta. Dichas reacciones pueden ser severas y aparecen más frecuentemente en niños y ancianos. Dependencia: La administración del producto (incluso a dosis terapéuticas) puede conducir al desarrollo de fenómenos de retirada o rebote (ver Precauciones y Advertencias). Puede producirse
  <effect gate:gateId="219" rule="Effect" Simplification="dependencia">dependencia</effect>
  psíquica. Se han comunicado casos de
  <effect gate:gateId="220" rule="Effect" Simplification="abuso">abuso</effect>
  .
</paragraph>
