<?xml version="1.0" encoding="UTF-8"?>
<paragraph xmlns:gate="http://www.gate.ac.uk" gate:gateId="0" gate:annotMaxId="526">
  Muy frecuentes: &gt;
  <effect gate:gateId="483" rule="Effect" Simplification="..">l</effect>
  /10 Frecuentes: &gt;
  <effect gate:gateId="484" rule="Effect" Simplification="..">l</effect>
  /100 y
  <effect gate:gateId="485" rule="Effect" Simplification="..">l</effect>
  /1.000 y
  <effect gate:gateId="486" rule="Effect" Simplification="..">l</effect>
  /10.000 y Trastornos de la sangre y del sistema linfático Muy raros: Leucocitopenia,
  <effect gate:gateId="487" rule="Effect" Simplification="problemas de coagulación">trombocitopenia</effect>
  . Trastornos endocrinos Poco frecuentes: Ginecomastia. Trastornos de la nutrición y el metabolismo Muy raros: Hiperglicemia. Trastornos psiquiátricos Poco frecuentes: Trastornos del sueño,
  <effect gate:gateId="488" rule="Effect" Simplification="irritabilidad">irritabilidad</effect>
  ,
  <effect gate:gateId="489" rule="Effect" Simplification="___">depresión.</effect>
  Raros: Confusión, cambios en el humor incluyendo
  <effect gate:gateId="490" rule="Effect" Simplification="___">ansiedad.</effect>
  Trastornos del sistema
  <effect gate:gateId="491" rule="Effect" Simplification="nervioso">nervioso</effect>
  Frecuentes: Cefalea (especialmente al inicio del tratamiento),
  <effect gate:gateId="492" rule="Effect" Simplification="somnolencia">somnolencia</effect>
  ,
  <effect gate:gateId="493" rule="Effect" Simplification="mareo">mareos</effect>
  ,
  <effect gate:gateId="494" rule="Effect" Simplification="___">debilidad.</effect>
  Poco frecuentes: Malestar,
  <effect gate:gateId="495" rule="Effect" Simplification="boca seca">boca seca</effect>
  ,
  <effect gate:gateId="496" rule="Effect" Simplification="temblor">temblor</effect>
  ,
  <effect gate:gateId="497" rule="Effect" Simplification="cosquilleo">parestesia</effect>
  ,
  <effect gate:gateId="498" rule="Effect" Simplification="aumento de la sudoración">aumento de la sudoración</effect>
  . Raros: Trastornos del sabor. Muy raros: Neuropatía periférica. Trastornos oculares Poco frecuentes: Trastornos visuales. Trastornos del oído y del laberinto Poco frecuentes: Tinnitus. Trastornos cardíacos Frecuentes: Palpitaciones. Poco frecuentes: Síncope,
  <effect gate:gateId="499" rule="Effect" Simplification="alteración del ritmo cardíaco">taquicardia</effect>
  ,
  <effect gate:gateId="500" rule="Effect" Simplification="dolor torácico">dolor torácico</effect>
  ,
  <effect gate:gateId="501" rule="Effect" Simplification="empeoramiento de la angina">empeoramiento de la angina</effect>
  de pecho (puede ocurrir al inicio del tratamiento). En pacientes con trastornos en la arteria coronaria, se han notificado casos aislados de
  <effect gate:gateId="502" rule="Effect" Simplification="infarto">infarto miocárdico</effect>
  y arritmias (incluyendo extrasístole,
  <effect gate:gateId="503" rule="Effect" Simplification="alteración del ritmo cardiaco">taquicardia ventricular</effect>
  ,
  <effect gate:gateId="504" rule="Effect" Simplification="anomalía cardiaca">bradicardia</effect>
  y arritmias atriales) y
  <effect gate:gateId="505" rule="Effect" Simplification="dolor en el pecho">angina de pecho</effect>
  , aunque no ha podido establecerse una asociación evidente con
  <drug gate:gateId="506" rule="Drug">amlodipino</drug>
  . Trastornos vasculares Poco frecuentes: Hipotensión, vasculitis. Trastornos respiratorios, torácicos y mediastínicos Poco frecuentes: Disnea,
  <effect gate:gateId="507" rule="Effect" Simplification="inflamación en las fosas nasales">rinitis</effect>
  . Muy raros: Tos. Trastornos gastrointestinales Frecuentes: Náuseas,
  <effect gate:gateId="508" rule="Effect" Simplification="enfermedades del estómago ">dispepsia</effect>
  ,
  <effect gate:gateId="509" rule="Effect" Simplification="dolor abdominal">dolor abdominal</effect>
  . Poco frecuentes: Vómitos,
  <effect gate:gateId="510" rule="Effect" Simplification="diarrea">diarrea</effect>
  ,
  <effect gate:gateId="511" rule="Effect" Simplification="estreñimiento">estreñimiento</effect>
  ,
  <effect gate:gateId="512" rule="Effect" Simplification="aumento del tamaño de las encías">hiperplasia gingival</effect>
  . Muy raros: Gastritis,
  <effect gate:gateId="513" rule="Effect" Simplification="pancreatitis">pancreatitis</effect>
  . Trastornos hepatobiliares Raros: Enzimas hepáticos elevados,
  <effect gate:gateId="514" rule="Effect" Simplification="piel amarrilla">ictericia</effect>
  ,
  <effect gate:gateId="515" rule="Effect" Simplification="hepatitis">hepatitis</effect>
  . Trastornos de la piel y del tejido subcutáneo Muy frecuentes: Edema de tobillo. Frecuentes: Rubor facial con
  <effect gate:gateId="516" rule="Effect" Simplification="sensación de calor">sensación de calor</effect>
  (especialmente al inicio del tratamiento). Poco frecuentes: Exantema,
  <effect gate:gateId="517" rule="Effect" Simplification="picazón">prurito</effect>
  ,
  <effect gate:gateId="518" rule="Effect" Simplification="urticaria">urticaria</effect>
  ,
  <effect gate:gateId="519" rule="Effect" Simplification="pérdida de cabello ">alopecia</effect>
  ,
  <effect gate:gateId="520" rule="Effect" Simplification="decoloración de la piel">decoloración de la piel</effect>
  , púrpura. Muy raros: Angioedema. Se han notificado casos aislados de reacciones alérgicas incluyendo
  <effect gate:gateId="521" rule="Effect" Simplification="erupciones en las extremidades">eritema exudativo multiforme</effect>
  ,
  <effect gate:gateId="522" rule="Effect" Simplification="inflamación en la piel">dermatitis exfoliativa</effect>
  y síndrome de Stevens-Johnson. Trastornos musculoesqueléticos y del tejido conectivo Poco frecuentes: Calambres musculares,
  <effect gate:gateId="523" rule="Effect" Simplification="dolor de espalda">dolor de espalda</effect>
  ,
  <effect gate:gateId="524" rule="Effect" Simplification="dolor muscular">mialgia</effect>
  y
  <effect gate:gateId="525" rule="Effect" Simplification="dolor articular">artralgia</effect>
  . Trastornos renales y urinarios Poco frecuentes: Aumento en la frecuencia de la micción. Trastornos del sistema reproductor y de las mamas Poco frecuentes: Impotencia.
</paragraph>
