<?xml version="1.0" encoding="UTF-8"?>
<paragraph xmlns:gate="http://www.gate.ac.uk" gate:gateId="0" gate:annotMaxId="395">
  Reacciones de
  <effect gate:gateId="363" rule="Effect" Simplification="alergia">hipersensibilidad</effect>
  : La incidencia de
  <effect gate:gateId="364" rule="Effect" Simplification="erupción">exantema</effect>
  cutáneo, erupciones urticariales o
  <effect gate:gateId="365" rule="Effect" Simplification="manchas">erupciones eritematosas</effect>
  es escasa. Las
  <effect gate:gateId="366" rule="Effect" Simplification="manchas">erupciones eritematosas</effect>
  tienen mayor incidencia en pacientes afectados de
  <effect gate:gateId="367" rule="Effect" Simplification="infección">mononucleosis infecciosa</effect>
  . El tratamiento debe suspenderse ante la aparición de cualquier tipo de
  <effect gate:gateId="368" rule="Effect" Simplification="erupción">exantema</effect>
  . Otras reacciones alérgicas incluyen
  <effect gate:gateId="369" rule="Effect" Simplification="problemas en la sangre">eosinofilia</effect>
  ,
  <effect gate:gateId="370" rule="Effect" Simplification="hinchazón">edema</effect>
  de Quincke, molestias respiratorias. Como con otros antibióticos beta-lactámicos, se han descrito casos de
  <effect gate:gateId="371" rule="Effect" Simplification="hinchazón debajo de la piel">angioedema</effect>
  ,
  <effect gate:gateId="372" rule="Effect" Simplification="anafilaxia">anafilaxia</effect>
  y excepcionalmente,
  <effect gate:gateId="373" rule="Effect" Simplification="múltiples manchas rojas">eritema multiforme</effect>
  , síndrome de Stevens-Johnson,
  <effect gate:gateId="374" rule="Effect" Simplification="inflamación de los vasos sanguíneos">vasculitis por hipersensibilidad</effect>
  ,
  <effect gate:gateId="375" rule="Effect" Simplification="enfermedad de la piel">necrolisis epidérmica tóxica</effect>
  y
  <effect gate:gateId="376" rule="Effect" Simplification="inflamación en la piel">dermatitis exfoliativa</effect>
  . Reacciones gastrointestinales: Por vía intramuscular estas reacciones son extraordinariamente raras, en todo caso se ha descrito la aparición de
  <effect gate:gateId="377" rule="Effect" Simplification="náuseas">náuseas</effect>
  ,
  <effect gate:gateId="378" rule="Effect" Simplification="vómitos">vómitos</effect>
  ,
  <effect gate:gateId="379" rule="Effect" Simplification="diarreas">diarreas</effect>
  y
  <effect gate:gateId="380" rule="Effect" Simplification="heces blandas">heces blandas</effect>
  . El tratamiento debe ser suspendido inmediatamente en el caso de que el paciente experimente algún episodio de
  <effect gate:gateId="381" rule="Effect" Simplification="diarrea">diarrea intensa</effect>
  , acompañada de
  <effect gate:gateId="382" rule="Effect" Simplification="náuseas">náuseas</effect>
  ,
  <effect gate:gateId="383" rule="Effect" Simplification="vómitos">vómitos</effect>
  ,
  <effect gate:gateId="384" rule="Effect" Simplification="fiebre">fiebre</effect>
  y/o
  <effect gate:gateId="385" rule="Effect" Simplification="calambres abdominales">calambres abdominales</effect>
  o riesgo de
  <effect gate:gateId="386" rule="Effect" Simplification="infección en el colon">colitis pseudomembranosa</effect>
  . MINISTERIO Efectos renales: Rara vez puede aparecer
  <effect gate:gateId="387" rule="Effect" Simplification="problemas en los riñones">nefritis intersticial aguda</effect>
  . Efectos hepáticos: Al igual que con algunas otras penicilinas y cefalosporinas, esporádicamente se ha descrito algún caso de
  <effect gate:gateId="388" rule="Effect" Simplification="hepatitis">hepatitis</effect>
  transitoria e
  <effect gate:gateId="389" rule="Effect" Simplification="problemas en los conductos biliares">ictericia colestática</effect>
  . Se ha comunicado elevación moderada y transitoria de las transaminasas en pacientes tratados con antibióticos aminopenicilínicos. Efectos hematológicos: Como con otros antibióticos beta-lactámicos, se han comunicado leucopenias, nefropenias,
  <effect gate:gateId="390" rule="Effect" Simplification="problemas en la sangre">eosinofilia</effect>
  ,
  <effect gate:gateId="391" rule="Effect" Simplification="problemas de coagulación">trombocitopenia</effect>
  y
  <effect gate:gateId="392" rule="Effect" Simplification="anemia">anemia hemolítica</effect>
  . Estas reacciones son, en general, reversibles tras la interrupción del tratamiento y se supone que debidas a fenómenos de
  <effect gate:gateId="393" rule="Effect" Simplification="alergia">hipersensibilidad</effect>
  . Otras reacciones Localmente en los puntos de inyección, pueden producirse induraciones cuando el tratamiento es prolongado En caso de aparición de sobreinfecciones originadas por gérmenes resistentes debe suspenderse el tratamiento y aplicar terapia adecuada. Igualmente debe suspenderse el tratamiento en caso de aparición de reacciones anafilácticas, erupciones exantemáticas extensas y
  <effect gate:gateId="394" rule="Effect" Simplification="convulsiones epilépticas">crisis convulsivas</effect>
  .
</paragraph>
