<?xml version="1.0" encoding="UTF-8"?>
<paragraph xmlns:gate="http://www.gate.ac.uk" gate:gateId="0" gate:annotMaxId="113">
  Ocasionalmente pueden presentarse reacciones alérgicas que suelen manifestarse por reacciones cutáneas que desaparecen al suspender el tratamiento. En ocasiones aparece
  <effect gate:gateId="104" rule="Effect" Simplification="somnolencia">somnolencia</effect>
  ,
  <effect gate:gateId="105" rule="Effect" Simplification="náuseas">náuseas</effect>
  y
  <effect gate:gateId="106" rule="Effect" Simplification="___">estreñimiento.</effect>
  Excepcionalmente y después de una administración muy prolongada se ha descrito algún caso de alteraciones sanguíneas como
  <effect gate:gateId="107" rule="Effect" Simplification="disminución de leucocitos en la sangre">leucopenia</effect>
  ,
  <effect gate:gateId="108" rule="Effect" Simplification="problemas en la sangre">neutropenia</effect>
  ,
  <effect gate:gateId="109" rule="Effect" Simplification="problemas de coagulación">trombocitopenia</effect>
  o
  <effect gate:gateId="110" rule="Effect" Simplification="anemia">anemia hemolítica</effect>
  . A dosis altas y en tratamientos prolongados existe riesgo de
  <effect gate:gateId="111" rule="Effect" Simplification="hepatitis aguda">hepatotoxicidad</effect>
  . Debe informarse al paciente de que si observa cualquier otra
  <effect gate:gateId="112" rule="Effect" Simplification="alergia ">reacción adversa</effect>
  no descrita anteriormente, deberá consultar a su médico o farmacéutico.
</paragraph>
