<?xml version="1.0" encoding="UTF-8"?>
<paragraph xmlns:gate="http://www.gate.ac.uk" gate:gateId="0" gate:annotMaxId="183">
  Hipersensibilidad individual al producto. En casos excepcionales pueden aparecer reacciones irritativas locales y raramente alérgicas generalizadas a la clorhexidina. En caso de aparecer debe suspenderse el tratamiento. Puede producir
  <effect gate:gateId="175" rule="Effect" Simplification="pigmentación">pigmentación</effect>
  de las superficies orales (dientes, lengua, empastes), sobre todo en aquellos pacientes que tienen acumulaciones de placa más duras. La coloración de empastes puede ser permanente. Algunos pacientes desarrollan alteración en la percepción del sabor, pero este efecto normalmente se hace menos evidente con el tratamiento continuado. No se ha descrito ninguna
  <effect gate:gateId="176" rule="Effect" Simplification="alergia ">reacción adversa</effect>
  grave asociada al empleo de clorhexidina. La enoxolona a dosis altas y en tratamientos continuados produce:
  <effect gate:gateId="177" rule="Effect" Simplification="hinchazón">edema</effect>
  (
  <effect gate:gateId="178" rule="Effect" Simplification="hinchazón">hinchazón</effect>
  producida por
  <effect gate:gateId="179" rule="Effect" Simplification="retención de líquido">retención de líquido</effect>
  ) e
  <effect gate:gateId="180" rule="Effect" Simplification="presión arterial alta">hipertensión</effect>
  . La benzocaína podría producir reacciones adversas debidas a la dosificación excesiva o a la absorción rápida, así como por la idiosincrasia,
  <effect gate:gateId="181" rule="Effect" Simplification="alergia">hipersensibilidad</effect>
  o la
  <effect gate:gateId="182" rule="Effect" Simplification="tolerancia">tolerancia</effect>
  disminuída del paciente.
</paragraph>
