<?xml version="1.0" encoding="UTF-8"?>
<paragraph xmlns:gate="http://www.gate.ac.uk" gate:gateId="0" gate:annotMaxId="637">
  Las reacciones adversas se enumeran en orden decreciente de gravedad dentro de cada intervalo de frecuencia. No obstante no existe documentación clínica moderna que permita actualizar las frecuencias de las reacciones adversas de APOCARD. Trastornos generales: Astenia,
  <effect gate:gateId="576" rule="Effect" Simplification="fatiga ">fatiga</effect>
  ,
  <effect gate:gateId="577" rule="Effect" Simplification="fiebre">fiebre</effect>
  ,
  <effect gate:gateId="578" rule="Effect" Simplification="hinchazón">edema</effect>
  ,
  <effect gate:gateId="579" rule="Effect" Simplification="malestar">malestar</effect>
  . Trastornos del metabolismo y nutrición: Anorexia Trastornos cardiovasculares: Los efectos proarrítmicos es más probable que se presenten en pacientes con cardiopatía de base y/o deterioro ventricular izquierdo significativo. MINISTERIO En pacientes con flutter auricular el uso de
  <drug gate:gateId="580" rule="Drug">flecainida</drug>
  se ha asociado a conducción AV 1:1 resultando en una aceleración de la respuesta ventricular. Este efecto es más frecuente en pacientes que se
  <effect gate:gateId="581" rule="Effect" Simplification="enfermedad del sistema inmune">les</effect>
  administra una inyección de
  <drug gate:gateId="582" rule="Drug">flecainida</drug>
  en cardioversión. Este efecto es de corta duración y revierte rápidamente tras el cese del tratamiento. Bloqueo AV de segundo y tercer grado,
  <effect gate:gateId="583" rule="Effect" Simplification="anomalía cardiaca">bradicardia</effect>
  ,
  <effect gate:gateId="584" rule="Effect" Simplification="fallo cardíaco">fallo cardiaco</effect>
  /
  <effect gate:gateId="585" rule="Effect" Simplification="fallo cardíaco">fallo cardiaco congestivo</effect>
  ,
  <effect gate:gateId="586" rule="Effect" Simplification="dolor torácico">dolor torácico</effect>
  ,
  <effect gate:gateId="587" rule="Effect" Simplification="presión arterial baja">hipotensión</effect>
  ,
  <effect gate:gateId="588" rule="Effect" Simplification="infarto">infarto de miocardio</effect>
  ,
  <effect gate:gateId="589" rule="Effect" Simplification="palpitaciones">palpitación</effect>
  pausa o
  <effect gate:gateId="590" rule="Effect" Simplification="paro cardiaco">paro sinusal</effect>
  y
  <effect gate:gateId="591" rule="Effect" Simplification="alteración del ritmo cardíaco">taquicardia</effect>
  (AT o VT). Trastornos de la piel y tejido subcutáneo: Se han descrito casos de
  <effect gate:gateId="592" rule="Effect" Simplification="rubor">rubor</effect>
  , reacciones alérgicas de la piel incluyendo erupciones (
  <effect gate:gateId="593" rule="Effect" Simplification="alteración de la piel">rash</effect>
  ) y
  <effect gate:gateId="594" rule="Effect" Simplification="ronchas">urticarias</effect>
  raras pero graves. Se han descrito también casos aislados de
  <effect gate:gateId="595" rule="Effect" Simplification="intolerancia a la luz">fotosensibilidad</effect>
  . Trastornos del sistema inmunológico: Se ha informado de un pequeño número de casos de aumentos en anticuerpos antinucleares, con o sin implicación inflamatoria sistémica. Trastornos de la sangre: Se han descrito casos de
  <effect gate:gateId="596" rule="Effect" Simplification="problemas en la sangre">eritropenia</effect>
  ,
  <effect gate:gateId="597" rule="Effect" Simplification="disminución de leucocitos en la sangre">leucopenia</effect>
  y plaquetopenia. Estos cambios son generalmente leves. Trastornos psiquiátricos: Raramente se han comunicado
  <effect gate:gateId="598" rule="Effect" Simplification="alucinaciones">alucinaciones</effect>
  ,
  <effect gate:gateId="599" rule="Effect" Simplification="depresión">depresión</effect>
  ,
  <effect gate:gateId="600" rule="Effect" Simplification="confusión">confusión</effect>
  ,
  <effect gate:gateId="601" rule="Effect" Simplification="amnesia">amnesia</effect>
  ,
  <effect gate:gateId="602" rule="Effect" Simplification="ansiedad">ansiedad</effect>
  e
  <effect gate:gateId="603" rule="Effect" Simplification="insomnio">insomnio</effect>
  . Trastornos gastrointestinales: Náuseas y
  <effect gate:gateId="604" rule="Effect" Simplification="vómitos">vómitos</effect>
  ocasionales. Se ha informado también de:
  <effect gate:gateId="605" rule="Effect" Simplification="dolor abdominal">dolor abdominal</effect>
  ,
  <effect gate:gateId="606" rule="Effect" Simplification="estreñimiento">constipación</effect>
  ,
  <effect gate:gateId="607" rule="Effect" Simplification="diarrea">diarrea</effect>
  ,
  <effect gate:gateId="608" rule="Effect" Simplification="enfermedades del estómago ">dispepsia</effect>
  y
  <effect gate:gateId="609" rule="Effect" Simplification="flatulencia">flatulencia</effect>
  (
  <effect gate:gateId="610" rule="Effect" Simplification="gases">meteorismo</effect>
  ). Trastornos hepatobiliares: raramente
  <effect gate:gateId="611" rule="Effect" Simplification="lesión hepática">lesión hepática</effect>
  (hepatocelular o colestásica) con
  <effect gate:gateId="612" rule="Effect" Simplification="piel amarrilla">ictericia</effect>
  , reversible al suspender el tratamiento. Trastornos del sistema
  <effect gate:gateId="613" rule="Effect" Simplification="nervioso">nervioso</effect>
  : Las más frecuentes son
  <effect gate:gateId="614" rule="Effect" Simplification="mareo y vértigo">vértigo</effect>
  ,
  <effect gate:gateId="615" rule="Effect" Simplification="mareo">mareo</effect>
  y
  <effect gate:gateId="616" rule="Effect" Simplification="dolor de cabeza">cefalea</effect>
  que son generalmente de carácter transitorio. Se ha informado de casos raros de
  <effect gate:gateId="617" rule="Effect" Simplification="movimientos anormales">discinesia</effect>
  , que han mejorado al suspender el tratamiento con
  <drug gate:gateId="618" rule="Drug">flecainida</drug>
  . Se ha informado también de casos raros de
  <effect gate:gateId="619" rule="Effect" Simplification="ataque">convulsiones</effect>
  , y durante los tratamientos a largo plazo unos pocos casos de
  <effect gate:gateId="620" rule="Effect" Simplification="insuficiencia en los nervios del cerebro">neuropatía periférica</effect>
  ,
  <effect gate:gateId="621" rule="Effect" Simplification="cosquilleo">parestesia</effect>
  y
  <effect gate:gateId="622" rule="Effect" Simplification="descoordinación muscular">ataxia</effect>
  . También se ha recogido casos de
  <effect gate:gateId="623" rule="Effect" Simplification="dolor de cabeza">dolor de cabeza</effect>
  ,
  <effect gate:gateId="624" rule="Effect" Simplification="hipo">hipestesia</effect>
  , aumento de
  <effect gate:gateId="625" rule="Effect" Simplification="transpiración">transpiración</effect>
  ,
  <effect gate:gateId="626" rule="Effect" Simplification="somnolencia">somnolencia</effect>
  ,
  <effect gate:gateId="627" rule="Effect" Simplification="desmayo">síncope</effect>
  , tinnitus,
  <effect gate:gateId="628" rule="Effect" Simplification="temblor">temblor</effect>
  y
  <effect gate:gateId="629" rule="Effect" Simplification="mareo y vértigo">vértigo</effect>
  . Trastornos oculares: Pueden aparecer
  <effect gate:gateId="630" rule="Effect" Simplification="alteraciones visuales">alteraciones visuales</effect>
  como
  <effect gate:gateId="631" rule="Effect" Simplification="visión borrosa o doble">visión borrosa o doble</effect>
  , generalmente transitorias y que desaparecen incluso continuando o reduciendo la dosificación. En rarísimas ocasiones se han descrito
  <effect gate:gateId="632" rule="Effect" Simplification="depósitos corneales">depósitos corneales</effect>
  . Trastornos respiratorios: Se ha descrito
  <effect gate:gateId="633" rule="Effect" Simplification="jadeo">disnea</effect>
  y raros casos de pneumonitis. También se ha descrito casos muy raros de
  <effect gate:gateId="634" rule="Effect" Simplification="inflamación en el pulmón">enfermedad pulmonar intersticial</effect>
  ,
  <effect gate:gateId="635" rule="Effect" Simplification="exceso de tejido en los pulmones">fibrosis pulmonar</effect>
  o
  <effect gate:gateId="636" rule="Effect" Simplification="inflamación pulmonar">neumonitis</effect>
  .
</paragraph>
