<?xml version="1.0" encoding="UTF-8"?>
<paragraph xmlns:gate="http://www.gate.ac.uk" gate:gateId="0" gate:annotMaxId="910">
  En ensayos clínicos controlados frente a placebo realizados en pacientes hipertensos, la frecuencia global de efectos adversos no fue diferente entre el grupo
  <drug gate:gateId="862" rule="Drug">irbesartan</drug>
  (56,2%) y el grupo placebo (56,5%). La interrupción debida a efectos adversos clínicos o de laboratorio fue menos frecuente en el grupo tratado con
  <drug gate:gateId="863" rule="Drug">irbesartan</drug>
  (3,3%) que en el grupo placebo (4,5%). La incidencia de efectos adversos no se relacionó con la dosis (en el rango de dosis recomendado), el sexo, edad, raza o la duración del tratamiento. En los pacientes diabéticos hipertensos con
  <effect gate:gateId="864" rule="Effect" Simplification="enfermedad renal">microalbuminuria</effect>
  y función renal normal, se observó
  <effect gate:gateId="865" rule="Effect" Simplification="incapacidad de quedarse quieto">hipotensión ortostática</effect>
  y
  <effect gate:gateId="866" rule="Effect" Simplification="mareo">mareo ortostático</effect>
  en el 0,5% (poco frecuentes) de los pacientes siendo superior al grupo placebo. La siguiente tabla presenta las reacciones adversas que se notificaron en los ensayos controlados frente a placebo en los que 1.965 pacientes recibieron
  <drug gate:gateId="867" rule="Drug">irbesartan</drug>
  . Los términos marcados con un asterisco (*) 5 se refieren a las reacciones adversas que fueron adicionalmente notificadas en &gt; 2% de los pacientes diabéticos hipertensos con
  <effect gate:gateId="868" rule="Effect" Simplification="insuficiencia renal">insuficiencia renal crónica</effect>
  y
  <effect gate:gateId="869" rule="Effect" Simplification="exceso de proteína en la orina">proteinuria</effect>
  franca, y que fueron superiores al grupo placebo. Las reacciones adversas mencionadas a continuación se encuentran agrupadas, según su frecuencia, en: muy frecuentes ( 1/10); frecuentes ( 1/100, &lt; 1/10); poco frecuentes ( 1/1.000, &lt; 1/100); raras ( 1/10.000, &lt; 1/1.000); muy raras (&lt; 1/10.000). Las reacciones adversas se presentan en orden decreciente de gravedad dentro de cada intervalo de frecuencia. Exploraciones complementarias: Muy frecuentes: se observó hiperkalemia* más frecuentemente en los pacientes diabéticos tratados con
  <drug gate:gateId="870" rule="Drug">irbesartan</drug>
  que en el grupo placebo. En pacientes diabéticos hipertensos con
  <effect gate:gateId="871" rule="Effect" Simplification="enfermedad renal">microalbuminuria</effect>
  y función renal normal, se observó hiperkalemia ( 5,5 mEq/
  <effect gate:gateId="872" rule="Effect" Simplification="..">l</effect>
  ) en el 29,4% de los pacientes tratados con 300 mg de
  <drug gate:gateId="873" rule="Drug">irbesartan</drug>
  y en el 22% de los pacientes del grupo placebo. En pacientes diabéticos hipertensos con
  <effect gate:gateId="874" rule="Effect" Simplification="exceso de proteína en la orina">proteinuria</effect>
  franca e
  <effect gate:gateId="875" rule="Effect" Simplification="insuficiencia renal">insuficiencia renal crónica</effect>
  , se observó hiperkalemia ( 5,5 mEq/
  <effect gate:gateId="876" rule="Effect" Simplification="..">l</effect>
  ) en el 46,3% de los pacientes tratados con
  <drug gate:gateId="877" rule="Drug">irbesartan</drug>
  y en el 26,3% de los pacientes del grupo placebo. Frecuentes: en los pacientes tratados con
  <drug gate:gateId="878" rule="Drug">irbesartan</drug>
  se observaron incrementos significativos (1,7%) de creatina-cinasa plasmática. Ninguno de estos incrementos fue asociado con alteraciones musculoesqueléticas clínicas. Se ha observado un descenso de los niveles de hemoglobina*, que no fue clínicamente significativo, en el 1,7% (frecuentes) de los pacientes hipertensos con
  <effect gate:gateId="879" rule="Effect" Simplification="diabetes">nefropatía diabética</effect>
  avanzada tratados con
  <drug gate:gateId="880" rule="Drug">irbesartan</drug>
  . Trastornos cardíacos: Poco frecuentes:
  <effect gate:gateId="881" rule="Effect" Simplification="alteración del ritmo cardíaco">taquicardia</effect>
  Trastornos del sistema
  <effect gate:gateId="882" rule="Effect" Simplification="nervioso">nervioso</effect>
  : Frecuentes:
  <effect gate:gateId="883" rule="Effect" Simplification="mareo">mareo</effect>
  ,
  <effect gate:gateId="884" rule="Effect" Simplification="mareo">mareo ortostático</effect>
  * Trastornos respiratorios, torácicos y mediastínicos: Poco frecuentes:
  <effect gate:gateId="885" rule="Effect" Simplification="tos">tos</effect>
  Trastornos gastrointestinales: Frecuentes:
  <effect gate:gateId="886" rule="Effect" Simplification="náuseas">náuseas</effect>
  /
  <effect gate:gateId="887" rule="Effect" Simplification="vómitos">vómitos</effect>
  Poco frecuentes:
  <effect gate:gateId="888" rule="Effect" Simplification="diarrea">diarrea</effect>
  ,
  <effect gate:gateId="889" rule="Effect" Simplification="enfermedades del estómago ">dispepsia</effect>
  /
  <effect gate:gateId="890" rule="Effect" Simplification="indigestión">pirosis</effect>
  Trastornos musculoesqueléticos y del tejido conjuntivo: Frecuentes:
  <effect gate:gateId="891" rule="Effect" Simplification="dolor musculoesquelético">dolor musculoesquelético</effect>
  * Trastornos vasculares: Frecuentes:
  <effect gate:gateId="892" rule="Effect" Simplification="incapacidad de quedarse quieto">hipotensión ortostática</effect>
  * Poco frecuentes:
  <effect gate:gateId="893" rule="Effect" Simplification="rubor">rubor</effect>
  Trastornos generales y alteraciones en el lugar de administración: Frecuentes:
  <effect gate:gateId="894" rule="Effect" Simplification="fatiga ">fatiga</effect>
  Poco frecuentes:
  <effect gate:gateId="895" rule="Effect" Simplification="dolor torácico">dolor torácico</effect>
  . Trastornos del aparato reproductor y de la mama: Poco frecuentes:
  <effect gate:gateId="896" rule="Effect" Simplification="disfunción sexual">disfunción sexual</effect>
  Las siguientes reacciones adversas han sido notificadas durante la experiencia post-comercialización; no se conoce su frecuencia ya que se derivan de notificaciones espontáneas: 6 Trastornos del sistema
  <effect gate:gateId="897" rule="Effect" Simplification="nervioso">nervioso</effect>
  : Cefalea Trastornos del oído y del laberinto: Tinnitus Trastornos gastrointestinales: Disgeusia Trastornos renales y urinarios: Insuficiencia renal incluyendo casos de
  <effect gate:gateId="898" rule="Effect" Simplification="fallo renal">fallo renal</effect>
  en pacientes de riesgo (ver sección 4.4) Trastornos de la piel y del tejido subcutáneo: Vasculitis leucocitoclástica Trastornos musculoesqueléticos y del tejido conjuntivo: Artralgia,
  <effect gate:gateId="899" rule="Effect" Simplification="dolor muscular">mialgia</effect>
  (en algunos casos se han asociado con niveles plasmáticos elevados de creatina- cinasa),
  <effect gate:gateId="900" rule="Effect" Simplification="calambres musculares">calambres musculares</effect>
  Trastornos del metabolismo y de la nutrición: Hiperkalemia Trastornos del sistema inmunológico: Reacciones de
  <effect gate:gateId="901" rule="Effect" Simplification="alergia">hipersensibilidad</effect>
  como
  <effect gate:gateId="902" rule="Effect" Simplification="hinchazón debajo de la piel">angioedema</effect>
  ,
  <effect gate:gateId="903" rule="Effect" Simplification="alteración de la piel">rash</effect>
  y
  <effect gate:gateId="904" rule="Effect" Simplification="urticaria">urticaria</effect>
  Trastornos hepatobiliares: Hepatitis, anomalías en la función hepática Pacientes pediátricos: en un ensayo aleatorizado que se llevó a cabo en 318 niños y adolescentes hipertensos de edades comprendidas entre 6 y 16 años, aparecieron las siguientes reacciones adversas durante la fase doble
  <effect gate:gateId="905" rule="Effect" Simplification="ciego">ciego</effect>
  de 3 semanas de duración:
  <effect gate:gateId="906" rule="Effect" Simplification="dolor de cabeza">dolor de cabeza</effect>
  (7,9%) ,
  <effect gate:gateId="907" rule="Effect" Simplification="presión arterial baja">hipotensión</effect>
  (2,2%),
  <effect gate:gateId="908" rule="Effect" Simplification="mareo">mareo</effect>
  (1,9%),
  <effect gate:gateId="909" rule="Effect" Simplification="tos">tos</effect>
  (0,9%). Durante la fase abierta del ensayo, de 26 semanas de duración, las anormalidades de laboratorio observadas con mayor frecuencia fueron incremento de los niveles de creatinina (6,5%) y valores elevados de creatina-cinasa (CK) en un 2% de los niños tratados.
</paragraph>
