<?xml version="1.0" encoding="UTF-8"?>
<paragraph xmlns:gate="http://www.gate.ac.uk" gate:gateId="0" gate:annotMaxId="702">
  La seguridad de Aranesp se ha evaluado con los datos de una base de datos integrada de aproximadamente 1.800 pacientes con
  <effect gate:gateId="680" rule="Effect" Simplification="insuficiencia renal">insuficiencia renal crónica</effect>
  tratados durante un periodo de hasta 24 meses y 1.200 pacientes con
  <effect gate:gateId="681" rule="Effect" Simplification="cáncer">cáncer</effect>
  tratados hasta 4 meses. General Se han comunicado casos raros de reacciones alérgicas potencialmente graves asociadas con darbepoetin alfa que incluyen
  <effect gate:gateId="682" rule="Effect" Simplification="jadeo">disnea</effect>
  ,
  <effect gate:gateId="683" rule="Effect" Simplification="inflamación">erupciones cutáneas</effect>
  y
  <effect gate:gateId="684" rule="Effect" Simplification="___">urticaria.</effect>
  Pacientes con
  <effect gate:gateId="685" rule="Effect" Simplification="insuficiencia renal">insuficiencia renal crónica</effect>
  Los datos de ensayos controlados presentados incluyen 1578 pacientes tratados con Aranesp y 591 tratados con r-HuEPO. El porcentaje de pacientes que abandonaron el tratamiento debido a efectos adversos fue del 2% para Aranesp y del 4% para r-HuEPO. Las reacciones adversas atribuibles al tratamiento con Aranesp fueron
  <effect gate:gateId="686" rule="Effect" Simplification="presión arterial alta">hipertensión</effect>
  y
  <effect gate:gateId="687" rule="Effect" Simplification="coagulo">trombosis</effect>
  de los accesos vasculares. Sin embargo, en la base de datos integrada, ninguno de estos efectos estuvo 8 asociado con un nivel de hemoglobina (&lt; 12 frente a &gt; 12 g/dl) o de la velocidad de aumento de la hemoglobina (&lt; 1, 1 a &lt; 2, 2 a &lt; 3 y 3 g/dl hemoglobina durante 4 semanas). En los ensayos en los que Aranesp se administraba por vía subcutánea, se comunicó
  <effect gate:gateId="688" rule="Effect" Simplification="dolor en el lugar de la inyección">dolor en el lugar de la inyección</effect>
  atribuido al tratamiento. Este
  <effect gate:gateId="689" rule="Effect" Simplification="dolor">dolor</effect>
  se observó con más frecuencia que con r-HuEPO. El
  <effect gate:gateId="690" rule="Effect" Simplification="dolor">dolor</effect>
  era generalmente leve y transitorio y ocurría predominantemente después de la primera inyección. La incidencia de reacciones adversas consideradas relacionadas con el tratamiento con Aranesp en los ensayos clínicos fue: Sistema corporal Incidencia Reacción adversa Sistema Nervioso Central/Sistema Nervioso Periférico Sistema Cardiovascular Hipertensión Desórdenes vasculares Trombosis en los accesos vasculares Lugar de la inyección Dolor en el lugar de la inyección Se han descrito muy raramente casos de
  <effect gate:gateId="691" rule="Effect" Simplification="ataque">convulsiones</effect>
  en pacientes con
  <effect gate:gateId="692" rule="Effect" Simplification="insuficiencia renal">insuficiencia renal crónica</effect>
  que estaban recibiendo Aranesp. Se han descrito casos aislados de
  <effect gate:gateId="693" rule="Effect" Simplification="poco desarrollo de los tejidos del órgano">aplasia</effect>
  pura de células rojas (APCR) mediada por anticuerpos neutralizantes antieritropoyetina asociados con el tratamiento con Aranesp. En caso de que se diagnostique APCR, se deberá suspender el tratamiento con Aranesp y no deberá ser sustituido por otra proteína eritropoyética recombinante (ver sección 4.4). Las demás reacciones adversas relacionadas con el tratamiento se observaron en un 1% o menos (poco frecuentes o raras), la mayoría fueron de gravedad leve a moderada y compatibles con la comorbilidad esperada en este grupo de pacientes. Pacientes con
  <effect gate:gateId="694" rule="Effect" Simplification="cáncer">cáncer</effect>
  En estudios clínicos con Aranesp administrado por vía subcutánea, la incidencia de
  <effect gate:gateId="695" rule="Effect" Simplification="presión arterial alta">hipertensión</effect>
  y episodios cardiovasculares fue comparable en los pacientes con
  <effect gate:gateId="696" rule="Effect" Simplification="cáncer">cáncer</effect>
  que recibieron placebo, rHuEPO o Aranesp. Más aún, dichos acontecimientos adversos no se asociaron ni con concentración de hemoglobina (&lt; 13 comparado con &gt; 13 g/dl) ni con un aumento rápido de hemoglobina (&gt; 2 g/dl en 4 semanas). Estudios clínicos han mostrado una frecuencia más alta de reacciones tromboembólicas incluyendo
  <effect gate:gateId="697" rule="Effect" Simplification="coagulo en una vena">trombosis venosa profunda</effect>
  y embolismo pulmonar en pacientes con
  <effect gate:gateId="698" rule="Effect" Simplification="cáncer">cáncer</effect>
  tratados con Aranesp comparado con los pacientes que recibieron placebo. En general, los acontecimientos adversos comunicados en ensayos clínicos con Aranesp en pacientes con
  <effect gate:gateId="699" rule="Effect" Simplification="cáncer">cáncer</effect>
  tratados con quimioterapia concomitante, resultaron consistentes con la
  <effect gate:gateId="700" rule="Effect" Simplification="enfermedad">enfermedad</effect>
  subyacente y su tratamiento con quimioterapia. La incidencia de reacciones adversas consideradas relacionadas con el tratamiento con Aranesp en los ensayos clínicos controlados fue: Sistema corporal Incidencia Reacción adversa Músculo esquelético Artralgia Cuerpo/general Edema periférico Lugar de la inyección Dolor en el lugar de la inyección Trastornos vasculares Reacciones tromboembólicas El efecto adverso más frecuentemente comunicado (&lt; 5%) considerado relacionado con el tratamiento con Aranesp, fue
  <effect gate:gateId="701" rule="Effect" Simplification="dolor en el lugar de la inyección">dolor en el lugar de la inyección</effect>
  . Dichas molestias fueron, en general, leves y de naturaleza pasajera.
</paragraph>
