<?xml version="1.0" encoding="UTF-8"?>
<paragraph xmlns:gate="http://www.gate.ac.uk" gate:gateId="0" gate:annotMaxId="889">
  Las reacciones adversas notificadas frecuentemente (1/100 a &lt;1/10) durante el tratamiento con
  <drug gate:gateId="806" rule="Drug">leflunomida</drug>
  son: aumento leve de la
  <effect gate:gateId="807" rule="Effect" Simplification="presión">presión</effect>
  arterial,
  <effect gate:gateId="808" rule="Effect" Simplification="disminución de leucocitos en la sangre">leucopenia</effect>
  ,
  <effect gate:gateId="809" rule="Effect" Simplification="cosquilleo">parestesia</effect>
  ,
  <effect gate:gateId="810" rule="Effect" Simplification="dolor de cabeza">cefalea</effect>
  ,
  <effect gate:gateId="811" rule="Effect" Simplification="mareo">mareo</effect>
  ,
  <effect gate:gateId="812" rule="Effect" Simplification="diarrea">diarrea</effect>
  ,
  <effect gate:gateId="813" rule="Effect" Simplification="náuseas">náuseas</effect>
  ,
  <effect gate:gateId="814" rule="Effect" Simplification="vómitos">vómitos</effect>
  , trastornos de la mucosa oral (por ejemplo,
  <effect gate:gateId="815" rule="Effect" Simplification="heridas en la boca">estomatitis aftosa</effect>
  ,
  <effect gate:gateId="816" rule="Effect" Simplification="úlceras bucales">úlceras bucales</effect>
  ),
  <effect gate:gateId="817" rule="Effect" Simplification="dolor abdominal">dolor abdominal</effect>
  , aumento de la
  <effect gate:gateId="818" rule="Effect" Simplification="caída">caída</effect>
  de cabello,
  <effect gate:gateId="819" rule="Effect" Simplification="enfermedad de la piel">eczema</effect>
  ,
  <effect gate:gateId="820" rule="Effect" Simplification="inflamación">erupción cutánea</effect>
  (incluyendo
  <effect gate:gateId="821" rule="Effect" Simplification="pequeñas manchas rojas">erupción maculopapular</effect>
  ),
  <effect gate:gateId="822" rule="Effect" Simplification="picazón">prurito</effect>
  ,
  <effect gate:gateId="823" rule="Effect" Simplification="sequedad">sequedad</effect>
  de piel,
  <effect gate:gateId="824" rule="Effect" Simplification="inflamación en el tendón">tenosinovitis</effect>
  , incremento de creatinfosfoquinasa (CPK),
  <effect gate:gateId="825" rule="Effect" Simplification="trastornos de la alimentación ">anorexia</effect>
  ,
  <effect gate:gateId="826" rule="Effect" Simplification="pérdida de peso">pérdida de peso</effect>
  (normalmente insignificante),
  <effect gate:gateId="827" rule="Effect" Simplification="fatiga">astenia</effect>
  , reacciones alérgicas leves y elevación de los parámetros hepáticos (transaminasas (especialmente ALT), menos frecuente elevación de los niveles de gamma-GT, fosfatasa alcalina, bilirrubina). Clasificación de las frecuencias esperadas: Muy frecuentes ( 1/10), frecuentes ( 1/100 a &lt; 1/10), poco frecuentes ( 1/1.000 a &lt; 1/100), raras ( 1/10.000 a &lt; 1/1.000) y muy raras (&lt; 1/10.000), frecuencia no conocida (no puede estimarse a partir de los datos disponibles). Las reacciones adversas se enumeran en orden decreciente de gravedad dentro de cada intervalo de frecuencia. Trastornos cardiacos Frecuentes: leve
  <effect gate:gateId="828" rule="Effect" Simplification="aumento de la presión arterial">aumento de la presión arterial</effect>
  Raras: aumento grave de la
  <effect gate:gateId="829" rule="Effect" Simplification="presión">presión</effect>
  arterial Trastornos de la sangre y del sistema linfático Frecuentes:
  <effect gate:gateId="830" rule="Effect" Simplification="disminución de leucocitos en la sangre">leucopenia</effect>
  (leucocitos &gt; 2 G/
  <effect gate:gateId="831" rule="Effect" Simplification="..">l</effect>
  ) Poco frecuentes:
  <effect gate:gateId="832" rule="Effect" Simplification="anemia">anemia</effect>
  ,
  <effect gate:gateId="833" rule="Effect" Simplification="problemas de coagulación">trombocitopenia</effect>
  leve (plaquetas &lt; 100 G/
  <effect gate:gateId="834" rule="Effect" Simplification="..">l</effect>
  ) Raras:
  <effect gate:gateId="835" rule="Effect" Simplification="problemas en la sangre">pancitopenia</effect>
  (probablemente mediada por un mecanismo antiproliferativo),
  <effect gate:gateId="836" rule="Effect" Simplification="disminución de leucocitos en la sangre">leucopenia</effect>
  (leucocitos &lt; 2 G/
  <effect gate:gateId="837" rule="Effect" Simplification="..">l</effect>
  ),
  <effect gate:gateId="838" rule="Effect" Simplification="problemas en la sangre">eosinofilia</effect>
  Muy raras:
  <effect gate:gateId="839" rule="Effect" Simplification="poca producción de defensas en la sangre">agranulocitosis</effect>
  El uso reciente, concomitante o consecutivo de medicamentos potencialmente mielotóxicos puede asociarse con un mayor riesgo de reacciones hematológicas. Trastornos del sistema
  <effect gate:gateId="840" rule="Effect" Simplification="nervioso">nervioso</effect>
  Frecuentes:
  <effect gate:gateId="841" rule="Effect" Simplification="cosquilleo">parestesia</effect>
  ,
  <effect gate:gateId="842" rule="Effect" Simplification="dolor de cabeza">cefalea</effect>
  ,
  <effect gate:gateId="843" rule="Effect" Simplification="mareo">mareo</effect>
  Muy raras:
  <effect gate:gateId="844" rule="Effect" Simplification="insuficiencia en los nervios del cerebro">neuropatía periférica</effect>
  Trastornos respiratorios, torácicos y mediastínicos Raras:
  <effect gate:gateId="845" rule="Effect" Simplification="inflamación en el pulmón">enfermedad pulmonar intersticial</effect>
  (incluyendo pneumonitis intersticial) que puede llegar a ser mortal Trastornos gastrointestinales Frecuentes:
  <effect gate:gateId="846" rule="Effect" Simplification="diarrea">diarrea</effect>
  ,
  <effect gate:gateId="847" rule="Effect" Simplification="náuseas">náuseas</effect>
  ,
  <effect gate:gateId="848" rule="Effect" Simplification="vómitos">vómitos</effect>
  , trastornos de la mucosa oral (por ejemplo,
  <effect gate:gateId="849" rule="Effect" Simplification="heridas en la boca">estomatitis aftosa</effect>
  ,
  <effect gate:gateId="850" rule="Effect" Simplification="úlceras bucales">úlceras bucales</effect>
  ),
  <effect gate:gateId="851" rule="Effect" Simplification="dolor abdominal">dolor abdominal</effect>
  Poco frecuentes: alteraciones del gusto Muy raras:
  <effect gate:gateId="852" rule="Effect" Simplification="pancreatitis">pancreatitis</effect>
  Trastornos renales y urinarios Frecuencia no conocida:
  <effect gate:gateId="853" rule="Effect" Simplification="fallo renal">fallo renal</effect>
  Trastornos de la piel y del tejido subcutáneo Frecuentes: aumento de la
  <effect gate:gateId="854" rule="Effect" Simplification="caída">caída</effect>
  de cabello,
  <effect gate:gateId="855" rule="Effect" Simplification="enfermedad de la piel">eczema</effect>
  ,
  <effect gate:gateId="856" rule="Effect" Simplification="inflamación">erupción cutánea</effect>
  (incluyendo
  <effect gate:gateId="857" rule="Effect" Simplification="pequeñas manchas rojas">erupción maculopapular</effect>
  ),
  <effect gate:gateId="858" rule="Effect" Simplification="picazón">prurito</effect>
  ,
  <effect gate:gateId="859" rule="Effect" Simplification="sequedad">sequedad</effect>
  de piel Poco frecuentes:
  <effect gate:gateId="860" rule="Effect" Simplification="urticaria">urticaria</effect>
  Muy raras:
  <effect gate:gateId="861" rule="Effect" Simplification="enfermedad de la piel">necrolisis epidérmica tóxica</effect>
  , síndrome de Stevens-Johnson,
  <effect gate:gateId="862" rule="Effect" Simplification="múltiples manchas rojas">eritema multiforme</effect>
  Trastornos musculoesqueléticos y del tejido conjuntivo Frecuentes:
  <effect gate:gateId="863" rule="Effect" Simplification="inflamación en el tendón">tenosinovitis</effect>
  Poco frecuentes:
  <effect gate:gateId="864" rule="Effect" Simplification="rotura de tendón">rotura de tendón</effect>
  9 Trastornos del metabolismo y de la nutrición Frecuentes: incremento de CPK Poco frecuentes:
  <effect gate:gateId="865" rule="Effect" Simplification="trastorno del metabolismo">hipopotasemia</effect>
  ,
  <effect gate:gateId="866" rule="Effect" Simplification="colesterol">hiperlipidemia</effect>
  ,
  <effect gate:gateId="867" rule="Effect" Simplification="problemas en la sangre">hipofosfatemia</effect>
  Raras: incremento de LDH Frecuencia no conocida:
  <effect gate:gateId="868" rule="Effect" Simplification="problemas en los riñones">hipouricemia</effect>
  Infecciones e infestaciones Raras:
  <effect gate:gateId="869" rule="Effect" Simplification="infecciones">infecciones</effect>
  graves, incluyendo
  <effect gate:gateId="870" rule="Effect" Simplification="enfermedad del sistema inmunológico">sepsis</effect>
  que puede ser mortal. Como otros agentes con potencial inmunosupresor,
  <drug gate:gateId="871" rule="Drug">leflunomida</drug>
  puede aumentar la susceptibilidad del paciente de padecer
  <effect gate:gateId="872" rule="Effect" Simplification="infecciones">infecciones</effect>
  , incluyendo
  <effect gate:gateId="873" rule="Effect" Simplification="infecciones">infecciones</effect>
  oportunistas (ver sección 4.4.). Por tanto la incidencia global de
  <effect gate:gateId="874" rule="Effect" Simplification="infecciones">infecciones</effect>
  puede incrementarse (en particular,
  <effect gate:gateId="875" rule="Effect" Simplification="inflamación en las fosas nasales">rinitis</effect>
  ,
  <effect gate:gateId="876" rule="Effect" Simplification="bronquitis">bronquitis</effect>
  y pneumonía). Neoplasias benignas, malignas y inespecíficas (incluyendo quistes y
  <effect gate:gateId="877" rule="Effect" Simplification="tejido extra en el cuerpo">pólipos</effect>
  ). El riesgo de malignidad, particularmente en trastornos linfoproliferativos, es mayor con el uso de algunos agentes inmunosupresores. Trastornos generales y alteraciones en el lugar de administración Frecuentes:
  <effect gate:gateId="878" rule="Effect" Simplification="trastornos de la alimentación ">anorexia</effect>
  ,
  <effect gate:gateId="879" rule="Effect" Simplification="pérdida de peso">pérdida de peso</effect>
  (normalmente insignificante),
  <effect gate:gateId="880" rule="Effect" Simplification="fatiga">astenia</effect>
  Trastornos del sistema inmunológico Frecuentes: reacciones alérgicas leves Muy raras: reacciones anafilácticas/anafilactoides graves, vasculitis, incluyendo
  <effect gate:gateId="881" rule="Effect" Simplification="inflamación de los vasos sanguíneos">vasculitis necrotizante</effect>
  cutánea Trastornos hepatobiliares Frecuentes: elevación de los parámetros hepáticos (transaminasas (especialmente ALT), menos frecuente elevación de los niveles de gamma-GT, fosfatasa alcalina, bilirrubina) Raras:
  <effect gate:gateId="882" rule="Effect" Simplification="hepatitis">hepatitis</effect>
  ,
  <effect gate:gateId="883" rule="Effect" Simplification="piel amarrilla">ictericia</effect>
  /
  <effect gate:gateId="884" rule="Effect" Simplification="anomalía en el flujo de la bilis">colestasis</effect>
  Muy raras:
  <effect gate:gateId="885" rule="Effect" Simplification="daño hepático">daño hepático</effect>
  grave, tal como
  <effect gate:gateId="886" rule="Effect" Simplification="insuficiencia hepática">insuficiencia hepática</effect>
  y
  <effect gate:gateId="887" rule="Effect" Simplification="daño en el hígado">necrosis hepática</effect>
  aguda que pueden llegar a ser mortales Trastornos del aparato reproductor y de la mama Frecuencia no conocida: leve disminución (reversible) de la concentración de esperma, recuento total de esperma y de la motilidad progresiva rápida Trastornos psiquiátricos Poco frecuentes:
  <effect gate:gateId="888" rule="Effect" Simplification="ansiedad">ansiedad</effect>
</paragraph>
