<?xml version="1.0" encoding="UTF-8"?>
<paragraph xmlns:gate="http://www.gate.ac.uk" gate:gateId="0" gate:annotMaxId="2210">
  Fármacos metabolizados por el citocromo P450 (CYP) 2D6. Existen diferencias entre los antidepresivos en el grado de inhibición de la actividad del isoenzima CYP 2D6. La relevancia clínica de esta inhibición depende del grado de inhibición y del margen terapéutico del fármaco coadministrado. Entre los sustratos del CYP 2D6 con un estrecho margen terapéutico se incluyen los antidepresivos triclíclicos y los antiarrítmicos tipo 1C (como
  <drug gate:gateId="2062" rule="Drug">propafenona</drug>
  y
  <drug gate:gateId="2063" rule="Drug">flecainida</drug>
  ). En estudios de
  <effect gate:gateId="2064" rule="Effect" Simplification="interacción">interacción</effect>
  formales, la dosificación crónica con 50 mg al día de
  <drug gate:gateId="2065" rule="Drug">sertralina</drug>
  mostró una elevación mínima (23%-37% de media) de los niveles plasmáticos de la
  <drug gate:gateId="2066" rule="Drug">desipramina</drug>
  en el estado estacionario (un marcador de la actividad enzimática del isoenzima CYP 2D6). Fármacos metabolizados por otros enzimas CYP (CYP 3A3/4, CYP 2C9, CYP 2C19, CYP 1A2). CYP 3A3/4: Estudios de
  <effect gate:gateId="2067" rule="Effect" Simplification="interacción">interacción</effect>
  in vivo han demostrado que la administración crónica de 200 mg al día de
  <drug gate:gateId="2068" rule="Drug">sertralina</drug>
  no inhibe la 6--hidroxilación del cortisol endógeno ni el metabolismo de
  <drug gate:gateId="2069" rule="Drug">carbamazepina</drug>
  ni el de terfenadina mediados por el CYP 3A3/4. Además, la administración crónica de 50 mg de
  <drug gate:gateId="2070" rule="Drug">sertralina</drug>
  diarios no inhibe el metabolismo de
  <drug gate:gateId="2071" rule="Drug">alprazolam</drug>
  mediado por CYP 3A3/4. Los datos sugieren que
  <drug gate:gateId="2072" rule="Drug">sertralina</drug>
  no es un inhibidor del CYP 3A3/4 de relevancia clínica. CYP2C9: La
  <effect gate:gateId="2073" rule="Effect" Simplification="ausencia">ausencia</effect>
  de evidencia de efectos clínicamente significativos de la administración crónica de 200 mg al día de
  <drug gate:gateId="2074" rule="Drug">sertralina</drug>
  en las concentraciones plasmáticas de
  <drug gate:gateId="2075" rule="Drug">tolbutamida</drug>
  ,
  <drug gate:gateId="2076" rule="Drug">fenitoína</drug>
  y
  <drug gate:gateId="2077" rule="Drug">warfarina</drug>
  , sugiere que
  <drug gate:gateId="2078" rule="Drug">sertralina</drug>
  no es un inhibidor clínicamente relevante del CYP 2C9 (véanse los subapartados: Otras interacciones, Warfarina y Fenitoína). CYP2C19: La
  <effect gate:gateId="2079" rule="Effect" Simplification="ausencia">ausencia</effect>
  de evidencia de efectos clínicamente significativos de la administración crónica de 200 mg al día de
  <drug gate:gateId="2080" rule="Drug">sertralina</drug>
  sobre las concentraciones plasmáticas de
  <drug gate:gateId="2081" rule="Drug">diazepam</drug>
  sugiere que
  <drug gate:gateId="2082" rule="Drug">sertralina</drug>
  no es un inhibidor clínicamente relevante del CYP 2C19 (véase el subapartado Otras interacciones) CYP1A2: Estudios in vitro indican que
  <drug gate:gateId="2083" rule="Drug">sertralina</drug>
  tiene un potencial pequeño o nulo para inhibir el CYP 1A2. Inducción de los enzimas microsomales. En base a los estudios realizados sobre la disminución de la semivida de la antipirina administrada concomitantemente con
  <drug gate:gateId="2084" rule="Drug">sertralina</drug>
  , se puede concluir que
  <drug gate:gateId="2085" rule="Drug">sertralina</drug>
  no presenta un efecto inductor clínicamente significativo sobre las enzimas hepáticas. Litio. En estudios controlados con placebo en voluntarios sanos, la administración combinada de
  <drug gate:gateId="2086" rule="Drug">litio</drug>
  y
  <drug gate:gateId="2087" rule="Drug">sertralina</drug>
  no alteró la farmacocinética del
  <drug gate:gateId="2088" rule="Drug">litio</drug>
  , pero dio como resultado un incremento de los
  <effect gate:gateId="2089" rule="Effect" Simplification="temblor">temblores</effect>
  en relación con placebo, indicando una posible
  <effect gate:gateId="2090" rule="Effect" Simplification="interacción con fármacos">interacción farmacodinámica</effect>
  . Como con otros ISRS, se recomienda precaución cuando se coadministre
  <drug gate:gateId="2091" rule="Drug">sertralina</drug>
  con otras medicaciones, tales como
  <drug gate:gateId="2092" rule="Drug">litio</drug>
  , que pueden actuar vía mecanismos serotoninérgicos (ver apartado 4.4. Advertencias y precauciones especiales de empleo). Fenitoína. Ensayos clínicos controlados con placebo realizados en voluntarios sanos sugieren que la administración crónica de 200 mg/día de
  <drug gate:gateId="2093" rule="Drug">sertralina</drug>
  no produce inhibición clínica significativa en el metabolismo de
  <drug gate:gateId="2094" rule="Drug">fenitoína</drug>
  . No obstante, se recomienda la monitorización de las concentraciones plasmáticas de
  <drug gate:gateId="2095" rule="Drug">fenitoína</drug>
  tras el inicio del tratamiento con
  <drug gate:gateId="2096" rule="Drug">sertralina</drug>
  y los ajustes apropiados de la dosis de
  <drug gate:gateId="2097" rule="Drug">fenitoína</drug>
  , si fuera necesario. Además, la administración conjunta con
  <drug gate:gateId="2098" rule="Drug">fenitoína</drug>
  podría causar una disminución en los niveles plasmáticos de
  <drug gate:gateId="2099" rule="Drug">sertralina</drug>
  . Tratamiento electroconvulsivante (TEC). No existen estudios clínicos que establezcan los riesgos o beneficios del uso combinado de TEC y
  <drug gate:gateId="2100" rule="Drug">sertralina</drug>
  . 4.6. Embarazo y lactancia Embarazo Se han realizado estudios de reproducción en ratas y conejos a dosis de aproximadamente 10 y 20 veces la dosis máxima diaria en humanos (mg/kg), respectivamente. No se encontraron evidencias de teratogenicidad a ningún nivel de dosis. Sin embargo, al nivel de dosis correspondiente a aproximadamente 2,5 a 10 veces la dosis diaria máxima en humanos (mg/kg),
  <drug gate:gateId="2101" rule="Drug">sertralina</drug>
  se asoció con un retraso de la osificación del feto, probablemente secundario a los efectos ocasionados en las madres. Se produjo una disminución de la supervivencia neonatal tras la administración de
  <drug gate:gateId="2102" rule="Drug">sertralina</drug>
  a la madre, a dosis de aproximadamente 5 veces la dosis máxima en humanos (mg/kg). Se han descrito efectos similares sobre la supervivencia neonatal con otros fármacos antidepresivos. El significado clínico de estos efectos es desconocido. No se dispone de estudios en mujeres embarazadas. Debido a que los estudios de reproducción animal no siempre permiten pronosticar la respuesta humana, sólo debe utilizarse AREMIS durante el
  <effect gate:gateId="2103" rule="Effect" Simplification="embarazo">embarazo</effect>
  , cuando los beneficios superen los posibles riesgos. Las mujeres en edad fértil deberían emplear un método anticonceptivo adecuado si están tomando
  <drug gate:gateId="2104" rule="Drug">sertralina</drug>
  . Lactancia MINISTERIO Estudios aislados en un número pequeño de mujeres durante la lactancia y en sus hijos demostraron la presencia de cantidades despreciables o indetectables de
  <drug gate:gateId="2105" rule="Drug">sertralina</drug>
  en el suero del niño, aunque la
  <drug gate:gateId="2106" rule="Drug">sertralina</drug>
  detectada en la leche materna estaba más concentrada que en el suero de la madre. No se recomienda su uso en mujeres durante la lactancia a menos que, a juicio del médico, el beneficio supere al riesgo. Si se utiliza
  <drug gate:gateId="2107" rule="Drug">sertralina</drug>
  durante el
  <effect gate:gateId="2108" rule="Effect" Simplification="embarazo">embarazo</effect>
  y/o lactancia, el médico debe saber que durante la comercialización se han notificado, en algunos neonatos cuyas madres habían sido tratadas con antidepresivos ISRS incluida la
  <drug gate:gateId="2109" rule="Drug">sertralina</drug>
  , ciertos síntomas incluidos los asociados a la retirada de la medicación. 4.7. Efectos sobre la capacidad para conducir vehículos y utilizar máquinas Los estudios de farmacología clínica han demostrado que AREMIS no ejerce efectos sobre la función psicomotora. Sin embargo, como los fármacos usados para el tratamiento de la
  <effect gate:gateId="2110" rule="Effect" Simplification="depresión">depresión</effect>
  , TOC o el pánico pueden alterar la capacidad física o mental requerida para el desempeño de tareas potencialmente peligrosas, como la conducción de vehículos o el uso de maquinaria, el paciente debe ser advertido al respecto. 4.8. Reacciones adversas Ensayos clínicos Los acontecimientos adversos descritos en ensayos clínicos multidosis de
  <drug gate:gateId="2111" rule="Drug">sertralina</drug>
  frente a placebo, clasificados según su frecuencia de presentación: Muy frecuentes (&gt; 1/10); Frecuentes (&gt; 1/100 y 1/10); Poco frecuentes (&gt; 1/1.000 y 1/100); Raras (&gt; 1/10.000 y 1/1.000); Muy raras ( 1/10.000); son los siguientes: Trastornos psiquiátricos Muy frecuentes:
  <effect gate:gateId="2112" rule="Effect" Simplification="insomnio">insomnio</effect>
  . Trastornos del sistema
  <effect gate:gateId="2113" rule="Effect" Simplification="nervioso">nervioso</effect>
  Muy frecuentes:
  <effect gate:gateId="2114" rule="Effect" Simplification="mareo">mareos</effect>
  y
  <effect gate:gateId="2115" rule="Effect" Simplification="___">somnolencia.</effect>
  Frecuentes:
  <effect gate:gateId="2116" rule="Effect" Simplification="temblor">temblores</effect>
  . Trastornos gastrointestinales Muy frecuentes:
  <effect gate:gateId="2117" rule="Effect" Simplification="diarrea">diarrea</effect>
  /
  <effect gate:gateId="2118" rule="Effect" Simplification="heces blandas">heces blandas</effect>
  ,
  <effect gate:gateId="2119" rule="Effect" Simplification="náuseas">náuseas</effect>
  y
  <effect gate:gateId="2120" rule="Effect" Simplification="sequedad de boca">sequedad de boca</effect>
  . Frecuente:
  <effect gate:gateId="2121" rule="Effect" Simplification="enfermedades del estómago ">dispepsia</effect>
  . Trastornos del metabolismo y de la nutrición Frecuentes:
  <effect gate:gateId="2122" rule="Effect" Simplification="trastornos de la alimentación ">anorexia</effect>
  Trastornos del aparato reproductor y de la mama Frecuentes:
  <effect gate:gateId="2123" rule="Effect" Simplification="disfunción sexual masculina">disfunción sexual masculina</effect>
  (principalmente
  <effect gate:gateId="2124" rule="Effect" Simplification="eyaculación retardada">eyaculación retardada</effect>
  ). Trastornos de la piel y del tejido subcutáneo Frecuentes: incremento de la
  <effect gate:gateId="2125" rule="Effect" Simplification="___">sudoración.</effect>
  Experiencia post-comercialización Reacciones adversas descritas, en estudios post-comercialización y notificaciones espontáneas de
  <drug gate:gateId="2126" rule="Drug">sertralina</drug>
  . Trastornos de la sangre y del sistema linfático: Leucopenia y
  <effect gate:gateId="2127" rule="Effect" Simplification="problemas de coagulación">trombocitopenia</effect>
  . Trastornos cardíacos: Palpitaciones y
  <effect gate:gateId="2128" rule="Effect" Simplification="alteración del ritmo cardíaco">taquicardia</effect>
  . Trastornos del oído y del laberinto: Tinnitus. Trastornos vasculares: Se han comunicado casos excepcionales de hemorragias anormales (
  <effect gate:gateId="2129" rule="Effect" Simplification="moretones ">equimosis</effect>
  ,
  <effect gate:gateId="2130" rule="Effect" Simplification="sangrado nasal">epistaxis</effect>
  , hemorragias gastrointestinales,
  <effect gate:gateId="2131" rule="Effect" Simplification="orina y micción">hematuria</effect>
  ,
  <effect gate:gateId="2132" rule="Effect" Simplification="hemorragia vaginal">hemorragia vaginal</effect>
  u otras hemorragias de la piel o mucosas) y
  <effect gate:gateId="2133" rule="Effect" Simplification="enrojecimiento de la piel">rubefacción</effect>
  . Trastornos endocrinos: Galactorrea,
  <effect gate:gateId="2134" rule="Effect" Simplification="infertilidad en el hombre">hiperprolactinemia</effect>
  e
  <effect gate:gateId="2135" rule="Effect" Simplification="problemas en la tiroides">hipotiroidismo</effect>
  . Trastornos oculares: Midriais y
  <effect gate:gateId="2136" rule="Effect" Simplification="___">visión anormal.</effect>
  Trastornos del metabolismo y de la nutrición: Aumento del apetito. Excepcionalmente se han comunicado casos de
  <effect gate:gateId="2137" rule="Effect" Simplification="problemas en la sangre">hiponatremia</effect>
  que fueron reversibles tras la interrupción del tratamiento con
  <drug gate:gateId="2138" rule="Drug">sertralina</drug>
  . Algunos casos se debieron posiblemente al síndrome de
  <effect gate:gateId="2139" rule="Effect" Simplification="secreción inadecuada de hormona antidiurética">secreción inadecuada de hormona antidiurética</effect>
  . La mayoría de los casos se observaron en pacientes ancianos y en pacientes que estaban recibiendo diuréticos u otras medicaciones concomitantes. Trastornos psiquiátricos: Como con otros antidepresivos, se han comunicado con poca frecuencia:
  <effect gate:gateId="2140" rule="Effect" Simplification="agitación">agitación</effect>
  , reacciones agresivas,
  <effect gate:gateId="2141" rule="Effect" Simplification="ansiedad">ansiedad</effect>
  ,
  <effect gate:gateId="2142" rule="Effect" Simplification="síntomas depresivos">síntomas depresivos</effect>
  ,
  <effect gate:gateId="2143" rule="Effect" Simplification="euforia">euforia</effect>
  , disminución de la líbido en mujeres y hombres,
  <effect gate:gateId="2144" rule="Effect" Simplification="pesadillas">paroniria</effect>
  ,
  <effect gate:gateId="2145" rule="Effect" Simplification="alucinaciones">alucinaciones</effect>
  y
  <effect gate:gateId="2146" rule="Effect" Simplification="psicótico">psicosis</effect>
  , los cuales no pueden distinguirse de los antecedentes naturales de la
  <effect gate:gateId="2147" rule="Effect" Simplification="enfermedad">enfermedad</effect>
  subyacente. Raramente se han comunicado la aparición de
  <effect gate:gateId="2148" rule="Effect" Simplification="hiperactividad">agitación psicomotora</effect>
  /
  <effect gate:gateId="2149" rule="Effect" Simplification="incapacidad de quedarse quieto">acatisia</effect>
  (ver sección 4.4.) Trastornos musculoesqueléticos y del tejido conjuntivo: Artralgia y
  <effect gate:gateId="2150" rule="Effect" Simplification="calambres musculares">calambres musculares</effect>
  . Trastornos del sistema
  <effect gate:gateId="2151" rule="Effect" Simplification="nervioso">nervioso</effect>
  : Convulsiones,
  <effect gate:gateId="2152" rule="Effect" Simplification="dolor de cabeza">dolor de cabeza</effect>
  ,
  <effect gate:gateId="2153" rule="Effect" Simplification="migraña">migraña</effect>
  , trastornos del movimiento incluyendo
  <effect gate:gateId="2154" rule="Effect" Simplification="síntomas musculares">síntomas extrapiramidales</effect>
  (
  <effect gate:gateId="2155" rule="Effect" Simplification="enfermedad del sistema nervioso">hipercinesia</effect>
  ,
  <effect gate:gateId="2156" rule="Effect" Simplification="tensión">hipertonía</effect>
  ,
  <effect gate:gateId="2157" rule="Effect" Simplification="rechinar de dientes">rechinar de dientes</effect>
  o anomalías de la marcha);
  <effect gate:gateId="2158" rule="Effect" Simplification="contracciones musculares involuntarias">contracciones musculares involuntarias</effect>
  ,
  <effect gate:gateId="2159" rule="Effect" Simplification="desmayo">síncope</effect>
  ,
  <effect gate:gateId="2160" rule="Effect" Simplification="cosquilleo">parestesia</effect>
  ,
  <effect gate:gateId="2161" rule="Effect" Simplification="entumecimiento">hipoestesia</effect>
  y
  <effect gate:gateId="2162" rule="Effect" Simplification="coma">coma</effect>
  . Ocasionalmente, con el uso concomitante de fármacos serotoninérgicos, se han comunicado signos y síntomas asociados con
  <effect gate:gateId="2163" rule="Effect" Simplification="trastorno peligroso">síndrome serotoninérgico</effect>
  :
  <effect gate:gateId="2164" rule="Effect" Simplification="agitación">agitación</effect>
  ,
  <effect gate:gateId="2165" rule="Effect" Simplification="confusión">confusión</effect>
  ,
  <effect gate:gateId="2166" rule="Effect" Simplification="sudoración">diaforesis</effect>
  ,
  <effect gate:gateId="2167" rule="Effect" Simplification="diarrea">diarrea</effect>
  ,
  <effect gate:gateId="2168" rule="Effect" Simplification="fiebre">fiebre</effect>
  ,
  <effect gate:gateId="2169" rule="Effect" Simplification="presión arterial alta">hipertensión</effect>
  ,
  <effect gate:gateId="2170" rule="Effect" Simplification="rigidez">rigidez</effect>
  y
  <effect gate:gateId="2171" rule="Effect" Simplification="alteración del ritmo cardíaco">taquicardia</effect>
  . Trastornos gastrointestinales: Dolor abdominal,
  <effect gate:gateId="2172" rule="Effect" Simplification="estreñimiento">estreñimiento</effect>
  ,
  <effect gate:gateId="2173" rule="Effect" Simplification="vómitos">vómitos</effect>
  y rara vez,
  <effect gate:gateId="2174" rule="Effect" Simplification="pancreatitis">pancreatitis</effect>
  . Trastornos generales y alteraciones en el lugar de administración: Astenia,
  <effect gate:gateId="2175" rule="Effect" Simplification="dolor por la zona del corazón">dolor precordial</effect>
  ,
  <effect gate:gateId="2176" rule="Effect" Simplification="hinchazón en la pierna">edema periférico</effect>
  ,
  <effect gate:gateId="2177" rule="Effect" Simplification="fatiga ">fatiga</effect>
  ,
  <effect gate:gateId="2178" rule="Effect" Simplification="fiebre">fiebre</effect>
  y
  <effect gate:gateId="2179" rule="Effect" Simplification="malestar">malestar</effect>
  . Trastornos hepatobiliares: Rara vez se han descrito acontecimientos hepáticos graves como
  <effect gate:gateId="2180" rule="Effect" Simplification="hepatitis">hepatitis</effect>
  ,
  <effect gate:gateId="2181" rule="Effect" Simplification="piel amarrilla">ictericia</effect>
  e
  <effect gate:gateId="2182" rule="Effect" Simplification="insuficiencia hepática">insuficiencia hepática</effect>
  . Elevaciones asintomáticas de las transaminasas séricas (SGOT y SGPT) han sido comunicadas con muy poca frecuencia (0,8%). Estas alteraciones aparecieron normalmente en las primeras nueve semanas del tratamiento y desaparecieron rápidamente tras la interrupción del mismo. Trastornos del sistema inmunológico: Reacciones alérgicas y
  <effect gate:gateId="2183" rule="Effect" Simplification="reacción alérgica">reacción anafilactoide</effect>
  . Exploraciones complementarias: Resultados clínicos de laboratorio anómalos, de alteración de la función plaquetaria, niveles séricos de colesterol elevados,
  <effect gate:gateId="2184" rule="Effect" Simplification="aumento de peso">aumento de peso</effect>
  y
  <effect gate:gateId="2185" rule="Effect" Simplification="___">pérdida de peso.</effect>
  MINISTERIO Trastornos renales y urinarios: Incontinencia urinaria y
  <effect gate:gateId="2186" rule="Effect" Simplification="retención urinaria">retención urinaria</effect>
  . Trastornos de la piel y del tejido subcutáneo: Alopecia,
  <effect gate:gateId="2187" rule="Effect" Simplification="hinchazón debajo de la piel">angioedema</effect>
  ,
  <effect gate:gateId="2188" rule="Effect" Simplification="hinchazón">edema</effect>
  facial,
  <effect gate:gateId="2189" rule="Effect" Simplification="hinchazón alrededor de los ojos">edema periorbital</effect>
  ,
  <effect gate:gateId="2190" rule="Effect" Simplification="intolerancia a la luz">reacción de fotosensibilidad</effect>
  ,
  <effect gate:gateId="2191" rule="Effect" Simplification="picazón">prurito</effect>
  , púrpura,
  <effect gate:gateId="2192" rule="Effect" Simplification="urticaria">urticaria</effect>
  y
  <effect gate:gateId="2193" rule="Effect" Simplification="enrojecimiento">eritema</effect>
  incluyendo comunicaciones poco frecuentes de trastornos exfoliativos serios de la piel como por ejemplo: Síndrome de Stevens-Johnson y
  <effect gate:gateId="2194" rule="Effect" Simplification="enfermedad de la piel">necrolisis epidérmica tóxica</effect>
  .. Trastornos del aparato reproductor y de la mama: Ginecomastia, irregularidades en la menstruación y
  <effect gate:gateId="2195" rule="Effect" Simplification="dolor en el pene">priapismo</effect>
  . Trastornos respiratorios, torácicos y mediastínicos: Broncoespasmos y
  <effect gate:gateId="2196" rule="Effect" Simplification="bostezos">bostezos</effect>
  . Otros: Síntomas de retirada observadas durante la suspensión del tratamiento con ISRS: La retirada de ISRS (particularmente si se realiza de forma brusca) se asocia frecuentemente con la aparición de síntomas de retirada. Los síntomas de retirada comunicados con mayor frecuencia son
  <effect gate:gateId="2197" rule="Effect" Simplification="mareo">mareos</effect>
  , alteraciones sensoriales (incluyendo
  <effect gate:gateId="2198" rule="Effect" Simplification="cosquilleo">parestesia</effect>
  ),
  <effect gate:gateId="2199" rule="Effect" Simplification="alteraciones del sueño">alteraciones del sueño</effect>
  (incluyendo
  <effect gate:gateId="2200" rule="Effect" Simplification="insomnio">insomnio</effect>
  y
  <effect gate:gateId="2201" rule="Effect" Simplification="pesadillas">pesadillas</effect>
  ),
  <effect gate:gateId="2202" rule="Effect" Simplification="agitación">agitación</effect>
  o
  <effect gate:gateId="2203" rule="Effect" Simplification="ansiedad">ansiedad</effect>
  ,
  <effect gate:gateId="2204" rule="Effect" Simplification="náuseas">náuseas</effect>
  y/o
  <effect gate:gateId="2205" rule="Effect" Simplification="vómitos">vómitos</effect>
  ,
  <effect gate:gateId="2206" rule="Effect" Simplification="temblor">temblor</effect>
  y
  <effect gate:gateId="2207" rule="Effect" Simplification="dolor de cabeza">cefalea</effect>
  (Ver sección 4.2 y sección 4.4). El perfil de efectos secundarios comúnmente observado en los estudios doble
  <effect gate:gateId="2208" rule="Effect" Simplification="ciego">ciego</effect>
  y bien controlados en pacientes con TOC, trastorno de pánico y TEP, fue similar al observado en los ensayos clínicos en pacientes con
  <effect gate:gateId="2209" rule="Effect" Simplification="___">depresión.</effect>
</paragraph>
