<?xml version="1.0" encoding="UTF-8"?>
<paragraph xmlns:gate="http://www.gate.ac.uk" gate:gateId="0" gate:annotMaxId="274">
  Los acontecimientos adversos más frecuentes son:
  <effect gate:gateId="260" rule="Effect" Simplification="diarrea">diarrea</effect>
  ,
  <effect gate:gateId="261" rule="Effect" Simplification="calambres musculares">calambres musculares</effect>
  ,
  <effect gate:gateId="262" rule="Effect" Simplification="fatiga ">fatiga</effect>
  ,
  <effect gate:gateId="263" rule="Effect" Simplification="náuseas">náuseas</effect>
  ,
  <effect gate:gateId="264" rule="Effect" Simplification="vómitos">vómitos</effect>
  e
  <effect gate:gateId="265" rule="Effect" Simplification="insomnio">insomnio</effect>
  . A continuación se relacionan las reacciones adversas que se han notificado en más de un solo caso aislado ordenadas por sistema de órganos y frecuencia. Las frecuencias se definen como: frecuentes (1/100, &lt;1/10), poco frecuentes (1/1.000, &lt;1/100) y raras (1/10.000, &lt;1/1.000). Clase de sistema de Frecuentes Poco frecuentes Raras órganos Exploraciones Pequeño incremento en la complementarias concentración sérica de la Trastornos cardiacos Bradicardia Bloqueo sinoauricular Trastornos del Síncope* Convulsiones* Síntomas extrapiramidales sistema
  <effect gate:gateId="266" rule="Effect" Simplification="nervioso">nervioso</effect>
  Mareos Trastornos Diarrea Hemorragia gastrointestinales Vómitos gastrointestinal Trastornos Calambres musculares musculoesqueléticos y del tejido conjuntivo Trastornos del Anorexia metabolismo y de la nutrición Infecciones e Resfriado común infestaciones Lesiones Accidentes traumáticas, intoxicaciones y complicaciones de procedimientos terapéuticos Trastornos generales Dolor de cabeza y alteraciones en el Fatiga lugar de Dolor administración Trastornos Disfunción hepática que hepatobiliares incluye
  <effect gate:gateId="267" rule="Effect" Simplification="hepatitis">hepatitis</effect>
  *** Trastornos Alucinaciones** psiquiátricos Agitación** * En la investigación en pacientes de
  <effect gate:gateId="268" rule="Effect" Simplification="desmayo">síncope</effect>
  o de
  <effect gate:gateId="269" rule="Effect" Simplification="ataque">convulsiones</effect>
  , debería considerarse la posibilidad de aparición de
  <effect gate:gateId="270" rule="Effect" Simplification="bloqueo cardiaco">bloqueo cardiaco</effect>
  o pausas sinusales prolongadas **Los casos de
  <effect gate:gateId="271" rule="Effect" Simplification="alucinaciones">alucinaciones</effect>
  ,
  <effect gate:gateId="272" rule="Effect" Simplification="agitación">agitación</effect>
  y
  <effect gate:gateId="273" rule="Effect" Simplification="conducta agresiva">conducta agresiva</effect>
  se han resuelto al reducir la dosis o interrumpir el tratamiento *** En casos de disfunción hepática de origen desconocido, se debe considerar la suspensión del tratamiento.
</paragraph>
