<?xml version="1.0" encoding="UTF-8"?>
<paragraph xmlns:gate="http://www.gate.ac.uk" gate:gateId="0" gate:annotMaxId="2210">
  Hemodiálisis Durante la diálisis la
  <effect gate:gateId="2113" rule="Effect" Simplification="presión">presión</effect>
  arterial puede ser especialmente sensible al bloqueo de los receptores AT1 como resultado de la reducción del volumen plasmático y la activación del sistema renina- angiotensina-aldosterona. Por lo tanto, debe ajustarse cuidadosamente la dosis de Atacand mediante una monitorización minuciosa de la
  <effect gate:gateId="2114" rule="Effect" Simplification="presión">presión</effect>
  arterial en pacientes sometidos a hemodiálisis. Estenosis de la arteria renal: Otros fármacos que afectan el sistema renina-angiotensina-aldosterona, por ejemplo los fármacos inhibidores de la enzima conversora de la angiotensina (IECA), pueden incrementar la urea sanguínea y la creatinina sérica en pacientes con
  <effect gate:gateId="2115" rule="Effect" Simplification="problemas en los riñones">estenosis de la arteria renal</effect>
  bilateral o unilateral en casos de riñón único. Cabe esperar un efecto similar con antagonistas de los receptores de la angiotensina II. Transplantados renales No se dispone de experiencia en la administración de Atacand a pacientes sometidos a trasplante renal reciente. Hipotensión MINISTERIO En pacientes con insuficiencia cardíaca puede producirse
  <effect gate:gateId="2116" rule="Effect" Simplification="presión arterial baja">hipotensión</effect>
  durante el tratamiento con Atacand. Como se ha descrito para otros agentes que actúan sobre el sistema renina-angiotensina-aldosterona, esto también puede producirse en pacientes hipertensos con una reducción del volumen intravascular; por ejemplo, en aquellos pacientes que reciben dosis altas de diuréticos. Debe tenerse precaución al iniciar el tratamiento e intentar corregir la
  <effect gate:gateId="2117" rule="Effect" Simplification="disminución de sangre">hipovolemia</effect>
  . Anestesia y cirugía En los pacientes tratados con antagonistas de la angiotensina II, puede aparecer
  <effect gate:gateId="2118" rule="Effect" Simplification="presión arterial baja">hipotensión</effect>
  durante la
  <effect gate:gateId="2119" rule="Effect" Simplification="anestesia">anestesia</effect>
  y la cirugía debido al bloqueo del sistema renina-angiotensina. Muy raramente, la
  <effect gate:gateId="2120" rule="Effect" Simplification="presión arterial baja">hipotensión</effect>
  puede ser tan grave como para requerir la administración de fluidos intravenosos y/o vasopresores. Estenosis aórtica y de la válvula mitral (
  <effect gate:gateId="2121" rule="Effect" Simplification="enfermedad cardiaca">cardiomiopatía hipertrófica</effect>
  obstructiva) Al igual que con otros vasodilatadores, debe tenerse especial precaución en pacientes con estenosis aórtica o de la válvula mitral hemodinámicamente importante, o con
  <effect gate:gateId="2122" rule="Effect" Simplification="enfermedad cardiaca">cardiomiopatía hipertrófica</effect>
  obstructiva. Hiperaldosteronismo primario Generalmente, los pacientes con
  <effect gate:gateId="2123" rule="Effect" Simplification="exceso de hormonas">hiperaldosteronismo primario</effect>
  no responden a fármacos antihipertensivos que actúan mediante la inhibición del sistema renina-angiotensina-aldosterona. Por ello, no se recomienda el uso de Atacand. Hiperpotasemia En base a la experiencia con el uso de otros fármacos que afectan al sistema renina-angiotensina- aldosterona, el uso concomitante de Atacand y diuréticos ahorradores de
  <drug gate:gateId="2124" rule="Drug">potasio</drug>
  , suplementos de
  <drug gate:gateId="2125" rule="Drug">potasio</drug>
  , sustitutos de la sal que contengan
  <drug gate:gateId="2126" rule="Drug">potasio</drug>
  u otros fármacos que puedan causar un aumento de los niveles de
  <drug gate:gateId="2127" rule="Drug">potasio</drug>
  (como la heparina) pueden dar lugar a un incremento del
  <drug gate:gateId="2128" rule="Drug">potasio</drug>
  sérico en pacientes hipertensos. En pacientes con insuficiencia cardíaca tratados con Atacand puede producirse
  <effect gate:gateId="2129" rule="Effect" Simplification="aumento de hormonas de lactancia">hiperpotasemia</effect>
  . Durante el tratamiento con Atacand en pacientes con insuficiencia cardíaca se recomienda el control periódico de
  <drug gate:gateId="2130" rule="Drug">potasio</drug>
  sérico, especialmente cuando se administra de forma concomitante con inhibidores de la ECA y diuréticos ahorradores de
  <drug gate:gateId="2131" rule="Drug">potasio</drug>
  , como la
  <drug gate:gateId="2132" rule="Drug">espironolactona</drug>
  . General En pacientes en los que el tono vascular y la función renal dependan predominantemente de la actividad del sistema renina-angiotensina-aldosterona (p.ej. pacientes con insuficiencia cardíaca congestiva grave o
  <effect gate:gateId="2133" rule="Effect" Simplification="enfermedad de los riñones">enfermedad renal</effect>
  subyacente, incluyendo
  <effect gate:gateId="2134" rule="Effect" Simplification="problemas en los riñones">estenosis de la arteria renal</effect>
  ), el tratamiento con otros fármacos que afectan este sistema se ha asociado a
  <effect gate:gateId="2135" rule="Effect" Simplification="presión baja">hipotensión aguda</effect>
  ,
  <effect gate:gateId="2136" rule="Effect" Simplification="nitrógeno en la sangre">azotemia</effect>
  ,
  <effect gate:gateId="2137" rule="Effect" Simplification="disminución de orina">oliguria</effect>
  , o raramente,
  <effect gate:gateId="2138" rule="Effect" Simplification="insuficiencia renal">insuficiencia renal aguda</effect>
  . La posibilidad de efectos similares no puede excluirse con antagonistas de receptores de la angiotensina II. Al igual que con otros agentes antihipertensivos, un descenso excesivo de la
  <effect gate:gateId="2139" rule="Effect" Simplification="tensión">tensión</effect>
  arterial en pacientes con
  <effect gate:gateId="2140" rule="Effect" Simplification="enfermedad cardiaca">cardiopatía isquémica</effect>
  o
  <effect gate:gateId="2141" rule="Effect" Simplification="enfermedad">enfermedad</effect>
  cerebrovascular isquémica puede provocar
  <effect gate:gateId="2142" rule="Effect" Simplification="infarto">infarto de miocardio</effect>
  o
  <effect gate:gateId="2143" rule="Effect" Simplification="accidente">accidente</effect>
  vascular cerebral. Los pacientes con problemas hereditarios raros como
  <effect gate:gateId="2144" rule="Effect" Simplification="intolerancia a la lactosa">intolerancia a la galactosa</effect>
  , insuficiencia de lactasa Lapp o malabsorción de glucosa-galactosa no deben tomar este medicamento. 4.5 Interacción con otros medicamentos y otras formas de
  <effect gate:gateId="2145" rule="Effect" Simplification="interacción">interacción</effect>
  No se han identificado interacciones farmacológicas de significación clínica. MINISTERIO Los compuestos que se han evaluado durante los estudios de farmacocinética clínica incluyen
  <drug gate:gateId="2146" rule="Drug">hidroclorotiazida</drug>
  ,
  <drug gate:gateId="2147" rule="Drug">warfarina</drug>
  , digoxina, anticonceptivos orales, (etinilestradiol/
  <drug gate:gateId="2148" rule="Drug">levonorgestrel</drug>
  ), glibenclamida, nifedipino y
  <drug gate:gateId="2149" rule="Drug">enalapril</drug>
  . Candesartán es eliminado solamente en baja proporción por el metabolismo hepático (CYP2C9). Los estudios de
  <effect gate:gateId="2150" rule="Effect" Simplification="interacción">interacción</effect>
  disponibles no muestran que exista un efecto sobre el CYP2C9 ni CYP3A4, aunque todavía se desconoce el efecto sobre los restantes isoenzimas del citocromo P450. La administración de otros medicamentos con propiedades antihipertensivas, que puedan ser prescritos como antihipertensivos o para otras indicaciones, puede aumentar el efecto antihipertensivo de
  <drug gate:gateId="2151" rule="Drug">candesartán</drug>
  . En base a la experiencia con el uso de otros fármacos que afectan al sistema renina-angiotensina- aldosterona, el uso concomitante de diuréticos ahorradores de
  <drug gate:gateId="2152" rule="Drug">potasio</drug>
  , los suplementos de
  <drug gate:gateId="2153" rule="Drug">potasio</drug>
  , los sustitutos de la sal que contengan
  <drug gate:gateId="2154" rule="Drug">potasio</drug>
  u otros fármacos que puedan causar un aumento de los niveles de
  <drug gate:gateId="2155" rule="Drug">potasio</drug>
  (como la heparina) pueden dar lugar a un incremento del
  <drug gate:gateId="2156" rule="Drug">potasio</drug>
  sérico. Se han descrito aumentos reversibles de las concentraciones séricas de
  <drug gate:gateId="2157" rule="Drug">litio</drug>
  y su toxicidad durante la administración concomitante de
  <drug gate:gateId="2158" rule="Drug">litio</drug>
  con inhibidores de la ECA. Un efecto similar puede producirse con antagonistas de los receptores de la angiotensina II, recomendándose un cuidadoso control de los niveles séricos de
  <drug gate:gateId="2159" rule="Drug">litio</drug>
  durante el uso concomitante. Cuando se administran de forma concomitante fármacos antagonistas de los receptores de la angiotensina II y antiinflamatorios no esteroideos (como inhibidores selectivos de la COX-2, ácido acetilsalicílico (&gt;3 g/día) y AINEs no selectivos) puede disminuir el efecto antihipertensivo. Al igual que ocurre con los inhibidores de la ECA, el uso concomitante de antagonistas de los receptores de la angiotensina II y AINEs, puede provocar un aumento del riesgo de
  <effect gate:gateId="2160" rule="Effect" Simplification="alteración renal">empeoramiento de la función renal</effect>
  , incluyendo una posible
  <effect gate:gateId="2161" rule="Effect" Simplification="insuficiencia renal">insuficiencia renal aguda</effect>
  , y un aumento del
  <drug gate:gateId="2162" rule="Drug">potasio</drug>
  sérico, especialmente en pacientes con trastornos previos de la función renal. La combinación debe administrarse con precaución, especialmente en pacientes ancianos. Los pacientes deben estar adecuadamente hidratados y se evaluará la necesidad de controlar la función renal tras el inicio del tratamiento concomitante y posteriormente, de forma periódica. La biodisponibilidad del
  <drug gate:gateId="2163" rule="Drug">candesartán</drug>
  no se afecta con la comida. 4.6 Embarazo y lactancia Uso durante el
  <effect gate:gateId="2164" rule="Effect" Simplification="embarazo">embarazo</effect>
  : Se dispone de información muy limitada acerca del uso de Atacand en mujeres embarazadas. Estos datos son insuficientes para permitir establecer conclusiones sobre el riesgo potencial para el feto cuando se emplea durante el primer trimestre. En los seres humanos, la perfusión renal fetal, que depende del desarrollo del sistema renina-angiotensina-aldosterona, se inicia durante el segundo trimestre. Por lo tanto, el riesgo para el feto se ve incrementado si se administra Atacand durante el segundo y
  <effect gate:gateId="2165" rule="Effect" Simplification="tercer trimestre del embarazo">tercer trimestre del embarazo</effect>
  . Los fármacos que actúan directamente sobre el sistema renina-angiotensina pueden causar daños fetales y neonatales (
  <effect gate:gateId="2166" rule="Effect" Simplification="presión arterial baja">hipotensión</effect>
  ,
  <effect gate:gateId="2167" rule="Effect" Simplification="insuficiencia renal ">insuficiencia renal</effect>
  ,
  <effect gate:gateId="2168" rule="Effect" Simplification="disminución de orina">oliguria</effect>
  y/o
  <effect gate:gateId="2169" rule="Effect" Simplification="poca o nula producción de orina">anuria</effect>
  ,
  <effect gate:gateId="2170" rule="Effect" Simplification="poco líquido amniótico">oligohidramnios</effect>
  ,
  <effect gate:gateId="2171" rule="Effect" Simplification="disminución del tamaño del cráneo">hipoplasia craneal</effect>
  ,
  <effect gate:gateId="2172" rule="Effect" Simplification="retraso en el crecimiento intrauterino">retraso en el crecimiento intrauterino</effect>
  ) y
  <effect gate:gateId="2173" rule="Effect" Simplification="muerte">muerte</effect>
  cuando se administran durante el segundo y
  <effect gate:gateId="2174" rule="Effect" Simplification="tercer trimestre del embarazo">tercer trimestre del embarazo</effect>
  . Se han descrito también casos de
  <effect gate:gateId="2175" rule="Effect" Simplification="anomalía del desarrollo pulmonar">hipoplasia pulmonar</effect>
  , anomalías faciales y contracturas de las extremidades. MINISTERIO En estudios en animales realizados con
  <drug gate:gateId="2176" rule="Drug">candesartán</drug>
  cilexetilo se han observado lesiones renales durante la última fase de desarrollo fetal y en neonatos. Este efecto se cree debido a la acción farmacológica sobre el sistema renina-angiotensina-aldosterona. De acuerdo a lo expuesto anteriormente, Atacand no deberá administrarse durante el
  <effect gate:gateId="2177" rule="Effect" Simplification="embarazo">embarazo</effect>
  . En el caso de que la paciente quede
  <effect gate:gateId="2178" rule="Effect" Simplification="embarazada">embarazada</effect>
  durante el tratamiento con Atacand, éste deberá interrumpirse (ver apartado 4.3 Contraindicaciones). Uso en lactancia: No se conoce si el
  <drug gate:gateId="2179" rule="Drug">candesartán</drug>
  pasa a la leche materna en humanos. Sin embargo, el
  <drug gate:gateId="2180" rule="Drug">candesartán</drug>
  se excreta en la leche en ratas en periodo de lactación. Debido al potencial de efectos adversos en el lactante, Atacand no deberá administrarse durante la
  <effect gate:gateId="2181" rule="Effect" Simplification="lactancia materna">lactancia materna</effect>
  (ver apartado 4.3 Contraindicaciones). 4.7 Efectos sobre la capacidad para conducir y utilizar máquinas El efecto de Atacand sobre la capacidad para conducir y utilizar maquinaria no ha sido estudiado, pero en base a sus propiedades farmacodinámicas, es improbable que Atacand afecte esta capacidad. Al conducir vehículos o utilizar maquinaria, deberá tenerse presente que durante el tratamiento puede producirse
  <effect gate:gateId="2182" rule="Effect" Simplification="desmayo">desvanecimiento</effect>
  o
  <effect gate:gateId="2183" rule="Effect" Simplification="___">cansancio.</effect>
  4.8 Reacciones adversas Tratamiento de la
  <effect gate:gateId="2184" rule="Effect" Simplification="presión arterial alta">hipertensión</effect>
  Los acontecimientos adversos ocurridos durante los ensayos clínicos controlados fueron leves y transitorios y comparables a los ocurridos durante el tratamiento con placebo. La incidencia global de acontecimientos adversos no mostró relación con la dosis o la edad. Los abandonos durante el tratamiento debidos a acontecimientos adversos fueron similares con
  <drug gate:gateId="2185" rule="Drug">candesartán</drug>
  cilexetilo (3,1%) y placebo (3,2%). En un análisis conjunto de los datos de los ensayos clínicos, se observaron las siguientes reacciones adversas frecuentes (&gt;1/100) con
  <drug gate:gateId="2186" rule="Drug">candesartán</drug>
  cilexetilo en base a una incidencia de reacciones adversas con
  <drug gate:gateId="2187" rule="Drug">candesartán</drug>
  cilexetilo de al menos 1% mayor que la incidencia observada con placebo: Trastornos del sistema
  <effect gate:gateId="2188" rule="Effect" Simplification="nervioso">nervioso</effect>
  : Mareo/
  <effect gate:gateId="2189" rule="Effect" Simplification="mareo y vértigo">vértigo</effect>
  ,
  <effect gate:gateId="2190" rule="Effect" Simplification="dolor de cabeza">cefalea</effect>
  Infecciones e infestaciones: Infección respiratoria Resultados analíticos: En general, no se han observado que Atacand produzca alteraciones clínicamente importantes sobre los parámetros de laboratorio habituales. Al igual que con otros inhibidores del sistema renina-angiotensina-aldosterona, se han observado pequeños descensos de hemoglobina. Se han observado aumentos de creatinina, urea o
  <drug gate:gateId="2191" rule="Drug">potasio</drug>
  y descensos de sodio. Algunos acontecimientos adversos, como incrementos en S-ALAT (S-GPT), se han notificado de forma ligeramente más frecuente con Atacand que con placebo (1,3% frente a 0,5%). Normalmente no es necesaria la monitorización rutinaria de los parámetros de laboratorio en pacientes que están tomando Atacand. Sin embargo, en pacientes con
  <effect gate:gateId="2192" rule="Effect" Simplification="insuficiencia renal ">insuficiencia renal</effect>
  , se recomienda la monitorización periódica de los niveles de
  <drug gate:gateId="2193" rule="Drug">potasio</drug>
  sérico y de creatinina. Tratamiento de la insuficiencia cardíaca El perfil de acontecimientos adversos de Atacand en pacientes con insuficiencia cardíaca es consistente con la farmacología del fármaco y el estado del paciente. En el programa de ensayos clínicos CHARM, en el que se comparó Atacand en dosis de hasta 32 mg (n=3.803) con placebo (n=3.796), el 21,0% del grupo de
  <drug gate:gateId="2194" rule="Drug">candesartán</drug>
  cilexetilo y el 16,1% del grupo placebo interrumpieron el tratamiento debido a acontecimientos adversos. Las reacciones adversas frecuentemente observadas (1/100, &lt;1/10) fueron: Trastornos vasculares: Hipotensión Trastornos del metabolismo y de la nutrición: Hiperpotasemia Trastornos renales y urinarios: Insuficiencia renal Resultados analíticos: Aumento de la concentración de creatinina, urea y
  <drug gate:gateId="2195" rule="Drug">potasio</drug>
  . Se recomienda el control periódico de los niveles séricos de creatinina y
  <drug gate:gateId="2196" rule="Drug">potasio</drug>
  (ver apartado 4.4 Advertencias y precauciones especiales de empleo). Post-comercialización Durante su comercialización, se han notificado muy raramente (&lt;1/10.000) las siguientes reacciones adversas: Trastornos de la sangre y del sistema linfático: Leucopenia,
  <effect gate:gateId="2197" rule="Effect" Simplification="problemas en la sangre">neutropenia</effect>
  y
  <effect gate:gateId="2198" rule="Effect" Simplification="poca producción de defensas en la sangre">agranulocitosis</effect>
  . Trastornos del metabolismo y de la nutrición: Hiperpotasemia,
  <effect gate:gateId="2199" rule="Effect" Simplification="problemas en la sangre">hiponatremia</effect>
  . Trastornos del sistema
  <effect gate:gateId="2200" rule="Effect" Simplification="nervioso">nervioso</effect>
  : Mareo,
  <effect gate:gateId="2201" rule="Effect" Simplification="dolor de cabeza">cefalea</effect>
  . Trastornos gastrointestinales: Náuseas. Trastornos hepato-biliares: Aumento de enzimas hepáticas,
  <effect gate:gateId="2202" rule="Effect" Simplification="problemas en el hígado">función hepática anormal</effect>
  o
  <effect gate:gateId="2203" rule="Effect" Simplification="hepatitis">hepatitis</effect>
  . Trastornos de la piel y del tejido subcutáneo: Angioedema,
  <effect gate:gateId="2204" rule="Effect" Simplification="inflamación">erupción cutánea</effect>
  ,
  <effect gate:gateId="2205" rule="Effect" Simplification="urticaria">urticaria</effect>
  ,
  <effect gate:gateId="2206" rule="Effect" Simplification="picazón">prurito</effect>
  . Trastornos musculoesqueléticos, del tejido conjuntivo y óseos: Dolor de espalda,
  <effect gate:gateId="2207" rule="Effect" Simplification="dolor articular">artralgia</effect>
  ,
  <effect gate:gateId="2208" rule="Effect" Simplification="dolor muscular">mialgia</effect>
  . Trastornos renales y urinarios: Alteración renal, incluyendo
  <effect gate:gateId="2209" rule="Effect" Simplification="insuficiencia renal ">insuficiencia renal</effect>
  en pacientes sensibles (ver apartado 4.4 Advertencias y precauciones especiales de empleo).
</paragraph>
