<?xml version="1.0" encoding="UTF-8"?>
<paragraph xmlns:gate="http://www.gate.ac.uk" gate:gateId="0" gate:annotMaxId="493">
  Basándose en una experiencia clínica muy amplia que incluye tratamiento de larga duración, ATORNIL es generalmente bien tolerado. A continuación se listan los efectos adversos observados asociados con el uso de ATORNIL: Trastornos hematológicos: · Poco frecuentes (&gt; 1/1.000, &lt; 1/100): Disminución ligera del recuento de neutrofilos o/y trombocitos. Trastornos endocrinos: · Poco frecuentes (&gt; 1/1.000, &lt; 1/100): Aumento dosis-dependiente de las concentraciones plasmáticas de prolactina (por lo cual pueden manifestarse
  <effect gate:gateId="462" rule="Effect" Simplification="anormal producción de leche materna">galactorrea</effect>
  ,
  <effect gate:gateId="463" rule="Effect" Simplification="enfermedades del seno">ginecomastia</effect>
  ,
  <effect gate:gateId="464" rule="Effect" Simplification="alteraciones del ciclo menstrual">alteraciones del ciclo menstrual</effect>
  y amenorreas),
  <effect gate:gateId="465" rule="Effect" Simplification="intoxicación">intoxicación</effect>
  acuosa (bien debido a
  <effect gate:gateId="466" rule="Effect" Simplification="aumento de la sed">polidipsia</effect>
  psicogénica o bien al síndrome de secreción inapropiada de la hormona antidiurética (SIADH)). Trastornos metabólicos y de la nutrición: · Poco frecuentes (&gt; 1/1.000, &lt; 1/100): Aumento de peso. · Muy raros (&lt; 1/10.000):
  <effect gate:gateId="467" rule="Effect" Simplification="alto nivel de azucar">hiperglucemia</effect>
  o exacerbación de una
  <effect gate:gateId="468" rule="Effect" Simplification="diabetes">diabetes mellitus</effect>
  preexistente. Trastornos del Sistema Nervioso: · Frecuentes (&gt; 1/100, &lt; 1/10): Insomnio,
  <effect gate:gateId="469" rule="Effect" Simplification="agitación">agitación</effect>
  ,
  <effect gate:gateId="470" rule="Effect" Simplification="ansiedad">ansiedad</effect>
  , jaqueca, episodios isquémicos cerebrales en pacientes con
  <effect gate:gateId="471" rule="Effect" Simplification="demencia">demencia</effect>
  (ver apartado 4.4 Advertencias y precauciones especiales de empleo). · Poco frecuentes (&gt; 1/1.000, &lt; 1/100): Somnolencia,
  <effect gate:gateId="472" rule="Effect" Simplification="fatiga ">fatiga</effect>
  ,
  <effect gate:gateId="473" rule="Effect" Simplification="visión borrosa">visión borrosa</effect>
  ,
  <effect gate:gateId="474" rule="Effect" Simplification="mareo">mareos</effect>
  , falta de concentración,
  <effect gate:gateId="475" rule="Effect" Simplification="síntomas musculares">síntomas extrapiramidales</effect>
  (
  <effect gate:gateId="476" rule="Effect" Simplification="temblor">temblores</effect>
  ,
  <effect gate:gateId="477" rule="Effect" Simplification="rigidez">rigidez</effect>
  ,
  <effect gate:gateId="478" rule="Effect" Simplification="salivación">hipersalivación</effect>
  ,
  <effect gate:gateId="479" rule="Effect" Simplification="lentitud de los movimientos">bradicinesia</effect>
  ,
  <effect gate:gateId="480" rule="Effect" Simplification="incapacidad de quedarse quieto">acatisia</effect>
  , distonia aguda; estos síntomas son dependientes de la dosis y suelen revertir al disminuir la dosis y/o al administrar, en caso de ser necesario, medicación antiparkinsoniana),
  <effect gate:gateId="481" rule="Effect" Simplification="movimientos anormales">discinesia tardía</effect>
  ,
  <effect gate:gateId="482" rule="Effect" Simplification="trastorno peligroso">síndrome neuroléptico maligno</effect>
  , alteración de la regulación de la temperatura corporal y
  <effect gate:gateId="483" rule="Effect" Simplification="___">convulsiones.</effect>
  Trastornos vasculares: · Poco frecuentes (&gt; 1/1.000, &lt; 1/100): Hipotensión (ortostática) y
  <effect gate:gateId="484" rule="Effect" Simplification="alteración del ritmo cardíaco">taquicardia</effect>
  (refleja a la
  <effect gate:gateId="485" rule="Effect" Simplification="presión arterial baja">hipotensión</effect>
  ), o
  <effect gate:gateId="486" rule="Effect" Simplification="presión arterial alta">hipertensión</effect>
  (ver precauciones). Trastornos gastrointestinales: · Poco frecuentes (&gt; 1/1.000, &lt; 1/100): Estreñimiento,
  <effect gate:gateId="487" rule="Effect" Simplification="enfermedades del estómago ">dispepsia</effect>
  ,
  <effect gate:gateId="488" rule="Effect" Simplification="náuseas">náuseas</effect>
  /
  <effect gate:gateId="489" rule="Effect" Simplification="vómitos">vómitos</effect>
  ,
  <effect gate:gateId="490" rule="Effect" Simplification="dolor abdominal">dolor abdominal</effect>
  . Trastornos hepatobiliares: · Poco frecuentes (&gt; 1/1.000, &lt; 1/100): Aumento de los niveles de enzimas Trastornos de la piel y el tejido subcutáneo: · Poco frecuentes (&gt; 1/1.000, &lt; 1/100): Edema,
  <effect gate:gateId="491" rule="Effect" Simplification="alteración de la piel">rash</effect>
  ,
  <effect gate:gateId="492" rule="Effect" Simplification="inflamación en las fosas nasales">rinitis</effect>
  , otras Trastornos renales y urinarios: · Poco frecuentes (&gt; 1/1.000, &lt; 1/100): Incontinencia urinaria. Trastornos sexuales y del sistema reproductivo: · Poco frecuentes (&gt; 1/1.000, &lt; 1/100): Priapismo, disfunción de la
</paragraph>
