<?xml version="1.0" encoding="UTF-8"?>
<paragraph xmlns:gate="http://www.gate.ac.uk" gate:gateId="0" gate:annotMaxId="622">
  Menos de un 2% de los pacientes, abandonaron los ensayos clínicos a causa de los efectos secundarios atribuidos a Atorvastatina ALTER GENÉRICOS. En base a los datos de los estudios clínicos y de la amplia experiencia post- comercialización, se presenta a continuación el perfil de reacciones adversas de Atorvastatina ALTER GENÉRICOS. Se ordenan las frecuencias estimadas para reacciones adversas de acuerdo con el siguiente criterio: frecuente (1/100, &lt; 1/10), poco frecuente (1/1.000, &lt;1/100); rara (1/10.000, &lt;1/1.000); muy rara (1/10.000). Trastornos gastrointestinales Frecuentes:
  <effect gate:gateId="576" rule="Effect" Simplification="estreñimiento">estreñimiento</effect>
  ,
  <effect gate:gateId="577" rule="Effect" Simplification="flatulencia">flatulencia</effect>
  , dispesia, nauseas,
  <effect gate:gateId="578" rule="Effect" Simplification="___">diarrea.</effect>
  Poco frecuentes:
  <effect gate:gateId="579" rule="Effect" Simplification="trastornos de la alimentación ">anorexia</effect>
  ,
  <effect gate:gateId="580" rule="Effect" Simplification="___">vómitos.</effect>
  MINISTERIO Trastornos hemáticos y linfáticos Poco frecuente:
  <effect gate:gateId="581" rule="Effect" Simplification="problemas de coagulación">trombocitopenia</effect>
  . Trastornos del sistema inmunológico Frecuente: reacciones alérgicas. Muy rara:
  <effect gate:gateId="582" rule="Effect" Simplification="anafilaxia">anafilaxia</effect>
  . Trastornos endocrinos Poco frecuentes:
  <effect gate:gateId="583" rule="Effect" Simplification="pérdida de cabello ">alopecia</effect>
  ,
  <effect gate:gateId="584" rule="Effect" Simplification="alto nivel de azucar">hiperglucemia</effect>
  ,
  <effect gate:gateId="585" rule="Effect" Simplification="poca azúcar en la sangre">hipoglucemia</effect>
  ,
  <effect gate:gateId="586" rule="Effect" Simplification="pancreatitis">pancreatitis</effect>
  . Psiquíatricos Frecuente:
  <effect gate:gateId="587" rule="Effect" Simplification="insomnio">insomnio</effect>
  . Poco frecuente:
  <effect gate:gateId="588" rule="Effect" Simplification="amnesia">amnesia</effect>
  . Trastornos del sistema
  <effect gate:gateId="589" rule="Effect" Simplification="nervioso">nervioso</effect>
  Frecuentes:
  <effect gate:gateId="590" rule="Effect" Simplification="dolor de cabeza">dolor de cabeza</effect>
  ,
  <effect gate:gateId="591" rule="Effect" Simplification="mareo">mareo</effect>
  ,
  <effect gate:gateId="592" rule="Effect" Simplification="cosquilleo">parestesias</effect>
  ,
  <effect gate:gateId="593" rule="Effect" Simplification="entumecimiento">hipoestesia</effect>
  . Poco frecuente:
  <effect gate:gateId="594" rule="Effect" Simplification="insuficiencia en los nervios del cerebro">neuropatía periférica</effect>
  . Muy raras:
  <effect gate:gateId="595" rule="Effect" Simplification="mal sabor">disgeusia</effect>
  Trastornos oculares Muy raras:
  <effect gate:gateId="596" rule="Effect" Simplification="alteración visual">alteración visual</effect>
  Trastornos hepato-biliares Raras:
  <effect gate:gateId="597" rule="Effect" Simplification="hepatitis">hepatitis</effect>
  ,
  <effect gate:gateId="598" rule="Effect" Simplification="problemas en los conductos biliares">ictericia colestática</effect>
  . Muy raras:
  <effect gate:gateId="599" rule="Effect" Simplification="insuficiencia hepática">insuficiencia hepática</effect>
  Piel/anejos Frecuentes:
  <effect gate:gateId="600" rule="Effect" Simplification="inflamación">erupción cutánea</effect>
  ,
  <effect gate:gateId="601" rule="Effect" Simplification="picazón">prurito</effect>
  . Poco frecuente:
  <effect gate:gateId="602" rule="Effect" Simplification="___">urticaria.</effect>
  Muy raras:
  <effect gate:gateId="603" rule="Effect" Simplification="hinchazón en la piel">edema angioneurótico</effect>
  ,
  <effect gate:gateId="604" rule="Effect" Simplification="inflamación">erupción ampollosa</effect>
  (incluyendo
  <effect gate:gateId="605" rule="Effect" Simplification="múltiples manchas rojas">eritema multiforme</effect>
  , síndrome de Stevens-Johnson y
  <effect gate:gateId="606" rule="Effect" Simplification="enfermedad de la piel">necrolisis epidérmica tóxica</effect>
  ). Trastornos del oído y del laberinto Poco frecuente:
  <effect gate:gateId="607" rule="Effect" Simplification="sonidos en el oído">acúfenos</effect>
  . Muy raros:
  <effect gate:gateId="608" rule="Effect" Simplification="pérdida de audición">pérdida de audición</effect>
  Trastornos musculoesqueléticos Frecuentes: mialgias, artralgias. Poco frecuente:
  <effect gate:gateId="609" rule="Effect" Simplification="enfermedad muscular">miopatía</effect>
  . Raras:
  <effect gate:gateId="610" rule="Effect" Simplification="inflamación de músculos">miositis</effect>
  ,
  <effect gate:gateId="611" rule="Effect" Simplification="trastorno muscular">rabdomiolisis</effect>
  ,
  <effect gate:gateId="612" rule="Effect" Simplification="calambres musculares">calambres musculares</effect>
  . Muy raros: ruptura tendinosa Trastornos del aparato reproductor y de la mama Poco frecuente:
  <effect gate:gateId="613" rule="Effect" Simplification="impotencia">impotencia</effect>
  . Muy raros:
  <effect gate:gateId="614" rule="Effect" Simplification="enfermedades del seno">ginecomastia</effect>
  Trastornos generales Frecuentes:
  <effect gate:gateId="615" rule="Effect" Simplification="fatiga">astenia</effect>
  ,
  <effect gate:gateId="616" rule="Effect" Simplification="dolor torácico">dolor torácico</effect>
  ,
  <effect gate:gateId="617" rule="Effect" Simplification="dolor de espalda">dolor de espalda</effect>
  ,
  <effect gate:gateId="618" rule="Effect" Simplification="hinchazón en la pierna">edema periférico</effect>
  ,
  <effect gate:gateId="619" rule="Effect" Simplification="___">fatiga.</effect>
  Poco frecuentes:
  <effect gate:gateId="620" rule="Effect" Simplification="malestar">malestar</effect>
  ,
  <effect gate:gateId="621" rule="Effect" Simplification="___">aumento de peso.</effect>
  Exploraciones complementarias Como con otros inhibidores de la HMG-CoA reductasa, se han notificado elevaciones en los niveles de las transaminasas séricas en los pacientes que recibían Atorvastatina ALTER GENÉRICOS. Estos cambios fueron normalmente leves, transitorios y no requirieron interrupción del tratamiento. En un 0,8% de los pacientes que recibían Atorvastatina ALTER GENÉRICOS se produjeron elevaciones clínicamente importantes (&gt;3 veces por encima del valor máximo de normalidad) de las transaminasas séricas. Estas elevaciones estuvieron relacionadas con la dosis y fueron reversibles en todos los pacientes. En ensayos clínicos, al igual que con otros inhibidores de la HMG-CoA reductasa, un 2,5% de los pacientes tratados con Atorvastatina ALTER GENÉRICOS presentaron niveles de CPK 3 veces superiores al máximo de normalidad. En un 0,4% de los pacientes tratados con Atorvastatina ALTER GENÉRICOS se observaron elevaciones en valores 10 veces superiores al límite máximo de normalidad (ver sección 4.4).
</paragraph>
