<?xml version="1.0" encoding="UTF-8"?>
<paragraph xmlns:gate="http://www.gate.ac.uk" gate:gateId="0" gate:annotMaxId="705">
  Las reacciones adversas pueden disminuir en intensidad y frecuencia con el tratamiento continuado y no conducen generalmente a la interrupción del tratamiento. Al igual que con otros ISRS se han observado las siguientes reacciones adversas: Reacciones generalizadas: Hipersensibilidad ( p. ej.
  <effect gate:gateId="640" rule="Effect" Simplification="picazón">prurito</effect>
  ,
  <effect gate:gateId="641" rule="Effect" Simplification="inflamación">erupción cutánea</effect>
  ,
  <effect gate:gateId="642" rule="Effect" Simplification="urticaria">urticaria</effect>
  ,
  <effect gate:gateId="643" rule="Effect" Simplification="reacción alérgica">reacción anafilactoide</effect>
  , vasculitis, reacción del tipo
  <effect gate:gateId="644" rule="Effect" Simplification="reacción alérgica">enfermedad del suero</effect>
  ,
  <effect gate:gateId="645" rule="Effect" Simplification="hinchazón debajo de la piel">angioedema</effect>
  ) (ver "Contraindicaciones" y "Advertencias"),
  <effect gate:gateId="646" rule="Effect" Simplification="escalofríos">escalofríos</effect>
  ,
  <effect gate:gateId="647" rule="Effect" Simplification="trastorno peligroso">síndrome serotoninérgico</effect>
  ,
  <effect gate:gateId="648" rule="Effect" Simplification="intolerancia a la luz">fotosensibilidad</effect>
  , muy raramente necrolísis epidérmica tóxica (síndrome de Lyell). Aparato digestivo: trastornos gastrointestinales (p. ej.
  <effect gate:gateId="649" rule="Effect" Simplification="diarrea">diarrea</effect>
  ,
  <effect gate:gateId="650" rule="Effect" Simplification="náuseas">náuseas</effect>
  ,
  <effect gate:gateId="651" rule="Effect" Simplification="vómitos">vómitos</effect>
  ,
  <effect gate:gateId="652" rule="Effect" Simplification="enfermedades del estómago ">dispepsia</effect>
  ,
  <effect gate:gateId="653" rule="Effect" Simplification="problemas para tragar">disfagia</effect>
  , alteración del sentido del gusto),
  <effect gate:gateId="654" rule="Effect" Simplification="sequedad de boca">sequedad de boca</effect>
  . Se han comunicado, raramente tests anormales de función hepática. Casos muy raros de
  <effect gate:gateId="655" rule="Effect" Simplification="hepatitis">hepatitis</effect>
  idiosincrática. Sistema
  <effect gate:gateId="656" rule="Effect" Simplification="nervioso">nervioso</effect>
  : Dolor de cabeza, alteraciones en el sueño (p.ej.
  <effect gate:gateId="657" rule="Effect" Simplification="sueños anormales">sueños anormales</effect>
  ,
  <effect gate:gateId="658" rule="Effect" Simplification="insomnio">insomnio</effect>
  ),
  <effect gate:gateId="659" rule="Effect" Simplification="mareo">mareos</effect>
  ,
  <effect gate:gateId="660" rule="Effect" Simplification="trastornos de la alimentación ">anorexia</effect>
  ,
  <effect gate:gateId="661" rule="Effect" Simplification="fatiga ">fatiga</effect>
  (p. ej.
  <effect gate:gateId="662" rule="Effect" Simplification="somnolencia">somnolencia</effect>
  ,
  <effect gate:gateId="663" rule="Effect" Simplification="somnolencia">sopor</effect>
  ),
  <effect gate:gateId="664" rule="Effect" Simplification="euforia">euforia</effect>
  ,
  <effect gate:gateId="665" rule="Effect" Simplification="movimientos anormales">movimientos anormales</effect>
  transitorios (p.ej.
  <effect gate:gateId="666" rule="Effect" Simplification="calambre muscular">espasmos musculares</effect>
  ,
  <effect gate:gateId="667" rule="Effect" Simplification="descoordinación muscular">ataxia</effect>
  ,
  <effect gate:gateId="668" rule="Effect" Simplification="temblor">temblor</effect>
  , mioclonia),
  <effect gate:gateId="669" rule="Effect" Simplification="ataque">convulsiones</effect>
  y
  <effect gate:gateId="670" rule="Effect" Simplification="agitación">agitación</effect>
  psicomotriz. Alucinaciones, reacciones maniacas,
  <effect gate:gateId="671" rule="Effect" Simplification="confusión">confusión</effect>
  ,
  <effect gate:gateId="672" rule="Effect" Simplification="agitación">agitación</effect>
  ,
  <effect gate:gateId="673" rule="Effect" Simplification="ansiedad">ansiedad</effect>
  y síntomas asociados (p.ej.
  <effect gate:gateId="674" rule="Effect" Simplification=" nerviosismo ">nerviosismo</effect>
  ), dificultad para la concentración y el proceso del
  <effect gate:gateId="675" rule="Effect" Simplification="pensamiento">pensamiento</effect>
  (p.ej.
  <effect gate:gateId="676" rule="Effect" Simplification="despersonalización">despersonalización</effect>
  ), ataques de pánico (estos síntomas pueden ser debidos al
  <effect gate:gateId="677" rule="Effect" Simplification="trastorno mental">trastorno mental</effect>
  subyacente), muy raramente
  <effect gate:gateId="678" rule="Effect" Simplification="trastorno peligroso">síndrome serotoninérgico</effect>
  . Aparato urogenital: Retención urinaria,
  <effect gate:gateId="679" rule="Effect" Simplification="frecuencia orinaría">polaquiuria</effect>
  . Trastornos del aparato reproductor: Disfunción sexual (retraso o
  <effect gate:gateId="680" rule="Effect" Simplification="ausencia">ausencia</effect>
  de la eyaculación,
  <effect gate:gateId="681" rule="Effect" Simplification="impotencia orgásmica">anorgasmia</effect>
  ),
  <effect gate:gateId="682" rule="Effect" Simplification="dolor en el pene">priapismo</effect>
  ,
  <effect gate:gateId="683" rule="Effect" Simplification="anormal producción de leche materna">galactorrea</effect>
  . Otros: Alopecia, bostezo,
  <effect gate:gateId="684" rule="Effect" Simplification="visión anormal">visión anormal</effect>
  (p.ej. vista borrosa,
  <effect gate:gateId="685" rule="Effect" Simplification="dilatación de pupilas">midriasis</effect>
  ), sudores,
  <effect gate:gateId="686" rule="Effect" Simplification="venas dilatadas">vasodilatación</effect>
  ,
  <effect gate:gateId="687" rule="Effect" Simplification="dolor articular">artralgia</effect>
  ,
  <effect gate:gateId="688" rule="Effect" Simplification="dolor muscular">mialgia</effect>
  ,
  <effect gate:gateId="689" rule="Effect" Simplification="presión sanguínea baja">hipotensión postural</effect>
  ,
  <effect gate:gateId="690" rule="Effect" Simplification="moretones ">equimosis</effect>
  . Se han comunicado raramente otras manifestaciones hemorrágicas (p.ej. hemorragias ginecológicas, hemorragias gastrointestinales y otras hemorragias cutáneas o mucosas). (ver `Precauciones', Hemorragias). Hiponatremia: Se ha comunicado raramente
  <effect gate:gateId="691" rule="Effect" Simplification="problemas en la sangre">hiponatremia</effect>
  (incluyendo niveles séricos de sodio por debajo de 110 mmol/
  <effect gate:gateId="692" rule="Effect" Simplification="..">l</effect>
  ) que pareció ser reversible al interrumpir el tratamiento con
  <drug gate:gateId="693" rule="Drug">fluoxetina</drug>
  . Algunos casos pudieron ser debidos al síndrome de secreción inapropiada de hormona antidiurética. La mayoría de los informes se asociaron a personas mayores y a pacientes en tratamientos con diuréticos o con
  <effect gate:gateId="694" rule="Effect" Simplification="disminución de volumen">depleción de volumen</effect>
  . Aparato respiratorio: Faringitis,
  <effect gate:gateId="695" rule="Effect" Simplification="jadeo">disnea</effect>
  . Se han comunicado raramente alteraciones pulmonares (incluyendo procesos inflamatorios de diversa histopatología y/o
  <effect gate:gateId="696" rule="Effect" Simplification="exceso de tejido">fibrosis</effect>
  ). La
  <effect gate:gateId="697" rule="Effect" Simplification="jadeo">disnea</effect>
  puede ser el único síntoma precedente. Al interrumpir el tratamiento, se han comunicado síntomas de retirada en asociación con ISRS, aunque los datos disponibles no sugieran que sea debido a
  <effect gate:gateId="698" rule="Effect" Simplification="dependencia">dependencia</effect>
  . Los MINISTERIO síntomas comunes incluyen
  <effect gate:gateId="699" rule="Effect" Simplification="mareo">mareos</effect>
  ,
  <effect gate:gateId="700" rule="Effect" Simplification="cosquilleo">parestesia</effect>
  ,
  <effect gate:gateId="701" rule="Effect" Simplification="dolor de cabeza">dolor de cabeza</effect>
  ,
  <effect gate:gateId="702" rule="Effect" Simplification="ansiedad">ansiedad</effect>
  y
  <effect gate:gateId="703" rule="Effect" Simplification="náuseas">náuseas</effect>
  , la mayoría de los cuales son moderados y limitados. Fluoxetina se ha asociado raramente con esos síntomas. Las concentraciones sanguíneas de
  <drug gate:gateId="704" rule="Drug">fluoxetina</drug>
  y norfluoxetina disminuyen gradualmente al finalizar el tratamiento, lo que hace innecesario la reducción paulatina de la dosis en la mayoría de los pacientes.
</paragraph>
