<?xml version="1.0" encoding="UTF-8"?>
<paragraph xmlns:gate="http://www.gate.ac.uk" gate:gateId="0" gate:annotMaxId="177">
  4.5. Interacciones con otros medicamentos y otras formas de
  <effect gate:gateId="173" rule="Effect" Simplification="interacción">interacción</effect>
  No se conocen hasta la fecha. 4.6. Embarazo y lactancia Avala no está dirigido a esta población 4.7. Efectos sobre la capacidad de conducir vehículos y utilizar maquinaria No se han descrito efectos que puedan afectar negativamente a la conducción o utilización de maquinaria. 4.8. Reacciones adversas Raramente pueden aparecer alteraciones gastrointestinales, reacciones alérgicas de la piel y producirse un
  <effect gate:gateId="174" rule="Effect" Simplification="___">aumento de peso.</effect>
  En casos muy raros, se han reportado casos de
  <effect gate:gateId="175" rule="Effect" Simplification="daño hepático">daño hepático</effect>
  después del uso de preparados de origen desconocido conteniendo Cimicifuga. No se ha probado la relación causal con preparados concretos como Avala. En el prospecto de Avala se aconseja a los pacientes que si se produce esta
  <effect gate:gateId="176" rule="Effect" Simplification="alergia ">reacción adversa</effect>
  interrumpan el tratamiento con Avala y contacten con el médico. Cualquier efecto adverso observado deberá ser comunicado a los sistemas de Farmacovigilancia.
</paragraph>
