<?xml version="1.0" encoding="UTF-8"?>
<paragraph xmlns:gate="http://www.gate.ac.uk" gate:gateId="0" gate:annotMaxId="396">
  En el programa de ensayos clínicos para
  <drug gate:gateId="367" rule="Drug">esomeprazol</drug>
  y tras la comercialización, se han identificado o sospechado las siguientes reacciones adversas al fármaco. En ninguna se demostró una relación con la dosis. Las reacciones se clasifican según su frecuencia (frecuentes &gt;1/100, &lt;1/10; poco frecuentes &gt;1/1000, &lt;1/100; raras &gt;1/10000, &lt;1/1000; muy raras &lt;1/10000). Trastornos de la sangre y del sistema linfático Raras: Leucopenia,
  <effect gate:gateId="368" rule="Effect" Simplification="problemas de coagulación">trombocitopenia</effect>
  Muy raras: Agranulocitosis,
  <effect gate:gateId="369" rule="Effect" Simplification="problemas en la sangre">pancitopenia</effect>
  Trastornos del sistema inmunológico MINISTERIO Raras: Reacciones de
  <effect gate:gateId="370" rule="Effect" Simplification="alergia">hipersensibilidad</effect>
  , por ejemplo,
  <effect gate:gateId="371" rule="Effect" Simplification="fiebre">fiebre</effect>
  ,
  <effect gate:gateId="372" rule="Effect" Simplification="hinchazón debajo de la piel">angioedema</effect>
  y reacción/
  <effect gate:gateId="373" rule="Effect" Simplification="reacción alérgica mortal">shock anafiláctico</effect>
  Trastornos del metabolismo y de la nutrición Poco frecuentes: Edema periférico Raras: Hiponatremia Trastornos psiquiátricos Poco frecuentes: Insomnio Raras: Agitación,
  <effect gate:gateId="374" rule="Effect" Simplification="confusión">confusión</effect>
  ,
  <effect gate:gateId="375" rule="Effect" Simplification="depresión">depresión</effect>
  Muy raras: Agresividad,
  <effect gate:gateId="376" rule="Effect" Simplification="alucinaciones">alucinaciones</effect>
  Trastornos del sistema
  <effect gate:gateId="377" rule="Effect" Simplification="nervioso">nervioso</effect>
  Frecuentes: Cefalea Poco frecuentes: Mareo,
  <effect gate:gateId="378" rule="Effect" Simplification="cosquilleo">parestesia</effect>
  ,
  <effect gate:gateId="379" rule="Effect" Simplification="somnolencia">somnolencia</effect>
  Raras: Alteración del gusto Trastornos oculares Raras: Visión borrosa Trastornos del oído y del laberinto Poco frecuentes: Vértigo Trastornos respiratorios, torácicos y mediastínicos Raras: Broncoespasmo Trastornos gastrointestinales Frecuentes: Dolor abdominal,
  <effect gate:gateId="380" rule="Effect" Simplification="estreñimiento">estreñimiento</effect>
  ,
  <effect gate:gateId="381" rule="Effect" Simplification="diarrea">diarrea</effect>
  ,
  <effect gate:gateId="382" rule="Effect" Simplification="flatulencia">flatulencia</effect>
  ,
  <effect gate:gateId="383" rule="Effect" Simplification="náuseas">náuseas</effect>
  /
  <effect gate:gateId="384" rule="Effect" Simplification="vómitos">vómitos</effect>
  Poco frecuentes: Sequedad de boca Raras: Estomatitis,
  <effect gate:gateId="385" rule="Effect" Simplification="infección en la piel del estomago">candidiasis gastrointestinal</effect>
  Trastornos hepatobiliares Poco frecuentes: Aumento de los enzimas hepáticos Raras: Hepatitis con o sin
  <effect gate:gateId="386" rule="Effect" Simplification="piel amarrilla">ictericia</effect>
  Muy raras: Insuficiencia hepática,
  <effect gate:gateId="387" rule="Effect" Simplification="enfermedad en el cerebro">encefalopatía</effect>
  en pacientes con
  <effect gate:gateId="388" rule="Effect" Simplification="enfermedad en el hígado">enfermedad hepática</effect>
  pre- existente Trastornos de la piel y del tejido subcutáneo Poco frecuentes: Dermatitis,
  <effect gate:gateId="389" rule="Effect" Simplification="picazón">prurito</effect>
  ,
  <effect gate:gateId="390" rule="Effect" Simplification="inflamación">erupción</effect>
  ,
  <effect gate:gateId="391" rule="Effect" Simplification="urticaria">urticaria</effect>
  Raras: Alopecia,
  <effect gate:gateId="392" rule="Effect" Simplification="intolerancia a la luz">fotosensibilidad</effect>
  Muy raras: Eritema multiforme, síndrome de Stevens-Johnson,
  <effect gate:gateId="393" rule="Effect" Simplification="enfermedad de la piel">necrolisis epidérmica tóxica</effect>
  (NET) Trastornos musculoesqueléticos, del tejido conjuntivo y óseos Raras: Artralgia,
  <effect gate:gateId="394" rule="Effect" Simplification="dolor muscular">mialgia</effect>
  Muy raras: Debilidad muscular Trastornos renales y urinarios Muy raras: Nefritis intersticial Trastornos del aparato reproductor y de la mama Muy raras: Ginecomastia Trastornos generales y alteraciones en el lugar de administración Raras: Malestar,
  <effect gate:gateId="395" rule="Effect" Simplification="aumento de la sudoración">aumento de la sudoración</effect>
</paragraph>
