<?xml version="1.0" encoding="UTF-8"?>
<paragraph xmlns:gate="http://www.gate.ac.uk" gate:gateId="0" gate:annotMaxId="380">
  4 En los ensayos clínicos en pacientes con
  <effect gate:gateId="367" rule="Effect" Simplification="demencia">demencia</effect>
  de leve a grave, en los que se incluyeron 1784 pacientes tratados con Axura y 1595 pacientes tratados con placebo, la incidencia global de reacciones adversas con Axura no difirió de la de aquellos tratados con placebo; las reacciones adversas fueron, por lo general, de leves a moderados en gravedad. Las reacciones adversas con mayor frecuencia de aparición que se observaron con una incidencia superior en el grupo de Axura respecto al grupo placebo fueron
  <effect gate:gateId="368" rule="Effect" Simplification="mareo y vértigo">vértigo</effect>
  (6,3% frente a 5,6%, respectivamente),
  <effect gate:gateId="369" rule="Effect" Simplification="dolor de cabeza">dolor de cabeza</effect>
  (5,2% frente a 3,9%),
  <effect gate:gateId="370" rule="Effect" Simplification="estreñimiento">estreñimiento</effect>
  (4,6% frente a 2,6%),
  <effect gate:gateId="371" rule="Effect" Simplification="somnolencia">somnolencia</effect>
  (3,4% frente a 2,2%) e
  <effect gate:gateId="372" rule="Effect" Simplification="presión arterial alta">hipertensión</effect>
  (4.1% frente a 2.8%). Las reacciones adversas enumeradas en la siguiente tabla proceden de los ensayos clínicos realizados con Axura y la experiencia postcomercialización., Las reacciones adversas se enumeran en orden decreciente de gravedad dentro de cada intervalo de frecuencia. Las reacciones adversas se categorizan conforme al sistema de clasificación por órganos, usando la siguiente convención: muy frecuentes (1/10), frecuentes (1/100 a &lt;1/10), poco frecuentes (1/1.000 a &lt;1/100), raras (1/10.000 a &lt;1/1.000), muy raras (&lt;1/10.000), frecuencia no conocida (no puede estimarse a partir de los datos disponibles) Trastornos del sistema
  <effect gate:gateId="373" rule="Effect" Simplification="nervioso">nervioso</effect>
  Frecuentes Vértigo Trastornos gastrointestinales Frecuentes Estreñimiento Infecciones e infestaciones Poco frecuentes Infecciones fúngicas Trastornos vasculares Frecuentes Hipertensión Trastornos generales y alteraciones en el lugar Frecuentes Dolor de cabeza de administración Poco frecuentes Fatiga Trastornos psiquiátricos Frecuentes Somnolencia 1 Las
  <effect gate:gateId="374" rule="Effect" Simplification="alucinaciones">alucinaciones</effect>
  se han observado principalmente en pacientes con
  <effect gate:gateId="375" rule="Effect" Simplification="enfermedad">enfermedad</effect>
  de Alzheimer grave. 2 Se han notificado casos aislados en la experiencia post-comercialización. La
  <effect gate:gateId="376" rule="Effect" Simplification="enfermedad">enfermedad</effect>
  de Alzheimer ha sido asociada con
  <effect gate:gateId="377" rule="Effect" Simplification="depresión">depresión</effect>
  ,
  <effect gate:gateId="378" rule="Effect" Simplification="suicidio">ideación suicida</effect>
  y
  <effect gate:gateId="379" rule="Effect" Simplification="suicidio">suicidio</effect>
  . En la experiencia post-comercialización, se ha notificado la aparición de éstos acontecimientos en pacientes tratados con Axura.
</paragraph>
