<?xml version="1.0" encoding="UTF-8"?>
<paragraph xmlns:gate="http://www.gate.ac.uk" gate:gateId="0" gate:annotMaxId="666">
  Las frecuencias de los siguientes acontecimientos adversos, que se han comunicado durante ensayos clínicos y/o después de la comercialización, son clasificados en base a una evaluación de sus índices de incidencia en ensayos clínicos, a largo plazo controlados con placebo, incluyendo el HPS y el 4S con 20.536 y 4.444 pacientes, respectivamente (véase la sección 5.1). Para el HPS, solo se registraron acontecimientos adversos graves, como
  <effect gate:gateId="622" rule="Effect" Simplification="dolor muscular">mialgia</effect>
  , aumentos en las transaminasas séricas y CK. Para el 4S, se registraron todos los acontecimientos adversos indicados más adelante. Si los índices de incidencia de
  <drug gate:gateId="623" rule="Drug">simvastatina</drug>
  fueron menores o similares a los de placebo en estos estudios, y hubo acontecimientos de informes espontáneos razonablemente similares relacionados causalmente, estos acontecimientos adversos se clasifican como "raros". En el HPS (véase la sección 5.1) se incluyeron 20.536 pacientes tratados con 40 mg/día de
  <drug gate:gateId="624" rule="Drug">simvastatina</drug>
  (n = 10.269) o placebo (n = 10.267), los perfiles de seguridad fueron comparables entre pacientes tratados con
  <drug gate:gateId="625" rule="Drug">simvastatina</drug>
  40 mg y pacientes tratados con placebo durante la media de 5 años del estudio. Los índices de discontinuación debido a efectos adversos fueron comparables (4,8 % en pacientes tratados con
  <drug gate:gateId="626" rule="Drug">simvastatina</drug>
  40 mg en comparación con 5,1 % de los pacientes tratados con placebo). La incidencia de
  <effect gate:gateId="627" rule="Effect" Simplification="enfermedad muscular">miopatía</effect>
  fue &lt; 0,1 % en pacientes tratados con
  <drug gate:gateId="628" rule="Drug">simvastatina</drug>
  40 mg. Las elevadas transaminasas (&gt; 3 x LSN confirmado al repetir la prueba) fueron de 0,21 % (n = 21) para los pacientes tratados con
  <drug gate:gateId="629" rule="Drug">simvastatina</drug>
  40 mg en comparación con el 0,09 % (= 9) de los pacientes tratados con placebo. Las frecuencias de acontecimientos adversos se ordenan según lo siguiente: Muy frecuentes (&gt;1/10), Frecuentes (&gt; 1/100, &lt; 1/10), Poco frecuentes (&gt; 1/1000, &lt; 1/100), Raras (&gt; 1/10.000, &lt; 1/1000), Muy raras (&lt; 1/10.000) incluyendo casos aislados. Trastornos de la sangre y del sistema linfático: Raras:
  <effect gate:gateId="630" rule="Effect" Simplification="anemia">anemia</effect>
  Trastornos del sistema
  <effect gate:gateId="631" rule="Effect" Simplification="nervioso">nervioso</effect>
  : Raras:
  <effect gate:gateId="632" rule="Effect" Simplification="dolor de cabeza">cefalea</effect>
  ,
  <effect gate:gateId="633" rule="Effect" Simplification="cosquilleo">parestesia</effect>
  ,
  <effect gate:gateId="634" rule="Effect" Simplification="mareo">mareos</effect>
  ,
  <effect gate:gateId="635" rule="Effect" Simplification="insuficiencia en los nervios del cerebro">neuropatía periférica</effect>
  Trastornos gastrointestinales: Raras:
  <effect gate:gateId="636" rule="Effect" Simplification="estreñimiento">estreñimiento</effect>
  ,
  <effect gate:gateId="637" rule="Effect" Simplification="dolor abdominal">dolor abdominal</effect>
  ,
  <effect gate:gateId="638" rule="Effect" Simplification="flatulencia">flatulencia</effect>
  ,
  <effect gate:gateId="639" rule="Effect" Simplification="enfermedades del estómago ">dispepsia</effect>
  ,
  <effect gate:gateId="640" rule="Effect" Simplification="diarrea">diarrea</effect>
  , nauseas,
  <effect gate:gateId="641" rule="Effect" Simplification="vómitos">vómitos</effect>
  ,
  <effect gate:gateId="642" rule="Effect" Simplification="pancreatitis">pancreatitis</effect>
  MINISTERIO Trastornos hepatobiliares: Raras:
  <effect gate:gateId="643" rule="Effect" Simplification="hepatitis">hepatitis</effect>
  /
  <effect gate:gateId="644" rule="Effect" Simplification="piel amarrilla">ictericia</effect>
  Trastornos de la piel y tejido subcutáneo: Raras:
  <effect gate:gateId="645" rule="Effect" Simplification="inflamación">erupción cutánea</effect>
  ,
  <effect gate:gateId="646" rule="Effect" Simplification="picazón">prurito</effect>
  ,
  <effect gate:gateId="647" rule="Effect" Simplification="pérdida de cabello ">alopecia</effect>
  Trastornos musculoesqueléticos, del tejido conectivo y óseos: Raras:
  <effect gate:gateId="648" rule="Effect" Simplification="enfermedad muscular">miopatía</effect>
  , rabdomiólisis (véase la sección 4.4),
  <effect gate:gateId="649" rule="Effect" Simplification="dolor muscular">mialgia</effect>
  ,
  <effect gate:gateId="650" rule="Effect" Simplification="calambres musculares">calambres musculares</effect>
  Trastornos generales y en el lugar de administración: Raras:
  <effect gate:gateId="651" rule="Effect" Simplification="fatiga">astenia</effect>
  Raramente se ha comunicado un
  <effect gate:gateId="652" rule="Effect" Simplification="sensibilidad">síndrome de hipersensibilidad</effect>
  aparente que ha incluido algunas de las siguientes características:
  <effect gate:gateId="653" rule="Effect" Simplification="hinchazón debajo de la piel">angioedema</effect>
  , síndrome seudolúpico,
  <effect gate:gateId="654" rule="Effect" Simplification="dolor muscular">polimialgia reumática</effect>
  ,
  <effect gate:gateId="655" rule="Effect" Simplification="inflamación en la piel">dermatomiositis</effect>
  , vasculitis,
  <effect gate:gateId="656" rule="Effect" Simplification="problemas de coagulación">trombocitopenia</effect>
  ,
  <effect gate:gateId="657" rule="Effect" Simplification="problemas en la sangre">eosinofilia</effect>
  , aumento de la velocidad de sedimentación globular,
  <effect gate:gateId="658" rule="Effect" Simplification="artritis">artritis</effect>
  y
  <effect gate:gateId="659" rule="Effect" Simplification="dolor articular">artralgia</effect>
  ,
  <effect gate:gateId="660" rule="Effect" Simplification="urticaria">urticaria</effect>
  ,
  <effect gate:gateId="661" rule="Effect" Simplification="intolerancia a la luz">fotosensibilidad</effect>
  ,
  <effect gate:gateId="662" rule="Effect" Simplification="fiebre">fiebre</effect>
  ,
  <effect gate:gateId="663" rule="Effect" Simplification="enrojecimiento de la piel">rubefacción</effect>
  ,
  <effect gate:gateId="664" rule="Effect" Simplification="jadeo">disnea</effect>
  y
  <effect gate:gateId="665" rule="Effect" Simplification="malestar general">malestar general</effect>
  . Pruebas complementarias: Raras: aumentos de las transaminasas séricas (alanino aminotransferasa, aspartato aminotransferasa, -glutamil transpeptidasa) (véase la sección 4.4 Efectos hepáticos), aumentos de la fosfatasa alcalina; aumento de los niveles séricos de la CK (véase la sección 4.4).
</paragraph>
