<?xml version="1.0" encoding="UTF-8"?>
<paragraph xmlns:gate="http://www.gate.ac.uk" gate:gateId="0" gate:annotMaxId="209">
  1. Puede reducirse mediante la castración concomitante. MINISTERIO 2. Los cambios hepáticos raramente son graves y con frecuencia han sido transitorios, desapareciendo o mejorando con el tratamiento continuado o tras su interrupción (ver sección 4.4). 3. El
  <effect gate:gateId="204" rule="Effect" Simplification="insuficiencia hepática">fallo hepático</effect>
  ha ocurrido muy raramente en pacientes tratados con
  <drug gate:gateId="205" rule="Drug">bicalutamida</drug>
  , pero no se ha establecido con certeza una relación causal . Deberá considerarse el llevar a cabo un control periódico de la función hepática (ver sección 4.4) Adicionalmente, en ensayos clínicos durante el tratamiento con
  <drug gate:gateId="206" rule="Drug">bicalutamida</drug>
  junto con un análogo LHRH, se han comunicado las siguientes reacciones adversas. No se ha establecido una relación causal entre estos acontecimientos y el tratamiento farmacológico; siendo algunos de los acontecimientos notificados, los que normalmente se presentan en pacientes geriátricos: Frecuencia Sistema Orgánico Acontecimiento Muy frecuentes (10%) Trastornos del Aparato Disminución de la libido, Frecuentes (1% y &lt;10%) Trastornos de la sangre y del Anemia Poco frecuentes (0,1% y Trastornos del metabolismo y Anorexia,
  <effect gate:gateId="207" rule="Effect" Simplification="alto nivel de azucar">hiperglucemia</effect>
  , &lt;1%) de la nutrición
  <effect gate:gateId="208" rule="Effect" Simplification="pérdida de peso">pérdida de peso</effect>
</paragraph>
