<?xml version="1.0" encoding="UTF-8"?>
<paragraph xmlns:gate="http://www.gate.ac.uk" gate:gateId="0" gate:annotMaxId="1149">
  Ensayos clínicos: En ensayos clínicos, la mayoría de los efectos adversos más frecuentes fueron leves-moderados en cuanto a gravedad y relacionados con la dosis. Estos efectos adversos relacionados con la dosis comenzaron característicamente en la fase de ajuste de dosis y persistieron a menudo durante la fase de mantenimiento; sin embargo fue muy raro su inicio en esta fase. Un ajuste rápido de la dosis o una dosis inicial muy alta se han asociado con mayor número de efectos secundarios que condujeron a la suspensión del tratamiento. Las reacciones adversas que se han detectado más frecuentemente, tanto en tratamientos concomitantes con
  <drug gate:gateId="1077" rule="Drug">topiramato</drug>
  y otros fármacos antiepilépticos como en monoterapia, han sido trastornos neurológicos y psiquiátricos y la
  <effect gate:gateId="1078" rule="Effect" Simplification="___">pérdida de peso.</effect>
  Las tasas de incidencia de los efectos adversos fueron similares o menores cuando se administró
  <drug gate:gateId="1079" rule="Drug">topiramato</drug>
  en monoterapia, exceptuando las
  <effect gate:gateId="1080" rule="Effect" Simplification="cosquilleo">parestesias</effect>
  y la
  <effect gate:gateId="1081" rule="Effect" Simplification="___">fatiga.</effect>
  A continuación se describen todas las reacciones adversas identificadas: Trastornos neurológicos y psiquiátricos: · Frecuentes (1/100, &lt;1/10) Somnolencia,
  <effect gate:gateId="1082" rule="Effect" Simplification="mareo">mareos</effect>
  ,
  <effect gate:gateId="1083" rule="Effect" Simplification=" nerviosismo ">nerviosismo</effect>
  ,
  <effect gate:gateId="1084" rule="Effect" Simplification="dolor de cabeza">dolor de cabeza</effect>
  ,
  <effect gate:gateId="1085" rule="Effect" Simplification="descoordinación muscular">ataxia</effect>
  ,
  <effect gate:gateId="1086" rule="Effect" Simplification="fatiga ">fatiga</effect>
  , trastornos del habla, enlentecimiento psicomotor, dificultades de memoria,
  <effect gate:gateId="1087" rule="Effect" Simplification="cosquilleo">parestesias</effect>
  ,
  <effect gate:gateId="1088" rule="Effect" Simplification="trastornos de la alimentación ">anorexia</effect>
  , dificultades de concentración y atención, trastornos del estado de ánimo,
  <effect gate:gateId="1089" rule="Effect" Simplification="depresión">depresión</effect>
  ,
  <effect gate:gateId="1090" rule="Effect" Simplification="confusión">confusión</effect>
  ,
  <effect gate:gateId="1091" rule="Effect" Simplification="problemas de coordinación">problemas de coordinación</effect>
  , trastornos de la marcha,
  <effect gate:gateId="1092" rule="Effect" Simplification="reacción agresiva">reacción agresiva</effect>
  , problemas de lenguaje e
  <effect gate:gateId="1093" rule="Effect" Simplification="enfermedad del sistema nervioso">hipercinesia</effect>
  . · Poco Frecuentes (1/1.000, &lt;1/100) Agitación, problemas cognitivos,
  <effect gate:gateId="1094" rule="Effect" Simplification="problema psiquiátrico">labilidad emocional</effect>
  ,
  <effect gate:gateId="1095" rule="Effect" Simplification="alucinaciones">alucinaciones</effect>
  y
  <effect gate:gateId="1096" rule="Effect" Simplification="falta de motivación">apatía</effect>
  . Trastornos gastrointestinales: Frecuentes (1/100, &lt;1/10): Náuseas,
  <effect gate:gateId="1097" rule="Effect" Simplification="dolor abdominal">dolor abdominal</effect>
  ,
  <effect gate:gateId="1098" rule="Effect" Simplification="salivación">hipersalivación</effect>
  . Trastornos metabólicos y nutricionales: Frecuentes (1/100, &lt;1/10): Pérdida de peso. Trastornos sanguíneos: Poco Frecuentes (1/1.000, &lt;1/100):
  <effect gate:gateId="1099" rule="Effect" Simplification="disminución de leucocitos en la sangre">leucopenia</effect>
  Trastornos oculares: Frecuentes (1/100, &lt;1/10): Nistagmo,
  <effect gate:gateId="1100" rule="Effect" Simplification="visión doble">diplopía</effect>
  ,
  <effect gate:gateId="1101" rule="Effect" Simplification="___">visión anormal.</effect>
  Muy Raros (&lt;1/10.000):
  <effect gate:gateId="1102" rule="Effect" Simplification="perdida de la visión">glaucoma de ángulo cerrado</effect>
  ,
  <effect gate:gateId="1103" rule="Effect" Simplification="visión borrosa">miopía</effect>
  . Trastornos generales: Frecuentes (1/100, &lt;1/10): Trastornos del gusto,
  <effect gate:gateId="1104" rule="Effect" Simplification="fatiga">astenia</effect>
  . Trastornos genito-urinarios: Poco frecuentes (1/1.000, &lt;1/100):
  <effect gate:gateId="1105" rule="Effect" Simplification="cálculos renales">nefrolitiasis</effect>
  . Trastornos cardiovasculares: Muy raros (&lt;1/10.000): episodios tromboembólicos. Experiencia post-comercialización: Además de las reacciones adversas notificadas durante los ensayos clínicos de BIPOMAX, las siguientes reacciones adversas han sido notificadas en todo el mundo en pacientes recibiendo
  <drug gate:gateId="1106" rule="Drug">topiramato</drug>
  tras su autorización. A continuación, se incluyen las reacciones adversas al fármaco notificadas espontáneamente durante la experiencia post-comercialización con BIPOMAX. Las reacciones adversas están listadas por frecuencias, utilizando el siguiente criterio (todas han sido calculadas por exposición estimada de paciente-años). Muy frecuentes (1/10); Frecuentes (1/100, &lt;1/10); Poco frecuentes (1/1000, &lt;1/100); Raras (1/10.000 y &lt;1/1.000) y Muy raras (&lt;1/10.000) Las frecuencias que se proporcionan reflejan los índices de reacciones adversas notificadas espontáneamente, y no representan estimaciones mas precisas que pudieran ser obtenidas en ensayos clínicos o estudios experimentales. Notificaciones post-comercialización de reacciones adversas Trastornos de la sangre y del sistema linfático Muy raras:
  <effect gate:gateId="1107" rule="Effect" Simplification="disminución de leucocitos en la sangre">leucopenia</effect>
  y
  <effect gate:gateId="1108" rule="Effect" Simplification="problemas en la sangre">neutropenia</effect>
  , Trastornos del metabolismo y de la nutrición Raras:
  <effect gate:gateId="1109" rule="Effect" Simplification="trastornos de la alimentación ">anorexia</effect>
  Trastornos psiquiátricos Raras:
  <effect gate:gateId="1110" rule="Effect" Simplification="depresión">depresión</effect>
  ,
  <effect gate:gateId="1111" rule="Effect" Simplification="agitación">agitación</effect>
  ,
  <effect gate:gateId="1112" rule="Effect" Simplification="somnolencia">somnolencia</effect>
  (ver Trastornos del sistema
  <effect gate:gateId="1113" rule="Effect" Simplification="nervioso">nervioso</effect>
  Raras:
  <effect gate:gateId="1114" rule="Effect" Simplification="cosquilleo">parestesia</effect>
  (ver Advertencias y Trastornos oculares Raras:
  <effect gate:gateId="1115" rule="Effect" Simplification="alteraciones visuales">alteraciones visuales</effect>
  ,
  <effect gate:gateId="1116" rule="Effect" Simplification="___">visión borrosa.</effect>
  Trastornos gastrointestinales Raras:
  <effect gate:gateId="1117" rule="Effect" Simplification="náusea">náusea</effect>
  . Trastornos hepatobiliares Trastornos de la piel y del tejido subcutáneo Raras:
  <effect gate:gateId="1118" rule="Effect" Simplification="pérdida de cabello ">alopecia</effect>
  . Trastornos renales y urinarios Raras:
  <effect gate:gateId="1119" rule="Effect" Simplification="cálculos renales">nefrolitiasis</effect>
  (ver Advertencias y Trastornos generales y alteraciones en el lugar Raras:
  <effect gate:gateId="1120" rule="Effect" Simplification="fatiga ">fatiga</effect>
  , oligohidrosis1 (ver Advertencias y de administración Precauciones). Exploraciones complementarias Raras: disminución del peso. 1 La mayoría de estas notificaciones han sido en niños 2 Un aumento en las pruebas de función hepática ha sido notificado en pacientes tomando BIPOMAX con o sin otra medicación. Pruebas de laboratorio Los datos de ensayos clínicos indican que
  <drug gate:gateId="1121" rule="Drug">topiramato</drug>
  está asociado con una disminución media de 4 mmol/
  <effect gate:gateId="1122" rule="Effect" Simplification="..">l</effect>
  en el nivel de bicarbonato sérico. Muy raramente se ha producido aumento de los valores de las pruebas de función hepática. (ver sección 4.4). En ensayos clínicos doble
  <effect gate:gateId="1123" rule="Effect" Simplification="ciego">ciego</effect>
  se ha observado
  <effect gate:gateId="1124" rule="Effect" Simplification="trastorno del metabolismo">hipopotasemia</effect>
  , definida como una disminución del
  <drug gate:gateId="1125" rule="Drug">potasio</drug>
  en suero por debajo de 3,5 mmol/L, en un 0,4% de los pacientes tratados con
  <drug gate:gateId="1126" rule="Drug">topiramato</drug>
  comparado con un 0,1% de los pacientes tratados con placebo. Pancreatitis Se ha comunicado raras veces
  <effect gate:gateId="1127" rule="Effect" Simplification="pancreatitis">pancreatitis</effect>
  en pacientes tratados con
  <drug gate:gateId="1128" rule="Drug">topiramato</drug>
  . En la mayoría de los casos, éstos episodios se produjeron con el uso concomitante de otros fármacos antiepilépticos y en coincidencia con otros fármacos y procesos con una asociación conocida con la
  <effect gate:gateId="1129" rule="Effect" Simplification="pancreatitis">pancreatitis</effect>
  . Migraña En ensayos clínicos doble-
  <effect gate:gateId="1130" rule="Effect" Simplification="ciego">ciego</effect>
  , se han observado reacciones adversas clínicamente relevantes que ocurren con una frecuencia de 5% o más y con mayor incidencia en los pacientes tratados con
  <drug gate:gateId="1131" rule="Drug">topiramato</drug>
  que en los pacientes tratados con placebo, incluyendo:
  <effect gate:gateId="1132" rule="Effect" Simplification="fatiga ">fatiga</effect>
  ,
  <effect gate:gateId="1133" rule="Effect" Simplification="cosquilleo">parestesias</effect>
  ,
  <effect gate:gateId="1134" rule="Effect" Simplification="mareo">mareo</effect>
  ,
  <effect gate:gateId="1135" rule="Effect" Simplification="entumecimiento">hipoestesia</effect>
  , problemas del lenguaje,
  <effect gate:gateId="1136" rule="Effect" Simplification="náusea">náusea</effect>
  ,
  <effect gate:gateId="1137" rule="Effect" Simplification="diarrea">diarrea</effect>
  ,
  <effect gate:gateId="1138" rule="Effect" Simplification="enfermedades del estómago ">dispepsia</effect>
  ,
  <effect gate:gateId="1139" rule="Effect" Simplification="boca seca">boca seca</effect>
  ,
  <effect gate:gateId="1140" rule="Effect" Simplification="pérdida de peso">pérdida de peso</effect>
  ,
  <effect gate:gateId="1141" rule="Effect" Simplification="trastornos de la alimentación ">anorexia</effect>
  ,
  <effect gate:gateId="1142" rule="Effect" Simplification="somnolencia">somnolencia</effect>
  , dificultad con la memoria no especifica, dificultad de concentración/ atención,
  <effect gate:gateId="1143" rule="Effect" Simplification="insomnio">insomnio</effect>
  ,
  <effect gate:gateId="1144" rule="Effect" Simplification="ansiedad">ansiedad</effect>
  , alteraciones del ánimo,
  <effect gate:gateId="1145" rule="Effect" Simplification="depresión">depresión</effect>
  , trastornos del gusto,
  <effect gate:gateId="1146" rule="Effect" Simplification="___">visión anormal.</effect>
  Los pacientes tratados con
  <drug gate:gateId="1147" rule="Drug">topiramato</drug>
  experimentaron cambios medios en el porcentaje de peso corporal que fueron dosis-dependientes. Este cambio no se observó en el grupo placebo. Los cambios medios observados fueron de 0,0, -2,3%, -3,2 % y ­3,8% en el grupo placebo y en los grupos de
  <drug gate:gateId="1148" rule="Drug">topiramato</drug>
  50, 100 y 200, respectivamente.
</paragraph>
