<?xml version="1.0" encoding="UTF-8"?>
<paragraph xmlns:gate="http://www.gate.ac.uk" gate:gateId="0" gate:annotMaxId="628">
  MINISTERIO Clortalidona es un diurético monosulfonamil que aumenta la excreción de sodio y cloro. La natriuresis se acompaña de una cierta pérdida de
  <drug gate:gateId="618" rule="Drug">potasio</drug>
  . No se conoce totalmente el mecanismo mediante el cual clortalidona reduce la
  <effect gate:gateId="619" rule="Effect" Simplification="presión">presión</effect>
  arterial, pero puede estar relacionado con la excreción y la redistribución del sodio corporal. 5.2. Propiedades farmacocinéticas La absorción de
  <drug gate:gateId="620" rule="Drug">atenolol</drug>
  tras la administración oral es consistente pero incompleta (aproximadamente un 40-50%), produciéndose concentraciones plasmáticas máximas 2- 4 horas después de la dosis. Las concentraciones sanguíneas de
  <drug gate:gateId="621" rule="Drug">atenolol</drug>
  son consecuentes y están sometidas a una escasa variabilidad. No se produce un metabolismo hepático significativo y más del 90% de lo absorbido alcanza la circulación sistémica de forma inalterada. La semivida plasmática es de unas 6 horas, pero puede aumentar ante una
  <effect gate:gateId="622" rule="Effect" Simplification="alteración renal">alteración renal</effect>
  grave ya que el riñón es la vía de eliminación principal. Atenolol penetra escasamente en los tejidos debido a su baja solubilidad lipídica y su concentración en el tejido cerebral es también baja. La unión a proteínas plasmáticas es igualmente reducida, aproximadamente un 3%. La absorción de clortalidona tras la administración oral es consistente, pero incompleta (aproximadamente un 60%), con concentraciones plasmáticas pico aproximadamente 12 horas después de la dosis. Los niveles sanguíneos de clortalidona son consistentes y están sometidos a una escasa variabilidad. La vida media plasmática es de unas 50 horas, siendo el riñón la vía de eliminación principal. La unión a proteínas plasmáticas es elevada, aproximadamente un 75%. La coadministración de clortalidona y
  <drug gate:gateId="623" rule="Drug">atenolol</drug>
  posee escaso efecto sobre la farmacocinética de cualquiera de ellos. BLOKIUM-DIU es efectivo durante al menos 24 horas tras una dosis oral única diaria. Esta simplicidad posológica facilita el cumplimiento debido a su aceptabilidad por parte de los pacientes. 5.3. Datos preclínicos sobre seguridad Los estudios de toxicidad aguda realizados con la asociación
  <drug gate:gateId="624" rule="Drug">atenolol</drug>
  :clortalidona, en proporción 4:1, en ratas y ratones, por vía oral e intraperitoneal, llevaron al cálculo de las siguientes DL50 y DL0 de BLOKIUM-DIU: DL50 p.o. ratón = &gt; 3700 mg/kg DL50 i.p. ratón = 789,34 mg/kg DL0 i.p. ratón 389 mg/kg DL50 p.o. rata = &gt; 5000 mg/kg DL0 p.o. rata = &gt; 5000 mg/kg DL50 i.p. rata = 494,08 mg/kg DL0 i.p. rata 351 mg/kg La toxicidad en administración repetida se estudió en perro y rata administrando
  <drug gate:gateId="625" rule="Drug">atenolol</drug>
  y clortalidona combinados o por separado, durante 6 meses, en cantidades de hasta 5 veces la dosis antihipertensiva máxima recomendada de ambos compuestos en humanos, no observándose otras alteraciones morfológicas o funcionales que cambios menores en la frecuencia cardíaca,
  <effect gate:gateId="626" rule="Effect" Simplification="presión">presión</effect>
  sanguínea y química urinaria, los cuales se atribuyeron a las propiedades farmacológicas conocidas tanto de
  <drug gate:gateId="627" rule="Drug">atenolol</drug>
  como de clortalidona. Los estudios sobre la función reproductora y fertilidad no evidenciaron fenómenos de embriofetotoxicidad, aunque se detectaron resorciones embrionarias en un estudio en conejos que recibieron dosis que abarcaron desde 5 a 100 veces la dosis humana máxima recomendada. La amplia experiencia que se dispone con los dos componentes de la especialidad no ha permitido detectar efectos cancerígenos ni mutagénicos atribuibles a estos fármacos.    8. NÚMERO(S) DE AUTORIZACIÓN DE COMERCIALIZACIÓN BLOKIUM-DIU Comprimidos: 56.665   10. FECHA DE LA REVISIÓN DEL TEXTO Diciembre 2002
</paragraph>
