<?xml version="1.0" encoding="UTF-8"?>
<paragraph xmlns:gate="http://www.gate.ac.uk" gate:gateId="0" gate:annotMaxId="351">
  Los acontecimientos adversos ocurridos durante los ensayos clínicos controlados fueron leves y transitorios y comparables a los ocurridos durante el tratamiento con placebo. La incidencia global de acontecimientos adversos no mostró relación con la dosis o la edad. Los abandonos MINISTERIO durante el tratamiento debidos a acontecimientos adversos fueron similares con
  <drug gate:gateId="336" rule="Drug">candesartán</drug>
  cilexetilo (2,4%) y placebo (2,6%). En la siguiente tabla se muestran los acontecimientos adversos clínicos, con independencia de su relación causal, ocurridos con una incidencia 1% con BLOPRESS® en los estudios doble-
  <effect gate:gateId="337" rule="Effect" Simplification="ciego">ciego</effect>
  controlados con placebo: Cefaleas 10,3 10,4 IVRS* 3,8 5,1 Dolor de espalda 0,9 3,2 Desvanecimiento 2,3 2,5 Náuseas 1,3 1,9 Tos 1,1 1,6 Síntomas tipo
  <effect gate:gateId="338" rule="Effect" Simplification="gripe">gripe</effect>
  0,8 1,5 Fatiga 1,6 1,5 Dolor abdominal 1,3 1,5 Diarrea 1,9 1,5 Faringitis 0,4 1,1 Edema periférico 0,7 1,0 Vómitos 1,2 1,0 Bronquitis 2,2 1,0 Rinitis 0,4 1,0 * Infección de las vías respiratorias superiores Durante su comercialización, se han notificado muy esporádicamente las siguientes reacciones adversas,: Gastrointestinales: Náusea Hepato-biliares: Enzimas hepáticas elevadas,
  <effect gate:gateId="339" rule="Effect" Simplification="problemas en el hígado">función hepática anormal</effect>
  Musculoesqueléticas: Artralgia y
  <effect gate:gateId="340" rule="Effect" Simplification="dolor muscular">mialgia</effect>
  Piel: Angioedema,
  <effect gate:gateId="341" rule="Effect" Simplification="inflamación">erupción cutánea</effect>
  ,
  <effect gate:gateId="342" rule="Effect" Simplification="urticaria">urticaria</effect>
  ,
  <effect gate:gateId="343" rule="Effect" Simplification="picazón">prurito</effect>
  Sistema
  <effect gate:gateId="344" rule="Effect" Simplification="nervioso">nervioso</effect>
  : Mareo,
  <effect gate:gateId="345" rule="Effect" Simplification="dolor de cabeza">cefalea</effect>
  Otras reacciones adversas notificadas incluyen muy raramente
  <effect gate:gateId="346" rule="Effect" Simplification="disminución de leucocitos en la sangre">leucopenia</effect>
  ,
  <effect gate:gateId="347" rule="Effect" Simplification="problemas en la sangre">neutropenia</effect>
  y
  <effect gate:gateId="348" rule="Effect" Simplification="poca producción de defensas en la sangre">agranulocitosis</effect>
  . Resultados analíticos: En general, no hubo influencias clínicamente importantes de BLOPRESS® sobre las variables habituales de laboratorio. Se comunicaron como acontecimientos adversos incrementos en S- ALAT (S-GPT), de forma ligeramente más frecuente con BLOPRESS® que con placebo (1,3% frente a 0,5%). Normalmente no es necesaria una monitorización rutinaria de las variables de laboratorio en pacientes que están tomando BLOPRESS®. Sin embargo, en pacientes con
  <effect gate:gateId="349" rule="Effect" Simplification="insuficiencia renal ">insuficiencia renal</effect>
  , se recomienda la monitorización de forma periódica de los niveles séricos de
  <drug gate:gateId="350" rule="Drug">potasio</drug>
  y creatinina.
</paragraph>
