<?xml version="1.0" encoding="UTF-8"?>
<paragraph xmlns:gate="http://www.gate.ac.uk" gate:gateId="0" gate:annotMaxId="84">
  La más frecuentes son: - Alérgicas/Dermatológicas: Ocasionalmente,
  <effect gate:gateId="76" rule="Effect" Simplification="inflamación">erupciones cutáneas</effect>
  . Raramente,
  <effect gate:gateId="77" rule="Effect" Simplification="pérdida de cabello ">alopecia</effect>
  . - Cardiovasculares: Raramente,
  <effect gate:gateId="78" rule="Effect" Simplification="coagulo en una vena">tromboembolismo</effect>
  ,
  <effect gate:gateId="79" rule="Effect" Simplification="embolia pulmonar ">embolia pulmonar</effect>
  ,
  <effect gate:gateId="80" rule="Effect" Simplification="sofocaciones">sofocaciones</effect>
  . - Digestivas: Ocasionalmente, intolerancia gástrica. - Endocrinas/Metabólicas: Rebrote tumoral con o sin
  <effect gate:gateId="81" rule="Effect" Simplification="aumento de calcio en la sangre">hipercalcemia</effect>
  ,
  <effect gate:gateId="82" rule="Effect" Simplification="alto nivel de azucar">hiperglucemia</effect>
  , faz cushingoide. - Genitourinarias: Raramente,
  <effect gate:gateId="83" rule="Effect" Simplification="hemorragia vaginal">hemorragia vaginal</effect>
  spotting.
</paragraph>
