<?xml version="1.0" encoding="UTF-8"?>
<paragraph xmlns:gate="http://www.gate.ac.uk" gate:gateId="0" gate:annotMaxId="2130">
  Está contraindicada la administración concomitante de Claritromicina con ergotamina y dihidroergotamina. BREMON Suspensión 125 y 250, BREMON Sobres 250 y Sobres 500 contienen respectivamente 2´7 y 2´4 g de sacarosa por 5 ml y 1'6 y 3´2 g por sobre. Los pacientes con
  <effect gate:gateId="2023" rule="Effect" Simplification="intolerancia a azucares de las frutas">intolerancia hereditaria a la fructosa</effect>
  , problemas de absorción a la glucosa o galactosa, o insuficiencia de sacarasa-isomaltasa, no deben tomar este medicamento. 4.4. Advertencias y precauciones especiales de empleo: Como Claritromicina se excreta principalmente por el hígado y por el riñón, deben tomarse precauciones en pacientes con trastornos de la función hepática,
  <effect gate:gateId="2024" rule="Effect" Simplification="insuficiencia renal ">insuficiencia renal</effect>
  moderada o severa y ancianos. Se han recibido informes de postcomercialización de toxicidad de la
  <drug gate:gateId="2025" rule="Drug">colchicina</drug>
  con el uso concomitante de Claritromicina y
  <drug gate:gateId="2026" rule="Drug">colchicina</drug>
  , especialmente en ancianos, algunos de los cuales ocurrieron en pacientes con
  <effect gate:gateId="2027" rule="Effect" Simplification="insuficiencia renal ">insuficiencia renal</effect>
  . En algunos de dichos pacientes se han referido muertes (Ver en Interacción con otros medicamentos y otras formas de
  <effect gate:gateId="2028" rule="Effect" Simplification="interacción">interacción</effect>
  ). Debe tenerse en cuenta la posibilidad de
  <effect gate:gateId="2029" rule="Effect" Simplification="resistencia a patógenos">resistencia cruzada</effect>
  entre Claritromicina y otros antibióticos del grupo de los macrólidos, así como con lincomicina y
  <drug gate:gateId="2030" rule="Drug">clindamicina</drug>
  . Cuando Claritromicina se emplea en el tratamiento de
  <effect gate:gateId="2031" rule="Effect" Simplification="infecciones">infecciones</effect>
  causadas por M. avium, debe realizarse una audiometría en los pacientes, previo al comienzo de la terapia y deberá controlarse su capacidad auditiva durante el tratamiento. También se recomienda realizar un control periódico del recuento de leucocitos y plaquetas. Además, si en el tratamiento de estas
  <effect gate:gateId="2032" rule="Effect" Simplification="infecciones">infecciones</effect>
  Claritromicina se administra en asociación con
  <drug gate:gateId="2033" rule="Drug">rifabutina</drug>
  , aumenta el riesgo de aparición de
  <effect gate:gateId="2034" rule="Effect" Simplification="hinchazón en el ojo">uveítis</effect>
  por lo que los pacientes deben ser adecuadamente monitorizados (ver sección 4.5 Interacciones). Como para la mayoría de los antibacterianos, el tratamiento con Claritromicina puede causar
  <effect gate:gateId="2035" rule="Effect" Simplification="infección en el colon">colitis pseudomembranosa</effect>
  por Clostridium difficile. En pacientes que presentan
  <effect gate:gateId="2036" rule="Effect" Simplification="diarrea">diarrea</effect>
  tras la administración de fármacos antibacterianos, debe descartarse este diagnóstico. El riesgo de
  <effect gate:gateId="2037" rule="Effect" Simplification="trastorno muscular">rabdomiolisis</effect>
  puede verse incrementado con la administración simultánea de Claritromicina y de inhibidores de HMG-CoA reductasa tales como
  <drug gate:gateId="2038" rule="Drug">lovastatina</drug>
  y
  <drug gate:gateId="2039" rule="Drug">simvastatina</drug>
  (ver sección 4.5 Interacciones). Es recomendable controlar el tiempo de protrombina en pacientes que reciben tratamiento concomitante con anticoagulantes orales (ver sección 4.5 Interacciones). Por contener aceite de ricino, BREMON Suspensión 125 y 250 y BREMON Sobres 250 y 500, pueden provocar molestias de estómago y
  <effect gate:gateId="2040" rule="Effect" Simplification="___">diarrea.</effect>
  4.5. Interacción con otros medicamentos y otras formas de
  <effect gate:gateId="2041" rule="Effect" Simplification="interacción">interacción</effect>
  : La Claritromicina es un potente inhibidor del isoenzima 3A4 del citocromo P450 (CYP 3A49), por lo que puede aumentar los niveles plasmáticos de fármacos que se metabolicen por esta vía. Fármacos que no deben utilizarse durante el tratamiento con Claritromicina · Cisaprida, astemizol, terfenadina,
  <drug gate:gateId="2042" rule="Drug">pimozida</drug>
  ,
  <drug gate:gateId="2043" rule="Drug">disopiramida</drug>
  y quinidina. Si se coadministran con Claritromicina puede incrementarse el riesgo de arritmias cardíacas graves (ver sección 4.3 Contraindicaciones). · Ergotamina, dihidroergotamina. Los informes de postcomercialización indican que la administración concomitante con Claritromicina ha estado asociada con la toxicidad aguda del cornezuelo de centeno caracterizada por
  <effect gate:gateId="2044" rule="Effect" Simplification="construcción en los vasos sanguíneos">vasoespasmo</effect>
  e
  <effect gate:gateId="2045" rule="Effect" Simplification="disminución de flujo de sangre">isquemia</effect>
  de las extremidades y otros tejidos incluyendo el sistema
  <effect gate:gateId="2046" rule="Effect" Simplification="nervioso">nervioso</effect>
  central. Fármacos que deben ser administrados con precaución durante el tratamiento con Claritromicina, pudiendo ser necesario una disminución de la dosis y un estrecho seguimiento: · Anticoagulantes orales (
  <drug gate:gateId="2047" rule="Drug">warfarina</drug>
  ). Puede verse incrementado el riesgo de
  <effect gate:gateId="2048" rule="Effect" Simplification="sangrado ">hemorragia</effect>
  (ver sección 4.4 Advertencias especiales y Precauciones de uso) · Inhibidores de la HMG-CoA reductasa (
  <drug gate:gateId="2049" rule="Drug">lovastatina</drug>
  y
  <drug gate:gateId="2050" rule="Drug">simvastatina</drug>
  ). Se aumenta el riesgo de
  <effect gate:gateId="2051" rule="Effect" Simplification="trastorno muscular">rabdomiolisis</effect>
  (ver sección 4.4 Advertencias especiales y Precauciones de uso) · Antiepilépticos:
  <drug gate:gateId="2052" rule="Drug">fenitoína</drug>
  ,
  <drug gate:gateId="2053" rule="Drug">carbamazepina</drug>
  , valproato · Ciertos agentes inmunosupresores:
  <drug gate:gateId="2054" rule="Drug">ciclosporina</drug>
  , tacrólimus y rapamune · Ciertos agentes antineoplásicos tales como los alcaloides de la vinca:
  <drug gate:gateId="2055" rule="Drug">vinblastina</drug>
  · Benzodiacepinas:
  <drug gate:gateId="2056" rule="Drug">alprazolam</drug>
  ,
  <drug gate:gateId="2057" rule="Drug">midazolam</drug>
  ,
  <drug gate:gateId="2058" rule="Drug">triazolam</drug>
  · Antifúngicos:
  <drug gate:gateId="2059" rule="Drug">fluconazol</drug>
  ,
  <drug gate:gateId="2060" rule="Drug">itraconazol</drug>
  ,
  <drug gate:gateId="2061" rule="Drug">ketoconazol</drug>
  · Antiretrovirales: zidovudina El tratamiento simultáneo con Claritromicina y zidovudina puede producir un descenso en las concentraciones séricas de zidovudina debido a que Claritromicina parece interferir con la absorción oral de zidovudina. Por lo tanto, se recomienda espaciar la administración de las dosis de ambos fármacos. · Otros: digoxina,
  <drug gate:gateId="2062" rule="Drug">teofilina</drug>
  ,
  <drug gate:gateId="2063" rule="Drug">rifabutina</drug>
  (ver sección 4.4 Advertencias especiales/Precauciones de empleo), sildenefilo, metilprednisolona,
  <drug gate:gateId="2064" rule="Drug">cilostazol</drug>
  y en general, aquellos fármacos metabolizados por CYP3A4. La
  <drug gate:gateId="2065" rule="Drug">colchicina</drug>
  es un sustrato para CYP3A y el transportador efflux, glicoproteína-P (Pgp). Se sabe que la Claritromicina y otros macrólidos inhiben el isoenzima CYP3A y la glicoproteína-P. Cuando la Claritromicina y la
  <drug gate:gateId="2066" rule="Drug">colchicina</drug>
  se administran juntas, la inhibición de la glicoproteína-P y/o la isoenzima CYP3A por la Claritromicina puede conducir a un aumento de la exposición a la
  <drug gate:gateId="2067" rule="Drug">colchicina</drug>
  . Los pacientes deben ser monitorizados por si MINISTERIO presentaran síntomas clínicos de toxicidad de
  <drug gate:gateId="2068" rule="Drug">colchicina</drug>
  . (Ver en Advertencias y precauciones especiales de empleo). Fármacos que incrementan la biodisponibilidad de Claritromicina · Omeprazol. La coadministración de Claritromicina y
  <drug gate:gateId="2069" rule="Drug">omeprazol</drug>
  eleva los niveles séricos de ambos medicamentos. ·Ritonavir. La administración concomitante de
  <drug gate:gateId="2070" rule="Drug">ritonavir</drug>
  y Claritromicina produce una importante inhibición del metabolismo de Claritromicina, aunque debido al amplio margen terapéutico de Claritromicina no debería ser necesario un ajuste de la dosis en pacientes con función renal normal. Sin embargo, en pacientes con aclaramiento de creatinina entre 30-60 ml/min. y &lt; 30 ml/min. se debe realizar un ajuste de la dosis de Claritromicina en un 50% y 75%, respectivamente. En la experiencia postcomercialización se han observado interacciones medicamentosas entre los medicamentos siguientes metabolizados por CYP3A y
  <drug gate:gateId="2071" rule="Drug">eritromicina</drug>
  o Claritromicina: Astemizol,
  <drug gate:gateId="2072" rule="Drug">cisaprida</drug>
  ,
  <drug gate:gateId="2073" rule="Drug">disopiramida</drug>
  , ergotamina, dihidroergotamina,
  <drug gate:gateId="2074" rule="Drug">lovastatina</drug>
  ,
  <drug gate:gateId="2075" rule="Drug">pimozida</drug>
  , quinidina,
  <drug gate:gateId="2076" rule="Drug">simvastatina</drug>
  y terfenadina. 4.6. Embarazo y lactancia No ha sido establecida la inocuidad de Claritromicina durante el
  <effect gate:gateId="2077" rule="Effect" Simplification="embarazo">embarazo</effect>
  y la lactancia. El médico antes de prescribir Claritromicina a mujeres embarazadas debe sopesar cuidadosamente los beneficios obtenidos frente al riesgo potencial, especialmente durante los 3 primeros meses de
  <effect gate:gateId="2078" rule="Effect" Simplification="embarazo">embarazo</effect>
  . Claritromicina se excreta por la leche materna, por lo que no debe utilizarse durante la lactancia 4.7 Efectos sobre la capacidad para conducir y utilizar máquinas Ninguno conocido. 4.8. Reacciones adversas La Tabla siguiente es una recopilación de las reacciones descritas para todas las formulaciones de Claritromicina. Las reacciones adversas se clasifican por sistemas orgánicos. Dentro de cada grupo de frecuencia, las reacciones adversas se presentan en orden decreciente de gravedad: frecuente &gt;1/100 &lt; 1/10; poco frecuente &gt;1/1000 &lt; 1/100; raro &gt;1/10000 &lt;1/1000. REACCIONES ADVERSAS CON CLARITROMICINA Sistema orgánico Frecuencia Reacciones adversas Trastornos sanguíneos y Poco Leucopenia,
  <effect gate:gateId="2079" rule="Effect" Simplification="problemas de coagulación">trombocitopenia</effect>
  del sistema linfático frecuentes Trastornos del sistema Poco inmunológico frecuentes Trastornos del Raros Descenso de niveles de glucosa sanguínea, algunas metabolismo y nutrición veces asociado con hipoglucemiantes o insulina Trastornos psiquiátricos3 Poco Ansiedad,
  <effect gate:gateId="2080" rule="Effect" Simplification="insomnio">insomnio</effect>
  ,
  <effect gate:gateId="2081" rule="Effect" Simplification="pesadillas">pesadillas</effect>
  ,
  <effect gate:gateId="2082" rule="Effect" Simplification="confusión">confusión</effect>
  , Trastornos del sistema Frecuentes Cefalea, perversión del sabor
  <effect gate:gateId="2083" rule="Effect" Simplification="nervioso">nervioso</effect>
  Poco Trastornos del oido y Frecuentes Pérdida de audición (reversible con la interrupción laberinto Trastornos cardiacos Raros Taquicardia ventricular,
  <effect gate:gateId="2084" rule="Effect" Simplification="arritmia">torsades de pointes</effect>
  , Trastornos Frecuentes Diarrea,
  <effect gate:gateId="2085" rule="Effect" Simplification="vómitos">vómitos</effect>
  ,
  <effect gate:gateId="2086" rule="Effect" Simplification="náuseas">náuseas</effect>
  gastrointestinales Poco Pancreatitis,
  <effect gate:gateId="2087" rule="Effect" Simplification="inflamación de la lengua">glositis</effect>
  ,
  <effect gate:gateId="2088" rule="Effect" Simplification="inflamación en la boca">estomatitis</effect>
  ,
  <effect gate:gateId="2089" rule="Effect" Simplification="dolor abdominal">dolor abdominal</effect>
  , Trastornos hepatobiliares Poco Disfunción hepática (normalmente reversible), Trastornos de piel y de Frecuentes tejido subcutáneo Poco Parámetros de laboratorio Raros Aumento de creatinina sérica 1 Durante la administración oral de Claritromicina se han referido reacciones alérgicas que pueden oscilar desde
  <effect gate:gateId="2090" rule="Effect" Simplification="urticaria">urticaria</effect>
  y erupciones leves de la piel hasta
  <effect gate:gateId="2091" rule="Effect" Simplification="anafilaxia">anafilaxia</effect>
  y raramente síndrome de Stevens-Johnson/
  <effect gate:gateId="2092" rule="Effect" Simplification="enfermedad de la piel">necrolisis epidérmica tóxica</effect>
  . 2 La
  <effect gate:gateId="2093" rule="Effect" Simplification="insuficiencia hepática">insuficiencia hepática</effect>
  fue fatal en raras ocasiones y normalmente asociada con enfermedades subyacentes graves y medicaciones concomitantes. 3 En el sistema
  <effect gate:gateId="2094" rule="Effect" Simplification="nervioso">nervioso</effect>
  central se han descrito reacciones adversas transitorias que incluyen
  <effect gate:gateId="2095" rule="Effect" Simplification="desmayo">desvanecimiento</effect>
  ,
  <effect gate:gateId="2096" rule="Effect" Simplification="mareo y vértigo">vértigo</effect>
  ,
  <effect gate:gateId="2097" rule="Effect" Simplification="ansiedad">ansiedad</effect>
  ,
  <effect gate:gateId="2098" rule="Effect" Simplification="insomnio">insomnio</effect>
  ,
  <effect gate:gateId="2099" rule="Effect" Simplification="pesadillas">pesadillas</effect>
  , tinnitus,
  <effect gate:gateId="2100" rule="Effect" Simplification="confusión">confusión</effect>
  ,
  <effect gate:gateId="2101" rule="Effect" Simplification="desorientación">desorientación</effect>
  ,
  <effect gate:gateId="2102" rule="Effect" Simplification="alucinaciones">alucinaciones</effect>
  ,
  <effect gate:gateId="2103" rule="Effect" Simplification="psicótico">psicosis</effect>
  y
  <effect gate:gateId="2104" rule="Effect" Simplification="despersonalización">despersonalización</effect>
  , sin embargo no se ha establecido una relación causa efecto. Se han observado casos de
  <effect gate:gateId="2105" rule="Effect" Simplification="problemas en los riñones">nefritis intersticial</effect>
  . Se han recibido informes de postcomercialización de toxicidad de la
  <drug gate:gateId="2106" rule="Drug">colchicina</drug>
  con el uso concomitante de Claritromicina y
  <drug gate:gateId="2107" rule="Drug">colchicina</drug>
  , especialmente en ancianos, algunos de los cuales ocurrieron en pacientes con
  <effect gate:gateId="2108" rule="Effect" Simplification="insuficiencia renal ">insuficiencia renal</effect>
  . En algunos de dichos pacientes se han referido muertes (Ver en Interacción con otros medicamentos y otras formas de
  <effect gate:gateId="2109" rule="Effect" Simplification="interacción">interacción</effect>
  y en Advertencias y precauciones especiales de empleo). En pacientes con SIDA y otros pacientes inmunocomprometidos tratados con las dosis superiores de Claritromicina durante largos periodos de tiempo para las
  <effect gate:gateId="2110" rule="Effect" Simplification="infecciones">infecciones</effect>
  por micobacterias, a menudo es difícil distinguir las reacciones adversas posiblemente asociadas con Claritromicina con los signos subyacentes de la
  <effect gate:gateId="2111" rule="Effect" Simplification="enfermedad">enfermedad</effect>
  por VIH o las enfermedades relacionadas. En pacientes adultos, las reacciones adversas referidas con más frecuencia por los pacientes tratados con dosis diarias totales de 1000 mg de Claritromicina fueron:
  <effect gate:gateId="2112" rule="Effect" Simplification="náuseas">náuseas</effect>
  ,
  <effect gate:gateId="2113" rule="Effect" Simplification="vómitos">vómitos</effect>
  , alteración del sabor,
  <effect gate:gateId="2114" rule="Effect" Simplification="dolor abdominal">dolor abdominal</effect>
  ,
  <effect gate:gateId="2115" rule="Effect" Simplification="diarrea">diarrea</effect>
  ,
  <effect gate:gateId="2116" rule="Effect" Simplification="inflamación">erupción cutánea</effect>
  ,
  <effect gate:gateId="2117" rule="Effect" Simplification="flatulencia">flatulencia</effect>
  ,
  <effect gate:gateId="2118" rule="Effect" Simplification="dolor de cabeza">cefalea</effect>
  ,
  <effect gate:gateId="2119" rule="Effect" Simplification="estreñimiento">estreñimiento</effect>
  , trastorno de la audición, aumento de SGOT y SGPT. Otras reacciones adversas poco frecuentes fueron
  <effect gate:gateId="2120" rule="Effect" Simplification="jadeo">disnea</effect>
  ,
  <effect gate:gateId="2121" rule="Effect" Simplification="insomnio">insomnio</effect>
  y
  <effect gate:gateId="2122" rule="Effect" Simplification="sequedad de boca">sequedad de boca</effect>
  . MINISTERIO En estos pacientes inmunocomprometidos las evaluaciones de los parámetros de laboratorio se realizaron analizando aquellos valores que caían fuera del nivel gravemente anormal (es decir, el límite extremo alto o bajo) para el ensayo especificado. Con este criterio, alrededor del 2 ­ 3% de estos pacientes que recibieron 1000 mg de Claritromicina diariamente tuvieron niveles de SGOT y SGPT anormalmente elevados y niveles de leucocitos y plaquetas anormalmente bajos. Un porcentaje menor de pacientes también presentó niveles de urea en sangre elevados. Un número limitado de pacientes pediátricos con SIDA han sido tratados con la suspensión pediátrica de Claritromicina en las
  <effect gate:gateId="2123" rule="Effect" Simplification="infecciones">infecciones</effect>
  producidas por micobacterias. Los efectos adversos referidos más frecuentemente, excluyendo aquellos debidos al estado concurrente del paciente, fueron tinnitus,
  <effect gate:gateId="2124" rule="Effect" Simplification="sordera">sordera</effect>
  ,
  <effect gate:gateId="2125" rule="Effect" Simplification="vómitos">vómitos</effect>
  ,
  <effect gate:gateId="2126" rule="Effect" Simplification="náuseas">náuseas</effect>
  ,
  <effect gate:gateId="2127" rule="Effect" Simplification="dolor abdominal">dolor abdominal</effect>
  ,
  <effect gate:gateId="2128" rule="Effect" Simplification="inflamación">erupción cutánea</effect>
  purpúrica,
  <effect gate:gateId="2129" rule="Effect" Simplification="pancreatitis">pancreatitis</effect>
  y aumento de amilasa. Las evaluaciones de los valores de laboratorio para estos pacientes se realizaron analizando aquellos valores que estaban fuera del valor gravemente anormal (es decir, el límite extremo alto o bajo) para el ensayo especificado. Con este criterio, un paciente pediátrico con SIDA que recibió &lt;15 mg/kg/día de Claritromicina tuvo un valor anormalmente elevado de bilirrubina total; de los pacientes que recibieron de 15 a &lt;25 mg/kg/día de Claritromicina, hubo uno de cada con un valor anormalmente grave de SGPT y urea en sangre y un descenso grave en el recuento de plaquetas. Ninguno de estos valores anormalmente graves para estos parámetros de laboratorio fueron referidos por los pacientes que recibieron la dosis más alta (&lt; 25 mg/kg/día) de Claritromicina.
</paragraph>
