<?xml version="1.0" encoding="UTF-8"?>
<paragraph xmlns:gate="http://www.gate.ac.uk" gate:gateId="0" gate:annotMaxId="739">
  Las reacciones adversas mencionadas a continuación se encuentran agrupadas, según su frecuencia, en: muy frecuentes ( 1/10); frecuentes ( 1/100, &lt; 1/10); poco frecuentes ( 1/1.000, &lt; 1/100); raras ( 1/10.000, &lt; 1/1.000); muy raras (&lt; 1/10.000). Ensayos clínicos: Pravastatina se ha estudiado a la dosis de 40 mg en siete estudios aleatorizados, doble
  <effect gate:gateId="685" rule="Effect" Simplification="ciego">ciego</effect>
  , controlados con placebo que incluyeron a más de 21.000 pacientes tratados con
  <drug gate:gateId="686" rule="Drug">pravastatina</drug>
  (n = 10.764) o placebo (n = 10.719), que representan más de 47.000 pacientes/años de exposición a
  <drug gate:gateId="687" rule="Drug">pravastatina</drug>
  . Aproximadamente se siguieron 19.000 pacientes durante una mediana de 4,8 - 5,9 años. Se notificaron las siguientes reacciones adversas; ninguna de ellas se produjo con una tasa superior al 0,3% en el grupo
  <drug gate:gateId="688" rule="Drug">pravastatina</drug>
  en comparación con el grupo placebo. Trastornos del sistema
  <effect gate:gateId="689" rule="Effect" Simplification="nervioso">nervioso</effect>
  : Poco frecuentes:
  <effect gate:gateId="690" rule="Effect" Simplification="mareo">mareo</effect>
  ,
  <effect gate:gateId="691" rule="Effect" Simplification="dolor de cabeza">cefalea</effect>
  , trastornos del sueño,
  <effect gate:gateId="692" rule="Effect" Simplification="insomnio">insomnio</effect>
  . Trastornos oculares: Poco frecuentes: alteraciones de la visión (incluida
  <effect gate:gateId="693" rule="Effect" Simplification="visión borrosa">visión borrosa</effect>
  y
  <effect gate:gateId="694" rule="Effect" Simplification="visión doble">diplopía</effect>
  ) Trastornos gastrointestinales: Poco frecuentes:
  <effect gate:gateId="695" rule="Effect" Simplification="enfermedades del estómago ">dispepsia</effect>
  /
  <effect gate:gateId="696" rule="Effect" Simplification="ardor">ardor</effect>
  ,
  <effect gate:gateId="697" rule="Effect" Simplification="dolor abdominal">dolor abdominal</effect>
  ,
  <effect gate:gateId="698" rule="Effect" Simplification="náuseas">náuseas</effect>
  /
  <effect gate:gateId="699" rule="Effect" Simplification="vómitos">vómitos</effect>
  ,
  <effect gate:gateId="700" rule="Effect" Simplification="estreñimiento">estreñimiento</effect>
  ,
  <effect gate:gateId="701" rule="Effect" Simplification="diarrea">diarrea</effect>
  ,
  <effect gate:gateId="702" rule="Effect" Simplification="flatulencia">flatulencia</effect>
  Trastornos de la piel y del tejido subcutáneo: Poco frecuentes:
  <effect gate:gateId="703" rule="Effect" Simplification="picazón">prurito</effect>
  ,
  <effect gate:gateId="704" rule="Effect" Simplification="erupción">exantema</effect>
  ,
  <effect gate:gateId="705" rule="Effect" Simplification="urticaria">urticaria</effect>
  , anormalidades del cabello y del cuero cabelludo (incluyendo
  <effect gate:gateId="706" rule="Effect" Simplification="pérdida de cabello ">alopecia</effect>
  ). Trastornos renales y urinarios: Poco frecuentes: problemas de micción (como
  <effect gate:gateId="707" rule="Effect" Simplification="dolor al orinar">disuria</effect>
  ,
  <effect gate:gateId="708" rule="Effect" Simplification="frecuencia orinaría">polaquiuria</effect>
  ,
  <effect gate:gateId="709" rule="Effect" Simplification="micción involuntaria">nicturia</effect>
  ) Trastornos del aparato reproductor y de la mama: Poco frecuentes: alteraciones sexuales Trastornos generales: Poco frecuentes:
  <effect gate:gateId="710" rule="Effect" Simplification="fatiga ">fatiga</effect>
  Acontecimientos de interés clínico especial: Músculo esquelético: en los estudios clínicos se han notificado efectos sobre el sistema músculo esquelético, por ejemplo,
  <effect gate:gateId="711" rule="Effect" Simplification="dolor">dolor</effect>
  músculoesquelético incluyendo
  <effect gate:gateId="712" rule="Effect" Simplification="dolor articular">artralgia</effect>
  ,
  <effect gate:gateId="713" rule="Effect" Simplification="calambres musculares">calambres musculares</effect>
  ,
  <effect gate:gateId="714" rule="Effect" Simplification="dolor muscular">mialgia</effect>
  ,
  <effect gate:gateId="715" rule="Effect" Simplification="debilidad muscular">debilidad muscular</effect>
  y elevaciones de los niveles de CK. El porcentaje de
  <effect gate:gateId="716" rule="Effect" Simplification="dolor muscular">mialgia</effect>
  (1,4%
  <drug gate:gateId="717" rule="Drug">pravastatina</drug>
  frente a 1,4% placebo) y
  <effect gate:gateId="718" rule="Effect" Simplification="debilidad muscular">debilidad muscular</effect>
  (0,1%
  <drug gate:gateId="719" rule="Drug">pravastatina</drug>
  frente a &lt; 0,1% placebo) y la incidencia de los niveles de CK 3 veces por encima del límite superior de la normalidad y 10 veces por encima del límite superior de la normalidad en CARE, WOSCOP y LIPID fue similar a placebo (1,6%
  <drug gate:gateId="720" rule="Drug">pravastatina</drug>
  frente a 1,6% placebo y 1,0%
  <drug gate:gateId="721" rule="Drug">pravastatina</drug>
  frente a 1,0% placebo, respectivamente) (ver apartado 4.4). Efectos hepáticos: se han notificado elevaciones de las transaminasas séricas. En los tres estudios a largo plazo, controlados con placebo, CARE, WOSCOP y LIPID, aparecieron anormalidades marcadas de los niveles de ALT y AST (3 veces por encima del límite superior de la normalidad) con una frecuencia similar ( 1,2%) en ambos grupos de tratamiento. Postcomercialización Además de las reacciones descritas anteriormente durante la experiencia postcomercialización de
  <drug gate:gateId="722" rule="Drug">pravastatina</drug>
  se han notificado las siguientes reacciones adversas: Trastornos del sistema
  <effect gate:gateId="723" rule="Effect" Simplification="nervioso">nervioso</effect>
  : Muy raras:
  <effect gate:gateId="724" rule="Effect" Simplification="afección neurológica">polineuropatía</effect>
  periférica, particularmente cuando se utiliza durante un tiempo prolongado,
  <effect gate:gateId="725" rule="Effect" Simplification="cosquilleo">parestesia</effect>
  Trastornos del sistema inmunitario: Muy raras: reacciones de
  <effect gate:gateId="726" rule="Effect" Simplification="alergia">hipersensibilidad</effect>
  , anafilaxis,
  <effect gate:gateId="727" rule="Effect" Simplification="hinchazón debajo de la piel">angioedema</effect>
  , síndrome de tipo
  <effect gate:gateId="728" rule="Effect" Simplification="daño en los tejidos">lupus eritematoso</effect>
  . Trastornos gastrointestinales: Muy raras:
  <effect gate:gateId="729" rule="Effect" Simplification="pancreatitis">pancreatitis</effect>
  . Trastornos hepatobiliares: Muy raras:
  <effect gate:gateId="730" rule="Effect" Simplification="piel amarrilla">ictericia</effect>
  ,
  <effect gate:gateId="731" rule="Effect" Simplification="hepatitis">hepatitis</effect>
  ,
  <effect gate:gateId="732" rule="Effect" Simplification="daño en el hígado">necrosis hepática</effect>
  fulminante. Trastornos musculoesqueléticos y del tejido conjuntivo: Muy raras:
  <effect gate:gateId="733" rule="Effect" Simplification="trastorno muscular">rabdomiolisis</effect>
  , que puede estar asociada con
  <effect gate:gateId="734" rule="Effect" Simplification="insuficiencia renal">insuficiencia renal aguda</effect>
  secundaria a
  <effect gate:gateId="735" rule="Effect" Simplification="problema en los riñones">mioglobinuria</effect>
  ,
  <effect gate:gateId="736" rule="Effect" Simplification="enfermedad muscular">miopatía</effect>
  (ver apartado 4.4).
  <effect gate:gateId="737" rule="Effect" Simplification="inflamación de músculos">miositis</effect>
  ,
  <effect gate:gateId="738" rule="Effect" Simplification="inflamación crónica">polimiositis</effect>
  . Casos aislados de trastornos tendinosos, alguna vez complicado con rotura.
</paragraph>
