<?xml version="1.0" encoding="UTF-8"?>
<paragraph xmlns:gate="http://www.gate.ac.uk" gate:gateId="0" gate:annotMaxId="379">
  La relación siguiente facilita información acerca de las reacciones adversas que se han identificado a partir de la experiencia clínica, clasificadas según la incidencia y sistema del organismo. Las reacciones adversas se ordenan por frecuencias según la escala siguiente: muy frecuentes (1/10); frecuentes (1/100, &lt;1/10); poco frecuentes (1/1.000, &lt;1/100); raras (1/10.000, &lt;1/1.000); muy raras (&lt;1/10.000). Trastornos del Frecuentes Reacciones de
  <effect gate:gateId="357" rule="Effect" Simplification="alergia">hipersensibilidad</effect>
  tales como sistema
  <effect gate:gateId="358" rule="Effect" Simplification="urticaria">urticaria</effect>
  inmunológico* También se han notificado
  <effect gate:gateId="359" rule="Effect" Simplification="dolor articular">artralgia</effect>
  ,
  <effect gate:gateId="360" rule="Effect" Simplification="dolor muscular">mialgia</effect>
  y Trastornos del Frecuentes Anorexia metabolismo y de la nutrición Trastornos Muy frecuentes Insomnio (ver sección 4.2) psiquiátricos MINISTERIO Trastornos del Muy frecuentes Cefalea sistema
  <effect gate:gateId="361" rule="Effect" Simplification="nervioso">nervioso</effect>
  Trastornos oculares Frecuentes Alteraciones de la visión Trastornos del oído Frecuentes Acúfenos y del laberinto Trastornos cardiacos Poco frecuentes Taquicardia Muy raras Palpitaciones Trastornos Frecuentes Aumento de la
  <effect gate:gateId="362" rule="Effect" Simplification="presión">presión</effect>
  arterial (a veces grave), vasculares
  <effect gate:gateId="363" rule="Effect" Simplification="rubor">rubor</effect>
  Trastornos Muy frecuentes Sequedad de boca,
  <effect gate:gateId="364" rule="Effect" Simplification="trastorno gastrointestinal">trastorno gastrointestinal</effect>
  gastrointestinales incluyendo
  <effect gate:gateId="365" rule="Effect" Simplification="vómitos">náuseas y vómitos</effect>
  Trastornos Muy raras Aumento de enzimas hepáticas,
  <effect gate:gateId="366" rule="Effect" Simplification="piel amarrilla">ictericia</effect>
  , hepatobiliares
  <effect gate:gateId="367" rule="Effect" Simplification="hepatitis">hepatitis</effect>
  Trastornos de la piel Frecuentes Erupción cutánea,
  <effect gate:gateId="368" rule="Effect" Simplification="picazón">prurito</effect>
  ,
  <effect gate:gateId="369" rule="Effect" Simplification=" sudoración ">sudoración</effect>
  y del tejido subcutáneo Trastornos Muy raras Fasciculaciones musculoesqueléticos y del tejido conjuntivo Trastornos renales y Muy raras Aumento de la frecuencia y/o retención urinarios urinaria Trastornos generales Frecuentes Fiebre,
  <effect gate:gateId="370" rule="Effect" Simplification="dolor torácico">dolor torácico</effect>
  ,
  <effect gate:gateId="371" rule="Effect" Simplification="fatiga">astenia</effect>
  y alteraciones en el lugar de administración * Las reacciones de
  <effect gate:gateId="372" rule="Effect" Simplification="alergia">hipersensibilidad</effect>
  pueden manifestarse en forma de reacciones cutáneas. Ver "Trastornos del sistema inmunológico" y "Trastornos de la piel y del tejido subcutáneo". ** La incidencia de
  <effect gate:gateId="373" rule="Effect" Simplification="ataque">convulsiones</effect>
  es de aproximadamente el 0,1% (1/1.000). El tipo más frecuente de
  <effect gate:gateId="374" rule="Effect" Simplification="crisis">crisis</effect>
  es el de
  <effect gate:gateId="375" rule="Effect" Simplification="ataque">convulsiones</effect>
  tónico-clónicas generalizadas, un tipo de
  <effect gate:gateId="376" rule="Effect" Simplification="crisis">crisis</effect>
  que puede dar lugar en algunos casos a
  <effect gate:gateId="377" rule="Effect" Simplification="confusión">confusión</effect>
  post-ictal o a
  <effect gate:gateId="378" rule="Effect" Simplification="alteración de la memoria">alteración de la memoria</effect>
  (ver sección 4.4).
</paragraph>
