<?xml version="1.0" encoding="UTF-8"?>
<paragraph xmlns:gate="http://www.gate.ac.uk" gate:gateId="0" gate:annotMaxId="1249">
  La Tabla 1 recoge las reacciones adversas notificadas en los ensayos clínicos en Fase 3. La tabla refleja las reacciones adversas que ocurrieron con una incidencia 5 % y más frecuentes entre los pacientes tratados con BYETTA que entre aquellos tratados con insulina o placebo. La tabla también incluye las reacciones adversas que ocurrieron con una incidencia 1 % y con una significación estadística superior y/o una incidencia 2X entre los pacientes tratados con BYETTA frente a aquellos tratados con insulina o placebo. Las reacciones adversas se clasifican según su frecuencia en: muy frecuentes (1/10) y frecuentes (1/100,&lt;1/10). Y se listan a continuación con el término preferente de MedDRA, órgano o sistema y frecuencia absoluta. Tabla 1: Reacciones adversas notificadas en ensayos clínicos controlados fase 3 a largo plazo Órganos y Sistemas /Términos de Frecuencia reacciones adversas Reacciones Frecuente Muy frecuente Transtornos del metabolismo y de la nutrición Hipoglucemia (con
  <drug gate:gateId="1209" rule="Drug">metformina</drug>
  y una X 2 sulfonilurea) Hipoglucemia (con una sulfonilurea) X Disminución del apetito X Transtornos del sistema
  <effect gate:gateId="1210" rule="Effect" Simplification="nervioso">nervioso</effect>
  Dolor de cabeza 2 X Mareo X Transtornos gastrointestinales Náuseas X Vómitos X Diarrea X Dispepsia X Dolor abdominal X Enfermedad de
  <effect gate:gateId="1211" rule="Effect" Simplification="reflujo gástrico">reflujo gastroesofágico</effect>
  X Distensión abdominal X Transtornos de la piel y del tejido subcutáneo Hiperhidrosis 2 X Transtornos generales y alteraciones en el lugar de administración Sensación de
  <effect gate:gateId="1212" rule="Effect" Simplification=" nerviosismo ">nerviosismo</effect>
  X 2 Astenia X N= 1788 pacientes tratados con BYETTA, por intención de tratar (ITT). 1 Datos de ensayos clínicos fase 3 controlados frente a placebo como comparador, insulina glargina o una mezcla con un 30 % de insulina aspártica soluble y un 70 % de cristales de insulina aspártica protamina (insulina aspártica bifásica) en los cuales los pacientes también recibieron
  <drug gate:gateId="1213" rule="Drug">metformina</drug>
  , tiazolidinadionas o sulfonilurea además de BYETTA o el comparador. 2 En ensayos clínicos controlados con insulina como comparador en los que
  <drug gate:gateId="1214" rule="Drug">metformina</drug>
  y sulfonilurea fueron medicamentos concomitantes, la incidencia de estas reacciones adversas fue similar para los pacientes tratados con insulina y con BYETTA. Hipoglucemia En ensayos clínicos con pacientes tratados con BYETTA y una sulfonilurea (con o sin
  <drug gate:gateId="1215" rule="Drug">metformina</drug>
  ), la incidencia de
  <effect gate:gateId="1216" rule="Effect" Simplification="poca azúcar en la sangre">hipoglucemia</effect>
  aumentó en comparación con placebo (23,5 % y 25,2 % frente a 12,6 % y 3,3 %) y pareció ser dependiente de la dosis tanto de BYETTA como de la sufonilurea. La mayoría de los episodios de
  <effect gate:gateId="1217" rule="Effect" Simplification="poca azúcar en la sangre">hipoglucemia</effect>
  fueron de intensidad leve a moderada en intensidad, y todos cedieron con la administración oral de carbohidratos. Náuseas La
  <effect gate:gateId="1218" rule="Effect" Simplification="alergia ">reacción adversa</effect>
  notificada con mayor frecuencia fue la aparición de
  <effect gate:gateId="1219" rule="Effect" Simplification="___">náuseas.</effect>
  En pacientes tratados con 5 µg o 10 µg de BYETTA, generalmente un 40-50 % comunicaron al menos un episodio de
  <effect gate:gateId="1220" rule="Effect" Simplification="___">náuseas.</effect>
  Muchos de los episodios de
  <effect gate:gateId="1221" rule="Effect" Simplification="náuseas">náuseas</effect>
  fueron de leve a moderados y ocurrieron de forma dependiente de la dosis. Con el tratamiento continuado, la frecuencia y gravedad disminuyó en la mayoría de pacientes que inicialmente presentaron
  <effect gate:gateId="1222" rule="Effect" Simplification="___">náuseas.</effect>
  La incidencia de abandono debido a acontecimientos adversos fue del 8 % en pacientes tratados con BYETTA, del 3 % en pacientes tratados con placebo y del 1 % en pacientes tratados con insulina, en ensayos clínicos controlados a largo plazo (16 semanas o más). Los acontecimientos adversos más frecuentes que llevaron al abandono en pacientes tratados con BYETTA fueron
  <effect gate:gateId="1223" rule="Effect" Simplification="náuseas">náuseas</effect>
  (4 % de los pacientes) y
  <effect gate:gateId="1224" rule="Effect" Simplification="vómitos">vómitos</effect>
  (1 %). Para los pacientes tratados con placebo o con insulina, &lt;1 % abandonaron el tratamiento a consecuencia de
  <effect gate:gateId="1225" rule="Effect" Simplification="___">náuseas o vómitos.</effect>
  Los pacientes tratados con BYETTA en estudios de extensión abiertos a 82 semanas, presentaron el mismo tipo de acontecimientos adversos que en los ensayos controlados. Reacciones en el lugar de inyección Se han notificado aproximadamente un 5,1 % de reacciones en el lugar de inyección en sujetos que recibieron BYETTA en ensayos controlados a largo plazo (16 semanas o más). Estas reacciones han sido habitualmente leves y no han dado lugar a la suspensión del tratamiento con BYETTA. Inmunogenicidad De acuerdo con las propiedades potencialmente inmunogénicas de las proteínas y medicamentos peptídicos, los pacientes pueden desarrollar anticuerpos anti-exenatida durante el tratamiento con BYETTA. En la mayoría de los pacientes que desarrollaron anticuerpos, los niveles de anticuerpos disminuyeron a lo largo del tiempo y permanecieron bajos a lo largo de 82 semanas. En conjunto, el porcentaje de pacientes que dieron positivo a anticuerpos fue uniforme en los ensayos clínicos. Los pacientes que desarrollaron anticuerpos anti-exenatida tuvieron la misma incidencia y tipo de acontecimientos adversos que aquellos sin anticuerpos anti-exenatida. En los tres ensayos controlados con placebo (n=963) el 38 % de los pacientes presentaron un título bajo de anticuerpos anti-exenatida a las 30 semanas. Para este grupo, el nivel de control glucémico (HbA1c) fue generalmente comparable al observado en aquellos que no presentaban anticuerpos. Un 6 % adicional de pacientes tenían un alto nivel de anticuerpos a las 30 semanas. Alrededor de la mitad de este 6 % (3 % del total de los pacientes a los que se
  <effect gate:gateId="1226" rule="Effect" Simplification="enfermedad del sistema inmune">les</effect>
  administró BYETTA en los estudios controlados), no presentaron respuesta glucémica aparente a BYETTA. En dos ensayos controlados con insulina como comparador (n= 475), la eficacia y acontecimientos adversos observados fueron comparables en pacientes tratados con BYETTA independientemente del nivel de anticuerpos. El examen de las muestras con anticuerpos positivos de un estudio no controlado a largo plazo, no reveló reactividad cruzada significativa con péptidos endógenos similares (
  <drug gate:gateId="1227" rule="Drug">glucagón</drug>
  o GLP-1). Notificaciones espontáneass Desde la introducción de BYETTA en el mercado, se han notificado las siguientes reacciones adversas: Trastornos del sistema inmunológico:
  <effect gate:gateId="1228" rule="Effect" Simplification="reacción alérgica">reacción anafiláctica</effect>
  muy rara. Trastornos del metabolismo y de la nutrición:
  <effect gate:gateId="1229" rule="Effect" Simplification="deshidratación">deshidratación</effect>
  , generalmente asociada con
  <effect gate:gateId="1230" rule="Effect" Simplification="náuseas">náuseas</effect>
  ,
  <effect gate:gateId="1231" rule="Effect" Simplification="vómitos">vómitos</effect>
  y/o
  <effect gate:gateId="1232" rule="Effect" Simplification="___">diarrea.</effect>
  7 Trastornos del sistema
  <effect gate:gateId="1233" rule="Effect" Simplification="nervioso">nervioso</effect>
  :
  <effect gate:gateId="1234" rule="Effect" Simplification="mal sabor">disgeusia</effect>
  ,
  <effect gate:gateId="1235" rule="Effect" Simplification="___">somnolencia.</effect>
  Trastornos gastrointestinales: eructo,
  <effect gate:gateId="1236" rule="Effect" Simplification="estreñimiento">estreñimiento</effect>
  ,
  <effect gate:gateId="1237" rule="Effect" Simplification="flatulencia">flatulencia</effect>
  ,
  <effect gate:gateId="1238" rule="Effect" Simplification="pancreatitis">pancreatitis aguda</effect>
  (ver sección 4.4). Trastornos renales y urinarios: alteración de la función renal, incluyendo
  <effect gate:gateId="1239" rule="Effect" Simplification="insuficiencia renal">insuficiencia renal aguda</effect>
  ,
  <effect gate:gateId="1240" rule="Effect" Simplification="insuficiencia renal crónica">empeoramiento de la insuficiencia renal crónica</effect>
  ,
  <effect gate:gateId="1241" rule="Effect" Simplification="insuficiencia renal ">insuficiencia renal</effect>
  , aumento de la creatinina sérica (ver sección 4.4). Trastornos de la piel y del tejido subcutáneo:
  <effect gate:gateId="1242" rule="Effect" Simplification="manchas">erupción macular</effect>
  ,
  <effect gate:gateId="1243" rule="Effect" Simplification="manchas rojas">erupción papular</effect>
  ,
  <effect gate:gateId="1244" rule="Effect" Simplification="picazón">prurito</effect>
  ,
  <effect gate:gateId="1245" rule="Effect" Simplification="urticaria">urticaria</effect>
  ,
  <effect gate:gateId="1246" rule="Effect" Simplification="hinchazón en la piel">edema angioneurótico</effect>
  . Exploraciones complementarias: aumento del International Normalized Ratio (INR) con el uso concomitante de
  <drug gate:gateId="1247" rule="Drug">warfarina</drug>
  , se han notificado algunos casos asociados con
  <effect gate:gateId="1248" rule="Effect" Simplification="sangrado">sangrado</effect>
  (ver sección 4.5).
</paragraph>
