<?xml version="1.0" encoding="UTF-8"?>
<paragraph xmlns:gate="http://www.gate.ac.uk" gate:gateId="0" gate:annotMaxId="394">
  Los efectos adversos del ácido acetilsalicílico, en la mayor parte de los casos, son una consecuencia del mecanismo de su acción farmacológica y afectan principalmente al aparato digestivo. El 5-7% de los pacientes experimenta algún tipo de efecto adverso. Las reacciones adversas más características son: Trastornos gastrointestinales: Frecuentes (1-9%): Trastornos respiratorios: Frecuentes (1-9%): Trastornos de la piel y tejido Frecuentes (1-9%): subcutáneo: -
  <effect gate:gateId="373" rule="Effect" Simplification="urticaria">urticaria</effect>
  ,
  <effect gate:gateId="374" rule="Effect" Simplification="inflamación">erupciones cutáneas</effect>
  ,
  <effect gate:gateId="375" rule="Effect" Simplification="hinchazón debajo de la piel">angioedema</effect>
  . Trastornos de la sangre y - Frecuentes (1-9%): sistema linfático: -
  <effect gate:gateId="376" rule="Effect" Simplification="problema de coagulación de sangre">hipoprotrombinemia</effect>
  (con dosis altas). Trastornos generales: - Poco frecuentes (&lt;1%): Trastornos hepatobiliares: - Poco frecuentes (&lt;1%): Con dosis superiores a las de este preparado en tratamientos prolongados pueden aparecer: Trastornos generales: -
  <effect gate:gateId="377" rule="Effect" Simplification="dolor de cabeza">cefalea</effect>
  Trastornos del sistema -
  <effect gate:gateId="378" rule="Effect" Simplification="mareo">mareos</effect>
  <effect gate:gateId="379" rule="Effect" Simplification="nervioso">nervioso</effect>
  : Trastornos psiquiátricos: -
  <effect gate:gateId="380" rule="Effect" Simplification="confusión">confusión</effect>
  Trastornos del oído y del - tinnitus,
  <effect gate:gateId="381" rule="Effect" Simplification="sordera">sordera</effect>
  laberinto: Trastornos de la piel y tejido subcutáneo: Trastornos renales y urinarios: -
  <effect gate:gateId="382" rule="Effect" Simplification="insuficiencia renal ">insuficiencia renal</effect>
  y
  <effect gate:gateId="383" rule="Effect" Simplification="problemas en los riñones">nefritis intersticial aguda</effect>
  El tratamiento debe ser suspendido inmediatamente en el caso de que el paciente experimente algún tipo de
  <effect gate:gateId="384" rule="Effect" Simplification="sordera">sordera</effect>
  , tinnitus o
  <effect gate:gateId="385" rule="Effect" Simplification="___">mareos.</effect>
  En pacientes con historia de
  <effect gate:gateId="386" rule="Effect" Simplification="alergia">hipersensibilidad</effect>
  al ácido acetilsalicílico y a otros antiinflamatorios no esteroideos pueden producirse reacciones anafilácticas o anafilactoides. Esto también podría suceder en pacientes que no han mostrado previamente
  <effect gate:gateId="387" rule="Effect" Simplification="alergia">hipersensibilidad</effect>
  a estos fármacos. Debido a la presencia de cafeína en el preparado pueden aparecer reacciones adversas debidas a la estimulación del SNC con síntomas como
  <effect gate:gateId="388" rule="Effect" Simplification=" nerviosismo ">nerviosismo</effect>
  ,
  <effect gate:gateId="389" rule="Effect" Simplification="inquietud">desasosiego</effect>
  o
  <effect gate:gateId="390" rule="Effect" Simplification="irritación gástrica">irritación gastrointestinal</effect>
  leve. Estos efectos adversos dependen de la sensibilidad a la cafeína y de la dosis diaria. Los individuos vegetativamente lábiles pueden reaccionar incluso a dosis bajas de cafeína con
  <effect gate:gateId="391" rule="Effect" Simplification="insomnio">insomnio</effect>
  ,
  <effect gate:gateId="392" rule="Effect" Simplification="inquietud">inquietud</effect>
  ,
  <effect gate:gateId="393" rule="Effect" Simplification="alteración del ritmo cardíaco">taquicardia</effect>
  y posiblemente molestias gastrointestinales. En caso de observarse la aparición de reacciones adversas, debe suspenderse el tratamiento y notificarlas a los sistemas de farmacovigilancia.
</paragraph>
