<?xml version="1.0" encoding="UTF-8"?>
<paragraph xmlns:gate="http://www.gate.ac.uk" gate:gateId="0" gate:annotMaxId="713">
  En estudios clínicos, 1.440 individuos recibieron dosis únicas o múltiples de CANCIDAS: 564 pacientes neutropénicos con
  <effect gate:gateId="670" rule="Effect" Simplification="fiebre">fiebre</effect>
  (estudio de tratamiento empírico), 125 pacientes con
  <effect gate:gateId="671" rule="Effect" Simplification="infección en la piel">candidiasis</effect>
  invasora, 72 pacientes con
  <effect gate:gateId="672" rule="Effect" Simplification="infección por hongos">aspergilosis</effect>
  invasora, 285 pacientes con
  <effect gate:gateId="673" rule="Effect" Simplification="infecciones">infecciones</effect>
  localizadas por Candida y 394 individuos incluidos en estudios en Fase I. En el estudio de tratamiento empírico los pacientes habían recibido quimioterapia antineoplásica o se habían sometido a trasplante de células madre hematopoyéticas (incluyendo 39 trasplantes alógenos). En los estudios participaron pacientes con
  <effect gate:gateId="674" rule="Effect" Simplification="infecciones">infecciones</effect>
  por Candida documentadas, la mayoría de los pacientes con
  <effect gate:gateId="675" rule="Effect" Simplification="infecciones">infecciones</effect>
  invasoras por Candida tenía enfermedades subyacentes graves (p. ej.,
  <effect gate:gateId="676" rule="Effect" Simplification="enfermedades del sistema endocrino">neoplasia</effect>
  hematológica o de otro tipo, cirugía mayor reciente, VIH) que requerían múltiples medicaciones concomitantes. Los pacientes en el estudio no comparativo de Aspergillus a menudo tenían enfermedades graves desencadenantes (p. ej., transplantes de médula ósea o de células madre,
  <effect gate:gateId="677" rule="Effect" Simplification="enfermedades del sistema endocrino">neoplasia</effect>
  hematológica, tumores sólidos o transplantes de órganos) que requerían múltiples medicaciones concomitantes. Flebitis fue la
  <effect gate:gateId="678" rule="Effect" Simplification="alergia ">reacción adversa</effect>
  local, en el lugar de inyección, frecuentemente comunicada en toda la población de pacientes. Otras reacciones locales incluyeron
  <effect gate:gateId="679" rule="Effect" Simplification="enrojecimiento">eritema</effect>
  ,
  <effect gate:gateId="680" rule="Effect" Simplification="dolor">dolor</effect>
  /sensibilidad a la
  <effect gate:gateId="681" rule="Effect" Simplification="presión">presión</effect>
  ,
  <effect gate:gateId="682" rule="Effect" Simplification="picazón">prurito</effect>
  , supuración y una
  <effect gate:gateId="683" rule="Effect" Simplification="sensación de ardor">sensación de ardor</effect>
  . Las anomalías clínicas y de laboratorio comunicadas en todos los pacientes tratados con CANCIDAS (total 989) fueron típicamente leves y rara vez dieron lugar al abandono del fármaco. Se han comunicado las siguientes reacciones adversas: [Muy frecuentes (&gt;1/10), Frecuentes (&gt;1/100, &lt; 1/10)] Trastornos de la sangre y del sistema linfático: Frecuentes:
  <effect gate:gateId="684" rule="Effect" Simplification="anemia">anemia</effect>
  . Trastornos del sistema
  <effect gate:gateId="685" rule="Effect" Simplification="nervioso">nervioso</effect>
  : Frecuentes:
  <effect gate:gateId="686" rule="Effect" Simplification="dolor de cabeza">cefalea</effect>
  . Trastornos cardíacos: Frecuentes:
  <effect gate:gateId="687" rule="Effect" Simplification="alteración del ritmo cardíaco">taquicardia</effect>
  . Trastornos vasculares: Frecuentes:
  <effect gate:gateId="688" rule="Effect" Simplification="inflamación de una vena">flebitis</effect>
  /
  <effect gate:gateId="689" rule="Effect" Simplification="inflamación de venas">tromboflebitis</effect>
  ,
  <effect gate:gateId="690" rule="Effect" Simplification="___">rubor.</effect>
  Trastornos respiratorios, torácicos y mediastínicos: Frecuentes:
  <effect gate:gateId="691" rule="Effect" Simplification="jadeo">disnea</effect>
  . 5 Trastornos gastrointestinales: Frecuentes:
  <effect gate:gateId="692" rule="Effect" Simplification="dolor abdominal">dolor abdominal</effect>
  ,
  <effect gate:gateId="693" rule="Effect" Simplification="náuseas">náuseas</effect>
  ,
  <effect gate:gateId="694" rule="Effect" Simplification="diarrea">diarrea</effect>
  ,
  <effect gate:gateId="695" rule="Effect" Simplification="___">vómitos.</effect>
  Trastornos de la piel y del tejido subcutáneo: Frecuentes:
  <effect gate:gateId="696" rule="Effect" Simplification="erupción">exantema</effect>
  ,
  <effect gate:gateId="697" rule="Effect" Simplification="picazón">prurito</effect>
  ,
  <effect gate:gateId="698" rule="Effect" Simplification="sudor">sudor</effect>
  . Trastornos generales y alteraciones en el lugar de administración: Muy frecuentes:
  <effect gate:gateId="699" rule="Effect" Simplification="___">fiebre.</effect>
  Frecuentes:
  <effect gate:gateId="700" rule="Effect" Simplification="dolor">dolor</effect>
  ,
  <effect gate:gateId="701" rule="Effect" Simplification="escalofríos">escalofríos</effect>
  , complicación en la vena de infusión. Exploraciones complementarias: Frecuentes: elevación de los valores hepáticos (AST, ALT, fosfatasa alcalina, bilirrubina directa y total), elevación de la creatinina sérica, descenso de hemoglobina, disminución del hematocrito, disminución del
  <drug gate:gateId="702" rule="Drug">potasio</drug>
  en sangre, hipomagnesiemia, albúmina baja, descenso de leucocitos, aumento de eosinófilos, disminución del recuento plaquetario, disminución de neutrófilos, aumento de glóbulos rojos en orina, aumento del tiempo de tromboplastina parcial, descenso de proteínas séricas totales, aumento de proteínas en orina, aumento del tiempo de protrombina, disminución del sodio en sangre, aumento del recuento leucocitario en orina e
  <effect gate:gateId="703" rule="Effect" Simplification="bajo nivel de calcio en la sangre">hipocalcemia</effect>
  . Se ha comunicado
  <effect gate:gateId="704" rule="Effect" Simplification="aumento de calcio en la sangre">hipercalcemia</effect>
  como infrecuente (&gt;1/1000, &lt;1/100). Se han comunicado posibles síntomas mediados por la histamina incluyendo informes de
  <effect gate:gateId="705" rule="Effect" Simplification="erupción">exantema</effect>
  ,
  <effect gate:gateId="706" rule="Effect" Simplification="hinchazón">edema</effect>
  facial,
  <effect gate:gateId="707" rule="Effect" Simplification="picazón">prurito</effect>
  ,
  <effect gate:gateId="708" rule="Effect" Simplification="sensación de ardor">sensación de ardor</effect>
  o broncospasmo. Se ha comunicado
  <effect gate:gateId="709" rule="Effect" Simplification="anafilaxia">anafilaxia</effect>
  durante la administración de caspofungina. También se ha comunicado en pacientes con
  <effect gate:gateId="710" rule="Effect" Simplification="infección por hongos">aspergilosis</effect>
  invasora
  <effect gate:gateId="711" rule="Effect" Simplification="hinchazón en los pulmones">edema pulmonar</effect>
  , síndrome del distrés respiratorio del adulto (SDRA) e infiltrados radiográficos. Experiencia tras la comercialización: Se han comunicado los siguientes acontecimientos adversos después de la comercialización: Trastornos hepatobiliares: Disfunción hepática Trastornos generales y alteraciones en el lugar de administración: Hinchazón y
  <effect gate:gateId="712" rule="Effect" Simplification="hinchazón en la pierna">edema periférico</effect>
  Exploraciones complementarias: Hipercalcemia
</paragraph>
