<?xml version="1.0" encoding="UTF-8"?>
<paragraph xmlns:gate="http://www.gate.ac.uk" gate:gateId="0" gate:annotMaxId="1119">
  - Sal: El incremento en la toma de sal con la dieta puede atenuar el efecto antihipertensivo de
  <drug gate:gateId="1042" rule="Drug">ramipril</drug>
  . - Terapia de desensibilización: la probabilidad y severidad de las reacciones anafilácticas y anafilactoides a veneno de insecto, se ve aumentada por inhibición de la ECA. Se asume que este efecto puede ocurrir también en relación con otros alergenos. 4.6. Embarazo y lactancia Embarazo Ramipril no debe administrarse durante el
  <effect gate:gateId="1043" rule="Effect" Simplification="embarazo">embarazo</effect>
  . Por lo tanto, el
  <effect gate:gateId="1044" rule="Effect" Simplification="embarazo">embarazo</effect>
  deberá excluirse antes del tratamiento con
  <drug gate:gateId="1045" rule="Drug">ramipril</drug>
  . Deberá evitarse la gestación en aquellos casos en los que el tratamiento con inhibidores de la ECA sea indispensable. Si la paciente tuviera la intención de quedarse
  <effect gate:gateId="1046" rule="Effect" Simplification="embarazada">embarazada</effect>
  , deberá interrumpirse el tratamiento con inhibidores de la ECA y reemplazarse por otras formas de tratamiento. Si la paciente quedase
  <effect gate:gateId="1047" rule="Effect" Simplification="embarazada">embarazada</effect>
  en el transcurso del tratamiento, la sustitución de la medicación con
  <drug gate:gateId="1048" rule="Drug">ramipril</drug>
  deberá realizarse lo antes posible y en cualquier caso durante el primer trimestre de la gestación, por un tratamiento sin inhibidores de la ECA, o sea sin
  <drug gate:gateId="1049" rule="Drug">ramipril</drug>
  . De lo contrario existe el riesgo de producir daños en el feto. Lactancia Si el tratamiento con
  <drug gate:gateId="1050" rule="Drug">ramipril</drug>
  se hace indispensable durante el período de lactancia de la paciente, ésta deberá dejar de alimentar a su hijo con leche materna para evitar que éste pueda ingerir pequeñas cantidades del producto. 4.7. Efectos sobre la capacidad para conducir vehículos y utilizar maquinaria La disminución de la
  <effect gate:gateId="1051" rule="Effect" Simplification="presión">presión</effect>
  arterial puede afectar la capacidad del paciente para concentrarse y para reaccionar y por lo tanto influir sobre la conducción de vehículos y manejo de maquinaria. Ello puede ocurrir especialmente al inicio del tratamiento, y con la ingesta de alcohol. 4.8. Reacciones adversas Debido a que Carasel es un antihipertensivo, algunas de las reacciones adversas son secundarias a su efecto hipotensor, que lleva a una compensación adrenérgica o
  <effect gate:gateId="1052" rule="Effect" Simplification="disminución del flujo sanguíneo">hipoperfusión</effect>
  orgánica. La inhibición de la ECA u otras acciones farmacológicas de este tipo de medicamentos son la causa de otras numerosas reacciones adversas (ej: efectos sobre el balance electrolítico, ciertas reacciones anafilactoides y reacciones inflamatorias de la membrana mucosa). Frecuentes: Tracto respiratorio: Tos seca irritativa. Esta suele empeorar por la noche Poco frecuentes: Gastrointestinal: Náuseas Hepáticas: Incremento de la bilirrubina sérica y/o enzimas hepáticas,
  <effect gate:gateId="1053" rule="Effect" Simplification="hepatitis">hepatitis</effect>
  hepatocelular o colestática. Urogenital: Aumento de la creatinina y de la urea y el
  <drug gate:gateId="1054" rule="Drug">potasio</drug>
  séricos (más probable cuando se administran diuréticos),
  <effect gate:gateId="1055" rule="Effect" Simplification="insuficiencia renal ">insuficiencia renal</effect>
  . Deterioro de la función renal que puede evolucionar hasta
  <effect gate:gateId="1056" rule="Effect" Simplification="insuficiencia renal">insuficiencia renal aguda</effect>
  . Raras: Gastrointestinal: Cambios en los sabores,
  <effect gate:gateId="1057" rule="Effect" Simplification="sequedad de boca">sequedad de boca</effect>
  ,
  <effect gate:gateId="1058" rule="Effect" Simplification="vómitos">vómitos</effect>
  ,
  <effect gate:gateId="1059" rule="Effect" Simplification="estreñimiento">estreñimiento</effect>
  ,
  <effect gate:gateId="1060" rule="Effect" Simplification="diarrea">diarrea</effect>
  ,
  <effect gate:gateId="1061" rule="Effect" Simplification="inflamación de la lengua">glositis</effect>
  , reacciones inflamatorias de la boca y del sistema gastrointestinal,
  <effect gate:gateId="1062" rule="Effect" Simplification="dolor abdominal">dolor abdominal</effect>
  ,
  <effect gate:gateId="1063" rule="Effect" Simplification="___">indigestión.</effect>
  Piel: Enrojecimiento
  <effect gate:gateId="1064" rule="Effect" Simplification="hinchazón en la pierna">edema periférico</effect>
  . Audición: Tinnitus. Alteración de la audición. Cardiovascular: Palpitaciones, cambios en la regulación ortostática,
  <effect gate:gateId="1065" rule="Effect" Simplification="dolor en la garganta">angina</effect>
  pectoris, arritmias,
  <effect gate:gateId="1066" rule="Effect" Simplification="desmayo">síncope</effect>
  ,
  <effect gate:gateId="1067" rule="Effect" Simplification="presión arterial baja">hipotensión</effect>
  . Hígado: Se ha observado incremento de enzimas pancreáticas que pueden conducir a una
  <effect gate:gateId="1068" rule="Effect" Simplification="pancreatitis">pancreatitis</effect>
  ,
  <effect gate:gateId="1069" rule="Effect" Simplification="daño hepático">daño hepático</effect>
  , y casos aislados de
  <effect gate:gateId="1070" rule="Effect" Simplification="insuficiencia hepática">insuficiencia hepática</effect>
  . Riñón: Incremento del
  <drug gate:gateId="1071" rule="Drug">potasio</drug>
  sérico. Tracto respiratorio: Bronquitis,
  <effect gate:gateId="1072" rule="Effect" Simplification="trastornos de los bronquios">broncoespasmo</effect>
  ,
  <effect gate:gateId="1073" rule="Effect" Simplification="jadeo">disnea</effect>
  ,
  <effect gate:gateId="1074" rule="Effect" Simplification="congestión nasal">congestión nasal</effect>
  ,
  <effect gate:gateId="1075" rule="Effect" Simplification="inflamación en las fosas nasales">rinitis</effect>
  ,
  <effect gate:gateId="1076" rule="Effect" Simplification="inflamación nasal">sinusitis</effect>
  . Sistema musculoesquelético: Calambres musculares. Neurológico: Temblor. Mental: Depresión,
  <effect gate:gateId="1077" rule="Effect" Simplification=" nerviosismo ">nerviosismo</effect>
  ,
  <effect gate:gateId="1078" rule="Effect" Simplification="ansiedad">ansiedad</effect>
  ,
  <effect gate:gateId="1079" rule="Effect" Simplification="fatiga">cansancio</effect>
  ,
  <effect gate:gateId="1080" rule="Effect" Simplification="alteraciones del sueño">alteraciones del sueño</effect>
  ,
  <effect gate:gateId="1081" rule="Effect" Simplification="___">confusión.</effect>
  Ojos: Alteraciones visuales. Sistema
  <effect gate:gateId="1082" rule="Effect" Simplification="nervioso">nervioso</effect>
  central: Mareo,
  <effect gate:gateId="1083" rule="Effect" Simplification="debilidad">neurastenia</effect>
  . Otros: Pérdida de apetito, alteraciones del gusto y del olfato (p.e.
  <effect gate:gateId="1084" rule="Effect" Simplification="sabor metálico">sabor metálico</effect>
  ), pérdida parcial o total del gusto. Impotencia eréctil transitoria, reducción de la líbido,
  <effect gate:gateId="1085" rule="Effect" Simplification="___">sudoración.</effect>
  Aumento y severidad de las reacciones anafilácticas y anafilactoides al veneno de insectos. Se han observado casos ocasionales de las siguientes: Hipotensión grave,
  <effect gate:gateId="1086" rule="Effect" Simplification="poco flujo de sangre en el corazón">isquemia miocárdica</effect>
  o
  <effect gate:gateId="1087" rule="Effect" Simplification="poco flujo de sangre en el cerebro">isquemia cerebral</effect>
  ,
  <effect gate:gateId="1088" rule="Effect" Simplification="infarto">infarto de miocardio</effect>
  ,
  <effect gate:gateId="1089" rule="Effect" Simplification="infarto cerebral">accidente cerebrovascular</effect>
  transitorio,
  <effect gate:gateId="1090" rule="Effect" Simplification="trastorno de la circulación cerebral">ictus</effect>
  , empeoramiento de la perfusión por estenosis, aparición o empeoramiento del fenómeno de Reynaud o
  <effect gate:gateId="1091" rule="Effect" Simplification="cosquilleo">parestesias</effect>
  . Descenso del sodio sérico que puede provocar el deterioro de una
  <effect gate:gateId="1092" rule="Effect" Simplification="exceso de proteína en la orina">proteinuria</effect>
  pre-existente (aunque los inhibidores de la ECA generalmente reducen la
  <effect gate:gateId="1093" rule="Effect" Simplification="exceso de proteína en la orina">proteinuria</effect>
  ) o incremento de la
  <effect gate:gateId="1094" rule="Effect" Simplification="cantidad de orina">diuresis</effect>
  (en conexión con una mejora del funcionamiento cardíaco). Fiebre, vasculitis,
  <effect gate:gateId="1095" rule="Effect" Simplification="dolor muscular">mialgia</effect>
  ,
  <effect gate:gateId="1096" rule="Effect" Simplification="dolor articular">artralgia</effect>
  /
  <effect gate:gateId="1097" rule="Effect" Simplification="artritis">artritis</effect>
  , aumento de los títulos de anticuerpos antinucleares,
  <effect gate:gateId="1098" rule="Effect" Simplification="problemas en la sangre">eosinofilia</effect>
  , reacciones de la piel,
  <effect gate:gateId="1099" rule="Effect" Simplification="intolerancia a la luz">fotosensibilidad</effect>
  y otras respuestas dermatológicas con varios grados de severidad. Se han comunicado algunos casos de reacciones de la piel
  <effect gate:gateId="1100" rule="Effect" Simplification="manchas rojas">maculopapular</effect>
  ,
  <effect gate:gateId="1101" rule="Effect" Simplification="enfermedad de la piel">pénfigo</effect>
  , exacerbación de la
  <effect gate:gateId="1102" rule="Effect" Simplification="enfermedad de la piel">psoriasis</effect>
  y reacciones tipo psoriático,
  <effect gate:gateId="1103" rule="Effect" Simplification="erupción">exantema</effect>
  <effect gate:gateId="1104" rule="Effect" Simplification="ampollas ">penfigoide</effect>
  o liquenoide,
  <effect gate:gateId="1105" rule="Effect" Simplification="manchas rojas">enantema</effect>
  ,
  <effect gate:gateId="1106" rule="Effect" Simplification="múltiples manchas rojas">eritema multiforme</effect>
  , Síndrome de Steven Johnson,
  <effect gate:gateId="1107" rule="Effect" Simplification="enfermedad de la piel">necrólisis epidérmica</effect>
  tóxica,
  <effect gate:gateId="1108" rule="Effect" Simplification="pérdida de cabello ">alopecia</effect>
  y onicólisis. Se han observado casos ocasionales de
  <effect gate:gateId="1109" rule="Effect" Simplification="pancreatitis">pancreatitis</effect>
  o
  <effect gate:gateId="1110" rule="Effect" Simplification="daño hepático">daño hepático</effect>
  (incluyendo
  <effect gate:gateId="1111" rule="Effect" Simplification="insuficiencia en el hígado">insuficiencia hepática aguda</effect>
  ). Valores de laboratorio: Reducción de moderada a severa del número de hematíes y de la hemoglobina, del número de plaquetas y de leucocitos (registrándose incluso
  <effect gate:gateId="1112" rule="Effect" Simplification="problemas en la sangre">neutropenia</effect>
  ). En casos aislados se han producido
  <effect gate:gateId="1113" rule="Effect" Simplification="anemia">anemia hemolítica</effect>
  ,
  <effect gate:gateId="1114" rule="Effect" Simplification="poca producción de defensas en la sangre">agranulocitosis</effect>
  ,
  <effect gate:gateId="1115" rule="Effect" Simplification="problemas en la sangre">pancitopenia</effect>
  o
  <effect gate:gateId="1116" rule="Effect" Simplification="insuficiencia de médula ósea">depresión de la médula ósea</effect>
  . Estos cambios en la fórmula sanguínea se presentan con mayor frecuencia en pacientes con
  <effect gate:gateId="1117" rule="Effect" Simplification="insuficiencia renal ">insuficiencia renal</effect>
  o con enfermedades vasculares del colágeno (e.j.
  <effect gate:gateId="1118" rule="Effect" Simplification="daño en los tejidos">lupus eritematoso</effect>
</paragraph>
