<?xml version="1.0" encoding="UTF-8"?>
<paragraph xmlns:gate="http://www.gate.ac.uk" gate:gateId="0" gate:annotMaxId="776">
  La incidencia de reacciones adversas varía entre el 33-50%. Aunque en su mayor parte son moderadas, están relacionadas con la dosis, son transitorias y suelen desaparecer sin necesidad de interrumpir la terapia. Entre las reacciones adversas que pueden amenazar la vida, se encuentra la
  <effect gate:gateId="698" rule="Effect" Simplification="anemia">anemia aplásica</effect>
  , aunque en este caso no está definida una relación causa-efecto. Con poca frecuencia ocurren casos de
  <effect gate:gateId="699" rule="Effect" Simplification="hepatitis">hepatitis</effect>
  fatal,
  <effect gate:gateId="700" rule="Effect" Simplification="inflamación en la piel">dermatitis exfoliativa</effect>
  grave y síndrome de Stevens-Johnson. Entre las reacciones adversas graves e irreversibles, destacan las
  <effect gate:gateId="701" rule="Effect" Simplification="manchas">erupciones eritematosas</effect>
  de la piel, cuya incidencia está comprendida entre el 3% y el 10% de los pacientes que reciben por vez primera el fármaco; suelen acompañarse de
  <effect gate:gateId="702" rule="Effect" Simplification="picazón">prurito</effect>
  y afectan particularmente a las manos. Ocasionalmente pueden extenderse y asociarse con otras manifestaciones de
  <effect gate:gateId="703" rule="Effect" Simplification="alergia">alergia</effect>
  tales como
  <effect gate:gateId="704" rule="Effect" Simplification="fiebre">fiebre</effect>
  , linfoadenopatía, alteraciones de la función hepática e
  <effect gate:gateId="705" rule="Effect" Simplification="problemas en los conductos biliares">ictericia colestática</effect>
  y hepatocelular. Otras reacciones adversas observadas son:
  <effect gate:gateId="706" rule="Effect" Simplification="disminución de leucocitos en la sangre">leucopenia</effect>
  ,
  <effect gate:gateId="707" rule="Effect" Simplification="daño en los tejidos">lupus eritematoso</effect>
  ,
  <effect gate:gateId="708" rule="Effect" Simplification="disminución de orina">oliguria</effect>
  con
  <effect gate:gateId="709" rule="Effect" Simplification="presión">presión</effect>
  sanguínea elevada,
  <effect gate:gateId="710" rule="Effect" Simplification="orina y micción">hematuria</effect>
  ,
  <effect gate:gateId="711" rule="Effect" Simplification="exceso de proteína en la orina">proteinuria</effect>
  e
  <effect gate:gateId="712" rule="Effect" Simplification="insuficiencia renal ">insuficiencia renal</effect>
  (que puede relacionarse con el efecto antidiurético del fármaco),
  <effect gate:gateId="713" rule="Effect" Simplification="anomalía cardiaca">bradicardia</effect>
  e insuficiencia cardíaca,
  <effect gate:gateId="714" rule="Effect" Simplification="problemas en la sangre">hiponatremia</effect>
  (debido a un incremento de la hormona antidiurética circulante, en la que influye la edad y la relación dosis/nivel del fármaco). Entre las reacciones adversas sintomáticas, las más comunes son:
  <effect gate:gateId="715" rule="Effect" Simplification="mareo">mareos</effect>
  ,
  <effect gate:gateId="716" rule="Effect" Simplification="náuseas">náuseas</effect>
  ,
  <effect gate:gateId="717" rule="Effect" Simplification="vómitos">vómitos</effect>
  y
  <effect gate:gateId="718" rule="Effect" Simplification="fatiga">astenia</effect>
  . Estos síntomas, relacionados con la dosis, desaparecen cuando ésta se reduce. Se ha descrito un trastorno de
  <effect gate:gateId="719" rule="Effect" Simplification="alergia">hipersensibilidad</effect>
  multisistémica caracterizada por
  <effect gate:gateId="720" rule="Effect" Simplification="inflamación">erupción</effect>
  ,
  <effect gate:gateId="721" rule="Effect" Simplification="fiebre">fiebre</effect>
  , linfoadenopatía y
  <effect gate:gateId="722" rule="Effect" Simplification="hepatitis">hepatitis</effect>
  . Finalmente, las restantes reacciones adversas observadas, agrupadas por sistemas, son las siguientes: Sistema hematopoyético: Pancitopenia,
  <effect gate:gateId="723" rule="Effect" Simplification="insuficiencia de médula ósea">depresión de la médula ósea</effect>
  ,
  <effect gate:gateId="724" rule="Effect" Simplification="problema en la sangre">leucocitosis</effect>
  ,
  <effect gate:gateId="725" rule="Effect" Simplification="problemas en la sangre">eosinofilia</effect>
  ,
  <effect gate:gateId="726" rule="Effect" Simplification="orina abundante">porfiria intermitente aguda</effect>
  . Se han observado discrasias sanguíneas fatales, debiendo monitorizar al paciente con respecto a la
  <effect gate:gateId="727" rule="Effect" Simplification="anemia">anemia aplásica</effect>
  ,
  <effect gate:gateId="728" rule="Effect" Simplification="poca producción de defensas en la sangre">agranulocitosis</effect>
  y
  <effect gate:gateId="729" rule="Effect" Simplification="problemas de coagulación">trombocitopenia</effect>
  . Piel: Erupciones pruríticas,
  <effect gate:gateId="730" rule="Effect" Simplification="urticaria">urticaria</effect>
  ,
  <effect gate:gateId="731" rule="Effect" Simplification="enfermedad de la piel">necrolisis epidérmica tóxica</effect>
  (síndrome de Lyell), reacciones de
  <effect gate:gateId="732" rule="Effect" Simplification="intolerancia a la luz">fotosensibilidad</effect>
  , alteraciones en la
  <effect gate:gateId="733" rule="Effect" Simplification="pigmentación de la piel">pigmentación de la piel</effect>
  ,
  <effect gate:gateId="734" rule="Effect" Simplification="múltiples manchas rojas">eritema multiforme</effect>
  y nodoso, púrpura, agravamiento del
  <effect gate:gateId="735" rule="Effect" Simplification="daño en los tejidos">lupus eritematoso diseminado</effect>
  . Alopecia y
  <effect gate:gateId="736" rule="Effect" Simplification="sudoración">diaforesis</effect>
  . Hirsutismo. Sistema cardiovascular: Insuficiencia cardíaca congestiva,
  <effect gate:gateId="737" rule="Effect" Simplification="hinchazón">edema</effect>
  , agravamiento de la
  <effect gate:gateId="738" rule="Effect" Simplification="presión arterial baja">hipotensión</effect>
  ,
  <effect gate:gateId="739" rule="Effect" Simplification="presión arterial baja">hipotensión</effect>
  ,
  <effect gate:gateId="740" rule="Effect" Simplification="desmayo">síncope y colapso</effect>
  , agravamiento de la
  <effect gate:gateId="741" rule="Effect" Simplification="enfermedad">enfermedad</effect>
  arterial coronaria, arritmias y
  <effect gate:gateId="742" rule="Effect" Simplification="bloqueo cardiaco">bloqueo auriculoventricular</effect>
  ,
  <effect gate:gateId="743" rule="Effect" Simplification="inflamación de venas">tromboflebitis</effect>
  primaria, recurrencia de
  <effect gate:gateId="744" rule="Effect" Simplification="inflamación de venas">tromboflebitis</effect>
  . Algunas de estas complicaciones resultaron fatales. Sistema respiratorio: Hipersensibilidad pulmonar caracterizada por
  <effect gate:gateId="745" rule="Effect" Simplification="fiebre">fiebre</effect>
  ,
  <effect gate:gateId="746" rule="Effect" Simplification="jadeo">disnea</effect>
  ,
  <effect gate:gateId="747" rule="Effect" Simplification="inflamación pulmonar">neumonitis</effect>
  y
  <effect gate:gateId="748" rule="Effect" Simplification="neumonía">neumonía</effect>
  . Sistema genitourinario: Frecuencia urinaria,
  <effect gate:gateId="749" rule="Effect" Simplification="retención urinaria">retención urinaria</effect>
  aguda, azoemia,
  <effect gate:gateId="750" rule="Effect" Simplification="impotencia">impotencia</effect>
  . Albuminuria,
  <effect gate:gateId="751" rule="Effect" Simplification="azúcar en la orina">glucosuria</effect>
  , nitrógeno ureico elevado. Sistema
  <effect gate:gateId="752" rule="Effect" Simplification="nervioso">nervioso</effect>
  : Vértigo,
  <effect gate:gateId="753" rule="Effect" Simplification="somnolencia">somnolencia</effect>
  , alteraciones de la coordinación,
  <effect gate:gateId="754" rule="Effect" Simplification="confusión">confusión</effect>
  ,
  <effect gate:gateId="755" rule="Effect" Simplification="agitación">agitación</effect>
  ,
  <effect gate:gateId="756" rule="Effect" Simplification="dolor de cabeza">dolor de cabeza</effect>
  ,
  <effect gate:gateId="757" rule="Effect" Simplification="fatiga ">fatiga</effect>
  ,
  <effect gate:gateId="758" rule="Effect" Simplification="visión borrosa">visión borrosa</effect>
  ,
  <effect gate:gateId="759" rule="Effect" Simplification="alucinaciones visuales">alucinaciones visuales</effect>
  , acomodación y diplopia transitoria en los ancianos, alteraciones óculo motoras, nistagmos, alteraciones de la expresión,
  <effect gate:gateId="760" rule="Effect" Simplification="movimientos involuntarios anormales">movimientos involuntarios anormales</effect>
  ,
  <effect gate:gateId="761" rule="Effect" Simplification="inflamación de nervios">neuritis periférica</effect>
  ,
  <effect gate:gateId="762" rule="Effect" Simplification="cosquilleo">parestesias</effect>
  ,
  <effect gate:gateId="763" rule="Effect" Simplification="depresión">depresión</effect>
  con
  <effect gate:gateId="764" rule="Effect" Simplification="agitación">agitación</effect>
  ,
  <effect gate:gateId="765" rule="Effect" Simplification="dificultad para hablar">dificultad para hablar</effect>
  , tinnitus,
  <effect gate:gateId="766" rule="Effect" Simplification="sensibilidad aditiva">hiperacusia</effect>
  . Sistema digestivo: Distrés y
  <effect gate:gateId="767" rule="Effect" Simplification="dolor abdominal">dolor abdominal</effect>
  ,
  <effect gate:gateId="768" rule="Effect" Simplification="diarrea">diarrea</effect>
  ,
  <effect gate:gateId="769" rule="Effect" Simplification="estreñimiento">estreñimiento</effect>
  ,
  <effect gate:gateId="770" rule="Effect" Simplification="trastornos de la alimentación ">anorexia</effect>
  ,
  <effect gate:gateId="771" rule="Effect" Simplification="sequedad de boca">sequedad de boca</effect>
  y de faringe, incluyendo
  <effect gate:gateId="772" rule="Effect" Simplification="inflamación de la lengua">glositis</effect>
  y
  <effect gate:gateId="773" rule="Effect" Simplification="inflamación en la boca">estomatitis</effect>
  . Ojos: Derrame, opacidades de la lente cortical,
  <effect gate:gateId="774" rule="Effect" Simplification="conjuntivitis">conjuntivitis</effect>
  . Metabolismo: Fiebre y
  <effect gate:gateId="775" rule="Effect" Simplification="escalofríos">escalofríos</effect>
  . Otros: Aumento del colesterol, HDL y triglicéridos. Meningitis aséptica. Tumefacción de los ganglios linfáticos.
</paragraph>
