<?xml version="1.0" encoding="UTF-8"?>
<paragraph xmlns:gate="http://www.gate.ac.uk" gate:gateId="0" gate:annotMaxId="1116">
  Con las dosis recomendadas para cardioprotección, CARDIOXANE, en combinación con antraciclinas, no aumentó la incidencia ni la gravedad de los signos clínicos de toxicidad de los regímenes con antraciclina, con la excepción de los efectos hematológicos que se notifican con más frecuencia; por lo general, éstos son
  <effect gate:gateId="1076" rule="Effect" Simplification="problemas en la sangre">neutropenia</effect>
  que puede ser grave y a veces seria. En casos muy raros, pueden ir asociados con
  <effect gate:gateId="1077" rule="Effect" Simplification="problemas de coagulación">trombocitopenia</effect>
  y/o
  <effect gate:gateId="1078" rule="Effect" Simplification="anemia">anemia</effect>
  o incluso con
  <effect gate:gateId="1079" rule="Effect" Simplification="desaparición del tejido de la medula ósea">aplasia medular</effect>
  . No queda clara la contribución relativa de CARDIOXANE con los fármacos de quimioterapia. Los acontecimientos adversos más frecuentes (los que se producen en más del 10 % de los pacientes) notificados en los estudios clínicos de quimioterapia con antraciclina en monoterapia o en combinación con CARDIOXANE son trastornos gastrointestinales, trastornos de la sangre y del sistema linfático, trastornos generales y alteraciones en el lugar de administración, y trastornos de la piel y del tejido subcutáneo (véase la tabla de acontecimientos adversos a continuación). Otros efectos no deseados notificados durante el uso de CARDIOXANE Infecciones:
  <effect gate:gateId="1080" rule="Effect" Simplification="infecciones">infecciones</effect>
  en las vías respiratorias superiores y pulmonares,
  <effect gate:gateId="1081" rule="Effect" Simplification="infección generalizada">septicemia</effect>
  . Trastornos del sistema inmunitario: efectos no deseados en un marco más amplio que sugiere
  <effect gate:gateId="1082" rule="Effect" Simplification="alergia">hipersensibilidad</effect>
  . Trastornos vasculares:
  <effect gate:gateId="1083" rule="Effect" Simplification="enfermedad">enfermedad</effect>
  tromboembólica venosa (
  <effect gate:gateId="1084" rule="Effect" Simplification="inflamación de una vena">flebitis</effect>
  ,
  <effect gate:gateId="1085" rule="Effect" Simplification="embolia pulmonar ">embolia pulmonar</effect>
  ). Trastornos generales y afección en el punto de administración:
  <effect gate:gateId="1086" rule="Effect" Simplification="dolor">dolor</effect>
  ,
  <effect gate:gateId="1087" rule="Effect" Simplification="enrojecimiento">eritema</effect>
  ,
  <effect gate:gateId="1088" rule="Effect" Simplification="picazón">prurito</effect>
  ,
  <effect gate:gateId="1089" rule="Effect" Simplification="muerte de tejido">necrosis</effect>
  cutánea y
  <effect gate:gateId="1090" rule="Effect" Simplification="inflamación de una vena">flebitis</effect>
  . Acontecimientos adversos observados en estudios clínicos Los siguientes datos (véase la tabla a continuación) son los acontecimientos adversos observados en más del 1 % de los 375 pacientes que reciben quimioterapia en combinación con CARDIOXANE durante los estudios clínicos y en 157 pacientes que reciben quimioterapia sola. En el grupo de combinación, se considera que los acontecimientos adversos están relacionados con las antraciclinas o CARDIOXANE y no concretamente con CARDIOXANE. Pacientes y tratamientos Pacientes que recibieron quimioterapia y CARDIOXANE (n=375): · De éstos, el 76 % fue tratado de
  <effect gate:gateId="1091" rule="Effect" Simplification="cáncer de mama">cáncer de mama</effect>
  y el 24 % de distintos cánceres avanzados. · Tratamiento con CARDIOXANE: una dosis media de 1010 mg/m² (mediana: 1000 mg/m²) en combinación con
  <drug gate:gateId="1092" rule="Drug">doxorrubicina</drug>
  y una dosis media de 941 mg/m² (mediana: 997 mg/m²) en combinación con epirrubicina. · Tratamiento de quimioterapia recibido por los pacientes tratados de
  <effect gate:gateId="1093" rule="Effect" Simplification="cáncer de mama">cáncer de mama</effect>
  : 45% de tratamiento de combinación con 50 mg/m² de
  <drug gate:gateId="1094" rule="Drug">doxorrubicina</drug>
  (principalmente con 5- fluorouracil y
  <drug gate:gateId="1095" rule="Drug">ciclofosfamida</drug>
  ); 17 % con epirrubicina sola; 14 % de tratamiento de combinación con 60 ó 90 mg/m² de epirrubicina (principalmente con 5-fluorouracil y
  <drug gate:gateId="1096" rule="Drug">ciclofosfamida</drug>
  ) · El tratamiento con quimioterapia en los pacientes con cánceres avanzados distintos al
  <effect gate:gateId="1097" rule="Effect" Simplification="cáncer de mama">cáncer de mama</effect>
  : 18 % de tratamiento en monoterapia o combinación con 50 mg/m² de
  <drug gate:gateId="1098" rule="Drug">doxorrubicina</drug>
  ; 4% de
  <drug gate:gateId="1099" rule="Drug">doxorrubicina</drug>
  en monoterapia de 100 mg/m² + GCSF; 2% de tratamiento complejo para el
  <effect gate:gateId="1100" rule="Effect" Simplification="cáncer tejido linfático">linfoma no hodgkiniano</effect>
  , incluyendo epirrubicina, mitoxantrona. Pacientes que reciben sólo quimioterapia (n=157) Todos fueron tratados de
  <effect gate:gateId="1101" rule="Effect" Simplification="cáncer de mama">cáncer de mama</effect>
  . Tratamiento con quimioterapia recibido: 43% de epirrubicina en monoterapia con 120 mg/m²; 33% de terapia de combinación con 50 mg/m² de
  <drug gate:gateId="1102" rule="Drug">doxorrubicina</drug>
  (principalmente con 5- fluorouracil y
  <drug gate:gateId="1103" rule="Drug">ciclofosfamida</drug>
  ); 24 % de tratamiento de combinación con epirrubicina con 60 ó 90 mg/m² (principalmente con 5-fluorouracil y
  <drug gate:gateId="1104" rule="Drug">ciclofosfamida</drug>
  ). Acontecimientos adversos frecuentes en &gt;1 % de los pacientes que reciben quimioterapia sola o en combinación con CARDIOXANE Quimioterapia y Quimioterapia sola Acontecimientos adversos Trastornos de la sangre y del sistema linfático Anemia 14% 18% Leucocitopenia 18% 24% Neutropenia 9% 20% Neutropenia febril 4% 8% Trombocitopenia 5% 8% Trastornos del metabolismo y de la nutrición Anorexia 2% 4% Trastornos del sistema
  <effect gate:gateId="1105" rule="Effect" Simplification="nervioso">nervioso</effect>
  Parestesia 2% 4% Trastornos oculares Conjuntivitis 1% 3% Trastornos respiratorios, torácicos y mediastínicos Disnea 2% 3% Trastornos gastrointestinales Náuseas 50% 54% Estomatitis 16% 34% Vómitos 51% 38% Estreñimiento 4% 10% Diarrea 9% 17% Dolor abdominal 2% 4% Dolor abdominal, superior 1% 2% Dispepsia 1% 3% Trastornos de la piel y del tejido subcutáneo Alopecia 72% 75% Trastorno de las uñas 2% 3% Trastornos generales y alteraciones en el lugar de administración Astenia 13% 27% Inflamación mucosa 3% 14% Pirexia 9% 13% Fatiga 4% 9% Malestar 8% 1% Pruebas de investigación Descenso en la fracción de eyección 3% 10% No se ha estudiado de manera específica la dosis máxima tolerada (DMT) de dexrazoxano cuando se administra en monoterapia mediante perfusión corta cada tres semanas para cardioprotección. En estudios de dexrazoxano como citotóxico, se demuestra que la DMT depende de la posología y del esquema de dosificación, y oscila entre los 3750 mg/m2, cuando se administran perfusiones cortas en dosis divididas a lo largo de 3 días, y 7420 mg/m2 cuando se administra semanalmente durante 4 semanas, con una limitación de las dosis derivada de la
  <effect gate:gateId="1106" rule="Effect" Simplification="insuficiencia de médula ósea">mielosupresión</effect>
  y de las irregularidades de la función hepática. La DMT es menor en pacientes que previamente han recibido grandes cantidades de fármacos de quimioterapia, así como en aquellos con
  <effect gate:gateId="1107" rule="Effect" Simplification="problemas en sistema inmunológico">inmunosupresión</effect>
  preexistente (por ej.: SIDA). Las siguientes son reacciones adversas notificadas cuando CARDIOXANE se administró en dosis cercanas a la DMT:
  <effect gate:gateId="1108" rule="Effect" Simplification="problemas en la sangre">neutropenia</effect>
  ,
  <effect gate:gateId="1109" rule="Effect" Simplification="problemas de coagulación">trombocitopenia</effect>
  ,
  <effect gate:gateId="1110" rule="Effect" Simplification="náuseas">náuseas</effect>
  ,
  <effect gate:gateId="1111" rule="Effect" Simplification="vómitos">vómitos</effect>
  y un aumento en los parámetros hepáticos. Otros efectos tóxicos fueron
  <effect gate:gateId="1112" rule="Effect" Simplification="malestar">malestar</effect>
  ,
  <effect gate:gateId="1113" rule="Effect" Simplification="fiebre">fiebre</effect>
  baja, aumento de la eliminación urinaria de hierro y zinc,
  <effect gate:gateId="1114" rule="Effect" Simplification="anemia">anemia</effect>
  , trastornos de la
  <effect gate:gateId="1115" rule="Effect" Simplification="coagulación">coagulación</effect>
  sanguínea, elevación transitoria de los triglicéridos séricos y de los niveles de amilasa y un descenso transitorio en el nivel de calcio sérico.
</paragraph>
