<?xml version="1.0" encoding="UTF-8"?>
<paragraph xmlns:gate="http://www.gate.ac.uk" gate:gateId="0" gate:annotMaxId="1207">
  La frecuencia de las reacciones adversas se describe utilizando la convención: Muy frecuentes (&gt;1/10) Frecuentes (&gt;1/100, &lt;1/10) Poco frecuentes (&gt;1/1.000, &lt;1/100) Raras (&gt;1/10.000, &lt; 1/1.000) Muy raras (&lt;1/10.000, incluyendo informes aislados) A continuación se relacionan los efectos adversos observados con
  <drug gate:gateId="1127" rule="Drug">carvedilol</drug>
  en las distintas indicaciones. Hipertensión esencial: · Sistema
  <effect gate:gateId="1128" rule="Effect" Simplification="nervioso">nervioso</effect>
  central: - Cefaleas (7,4%),
  <effect gate:gateId="1129" rule="Effect" Simplification="mareo">mareos</effect>
  (7,1%),
  <effect gate:gateId="1130" rule="Effect" Simplification="fatiga ">fatiga</effect>
  (5,1%) y
  <effect gate:gateId="1131" rule="Effect" Simplification="fatiga">astenia</effect>
  que suelen ser leves y se producen principalmente al comienzo del tratamiento. - Infrecuentemente,
  <effect gate:gateId="1132" rule="Effect" Simplification="decaimiento">estado de ánimo deprimido</effect>
  (&lt;1%), trastornos del sueño (&lt;1%),
  <effect gate:gateId="1133" rule="Effect" Simplification="cosquilleo">parestesias</effect>
  (&lt;1%). · Sistema cardiovascular: - Hipotensión postural (2,1%),
  <effect gate:gateId="1134" rule="Effect" Simplification="anomalía cardiaca">bradicardia</effect>
  (1,1%), e
  <effect gate:gateId="1135" rule="Effect" Simplification="presión arterial baja">hipotensión</effect>
  (0,8%). - Infrecuentemente,
  <effect gate:gateId="1136" rule="Effect" Simplification="desmayo">síncope</effect>
  , especialmente al principio del tratamiento, trastornos de la circulación periférica (extremidades frías) (&lt;1%), ángor pectoris (0,5%), exacerbación de los síntomas en pacientes con
  <effect gate:gateId="1137" rule="Effect" Simplification="dolor muscular">claudicación intermitente</effect>
  o fenómeno de Raynaud,
  <effect gate:gateId="1138" rule="Effect" Simplification="hinchazón en la pierna">edema periférico</effect>
  (&lt;1%). - Rara vez, bloqueo AV (&lt;1%), progresión de la
  <effect gate:gateId="1139" rule="Effect" Simplification="insuficiencia cardiaca">insuficiencia cardiaca</effect>
  (&lt;1%). · Sistema respiratorio: - Asma (&lt;1%) y
  <effect gate:gateId="1140" rule="Effect" Simplification="jadeo">disnea</effect>
  (1,4%) en pacientes predispuestos. - Rara vez,
  <effect gate:gateId="1141" rule="Effect" Simplification="obstrucción nasal">obstrucción nasal</effect>
  (0,4%). · Sistema gastrointestinal: - Molestias gastrointestinales con síntomas como
  <effect gate:gateId="1142" rule="Effect" Simplification="náuseas">náuseas</effect>
  (2,2%),
  <effect gate:gateId="1143" rule="Effect" Simplification="diarrea">diarrea</effect>
  (0,9%),
  <effect gate:gateId="1144" rule="Effect" Simplification="dolor abdominal">dolor abdominal</effect>
  (0,9%) - Infrecuentemente
  <effect gate:gateId="1145" rule="Effect" Simplification="estreñimiento">estreñimiento</effect>
  y
  <effect gate:gateId="1146" rule="Effect" Simplification="vómitos">vómitos</effect>
  (&lt;1%). · Piel y anejos: - Infrecuentemente, reacciones cutáneas (1,2%) (p.e.
  <effect gate:gateId="1147" rule="Effect" Simplification="lesiónes en la piel">exantema alérgico</effect>
  ,
  <effect gate:gateId="1148" rule="Effect" Simplification="urticaria">urticaria</effect>
  ,
  <effect gate:gateId="1149" rule="Effect" Simplification="picazón">prurito</effect>
  y reacciones tipo
  <effect gate:gateId="1150" rule="Effect" Simplification="enfermedades de la piel">liquen plano</effect>
  ). · Bioquímica y hematología: - Casos aislados de alteraciones en las transaminasas séricas (&lt;1%),
  <effect gate:gateId="1151" rule="Effect" Simplification="problemas de coagulación">trombocitopenia</effect>
  (&lt;1%) y
  <effect gate:gateId="1152" rule="Effect" Simplification="disminución de leucocitos en la sangre">leucopenia</effect>
  (&lt;1%). · Otros: - Dolor en las extremidades (&lt;1%). - Disminución del
  <effect gate:gateId="1153" rule="Effect" Simplification="lagrimeo">lagrimeo</effect>
  (&lt;1%). - Raros casos de
  <effect gate:gateId="1154" rule="Effect" Simplification="impotencia">impotencia</effect>
  sexual (&lt;1%), alteraciones de la visión (&lt;1%) e
  <effect gate:gateId="1155" rule="Effect" Simplification="irritación ocular">irritación ocular</effect>
  (&lt;1%). - Infrecuentemente
  <effect gate:gateId="1156" rule="Effect" Simplification="sequedad de boca">sequedad de boca</effect>
  (0,4%) y trastornos de la micción (&lt;1%). - En casos aislados se han observado reacciones alérgicas. Debido a las propiedades beta-bloqueantes, también es posible que se manifieste una
  <effect gate:gateId="1157" rule="Effect" Simplification="diabetes">diabetes mellitus</effect>
  latente (&lt;1%), que una
  <effect gate:gateId="1158" rule="Effect" Simplification="diabetes">diabetes</effect>
  manifiesta se agrave y que se inhiba la contrarregulación de la glucosa en sangre. Cardiopatía isquémica: · Sistema
  <effect gate:gateId="1159" rule="Effect" Simplification="nervioso">nervioso</effect>
  central: - Mareos (6,6%),
  <effect gate:gateId="1160" rule="Effect" Simplification="fatiga ">fatiga</effect>
  (6,6%), cefaleas (4,4%) y
  <effect gate:gateId="1161" rule="Effect" Simplification="fatiga">astenia</effect>
  que suelen ser leves y se producen principalmente al comienzo del tratamiento. - Infrecuentemente,
  <effect gate:gateId="1162" rule="Effect" Simplification="decaimiento">estado de ánimo deprimido</effect>
  (&lt;1%), trastornos del sueño (&lt;1%),
  <effect gate:gateId="1163" rule="Effect" Simplification="cosquilleo">parestesias</effect>
  (&lt;1%). · Sistema cardiovascular: - Hipotensión (1,8%),
  <effect gate:gateId="1164" rule="Effect" Simplification="presión sanguínea baja">hipotensión postural</effect>
  (0,6%) y
  <effect gate:gateId="1165" rule="Effect" Simplification="anomalía cardiaca">bradicardia</effect>
  (0,4%). - Infrecuentemente,
  <effect gate:gateId="1166" rule="Effect" Simplification="desmayo">síncope</effect>
  , especialmente al principio del tratamiento, ángor pectoris (2,1%), trastornos de la circulación periférica (extremidades frías) (&lt;1%), exacerbación de los síntomas en pacientes con
  <effect gate:gateId="1167" rule="Effect" Simplification="dolor muscular">claudicación intermitente</effect>
  o fenómeno de Raynaud,
  <effect gate:gateId="1168" rule="Effect" Simplification="hinchazón en la pierna">edema periférico</effect>
  (&lt;1%). - Rara vez, bloqueo AV (&lt;1%), progresión de la
  <effect gate:gateId="1169" rule="Effect" Simplification="insuficiencia cardiaca">insuficiencia cardiaca</effect>
  (&lt;1%). · Sistema respiratorio: - Asma (&lt;1%) y
  <effect gate:gateId="1170" rule="Effect" Simplification="jadeo">disnea</effect>
  (2,2%), en pacientes predispuestos. - Infrecuentemente,
  <effect gate:gateId="1171" rule="Effect" Simplification="obstrucción nasal">obstrucción nasal</effect>
  (0,3%). · Sistema gastrointestinal: - Molestias gastrointestinales con síntomas como
  <effect gate:gateId="1172" rule="Effect" Simplification="diarrea">diarrea</effect>
  (1,5%),
  <effect gate:gateId="1173" rule="Effect" Simplification="dolor abdominal">dolor abdominal</effect>
  (1,5%),
  <effect gate:gateId="1174" rule="Effect" Simplification="náuseas">náuseas</effect>
  (1,3%). - Con escasa frecuencia
  <effect gate:gateId="1175" rule="Effect" Simplification="estreñimiento">estreñimiento</effect>
  y
  <effect gate:gateId="1176" rule="Effect" Simplification="vómitos">vómitos</effect>
  (&lt;1%). · Piel y anejos: - Infrecuentemente, reacciones cutáneas (1,2%) (p.e.
  <effect gate:gateId="1177" rule="Effect" Simplification="lesiónes en la piel">exantema alérgico</effect>
  ,
  <effect gate:gateId="1178" rule="Effect" Simplification="urticaria">urticaria</effect>
  ,
  <effect gate:gateId="1179" rule="Effect" Simplification="picazón">prurito</effect>
  y reacciones tipo
  <effect gate:gateId="1180" rule="Effect" Simplification="enfermedades de la piel">liquen plano</effect>
  ). · Bioquímica y hematología: - Casos aislados de alteraciones en las transaminasas séricas (&lt;1%),
  <effect gate:gateId="1181" rule="Effect" Simplification="problemas de coagulación">trombocitopenia</effect>
  (&lt;1%) y
  <effect gate:gateId="1182" rule="Effect" Simplification="disminución de leucocitos en la sangre">leucopenia</effect>
  (&lt;1%). · Otros: - Dolor en las extremidades (&lt;1%) y disminución del
  <effect gate:gateId="1183" rule="Effect" Simplification="lagrimeo">lagrimeo</effect>
  (&lt;1%). - Raros casos de
  <effect gate:gateId="1184" rule="Effect" Simplification="impotencia">impotencia</effect>
  sexual (&lt;1%), alteraciones de la visión (&lt;1%) e
  <effect gate:gateId="1185" rule="Effect" Simplification="irritación ocular">irritación ocular</effect>
  (&lt;1%). - Infrecuentemente
  <effect gate:gateId="1186" rule="Effect" Simplification="sequedad de boca">sequedad de boca</effect>
  (0,1%) y trastornos de la micción (&lt;1%). Debido a las propiedades betabloqueantes, también es posible que se manifieste una
  <effect gate:gateId="1187" rule="Effect" Simplification="diabetes">diabetes mellitus</effect>
  latente (&lt;1%), que una
  <effect gate:gateId="1188" rule="Effect" Simplification="diabetes">diabetes</effect>
  manifiesta se agrave y que se inhiba la contrarregulación de la glucosa en sangre. Insuficiencia cardiaca congestiva: · Sistema
  <effect gate:gateId="1189" rule="Effect" Simplification="nervioso">nervioso</effect>
  central: - Mareos (32,4%) y
  <effect gate:gateId="1190" rule="Effect" Simplification="fatiga">astenia</effect>
  . - Cefalea,
  <effect gate:gateId="1191" rule="Effect" Simplification="fatiga ">fatiga</effect>
  que suelen ser leves y se producen principalmente al comienzo del tratamiento. · Sistema cardiovascular: - Edema (16,4%),
  <effect gate:gateId="1192" rule="Effect" Simplification="anomalía cardiaca">bradicardia</effect>
  (8,8%),
  <effect gate:gateId="1193" rule="Effect" Simplification="presión arterial baja">hipotensión</effect>
  (8,5%) e
  <effect gate:gateId="1194" rule="Effect" Simplification="presión sanguínea baja">hipotensión postural</effect>
  (1,2%). - Infrecuentemente,
  <effect gate:gateId="1195" rule="Effect" Simplification="insuficiencia cardiaca">insuficiencia cardiaca</effect>
  (3,8%) durante la fase de ajuste de dosis,
  <effect gate:gateId="1196" rule="Effect" Simplification="desmayo">síncope</effect>
  (3,4%), bloqueo AV (2,9%) y
  <effect gate:gateId="1197" rule="Effect" Simplification="dolor en el pecho">angina de pecho</effect>
  . · Sistema gastrointestinal: - Diarrea (11,8%),
  <effect gate:gateId="1198" rule="Effect" Simplification="náuseas">náuseas</effect>
  (8,5%) y
  <effect gate:gateId="1199" rule="Effect" Simplification="vómitos">vómitos</effect>
  (6,3%). · Hematología: - Trombocitopenia (2,0%). - Casos aislados de
  <effect gate:gateId="1200" rule="Effect" Simplification="disminución de leucocitos en la sangre">leucopenia</effect>
  . · Metabolismo: - Hiperglucemia (12,2%, en pacientes con
  <effect gate:gateId="1201" rule="Effect" Simplification="diabetes">diabetes mellitus</effect>
  existente con anterioridad, véase Advertencias sección 4.4), e
  <effect gate:gateId="1202" rule="Effect" Simplification="aumento de colesterol en la sangre">hipercolesterolemia</effect>
  (4,1%). · Otros: - Anomalías de la visión (5,0%). - Infrecuentemente, anomalías de la función renal (1,7%) en pacientes con
  <effect gate:gateId="1203" rule="Effect" Simplification="enfermedad">enfermedad</effect>
  vascular difusa o deterioro de la función renal (véase Advertencias, sección 4.4) e
  <effect gate:gateId="1204" rule="Effect" Simplification="insuficiencia renal">insuficiencia renal aguda</effect>
  (1,2%). La frecuencia de los efectos adversos no es proporcional a la dosis con excepción del
  <effect gate:gateId="1205" rule="Effect" Simplification="mareo">mareo</effect>
  , los trastornos de la visión y la
  <effect gate:gateId="1206" rule="Effect" Simplification="anomalía cardiaca">bradicardia</effect>
  .
</paragraph>
