<?xml version="1.0" encoding="UTF-8"?>
<paragraph xmlns:gate="http://www.gate.ac.uk" gate:gateId="0" gate:annotMaxId="147">
  La mayoría de los efectos secundarios descritos han sido leves y de naturaleza transitoria: - Gastrointestinales:
  <effect gate:gateId="137" rule="Effect" Simplification="diarrea">diarrea</effect>
  ,
  <effect gate:gateId="138" rule="Effect" Simplification="___">náuseas.</effect>
  Como con otros antibióticos de amplio espectro existe la posibilidad de aparición de
  <effect gate:gateId="139" rule="Effect" Simplification="infección en el colon">colitis pseudomembranosa</effect>
  (ver ADVERTENCIAS 4.4.) - Alérgicos:
  <effect gate:gateId="140" rule="Effect" Simplification="fiebre">fiebre</effect>
  ,
  <effect gate:gateId="141" rule="Effect" Simplification="picazón">prurito</effect>
  ,
  <effect gate:gateId="142" rule="Effect" Simplification="___">urticaria.</effect>
  - También se ha comunicado en alguna ocasión
  <effect gate:gateId="143" rule="Effect" Simplification="___">dolor de cabeza.</effect>
  - Se ha observado alguna vez
  <effect gate:gateId="144" rule="Effect" Simplification="problemas en la sangre">eosinofilia</effect>
  y aumentos transitorios de los enzimas hepáticos (SGPT y SGOT). MINISTERIO - Nefrotoxicidad: se han observado alteraciones en la función renal con antibióticos de este grupo, especialmente con la administración simultánea de aminoglucósidos y diuréticos potentes. - Prurito vaginal,
  <effect gate:gateId="145" rule="Effect" Simplification="vaginitis">vaginitis</effect>
  y
  <effect gate:gateId="146" rule="Effect" Simplification="infección en la piel">candidiasis</effect>
  .
</paragraph>
