<?xml version="1.0" encoding="UTF-8"?>
<paragraph xmlns:gate="http://www.gate.ac.uk" gate:gateId="0" gate:annotMaxId="198">
  Las reacciones observadas más frecuentemente y superiores al 1% en pacientes tratados con Cefonicid, fueron las siguientes: Reacciones locales: Dolor/incomodidad en el lugar de la inyección IM, (5,7%); menos frecuente quemazón,
  <effect gate:gateId="185" rule="Effect" Simplification="inflamación de una vena">flebitis</effect>
  con la inyección IV. Efectos hematológicos: Trombocitosis (1,7%),
  <effect gate:gateId="186" rule="Effect" Simplification="problemas en la sangre">eosinofilia</effect>
  (2,9%) y
  <effect gate:gateId="187" rule="Effect" Simplification="disminución de leucocitos en la sangre">leucopenia</effect>
  . Alteración de las Pruebas de Función Hepática (1,6%): Aumento de fosfatasa alcalina, GOT, GPT, GGT y LDH. Los efectos menos frecuentes y por debajo del 1% son los siguientes: Efectos gastrointestinales: raramente
  <effect gate:gateId="188" rule="Effect" Simplification="diarrea">diarrea</effect>
  ,
  <effect gate:gateId="189" rule="Effect" Simplification="inflamación en el colon">colitis</effect>
  y
  <effect gate:gateId="190" rule="Effect" Simplification="infección en el colon">colitis pseudomembranosa</effect>
  . Reacciones de
  <effect gate:gateId="191" rule="Effect" Simplification="alergia">hipersensibilidad</effect>
  : Se ha comunicado
  <effect gate:gateId="192" rule="Effect" Simplification="fiebre">fiebre</effect>
  ,
  <effect gate:gateId="193" rule="Effect" Simplification="erupción">exantema</effect>
  ,
  <effect gate:gateId="194" rule="Effect" Simplification="enrojecimiento">eritema</effect>
  ,
  <effect gate:gateId="195" rule="Effect" Simplification="anafilaxia">anafilaxia</effect>
  y reacciones anafilactoides. Efectos renales: Se han observado ocasionalmente aumento de nitrógeno ureico en sangre (BUN) y creatinina sérica. Como con otros beta-lactámicos, raramente se ha descrito
  <effect gate:gateId="196" rule="Effect" Simplification="insuficiencia renal">insuficiencia renal aguda</effect>
  asociada a
  <effect gate:gateId="197" rule="Effect" Simplification="problemas en los riñones">nefritis intersticial</effect>
  .
</paragraph>
