<?xml version="1.0" encoding="UTF-8"?>
<paragraph xmlns:gate="http://www.gate.ac.uk" gate:gateId="0" gate:annotMaxId="134">
  Al igual que otros antibióticos beta-lactámicos, los pacientes tratados con cefotaxima, especialmente los que han seguido una terapia prolongada, pueden manifestar
  <effect gate:gateId="127" rule="Effect" Simplification="problemas sistema inmune">granulocitopenia</effect>
  y más raramente
  <effect gate:gateId="128" rule="Effect" Simplification="poca producción de defensas en la sangre">agranulocitosis</effect>
  . Por este motivo, en el caso de que la duración del tratamiento supere 7 días se deben efectuar controles analíticos del cuadro hemático. Se han descrito casos aislados de
  <effect gate:gateId="129" rule="Effect" Simplification="anemia">anemia hemolítica</effect>
  . - Función hepática: elevaciones pasajeras de los niveles enzimáticos séricos de SGOT, SGPT y fosfatasa alcalina. - Función renal: al igual que otras cefalosporinas se han observado aumentos transitorios del nitrógeno uréico. - Aparato digestivo:
  <effect gate:gateId="130" rule="Effect" Simplification="náuseas">náuseas</effect>
  ,
  <effect gate:gateId="131" rule="Effect" Simplification="vómitos">vómitos</effect>
  ,
  <effect gate:gateId="132" rule="Effect" Simplification="inflamación en el colon">colitis</effect>
  y
  <effect gate:gateId="133" rule="Effect" Simplification="___">diarrea.</effect>
</paragraph>
