<?xml version="1.0" encoding="UTF-8"?>
<paragraph xmlns:gate="http://www.gate.ac.uk" gate:gateId="0" gate:annotMaxId="430">
  Durante el empleo de ceftriaxona se han observado, en algunos casos, los siguientes efectos secundarios que son reversibles, bien espontáneamente, bien tras la supresión del tratamiento: · Trastornos gastrointestinales (aproximadamente 2% de casos), con
  <effect gate:gateId="385" rule="Effect" Simplification="deposiciones sueltas">deposiciones sueltas</effect>
  o
  <effect gate:gateId="386" rule="Effect" Simplification="diarreas">diarreas</effect>
  , nauseas,
  <effect gate:gateId="387" rule="Effect" Simplification="vómitos">vómitos</effect>
  ,
  <effect gate:gateId="388" rule="Effect" Simplification="inflamación en la boca">estomatitis</effect>
  y
  <effect gate:gateId="389" rule="Effect" Simplification="inflamación de la lengua">glositis</effect>
  . · Trastornos hematológicos (aproximadamente 2 %):
  <effect gate:gateId="390" rule="Effect" Simplification="problemas en la sangre">eosinofilia</effect>
  ,
  <effect gate:gateId="391" rule="Effect" Simplification="disminución de leucocitos en la sangre">leucopenia</effect>
  ,
  <effect gate:gateId="392" rule="Effect" Simplification="problemas sistema inmune">granulocitopenia</effect>
  ,
  <effect gate:gateId="393" rule="Effect" Simplification="anemia">anemia hemolítica</effect>
  ,
  <effect gate:gateId="394" rule="Effect" Simplification="problemas de coagulación">trombocitopenia</effect>
  . Se han encontrado casos aislados de
  <effect gate:gateId="395" rule="Effect" Simplification="poca producción de defensas en la sangre">agranulocitosis</effect>
  (&lt;500/mm3), si bien en la mayoría de éstos se emplearon dosis totales iguales o superiores a 20 g. · Reacciones dérmicas (aproximadamente 1 %):
  <effect gate:gateId="396" rule="Effect" Simplification="erupción">exantema</effect>
  ,
  <effect gate:gateId="397" rule="Effect" Simplification="dermatitis alérgica">dermatitis alérgica</effect>
  ,
  <effect gate:gateId="398" rule="Effect" Simplification="picazón">prurito</effect>
  ,
  <effect gate:gateId="399" rule="Effect" Simplification="urticaria">urticaria</effect>
  ,
  <effect gate:gateId="400" rule="Effect" Simplification="hinchazón">edema</effect>
  ,
  <effect gate:gateId="401" rule="Effect" Simplification="múltiples manchas rojas">eritema multiforme</effect>
  , síndrome de Stevens-Johnson (
  <effect gate:gateId="402" rule="Effect" Simplification="ampollas">ampollas</effect>
  ,
  <effect gate:gateId="403" rule="Effect" Simplification="descamación">descamación</effect>
  o
  <effect gate:gateId="404" rule="Effect" Simplification="exfoliación de la piel">exfoliación de la piel</effect>
  y membranas mucosas: puede implicar los ojos u otros sistemas orgánicos). Otros efectos secundarios raros son:
  <effect gate:gateId="405" rule="Effect" Simplification="dolor de cabeza">cefalea</effect>
  y
  <effect gate:gateId="406" rule="Effect" Simplification="mareo">mareos</effect>
  , precipitación sintomática de ceftriaxona cálcica en la
  <effect gate:gateId="407" rule="Effect" Simplification="vesícula">vesícula</effect>
  biliar, aumento de los enzimas hepáticos,
  <effect gate:gateId="408" rule="Effect" Simplification="disminución de orina">oliguria</effect>
  , aumento de la creatinina sérica y/o nitrógeno ureico sanguíneo,
  <effect gate:gateId="409" rule="Effect" Simplification="infección por hongos">micosis</effect>
  del tracto genital,
  <effect gate:gateId="410" rule="Effect" Simplification="fiebre">fiebre</effect>
  ,
  <effect gate:gateId="411" rule="Effect" Simplification="temblor">temblor</effect>
  y reacciones anafilácticas o anafilactoides (
  <effect gate:gateId="412" rule="Effect" Simplification="trastornos de los bronquios">broncoespasmo</effect>
  ,
  <effect gate:gateId="413" rule="Effect" Simplification="presión arterial baja">hipotensión</effect>
  ). Muy raramente:
  <effect gate:gateId="414" rule="Effect" Simplification="inflamación del intestino delgado y colon">enterocolitis pseudomembranosa</effect>
  , trastornos de la
  <effect gate:gateId="415" rule="Effect" Simplification="coagulación">coagulación</effect>
  ,
  <effect gate:gateId="416" rule="Effect" Simplification="problema en la sangre">leucocitosis</effect>
  ,
  <effect gate:gateId="417" rule="Effect" Simplification="problema en la sangre">linfocitosis</effect>
  ,
  <effect gate:gateId="418" rule="Effect" Simplification="aumento glóbulos rojos en la sangre">monocitosis</effect>
  ,
  <effect gate:gateId="419" rule="Effect" Simplification="infección en la sangre">basofilia</effect>
  ,
  <effect gate:gateId="420" rule="Effect" Simplification="piel amarrilla">ictericia</effect>
  ,
  <effect gate:gateId="421" rule="Effect" Simplification="azúcar en la orina">glucosuria</effect>
  ,
  <effect gate:gateId="422" rule="Effect" Simplification="orina y micción">hematuria</effect>
  ,
  <effect gate:gateId="423" rule="Effect" Simplification="enfermedad">enfermedad</effect>
  sérica,
  <effect gate:gateId="424" rule="Effect" Simplification="flatulencia">flatulencia</effect>
  ,
  <effect gate:gateId="425" rule="Effect" Simplification="enfermedades del estómago ">dispepsia</effect>
  ,
  <effect gate:gateId="426" rule="Effect" Simplification="palpitaciones">palpitaciones</effect>
  y
  <effect gate:gateId="427" rule="Effect" Simplification="sangrado nasal">epistaxis</effect>
  . Pueden presentarse dolores transitorios en el lugar de la inyección intramuscular, siendo más probable que ocurra con dosis elevadas. No obstante, normalmente no es causa suficiente para suspender el tratamiento. La inyección intravenosa, a grandes dosis y durante períodos prolongados, puede ocasionar
  <effect gate:gateId="428" rule="Effect" Simplification="inflamación de una vena">flebitis</effect>
  irritativas asépticas de tipo químico y, más raramente,
  <effect gate:gateId="429" rule="Effect" Simplification="inflamación de venas">tromboflebitis</effect>
  , por lo que es aconsejable cambiar con cierta frecuencia de vena en la administración e inyectar lentamente (2-4 minutos).
</paragraph>
