<?xml version="1.0" encoding="UTF-8"?>
<paragraph xmlns:gate="http://www.gate.ac.uk" gate:gateId="0" gate:annotMaxId="378">
  Las reacciones adversas de
  <drug gate:gateId="373" rule="Drug">cefuroxima</drug>
  axetilo son, en general, leves y de naturaleza transitoria. Las categorías de frecuencias asignadas a las reacciones adversas que se presentan a continuación son estimadas, ya que para la mayoría de las reacciones no se dispone de datos adecuados (por ejemplo de ensayos controlados con placebo) para calcular la incidencia. Además, la incidencia de las reacciones adversas asociadas a
  <drug gate:gateId="374" rule="Drug">cefuroxima</drug>
  axetilo puede variar dependiendo de la indicación. Se han utilizado datos de extensos estudios clínicos para determinar la frecuencia de las reacciones adversas de muy frecuentes a araras. Las frecuencias asignadas al resto de las reacciones adversas (como las que se producen en &lt;1/10.0000) se determinaron principalmente utilizando datos post-comercialización y se refieren a la tasa de notificación más que a la verdadera frecuencia. No se dispone de datos de ensayos controlados con placebo. Las incidencias calculadas a partir de datos de ensayos clínicos, se basan en datos relacionados con el fármaco (evaluados por el investigador). Las frecuencias se han definido de la siguiente forma: muy frecuentes (&gt;1/10), frecuentes (&gt;1/100 y &lt;1/10), poco frecuentes (&gt;1/1.000 y &lt;1/100), raras (&gt;1/10.000 y &lt;1/1.000), muy raras (&lt;1/10.000). Trastornos de la sangre y del sistema linfático Frecuentes: Poco frecuentes: Muy raras: Los fármacos de la clase de las cefalosporinas tienden a quedar absorbidos en la superficie de las membranas de los eritrocitos y reaccionar con los anticuerpos dirigidos contra ellos, dando lugar a la obtención de un resultado positivo en la prueba de Coombs (lo que puede interferir en las pruebas sanguíneas cruzadas) y muy raramente a
  <effect gate:gateId="375" rule="Effect" Simplification="anemia">anemia hemolítica</effect>
  . Trastornos del sistema inmunológico Reacciones de
  <effect gate:gateId="376" rule="Effect" Simplification="alergia">hipersensibilidad</effect>
  , incluyendo: Poco frecuentes: Raras: Muy raras: Trastornos del sistema
  <effect gate:gateId="377" rule="Effect" Simplification="nervioso">nervioso</effect>
  Frecuentes: Trastornos gastrointestinales Frecuentes: Poco frecuentes: Muy raras: MINISTERIO Trastornos hepatobiliares Frecuentes: Muy raras: Trastornos de la piel y del tejido subcutáneo Muy raras: Véase también Trastornos del sistema inmunológico.
</paragraph>
