<?xml version="1.0" encoding="UTF-8"?>
<paragraph xmlns:gate="http://www.gate.ac.uk" gate:gateId="0" gate:annotMaxId="279">
  · Nauseas,
  <effect gate:gateId="254" rule="Effect" Simplification="vómitos">vómitos</effect>
  , dolores epigástricos. · Fiebre, mialgias, artralgias o
  <effect gate:gateId="255" rule="Effect" Simplification="trastornos de la alimentación ">anorexia</effect>
  . · Numerosos efectos tóxicos son asociados a una
  <effect gate:gateId="256" rule="Effect" Simplification="alergia">hipersensibilidad</effect>
  y/o a dosis elevadas (superiores a 10 mg/kg). · Hepatotoxicidad: elevación relativamente frecuente de las transaminasas:
  <effect gate:gateId="257" rule="Effect" Simplification="hepatitis">hepatitis</effect>
  agudas raras (con o sin
  <effect gate:gateId="258" rule="Effect" Simplification="piel amarrilla">ictericia</effect>
  ) pudiendo ser alguna de ellas severas. La
  <effect gate:gateId="259" rule="Effect" Simplification="hepatitis aguda">hepatotoxicidad</effect>
  se incrementa por asociación a la rifampicina, por un mecanismo de inducción enzimático. Otros inductores enzimáticos pueden tener el mismo efecto (barbitúricos). · Neurotoxicidad (parece debida al principio activo por carencia en
  <drug gate:gateId="260" rule="Drug">piridoxina</drug>
  ). · Neuropatias periféricas, que se presentan con
  <effect gate:gateId="261" rule="Effect" Simplification="cosquilleo">parestesias distales</effect>
  apareciendo sobre todo en acetiladores lentos, desnutridos y alcohólicos; - Alteraciones psíquicas tipo
  <effect gate:gateId="262" rule="Effect" Simplification="excitación">excitación</effect>
  neuropsíquica:
  <effect gate:gateId="263" rule="Effect" Simplification="hiperactividad">hiperactividad</effect>
  ,
  <effect gate:gateId="264" rule="Effect" Simplification="euforia">euforia</effect>
  ,
  <effect gate:gateId="265" rule="Effect" Simplification="insomnio">insomnio</effect>
  ; - Se han descrito
  <effect gate:gateId="266" rule="Effect" Simplification="ataque">convulsiones</effect>
  ,
  <effect gate:gateId="267" rule="Effect" Simplification=" nerviosismo ">nerviosismo</effect>
  y
  <effect gate:gateId="268" rule="Effect" Simplification="poco desarrollo visual">atrofia óptica</effect>
  ; - En pacientes predispuestos, y en particular cuando se asocia a etionamida, han aparecido: accesos maníacos, delirios agudos o depresiones. · Reacciones de
  <effect gate:gateId="269" rule="Effect" Simplification="alergia">hipersensibilidad</effect>
  (raras):
  <effect gate:gateId="270" rule="Effect" Simplification="fiebre">fiebre</effect>
  ,
  <effect gate:gateId="271" rule="Effect" Simplification="inflamación">erupciones cutáneas</effect>
  ,
  <effect gate:gateId="272" rule="Effect" Simplification="acné">acné</effect>
  ,
  <effect gate:gateId="273" rule="Effect" Simplification="piel amarrilla">ictericia</effect>
  o
  <effect gate:gateId="274" rule="Effect" Simplification="hepatitis">hepatitis</effect>
  ,
  <effect gate:gateId="275" rule="Effect" Simplification="inflamación circulaciones">linfadenitis</effect>
  ,
  <effect gate:gateId="276" rule="Effect" Simplification="problemas en la sangre">eosinofilia</effect>
  ,
  <effect gate:gateId="277" rule="Effect" Simplification="trastorno de la sangre">discrasia sanguínea</effect>
  . · Varios (excepcionales): síndrome reumatoide,
  <effect gate:gateId="278" rule="Effect" Simplification="síndrome doloroso">algodistrofia</effect>
  (síndrome hombro-mano), síndrome Lupus.
</paragraph>
