<?xml version="1.0" encoding="UTF-8"?>
<paragraph xmlns:gate="http://www.gate.ac.uk" gate:gateId="0" gate:annotMaxId="132">
  Se han observado efectos leves y transitorios, los más frecuentes han sido
  <effect gate:gateId="124" rule="Effect" Simplification="somnolencia">somnolencia</effect>
  (relacionada con la dosis),
  <effect gate:gateId="125" rule="Effect" Simplification="dolor de cabeza">cefalea</effect>
  ,
  <effect gate:gateId="126" rule="Effect" Simplification="fatiga ">fatiga</effect>
  ,
  <effect gate:gateId="127" rule="Effect" Simplification="mareo">mareos</effect>
  ,
  <effect gate:gateId="128" rule="Effect" Simplification="agitación">agitación</effect>
  (dependiente de la dosis y particularmente en niños),
  <effect gate:gateId="129" rule="Effect" Simplification="sequedad de boca">sequedad de boca</effect>
  y molestias gastrointestinales. Para contrarrestar la aparición de los efectos relacionados con la dosis, se recomienda repartir la dosificación en dos tomas (ver sección 4.2). Algunos individuos pueden manifestar
  <effect gate:gateId="130" rule="Effect" Simplification="alergia">hipersensibilidad</effect>
  , incluyendo reacciones cutáneas y
  <effect gate:gateId="131" rule="Effect" Simplification="hinchazón debajo de la piel">angioedema</effect>
  . En caso de observar la aparición de reacciones adversas, se deben notificar a los sistemas de farmacovigilancia y, si fuera necesario, suspender el tratamiento.
</paragraph>
