<?xml version="1.0" encoding="UTF-8"?>
<paragraph xmlns:gate="http://www.gate.ac.uk" gate:gateId="0" gate:annotMaxId="392">
  REACCIONES ADVERSAS OBSERVADAS DE LOS ENSAYOS CLÍNICOS La seguridad de las vacunas antigripales inactivadas trivalentes se evalúa en ensayos clínicos abiertos no controlados que se llevan a cabo como un requerimiento de la actualización anual, incluyendo al menos 50 adultos de edades comprendidas entre 18 y 60 años y al menos 50 ancianos de edad igual o superior a 61 años. La evaluación de la seguridad se realiza durante los 3 primeros días después de la vacunación. Se han observado las siguientes reacciones adversas durante los ensayos clínicos con las siguientes frecuencias Muy frecuentes ( 1/10); frecuentes ( 1/100, &lt;1/10); poco frecuentes ( 1/1000, &lt;1/100); raras ( 1/10000, &lt; 1/1000); muy raras (&lt; 1/10000), incluyendo informes aislados. Alteraciones del sistema
  <effect gate:gateId="373" rule="Effect" Simplification="nervioso">nervioso</effect>
  Frecuentes ( 1/100, &lt;1/10): Cefalea* Alteraciones dérmicas y del tejido subcutáneo Frecuentes ( 1/100, &lt;1/10) Sudoración* Alteraciones musculoesqueléticas y del tejido conectivo Frecuentes ( 1/100, &lt;1/10) Mialgia,
  <effect gate:gateId="374" rule="Effect" Simplification="dolor articular">artralgia</effect>
  * Alteraciones generales y condiciones en el lugar de administración Frecuentes ( 1/100, &lt;1/10) MINISTERIO Fiebre,
  <effect gate:gateId="375" rule="Effect" Simplification="malestar">malestar</effect>
  ,
  <effect gate:gateId="376" rule="Effect" Simplification="escalofríos">escalofríos</effect>
  ,
  <effect gate:gateId="377" rule="Effect" Simplification="fatiga ">fatiga</effect>
  , reacciones locales:
  <effect gate:gateId="378" rule="Effect" Simplification="enrojecimiento">enrojecimiento</effect>
  ,
  <effect gate:gateId="379" rule="Effect" Simplification="inflamación">inflamación</effect>
  ,
  <effect gate:gateId="380" rule="Effect" Simplification="dolor">dolor</effect>
  ,
  <effect gate:gateId="381" rule="Effect" Simplification="moretones ">equimosis</effect>
  . Induración* *Estas reacciones habitualmente desaparecen tras 1-2 días sin necesidad de tratamiento. REACCIONES ADVERSAS NOTIFICADAS DE LA VIGILANCIA POST- COMERCIALIZACIÓN Las reacciones adversas notificadas durante la vigilancia post-comercialización son, junto a las reacciones que también se han observado durante los ensayos clínicos, las siguientes: Alteraciones de la sangre y del sistema linfático: Trombocitopenia transitoria,
  <effect gate:gateId="382" rule="Effect" Simplification="trastorno en los ganglios">linfadenopatía</effect>
  transitoria Alteraciones del sistema inmune: Reacciones alérgicas, que raramente desencadenan en
  <effect gate:gateId="383" rule="Effect" Simplification="shock">shock</effect>
  ,
  <effect gate:gateId="384" rule="Effect" Simplification="hinchazón debajo de la piel">angioedema</effect>
  Alteraciones del sistema
  <effect gate:gateId="385" rule="Effect" Simplification="nervioso">nervioso</effect>
  : Neuralgia,
  <effect gate:gateId="386" rule="Effect" Simplification="cosquilleo">parestesia</effect>
  ,
  <effect gate:gateId="387" rule="Effect" Simplification="convulsiones por fiebre">convulsiones febriles</effect>
  , alteraciones neurológicas, como
  <effect gate:gateId="388" rule="Effect" Simplification="enfermedades del cerebro">encefalomielitis</effect>
  ,
  <effect gate:gateId="389" rule="Effect" Simplification="inflamación de nervios">neuritis</effect>
  y síndrome de Guillain-Barré. Alteraciones vasculares: Vasculitis raramente asociada a implicación renal transitoria. Alteraciones dérmicas y de tejido subcutáneo: Reacciones generalizadas de la piel incluido
  <effect gate:gateId="390" rule="Effect" Simplification="picazón">prurito</effect>
  ,
  <effect gate:gateId="391" rule="Effect" Simplification="urticaria">urticaria</effect>
  o erupciones no específicas.
</paragraph>
