<?xml version="1.0" encoding="UTF-8"?>
<paragraph xmlns:gate="http://www.gate.ac.uk" gate:gateId="0" gate:annotMaxId="435">
  Sistema cardiovascular Frecuentes:
  <effect gate:gateId="393" rule="Effect" Simplification="palpitaciones">palpitaciones</effect>
  , síntomas ortostáticos. Raros:
  <effect gate:gateId="394" rule="Effect" Simplification="baja presión arterial">hipotensión sintomática</effect>
  ,
  <effect gate:gateId="395" rule="Effect" Simplification="dolor torácico">dolor torácico</effect>
  ,
  <effect gate:gateId="396" rule="Effect" Simplification="dolor en el pecho">angina de pecho</effect>
  , arritmias. Muy raros:
  <effect gate:gateId="397" rule="Effect" Simplification="infarto">infarto de miocardio</effect>
  . Tracto gastrointestinal Frecuentes: trastornos gastrointestinales inespecíficos. Raros:
  <effect gate:gateId="398" rule="Effect" Simplification="diarrea">diarrea</effect>
  ,
  <effect gate:gateId="399" rule="Effect" Simplification="estreñimiento">estreñimiento</effect>
  ,
  <effect gate:gateId="400" rule="Effect" Simplification="náuseas">náuseas</effect>
  ,
  <effect gate:gateId="401" rule="Effect" Simplification="vómitos">vómitos</effect>
  ,
  <effect gate:gateId="402" rule="Effect" Simplification="dolor abdominal">dolor abdominal</effect>
  . Muy raros:
  <effect gate:gateId="403" rule="Effect" Simplification="pancreatitis">pancreatitis</effect>
  . Piel Frecuentes:
  <effect gate:gateId="404" rule="Effect" Simplification="enrojecimiento">eritema</effect>
  ,
  <effect gate:gateId="405" rule="Effect" Simplification="sofoco">sofocos</effect>
  ,
  <effect gate:gateId="406" rule="Effect" Simplification="picazón">prurito</effect>
  ,
  <effect gate:gateId="407" rule="Effect" Simplification="intolerancia a la luz">fotosensibilidad</effect>
  . Raros:
  <effect gate:gateId="408" rule="Effect" Simplification="enfermedad de la piel">pénfigo</effect>
  Muy raros: síndrome de Stevens-Johnson Hígado y conducto biliar Raros:
  <effect gate:gateId="409" rule="Effect" Simplification="hepatitis">hepatitis</effect>
  (predominantemente colestásica),
  <effect gate:gateId="410" rule="Effect" Simplification="piel amarrilla">ictericia</effect>
  colestásica (ver sección 4.4. "Advertencias:
  <effect gate:gateId="411" rule="Effect" Simplification="hepatitis">hepatitis</effect>
  o
  <effect gate:gateId="412" rule="Effect" Simplification="insuficiencia hepática">insuficiencia hepática</effect>
  "). Sistema urogenital Frecuentes:
  <effect gate:gateId="413" rule="Effect" Simplification="frecuencia orinaría">polaquiuria</effect>
  . Raros: aumento del BUN, aumento de la creatinina sérica. Muy raros:
  <effect gate:gateId="414" rule="Effect" Simplification="alteración renal">función renal disminuida</effect>
  (ver sección 4.4. "Advertencias y precauciones especiales de empleo"). Tracto respiratorio Frecuentes:
  <effect gate:gateId="415" rule="Effect" Simplification="tos">tos</effect>
  , síntomas de las vías respiratorias. Sistema
  <effect gate:gateId="416" rule="Effect" Simplification="nervioso">nervioso</effect>
  central Frecuentes: cefaleas,
  <effect gate:gateId="417" rule="Effect" Simplification="mareo y vértigo">vértigo</effect>
  ,
  <effect gate:gateId="418" rule="Effect" Simplification="___">fatiga.</effect>
  Raros:
  <effect gate:gateId="419" rule="Effect" Simplification="somnolencia">somnolencia</effect>
  ,
  <effect gate:gateId="420" rule="Effect" Simplification="insomnio">insomnio</effect>
  ,
  <effect gate:gateId="421" rule="Effect" Simplification=" nerviosismo ">nerviosismo</effect>
  y
  <effect gate:gateId="422" rule="Effect" Simplification="cosquilleo">parestesias</effect>
  . Sangre Muy raros:
  <effect gate:gateId="423" rule="Effect" Simplification="anemia">anemia hemolítica</effect>
  ,
  <effect gate:gateId="424" rule="Effect" Simplification="problemas de coagulación">trombocitopenia</effect>
  (ver sección 4.4. "Advertencias:
  <effect gate:gateId="425" rule="Effect" Simplification="poca producción de defensas en la sangre">agranulocitosis</effect>
  /
  <effect gate:gateId="426" rule="Effect" Simplification="problemas en la sangre">neutropenia</effect>
  "). Órganos sensoriales Muy raros: tinnitus y
  <effect gate:gateId="427" rule="Effect" Simplification="mal sabor">disgeusia</effect>
  . Reacciones alérgicas e inmunológicas Raros:
  <effect gate:gateId="428" rule="Effect" Simplification="hinchazón debajo de la piel">angioedema</effect>
  ,
  <effect gate:gateId="429" rule="Effect" Simplification="hinchazón en labios">edema de labios</effect>
  y/o cara (ver sección 4.4. "Advertencias: reacciones anafilactoides y relacionadas). Sistema musculoesquelético Raros:
  <effect gate:gateId="430" rule="Effect" Simplification="dolor articular">artralgia</effect>
  ,
  <effect gate:gateId="431" rule="Effect" Simplification="artritis">artritis</effect>
  ,
  <effect gate:gateId="432" rule="Effect" Simplification="dolor muscular">mialgia</effect>
  . Datos de laboratorio Al igual que con otros inhibidores de la ECA, se observaron aumentos menores del BUN y de la creatinina sérica en menos del 0.1% de los pacientes con
  <effect gate:gateId="433" rule="Effect" Simplification="incremento de presión">hipertensión esencial</effect>
  tratados sólo con Cibacén®; estos aumentos fueron reversibles al interrumpir la medicación y es más probable que ocurran en pacientes que reciban simultáneamente diuréticos o en los que presenten
  <effect gate:gateId="434" rule="Effect" Simplification="problemas en los riñones">estenosis de la arteria renal</effect>
  (ver sección 4.4 "Advertencias y precauciones especiales de empleo").
</paragraph>
