<?xml version="1.0" encoding="UTF-8"?>
<paragraph xmlns:gate="http://www.gate.ac.uk" gate:gateId="0" gate:annotMaxId="398">
  - Neuropsíquicos:
  <effect gate:gateId="358" rule="Effect" Simplification=" nerviosismo ">nerviosismo</effect>
  ,
  <effect gate:gateId="359" rule="Effect" Simplification="somnolencia">somnolencia</effect>
  ,
  <effect gate:gateId="360" rule="Effect" Simplification="fatiga">astenia</effect>
  , cefaleas, vértigos, trastornos del sueño, pérdidas de la memoria,
  <effect gate:gateId="361" rule="Effect" Simplification="tendencia suicida">tendencia suicida</effect>
  ,
  <effect gate:gateId="362" rule="Effect" Simplification="trastorno peligroso">síndrome serotoninérgico</effect>
  (los síntomas pueden incluir
  <effect gate:gateId="363" rule="Effect" Simplification="agitación">agitación</effect>
  ,
  <effect gate:gateId="364" rule="Effect" Simplification="confusión">confusión</effect>
  ,
  <effect gate:gateId="365" rule="Effect" Simplification="sudoración">diaforesis</effect>
  ,
  <effect gate:gateId="366" rule="Effect" Simplification="alucinaciones">alucinaciones</effect>
  ,
  <effect gate:gateId="367" rule="Effect" Simplification="aumento de reflejos">hiperreflexia</effect>
  , mioclonía,
  <effect gate:gateId="368" rule="Effect" Simplification="escalofríos">escalofríos</effect>
  ,
  <effect gate:gateId="369" rule="Effect" Simplification="alteración del ritmo cardíaco">taquicardia</effect>
  y
  <effect gate:gateId="370" rule="Effect" Simplification="temblor">temblor</effect>
  ). Agitación psicomotora/
  <effect gate:gateId="371" rule="Effect" Simplification="incapacidad de quedarse quieto">acatisia</effect>
  (ver sección 4.4). - Gastrointestinales:
  <effect gate:gateId="372" rule="Effect" Simplification="náuseas">náuseas</effect>
  ,
  <effect gate:gateId="373" rule="Effect" Simplification="vómitos">vómitos</effect>
  ,
  <effect gate:gateId="374" rule="Effect" Simplification="diarreas">diarreas</effect>
  ,
  <effect gate:gateId="375" rule="Effect" Simplification="estreñimiento">estreñimiento</effect>
  ,
  <effect gate:gateId="376" rule="Effect" Simplification="sequedad de boca">sequedad de boca</effect>
  . - Hepáticos: se han dado casos excepcionales de aumento de las enzimas hepáticas. - Cutáneos:
  <effect gate:gateId="377" rule="Effect" Simplification="erupción">exantema</effect>
  ,
  <effect gate:gateId="378" rule="Effect" Simplification="picazón">prurito</effect>
  ,
  <effect gate:gateId="379" rule="Effect" Simplification="sudoración">diaforesis</effect>
  . - Visuales: trastornos de la adaptación. - Metabólicos: pérdida o
  <effect gate:gateId="380" rule="Effect" Simplification="___">aumento de peso.</effect>
  - Cardiovasculares:
  <effect gate:gateId="381" rule="Effect" Simplification="alteración del ritmo cardíaco">taquicardia</effect>
  ,
  <effect gate:gateId="382" rule="Effect" Simplification="incapacidad de quedarse quieto">hipotensión ortostática</effect>
  ,
  <effect gate:gateId="383" rule="Effect" Simplification="anomalía cardiaca">bradicardia</effect>
  en los pacientes que tienen una frecuencia cardíaca baja. - Sistema reproductor y mama: alteraciones de la libido. - Renales y urinarios: trastornos de la micción; Con fármacos pertenecientes al grupo de inhibidores selectivos de la recaptación de serotonina, se han descrito raramente hemorragias (
  <effect gate:gateId="384" rule="Effect" Simplification="moretones ">equimosis</effect>
  , hemorragias ginecológicas,
  <effect gate:gateId="385" rule="Effect" Simplification="sangrado gastrointestinal">sangrado gastrointestinal</effect>
  y otros sangrados cutáneos o de mucosas). (Ver apartado 4.4. Advertencias y precauciones especiales de empleo) Síntomas de retirada observadas durante la suspensión del tratamiento con ISRS: La retirada de
  <drug gate:gateId="386" rule="Drug">citalopram</drug>
  (particularmente si se realiza de forma brusca) se asocia frecuentemente con la aparición de síntomas de retirada. Los síntomas de retirada comunicados con mayor frecuencia son
  <effect gate:gateId="387" rule="Effect" Simplification="mareo">mareos</effect>
  , alteraciones sensoriales (incluyendo
  <effect gate:gateId="388" rule="Effect" Simplification="cosquilleo">parestesia</effect>
  ),
  <effect gate:gateId="389" rule="Effect" Simplification="alteraciones del sueño">alteraciones del sueño</effect>
  (incluyendo
  <effect gate:gateId="390" rule="Effect" Simplification="insomnio">insomnio</effect>
  y
  <effect gate:gateId="391" rule="Effect" Simplification="pesadillas">pesadillas</effect>
  ),
  <effect gate:gateId="392" rule="Effect" Simplification="agitación">agitación</effect>
  o
  <effect gate:gateId="393" rule="Effect" Simplification="ansiedad">ansiedad</effect>
  , nauseas y/o
  <effect gate:gateId="394" rule="Effect" Simplification="vómitos">vómitos</effect>
  ,
  <effect gate:gateId="395" rule="Effect" Simplification="temblor">temblor</effect>
  y
  <effect gate:gateId="396" rule="Effect" Simplification="dolor de cabeza">cefalea</effect>
  (ver sección 4.2 y sección 4.4). Los datos clínicos y preclínicos disponibles no indican que los inhibidores selectivos de la recaptación de serotonina causen
  <effect gate:gateId="397" rule="Effect" Simplification="dependencia">dependencia</effect>
  .
</paragraph>
