<?xml version="1.0" encoding="UTF-8"?>
<paragraph xmlns:gate="http://www.gate.ac.uk" gate:gateId="0" gate:annotMaxId="2856">
  - No intercambiar Clexane con otras heparinas de bajo peso molecular dado que difieren en su proceso de fabricación, pesos moleculares, actividades antiXa específicas, unidades y dosis, y consecuentemente, en su farmacocinética y actividades biológicas asociadas (por ej. actividad antiIIa, e interacciones plaquetarias). Se requiere, por lo tanto, especial atención y cumplimiento de las instrucciones específicas de uso proporcionadas por el laboratorio. - Al igual que otros anticoagulantes, la
  <drug gate:gateId="2768" rule="Drug">inyección de enoxaparina</drug>
  debe usarse con extrema precaución en las situaciones con aumento de riesgo de
  <effect gate:gateId="2769" rule="Effect" Simplification="sangrado ">hemorragia</effect>
  , tales como alteraciones de la
  <effect gate:gateId="2770" rule="Effect" Simplification="coagulación">coagulación</effect>
  ,
  <effect gate:gateId="2771" rule="Effect" Simplification="insuficiencia hepática">insuficiencia hepática</effect>
  , historia de
  <effect gate:gateId="2772" rule="Effect" Simplification="úlcera">úlcera péptica</effect>
  ,
  <effect gate:gateId="2773" rule="Effect" Simplification="presión arterial alta">hipertensión arterial</effect>
  grave no controlada,
  <effect gate:gateId="2774" rule="Effect" Simplification="degeneración de la retina">retinopatía hipertensiva</effect>
  o diabética,
  <effect gate:gateId="2775" rule="Effect" Simplification="anestesia">anestesia</effect>
  espinal o epidural, permanencia de catéteres intratecales o post-operatorio inmediato oftalmológico o neurológico, uso concomitante de medicación que tenga efecto sobre la homeostasis (ver 4.5.Interacción con otros medicamentos y otras formas de
  <effect gate:gateId="2776" rule="Effect" Simplification="interacción">interacción</effect>
  ). - Anestesia espinal/epidural: En pacientes sometidos a
  <effect gate:gateId="2777" rule="Effect" Simplification="anestesia">anestesia</effect>
  epidural o espinal o a punción lumbar, la administración de heparina con fines profilácticos se ha asociado muy raramente a la aparición de hematomas epidurales o espinales, con el resultado final de
  <effect gate:gateId="2778" rule="Effect" Simplification="parálisis">parálisis</effect>
  prolongada o permanente. Este riesgo se incrementa por el uso de catéteres epidurales o espinales para
  <effect gate:gateId="2779" rule="Effect" Simplification="anestesia">anestesia</effect>
  , la administración concomitante de medicamentos con efecto sobre la
  <effect gate:gateId="2780" rule="Effect" Simplification="coagulación">coagulación</effect>
  como antiinflamatorios no esteroídicos (AINES), antiagregantes plaquetarios o anticoagulantes, y por las punciones neuroaxiales traumáticas o repetidas. - - Para reducir el riesgo potencial de
  <effect gate:gateId="2781" rule="Effect" Simplification="sangrado">sangrado</effect>
  asociado al uso concomitante de enoxaparina sódica y la
  <effect gate:gateId="2782" rule="Effect" Simplification="anestesia">anestesia</effect>
  /analgesia epidural o espinal, se deberá considerar el perfil farmacocinético del fármaco. (ver 5.3 Propiedades farmacocinéticas). La colocación y retirada del catéter se realizará mejor cuando el efecto anticoagulante de la enoxaparina sea bajo. - A la hora de decidir el intervalo de tiempo que debe transcurrir entre la administración de heparina a dosis profilácticas y la inserción o retirada de un cateter espinal o epidural, deben tenerse en cuenta las características del paciente y del producto, debiendo de transcurrir al menos de diez a doce horas para las heparinas de bajo peso molecular. Si el paciente estuviese a tratamiento con dosis más altas de enoxaparina sódica (1mg/kg dos veces al día o 1,5mg/kg una vez al día) sería necesario aumentar el tiempo de espera (24 horas). Una vez insertado o retirado el catéter, deberán transcurrir al menos dos horas hasta la administración de una nueva dosis de heparina. La nueva dosis deberá retrasarse hasta que la intervención quirúrgica haya finalizado. - Si bajo criterio médico se decide administrar tratamiento anticoagulante durante un procedimiento anestésico espinal o peridural debe extremarse la vigilancia del paciente para detectar precozmente cualquier signo o síntoma de
  <effect gate:gateId="2783" rule="Effect" Simplification="trastorno del sistema nervioso">déficit neurológico</effect>
  , como
  <effect gate:gateId="2784" rule="Effect" Simplification="dolor en la espalda">dolor lumbar</effect>
  ,
  <effect gate:gateId="2785" rule="Effect" Simplification="pérdida de sensibilidad">déficit sensorial</effect>
  y motor (
  <effect gate:gateId="2786" rule="Effect" Simplification="entumecimiento">entumecimiento</effect>
  y
  <effect gate:gateId="2787" rule="Effect" Simplification="debilidad">debilidad</effect>
  de extremidades inferiores ) y trastornos funcionales del intestino o vejiga. El personal de enfermería debe ser entrenado para detectar tales signos y síntomas. Asimismo, se advertirá a los pacientes que informen inmediatamente al médico o personal de enfermería si experimentan cualquiera de los síntomas antes descritos. - Si se sospecha la aparición de algún signo o síntoma sugestivo de
  <effect gate:gateId="2788" rule="Effect" Simplification="hemorragia medula espinal">hematoma espinal</effect>
  o epidural deben realizarse las pruebas diagnósticas con carácter de urgencia e instaurar el tratamiento adecuado, incluyendo la descompresión medular. - Hemorragia en ancianos En ancianos, no se observó aumento de la tendencia a la
  <effect gate:gateId="2789" rule="Effect" Simplification="sangrado ">hemorragia</effect>
  , a las dosis usadas en la profilaxis. En pacientes ancianos (especialmente los pacientes de más de 80 años) puede aumentar el riesgo de complicaciones hemorrágicas a la dosis terapéutica. Se recomienda una cuidadosa monitorización clínica (ver: "Posología y forma de administración: Ancianos"). - Insuficiencia renal En pacientes con
  <effect gate:gateId="2790" rule="Effect" Simplification="insuficiencia renal ">insuficiencia renal</effect>
  , existe un aumento de la exposición a la enoxaparina sódica, con la consecuente elevación del riesgo de
  <effect gate:gateId="2791" rule="Effect" Simplification="sangrado ">hemorragia</effect>
  . En pacientes con
  <effect gate:gateId="2792" rule="Effect" Simplification="insuficiencia renal ">insuficiencia renal</effect>
  grave (aclaramiento de creatinina &lt;30 ml/min) se recomienda ajustar la posología tanto profiláctica como terapéutica, ya que, la exposición a enoxaparina sódica está significativamente aumentada en estos pacientes. Aunque no se requiere ningún ajuste posológico en pacientes con
  <effect gate:gateId="2793" rule="Effect" Simplification="insuficiencia renal ">insuficiencia renal</effect>
  moderada (aclaramiento de creatinina 30-50 ml/min) y leve (aclaramiento de creatinina 50- 80 ml/min), se recomienda una cuidadosa monitorización clínica (ver: "Posología y forma de administración: Insuficiencia renal" y "Farmacocinética: Insuficiencia Renal" - Pacientes de bajo peso En mujeres de bajo peso corporal (menos de 45 Kg) y en hombres de bajo peso corporal (menos de 57 Kg) se ha observado un aumento de la exposición a enoxaparina sódica a las dosis usadas en la profilaxis (no ajustadas según el peso), lo cual puede aumentar el riesgo de
  <effect gate:gateId="2794" rule="Effect" Simplification="sangrado ">hemorragia</effect>
  . Por lo tanto se recomienda una cuidadosa monitorización clínica en estos pacientes (ver: "Farmacocinética: peso") - Procedimientos de revascularización coronaria percutánea Para minimizar el riesgo de
  <effect gate:gateId="2795" rule="Effect" Simplification="sangrado ">hemorragia</effect>
  después de la instrumentación vascular durante el tratamiento de la
  <effect gate:gateId="2796" rule="Effect" Simplification="poco oxígeno en el corazón">angina inestable</effect>
  e
  <effect gate:gateId="2797" rule="Effect" Simplification="infarto">infarto de miocardio</effect>
  sin onda Q , la guía de acceso vascular debe mantenerse en su lugar durante 6 a 8 horas después de la dosis vía subcutánea de enoxaparina sódica. La siguiente dosis programada no debe administrarse antes de 6 a 8 horas después de la retirada de la guía. La zona donde se ha realizado el proceso debe observarse para detectar signos de
  <effect gate:gateId="2798" rule="Effect" Simplification="sangrado ">hemorragia</effect>
  o formación de hematomas. - Válvulas protésicas cardíacas: Enoxaparina no ha demostrado eficacia y seguridad en indicaciones terapéuticas diferentes a las establecidas en la sección 4.1. El uso de Clexane como tromboprofiláxis en pacientes con prótesis valvulares cardíacas no ha sido suficientemente estudiado. Se han notificado casos aislados de
  <effect gate:gateId="2799" rule="Effect" Simplification="coagulo">trombosis</effect>
  en prótesis valvulares cardíacas en pacientes en los que se administró enoxaparina como agente profiláctico. Ciertos factores confusos, incluyendo patologías de base y falta de datos clínicos limitan la evaluación de estos casos. Algunos de estos casos se dieron en embarazadas en las que las
  <effect gate:gateId="2800" rule="Effect" Simplification="coagulo">trombosis</effect>
  condujeron a un desenlace fatal tanto para la madre como para el feto (ver 4.6 Embarazo y lactancia). - Pruebas de laboratorio: En las dosis empleadas para la profilaxis del
  <effect gate:gateId="2801" rule="Effect" Simplification="coagulo en una vena">tromboembolismo venoso</effect>
  , la enoxaparina sódica no modifica de forma significativa las pruebas de tiempo de
  <effect gate:gateId="2802" rule="Effect" Simplification="sangrado">sangrado</effect>
  y
  <effect gate:gateId="2803" rule="Effect" Simplification="coagulación">coagulación</effect>
  sanguínea global, ni afecta a la agregación plaquetaria o la unión de fibrinógeno a plaquetas. A dosis más elevadas, pueden aparecer incrementos en el tiempo de tromboplastina parcial activada (PTT) y en el tiempo de
  <effect gate:gateId="2804" rule="Effect" Simplification="coagulación">coagulación</effect>
  activado (ACT). Los aumentos de PTT y ACT no se correlacionan de forma lineal con el incremento de actividad antitrombótica de enoxaparina sódica y por tanto no son adecuados ni fiables para la monitorización de la actividad de enoxaparina sódica. - Monitorización del recuento de plaquetas: con las heparinas de bajo peso molecular también existe el riesgo de
  <effect gate:gateId="2805" rule="Effect" Simplification="problemas de coagulación">trombocitopenia</effect>
  inducida por la heparina y mediada por anticuerpos, a veces de pronóstico grave. Debe considerarse esta posibilidad ante cualquier caso de
  <effect gate:gateId="2806" rule="Effect" Simplification="problemas de coagulación">trombocitopenia</effect>
  o aparición de una
  <effect gate:gateId="2807" rule="Effect" Simplification="coagulación acelerada de la sangre">coagulación intravascular diseminada</effect>
  o
  <effect gate:gateId="2808" rule="Effect" Simplification="coagulo">trombosis</effect>
  , durante el tratamiento. Estas trombopenias aparecen habitualmente entre el día 5 y 21 después del comienzo del tratamiento con enoxaparina. Además, el riesgo de
  <effect gate:gateId="2809" rule="Effect" Simplification="problemas de coagulación">trombocitopenia</effect>
  inducida por la heparina puede persistir varios años tras la exposición previa a compuestos de heparina. a) En pacientes sin historia de
  <effect gate:gateId="2810" rule="Effect" Simplification="problemas de coagulación">trombocitopenia</effect>
  : Debe efectuarse un recuento de plaquetas antes del comienzo de la terapia y luego dos veces por semanas durante 21 días, a lo largo del tratamiento con enoxaparina. Si, pasado este tiempo, es necesario prolongar el tratamiento, el recuento de plaquetas tiene que realizarse una vez a la semana, hasta el final del tratamiento. En la práctica, cualquier descenso significativo (30 a 50 % del valor inicial) del recuento de plaquetas debe ser un motivo de alerta. En tal caso, hay que realizar inmediatamente una monitorización inmediata y diaria del recuento de plaquetas, y el tratamiento debe interrumpirse lo antes posible. Si tiene que continuar el tratamiento anticoagulante, hay que instaurar una terapia de sustitución con anticoagulantes orales o, al menos, un tratamiento con inhibidores de la agregación plaquetaria. b) En pacientes con historia de
  <effect gate:gateId="2811" rule="Effect" Simplification="problemas de coagulación">trombocitopenia</effect>
  : En pacientes con historia de
  <effect gate:gateId="2812" rule="Effect" Simplification="problemas de coagulación">trombocitopenia</effect>
  tras un tratamiento con una heparina no fraccionada, o con otra heparina de bajo peso molecular, el cambio a enoxaparina puede ser posible siempre y cuando un test de agregación plaquetaria en presencia de enoxaparina haya sido negativo. Dado que, aún en pacientes con un resultado negativo, se han observado reacciones cruzadas, la monitorización del estado clínico deberá ser especialmente cuidadosa y se requiere realizar recuentos diarios de plaquetas. El tratamiento debe ser interrumpido si persiste la
  <effect gate:gateId="2813" rule="Effect" Simplification="problemas de coagulación">trombocitopenia</effect>
  inicial. Si tiene que continuar el tratamiento anticoagulante, hay que instaurar una terapia de sustitución con anticoagulantes orales o, al menos, un tratamiento con inhibidores de la agregación plaquetaria. 4.5. Interacción con otros medicamentos y otras formas de
  <effect gate:gateId="2814" rule="Effect" Simplification="interacción">interacción</effect>
  Se recomienda, antes del tratamiento con enoxaparina sódica, interrumpir la utilización de aquellos fármacos que afecten a la hemostasia a menos que estén estrictamente indicados. Sustancias que interfieren los mecanismos de la
  <effect gate:gateId="2815" rule="Effect" Simplification="coagulación">coagulación</effect>
  : - Acido acetilsalicílico, otros salicilatos y antiinflamatorios no esteroides (vía sistémica), incluido
  <drug gate:gateId="2816" rule="Drug">ketorolaco</drug>
  . - Anticoagulantes orales y trombolíticos. - Glucocorticoides (vía sistémica): la administración de enoxaparina aumenta el riesgo hemorrágico propio de la corticoterapia a altas dosis o en tratamientos prolongados. Inhibidores de la agregación plaquetaria: - Ticlopidina,
  <drug gate:gateId="2817" rule="Drug">dipiridamol</drug>
  ,
  <drug gate:gateId="2818" rule="Drug">sulfinpirazona</drug>
  . - Dextrano 40 (vía parenteral),
  <drug gate:gateId="2819" rule="Drug">clopidogrel</drug>
  . - Otros agentes antiplaquetarios como son los antagonistas IIa/IIIa Si la asociación de estos medicamentos y enoxaparina sódica es necesaria se recomienda proceder a una estrecha monitorización clínica y de laboratorio, dado el aumento de riesgo de
  <effect gate:gateId="2820" rule="Effect" Simplification="sangrado ">hemorragia</effect>
  . 4.6. Embarazo y lactancia Categoría B. Embarazo Los estudios realizados en el animal no han mostrado evidencia de acción teratógena o fetotóxica. En la rata preñada, el paso de 35S-enoxaparina a través de la placenta hasta el feto es muy limitado. En la mujer
  <effect gate:gateId="2821" rule="Effect" Simplification="embarazada">embarazada</effect>
  no hay ninguna evidencia de que la enoxaparina atraviese la barrera placentaria durante el segundo y el tercer trimestre de la gestación. Por prudencia y por falta de experiencia, se desaconseja la utilización de la enoxaparina durante el primer trimestre del
  <effect gate:gateId="2822" rule="Effect" Simplification="embarazo">embarazo</effect>
  . Si se realiza una
  <effect gate:gateId="2823" rule="Effect" Simplification="anestesia">anestesia</effect>
  epidural, el tratamiento con enoxaparina debe ser interrumpido. En un ensayo clínico en el que se administró enoxaparina sódica a 8 mujeres embarazadas con prótesis valvulares cardíacas, dos de ellas desarrollaron coágulos que bloquearon la válvula, lo que
  <effect gate:gateId="2824" rule="Effect" Simplification="enfermedad del sistema inmune">les</effect>
  ocasionó la
  <effect gate:gateId="2825" rule="Effect" Simplification="muerte">muerte</effect>
  . Por tanto, no debe administrarse enoxaparina para otras indicaciones diferentes a las establecidas en la sección 4.1. Lactancia En la rata, durante el periodo de lactancia, la concentración de 35S-enoxaparina en la leche es muy baja. No se sabe si la enoxaparina se excreta en la leche humana, en las madres durante el periodo de lactancia. Por tanto, en este periodo, las madres no deben proceder a la
  <effect gate:gateId="2826" rule="Effect" Simplification="lactancia materna">lactancia materna</effect>
  , si están bajo tratamiento con enoxaparina. 4.7. Efectos sobre la capacidad para conducir y utilizar máquinas La enoxaparina no tiene efecto sobre la capacidad de conducción y uso de maquinaria. MINISTERIO 4.8. Reacciones adversas · Trastornos de la sangre y del sistema linfático Hemorragia Como con otros anticoagulantes, la
  <effect gate:gateId="2827" rule="Effect" Simplification="sangrado ">hemorragia</effect>
  puede ocurrir frecuentemente (1-10 %) , virtualmente en cualquier localización, principalmente en presencia de factores de riesgo asociados: lesiones orgánicas susceptibles de sangrar, procedimientos invasivos o algunas asociaciones medicamentosas que afectan la hemostasia (ver: 4.6. Interacción con otros medicamentos y otras formas de
  <effect gate:gateId="2828" rule="Effect" Simplification="interacción">interacción</effect>
  ). Debe investigarse el origen de la
  <effect gate:gateId="2829" rule="Effect" Simplification="sangrado ">hemorragia</effect>
  e instaurarse el tratamiento adecuado. Muy raramente (&lt; 0,01%) se han comunicado casos de hemorragias mayores, incluso retroperitoneales e intracraneales. Algunos de estos casos han sido letales. Raramente (0,01 ­ 0,1 %) se han notificado casos de hematomas neuroaxiales con el uso concomitante de enoxaparina sódica y la
  <effect gate:gateId="2830" rule="Effect" Simplification="anestesia">anestesia</effect>
  intradural/epidural con los consecuentes daños neurológicos en diversos grados incluyendo la
  <effect gate:gateId="2831" rule="Effect" Simplification="parálisis">parálisis</effect>
  de remisión a largo plazo y permanente (ver 4.4 Advertencias y precauciones especiales de empleo:
  <effect gate:gateId="2832" rule="Effect" Simplification="anestesia">anestesia</effect>
  espinal/epidural). Trombocitopenia Se han comunicado frecuentemente (1­10 %)algunos casos de
  <effect gate:gateId="2833" rule="Effect" Simplification="problemas de coagulación">trombocitopenia</effect>
  moderada, transitoria y ocasionalmente grave asociada con
  <effect gate:gateId="2834" rule="Effect" Simplification="coagulo en una vena">trombosis venosa</effect>
  o arterial (ver 4.4. Advertencias y precauciones especiales de empleo). Trastornos generales y alteraciones en el lugar de administración Tras la inyección subcutánea de enoxaparina puede aparecer frecuentemente (1-10 %),
  <effect gate:gateId="2835" rule="Effect" Simplification="irritación">irritación</effect>
  local moderada,
  <effect gate:gateId="2836" rule="Effect" Simplification="dolor">dolor</effect>
  y
  <effect gate:gateId="2837" rule="Effect" Simplification="moretones ">hematoma</effect>
  así como
  <effect gate:gateId="2838" rule="Effect" Simplification="moretones ">equimosis</effect>
  en el punto de inyección(dependientes de la técnica de inyección utilizada). En raros casos (0,01-01%) , pueden observarse nódulos duros en el lugar de la inyección. Estos nódulos no contienen enoxaparina y son más bien el resultado de una
  <effect gate:gateId="2839" rule="Effect" Simplification="reacción inflamatoria">reacción inflamatoria</effect>
  . Se resuelven tras varios días y no son causa de interrupción del tratamiento. Con las HBPM, al igual que con la heparina no fraccionada, se han señalado algunas observaciones muy raras (&lt; 0,01 %) de
  <effect gate:gateId="2840" rule="Effect" Simplification="muerte de tejido">necrosis</effect>
  cutánea sobrevenida en el punto de la inyección. Estos fenómenos son precedidos habitualmente por la aparición de púrpura o de placas eritematosas infiltradas y dolorosas, con o sin signos generales. En este caso, es necesario suspender inmediatamente el tratamiento. Entre los efectos secundarios asociados a tratamiento con heparina no fraccionada, la
  <effect gate:gateId="2841" rule="Effect" Simplification="caída">caída</effect>
  de cabello y la
  <effect gate:gateId="2842" rule="Effect" Simplification="dolor de cabeza">cefalea</effect>
  se han comunicado excepcionalmente con enoxaparina. Igualmente, el riesgo de
  <effect gate:gateId="2843" rule="Effect" Simplification="problemas en los huesos">osteoporosis</effect>
  no se puede excluir, en caso de tratamiento prolongado. · Trastornos del sistema inmunológico También se han notificado raramente (0,01-0,1%) casos aislados de
  <effect gate:gateId="2844" rule="Effect" Simplification="problemas de coagulación">trombocitopenia</effect>
  inmunoalérgica. En algunos casos la
  <effect gate:gateId="2845" rule="Effect" Simplification="coagulo">trombosis</effect>
  se complicó con
  <effect gate:gateId="2846" rule="Effect" Simplification="infarto">infarto</effect>
  del órgano o
  <effect gate:gateId="2847" rule="Effect" Simplification="disminución de flujo de sangre">isquemia</effect>
  de la extremidad. - .Aunque en muy raras ocasiones (&lt; 0,01%), se pueden dar casos de reacciones alérgicas cutáneas (
  <effect gate:gateId="2848" rule="Effect" Simplification="inflamación">erupción bullosa</effect>
  ) o sistémicas incluyendo reacciones anafilácticas, (
  <effect gate:gateId="2849" rule="Effect" Simplification="enrojecimiento">eritema</effect>
  ,
  <effect gate:gateId="2850" rule="Effect" Simplification="asma">asma bronquial</effect>
  ,
  <effect gate:gateId="2851" rule="Effect" Simplification="fiebre">fiebre medicamentosa</effect>
  ,
  <effect gate:gateId="2852" rule="Effect" Simplification="colapso">colapso</effect>
  ,
  <effect gate:gateId="2853" rule="Effect" Simplification="espasmos">espasmos</effect>
  vasculares,) En algunos casos, puede ser necesaria la suspensión del tratamiento. - Se han notificado casos muy raros (&lt; 0,01%) de
  <effect gate:gateId="2854" rule="Effect" Simplification="inflamación de los vasos sanguíneos">vasculitis cutánea</effect>
  por
  <effect gate:gateId="2855" rule="Effect" Simplification="alergia">hipersensibilidad</effect>
  . · Exploraciones complementarias - Se han comunicado frecuentemente (1-10 %) aumentos asintomáticos y reversibles en los niveles de enzimas hepáticas. - Se han comunicado raras veces (0,01-00,1%) aumentos asintomáticos y reversibles en el recuento de plaquetas .
</paragraph>
