<?xml version="1.0" encoding="UTF-8"?>
<paragraph xmlns:gate="http://www.gate.ac.uk" gate:gateId="0" gate:annotMaxId="3616">
  Si se produce
  <effect gate:gateId="3388" rule="Effect" Simplification="presión arterial baja">hipotensión</effect>
  se debe poner al paciente en
  <effect gate:gateId="3389" rule="Effect" Simplification="escaras">decúbito</effect>
  y, si es necesario, se le debe administrar solución salina isotónica por vía intravenosa. Una respuesta hipotensiva pasajera no constituye una contraindicación para dosis posteriores, que generalmente puede administrarse sin problemas una vez que la
  <effect gate:gateId="3390" rule="Effect" Simplification="presión">presión</effect>
  arterial ha aumentado después de la expansión de volumen. En algunos pacientes con insuficiencia cardíaca y
  <effect gate:gateId="3391" rule="Effect" Simplification="presión">presión</effect>
  arterial normal o baja, Clipto® puede ocasionar un descenso adicional de la
  <effect gate:gateId="3392" rule="Effect" Simplification="presión">presión</effect>
  arterial sistémica. Este efecto es previsible y generalmente no obliga a interrumpir el tratamiento. Si aparecen síntomas de
  <effect gate:gateId="3393" rule="Effect" Simplification="presión arterial baja">hipotensión</effect>
  , puede ser necesario disminuir la dosificación y/o suspender la administración del diurético y/o de Clipto®. Estenosis de la válvula aórtica o mitral/Miocardiopatía hipertrófica Como todos los vasodilatadores, los inhibidores de la ECA deben administrarse con precaución a pacientes con
  <effect gate:gateId="3394" rule="Effect" Simplification="obstrucción">obstrucción</effect>
  del
  <effect gate:gateId="3395" rule="Effect" Simplification="flujo">flujo</effect>
  de salida del ventrículo izquierdo y evitarse en casos de choque cardiógeno y
  <effect gate:gateId="3396" rule="Effect" Simplification="obstrucción">obstrucción</effect>
  hemodinámicamente significativa. Insuficiencia renal En caso de
  <effect gate:gateId="3397" rule="Effect" Simplification="insuficiencia renal ">insuficiencia renal</effect>
  (aclaramiento de creatinina &lt; 80 ml/min) es necesario ajustar la dosis inicial de
  <drug gate:gateId="3398" rule="Drug">enalapril</drug>
  en función del aclaramiento de creatinina del paciente (véase 4.2 Posología y forma de administración) y posteriormente en función de la respuesta del paciente al tratamiento. En estos pacientes, la práctica médica habitual incluye controles regulares del
  <drug gate:gateId="3399" rule="Drug">potasio</drug>
  y la creatinina. Principalmente en pacientes con insuficiencia cardíaca grave o
  <effect gate:gateId="3400" rule="Effect" Simplification="enfermedad de los riñones">enfermedad renal</effect>
  subyacente, incluyendo
  <effect gate:gateId="3401" rule="Effect" Simplification="problemas en los riñones">estenosis de la arteria renal</effect>
  , se ha comunicado
  <effect gate:gateId="3402" rule="Effect" Simplification="insuficiencia renal ">insuficiencia renal</effect>
  en asociación con
  <drug gate:gateId="3403" rule="Drug">enalapril</drug>
  . Si se descubre rápidamente y se trata adecuadamente, la
  <effect gate:gateId="3404" rule="Effect" Simplification="insuficiencia renal ">insuficiencia renal</effect>
  cuando se asocia al tratamiento con
  <drug gate:gateId="3405" rule="Drug">enalapril</drug>
  es habitualmente reversible. Algunos pacientes hipertensos, sin indicios de
  <effect gate:gateId="3406" rule="Effect" Simplification="enfermedad de los riñones">enfermedad renal</effect>
  preexistente, han presentado aumentos de la urea sanguínea y de la creatinina cuando se
  <effect gate:gateId="3407" rule="Effect" Simplification="enfermedad del sistema inmune">les</effect>
  ha administrado
  <drug gate:gateId="3408" rule="Drug">enalapril</drug>
  al mismo tiempo que un diurético. Puede ser necesario disminuir la dosificación de
  <drug gate:gateId="3409" rule="Drug">enalapril</drug>
  y/o suspender la administración del diurético. Esta situación puede aumentar la posibilidad de
  <effect gate:gateId="3410" rule="Effect" Simplification="problemas en los riñones">estenosis de la arteria renal</effect>
  subyacente (véase 4.4 Advertencias y precauciones especiales de empleo, Hipertensión renovascular). Hipertensión renovascular Cuando los pacientes que presentan estenosis bilateral de las arterias renales o
  <effect gate:gateId="3411" rule="Effect" Simplification="problemas en los riñones">estenosis de la arteria renal</effect>
  de un único riñón funcionante reciben tratamiento con inhibidores de la ECA, aumenta el riesgo de
  <effect gate:gateId="3412" rule="Effect" Simplification="presión arterial baja">hipotensión</effect>
  e
  <effect gate:gateId="3413" rule="Effect" Simplification="insuficiencia renal ">insuficiencia renal</effect>
  . Puede darse cierta pérdida de función renal con pequeñas variaciones de la creatinina sérica. En estos pacientes, el tratamiento se iniciará bajo estricta vigilancia médica con dosis bajas, ajuste cuidadoso de la dosis y control de la función renal. Trasplante de riñón No hay experiencia relativa a la administración de Clipto® en pacientes con un trasplante reciente de riñón. Por tanto, no se recomienda el tratamiento con Clipto®. Insuficiencia hepática En casos raros, los inhibidores de la ECA se han asociado a un síndrome que comienza con
  <effect gate:gateId="3414" rule="Effect" Simplification="piel amarrilla">ictericia</effect>
  colestásica y progresa hasta
  <effect gate:gateId="3415" rule="Effect" Simplification="daño en el hígado">necrosis hepática</effect>
  fulminante y (en ocasiones)
  <effect gate:gateId="3416" rule="Effect" Simplification="muerte">muerte</effect>
  . Se desconoce el mecanismo de este síndrome. Si un paciente que recibe tratamiento con inhibidores de la ECA presenta
  <effect gate:gateId="3417" rule="Effect" Simplification="piel amarrilla">ictericia</effect>
  o elevaciones importantes de las enzimas hepáticas, se suspenderá la administración del inhibidor de la ECA y será sometido al seguimiento médico apropiado. Neutropenia/Agranulocitosis En pacientes tratados con inhibidores de la ECA se han comunicado casos de
  <effect gate:gateId="3418" rule="Effect" Simplification="problemas en la sangre">neutropenia</effect>
  /
  <effect gate:gateId="3419" rule="Effect" Simplification="poca producción de defensas en la sangre">agranulocitosis</effect>
  ,
  <effect gate:gateId="3420" rule="Effect" Simplification="problemas de coagulación">trombocitopenia</effect>
  y
  <effect gate:gateId="3421" rule="Effect" Simplification="anemia">anemia</effect>
  . En pacientes con función renal normal y sin otras complicaciones, la
  <effect gate:gateId="3422" rule="Effect" Simplification="problemas en la sangre">neutropenia</effect>
  es rara. Debe utilizarse
  <drug gate:gateId="3423" rule="Drug">enalapril</drug>
  con extrema precaución en pacientes con
  <effect gate:gateId="3424" rule="Effect" Simplification="problemas en el sistema inmunológico">enfermedad del colágeno vascular</effect>
  , sometidos a tratamiento inmunosupresor, tratamiento con
  <drug gate:gateId="3425" rule="Drug">alopurinol</drug>
  o procainamida, o que presentan una combinación de estas complicaciones, sobre todo si la función renal estaba alterada previamente. Algunos de ellos desarrollaron
  <effect gate:gateId="3426" rule="Effect" Simplification="infecciones">infecciones</effect>
  graves que en unos pocos casos no respondieron al tratamiento antibiótico intenso. Si se emplea
  <drug gate:gateId="3427" rule="Drug">enalapril</drug>
  en estos pacientes, hay que considerar la realización periódica de controles de la cifra de leucocitos para informar sobre cualquier signo de
  <effect gate:gateId="3428" rule="Effect" Simplification="infección">infección</effect>
  . Hipersensibilidad/
  <effect gate:gateId="3429" rule="Effect" Simplification="hinchazón en la piel">edema angioneurótico</effect>
  Ha aparecido
  <effect gate:gateId="3430" rule="Effect" Simplification="hinchazón en la piel">edema angioneurótico</effect>
  de la cara, extremidades, labios, lengua, glotis y/o laringe en pacientes tratados con inhibidores de la enzima de conversión de angiotensina, incluyendo Clipto®. Esto puede suceder en cualquier momento durante el tratamiento. En estos casos, se debe suspender de inmediato la administración de Clipto® y se establecerá una vigilancia adecuada hasta asegurarse de la completa resolución de los síntomas antes de dar de alta al paciente. En aquellos casos en los que el
  <effect gate:gateId="3431" rule="Effect" Simplification="hinchazón">edema</effect>
  se ha limitado a la cara y los labios, generalmente se ha resuelto sin ningún tratamiento, aunque la administración de antihistamínicos ha sido útil para aliviar los síntomas. El
  <effect gate:gateId="3432" rule="Effect" Simplification="hinchazón en la piel">edema angioneurótico</effect>
  asociado a
  <effect gate:gateId="3433" rule="Effect" Simplification="hinchazón en la laringe">edema de la laringe</effect>
  puede ser mortal. Si afecta a la lengua, la glotis o la laringe puede provocar
  <effect gate:gateId="3434" rule="Effect" Simplification="obstrucción">obstrucción</effect>
  respiratoria, por lo que se debe administrar rápidamente el tratamiento apropiado, que puede incluir una solución de adrenalina al 1:1.000 (0.3 ml a 0.5 ml) por vía subcutánea y/o medidas para asegurar una vía aérea adecuada. Se ha comunicado que los pacientes de raza negra que reciben inhibidores de la ECA tienen una mayor incidencia de
  <effect gate:gateId="3435" rule="Effect" Simplification="hinchazón debajo de la piel">angioedema</effect>
  comparados con los pacientes no negros. Los pacientes con antecedentes de
  <effect gate:gateId="3436" rule="Effect" Simplification="hinchazón en la piel">edema angioneurótico</effect>
  no relacionado con un tratamiento de inhibidores de la ECA, pueden tener un mayor riesgo de
  <effect gate:gateId="3437" rule="Effect" Simplification="hinchazón debajo de la piel">angioedema</effect>
  al ser tratados con un inhibidor de la ECA. (Véase también 4.3 Contraindicaciones). Reacciones anafilactoides durante la desensibilización a himenópteros Raramente, pacientes que han recibido inhibidores de la ECA durante la desensibilización con veneno de himenópteros han sufrido reacciones anafilactoides potencialmente mortales. Estas reacciones se evitaron suspendiendo temporalmente el tratamiento con el inhibidor de la ECA antes de cada dosis de desensibilización. Reacciones anafilactoides en el curso de aféresis con LDL En casos raros, algunos pacientes tratados con inhibidores de la ECA durante una aféresis de lipoproteínas de baja densidad (LDL) con dextrano sulfato han sufrido reacciones anafilactoides potencialmente mortales. Estas reacciones se evitaron suspendiendo temporalmente el tratamiento con el inhibidor de la ECA antes de cada aféresis. Pacientes en hemodiálisis Se han comunicado reacciones anafilactoides en pacientes dializados con membranas de alto
  <effect gate:gateId="3438" rule="Effect" Simplification="flujo">flujo</effect>
  (p. ej., AN 69®) tratados de forma concomitante con un inhibidor de la ECA. En estos casos, debe considerarse la posibilidad de usar un tipo diferente de membrana de diálisis o una clase diferente de agente antihipertensivo. Pacientes diabéticos En pacientes diabéticos tratados con antidiabéticos orales o insulina, se debe vigilar estrechamente el control glucémico durante el primer mes de tratamiento con un inhibidor de la ECA. (Véase 4.5 Interacción con otros medicamentos y otras formas de
  <effect gate:gateId="3439" rule="Effect" Simplification="interacción">interacción</effect>
  , Antidiabéticos). Tos Se ha comunicado la aparición de
  <effect gate:gateId="3440" rule="Effect" Simplification="tos">tos</effect>
  con el uso de inhibidores de la ECA. La
  <effect gate:gateId="3441" rule="Effect" Simplification="tos">tos</effect>
  es característicamente no productiva y persistente, y desaparece al suspender el tratamiento. La
  <effect gate:gateId="3442" rule="Effect" Simplification="tos">tos</effect>
  inducida por inhibidores de la ECA debe considerarse como parte del diagnóstico diferencial de la
  <effect gate:gateId="3443" rule="Effect" Simplification="___">tos.</effect>
  Cirugía/
  <effect gate:gateId="3444" rule="Effect" Simplification="anestesia">anestesia</effect>
  En los pacientes sometidos a operaciones de cirugía mayor o durante la
  <effect gate:gateId="3445" rule="Effect" Simplification="anestesia">anestesia</effect>
  con agentes que provocan
  <effect gate:gateId="3446" rule="Effect" Simplification="presión arterial baja">hipotensión</effect>
  ,
  <drug gate:gateId="3447" rule="Drug">enalapril</drug>
  bloquea la formación de angiotensina II inducida por la liberación compensadora de renina. En esos casos, si se produce
  <effect gate:gateId="3448" rule="Effect" Simplification="presión arterial baja">hipotensión</effect>
  y se considera que es debida a ese mecanismo, se puede corregir aumentando el volumen plasmático. Hiperpotasiemia Se han observado elevaciones en el
  <drug gate:gateId="3449" rule="Drug">potasio</drug>
  sérico en algunos pacientes tratados con inhibidores de la ECA, incluyendo
  <drug gate:gateId="3450" rule="Drug">enalapril</drug>
  . Los pacientes con riesgo de desarrollar hiperpotasiemia son aquellos con
  <effect gate:gateId="3451" rule="Effect" Simplification="insuficiencia renal ">insuficiencia renal</effect>
  ,
  <effect gate:gateId="3452" rule="Effect" Simplification="diabetes">diabetes mellitus</effect>
  , o aquellos utilizando concomitantemente diuréticos ahorradores de
  <drug gate:gateId="3453" rule="Drug">potasio</drug>
  , suplementos de
  <drug gate:gateId="3454" rule="Drug">potasio</drug>
  o sustitutos de la sal que contengan
  <drug gate:gateId="3455" rule="Drug">potasio</drug>
  ; o aquellos pacientes que tomen otros fármacos asociados con elevaciones del
  <drug gate:gateId="3456" rule="Drug">potasio</drug>
  sérico (p. ej. heparina). Si el uso concomitante de los fármacos mencionados anteriormente se considera necesario, se recomienda la monitorización constante del
  <drug gate:gateId="3457" rule="Drug">potasio</drug>
  sérico. Litio Normalmente no se recomienda la combinación de
  <drug gate:gateId="3458" rule="Drug">litio</drug>
  y
  <drug gate:gateId="3459" rule="Drug">enalapril</drug>
  (véase 4.5 Interacción con otros medicamentos y otras formas de
  <effect gate:gateId="3460" rule="Effect" Simplification="interacción">interacción</effect>
  ). Lactosa Clipto®contiene menos de 200 mg de lactosa por comprimido. Uso pediátrico Hay limitada experiencia sobre la seguridad y eficacia en niños hipertensos &gt; 6 años, pero no hay experiencia en otras indicaciones. Hay limitados datos disponibles sobre la farmacocinética en niños menores de 2 meses. (Véase también 4.2 Posología y forma de administración, 5.1 Propiedades farmacodinámicas y 5.2 Propiedades farmacocinéticas). No se recomienda Clipto® en niños en otra indicación distinta a la
  <effect gate:gateId="3461" rule="Effect" Simplification="presión arterial alta">hipertensión</effect>
  . No se recomienda Clipto® en recién nacidos y pacientes pediátricos con filtración glomerular &lt; 30 ml/min/1,73 m2, ya que no hay datos disponibles. (Véase 4.2 Posología y forma de administración). MINISTERIO Embarazo y lactancia No se debe utilizar
  <drug gate:gateId="3462" rule="Drug">enalapril</drug>
  durante el primer trimestre del
  <effect gate:gateId="3463" rule="Effect" Simplification="embarazo">embarazo</effect>
  . Clipto® está contraindicado en el segundo y tercer trimestres del
  <effect gate:gateId="3464" rule="Effect" Simplification="embarazo">embarazo</effect>
  (véase 4.3 Contraindicaciones). Cuando el
  <effect gate:gateId="3465" rule="Effect" Simplification="embarazo">embarazo</effect>
  sea detectado, se debe interrumpir el tratamiento con
  <drug gate:gateId="3466" rule="Drug">enalapril</drug>
  tan pronto como sea posible (véase 4.6 Embarazo y lactancia). No se recomienda el uso de
  <drug gate:gateId="3467" rule="Drug">enalapril</drug>
  durante la lactancia. Diferencias étnicas Como sucede con otros inhibidores de la enzima de conversión de angiotensina, aparentemente,
  <drug gate:gateId="3468" rule="Drug">enalapril</drug>
  es menos efectivo disminuyendo la
  <effect gate:gateId="3469" rule="Effect" Simplification="presión">presión</effect>
  arterial en pacientes de raza negra que en pacientes no negros, posiblemente debido a una mayor prevalencia de situaciones de niveles bajos de renina en los pacientes hipertensos de raza negra. 4.5 Interacción con otros medicamentos y otras formas de
  <effect gate:gateId="3470" rule="Effect" Simplification="interacción">interacción</effect>
  Diuréticos ahorradores de
  <drug gate:gateId="3471" rule="Drug">potasio</drug>
  o suplementos de
  <drug gate:gateId="3472" rule="Drug">potasio</drug>
  Los inhibidores de la ECA reducen la pérdida de
  <drug gate:gateId="3473" rule="Drug">potasio</drug>
  inducida por los diuréticos. Los diuréticos ahorradores de
  <drug gate:gateId="3474" rule="Drug">potasio</drug>
  (p. ej.,
  <drug gate:gateId="3475" rule="Drug">espironolactona</drug>
  ,
  <drug gate:gateId="3476" rule="Drug">triamtereno</drug>
  o amilorida), suplementos de
  <drug gate:gateId="3477" rule="Drug">potasio</drug>
  o sustitutos de la sal que contengan
  <drug gate:gateId="3478" rule="Drug">potasio</drug>
  pueden producir incrementos significativos del
  <drug gate:gateId="3479" rule="Drug">potasio</drug>
  sérico. Si está indicado el uso concomitante debido a una demostrada
  <effect gate:gateId="3480" rule="Effect" Simplification="bajo nivel de calcio en la sangre">hipocalcemia</effect>
  , deben utilizarse con precaución y con frecuente monitorización del
  <drug gate:gateId="3481" rule="Drug">potasio</drug>
  sérico (véase 4.4 Advertencias y precauciones especiales de empleo). Diuréticos (tiazida o diuréticos del asa) El tratamiento previo con dosis elevadas de diuréticos puede producir
  <effect gate:gateId="3482" rule="Effect" Simplification="disminución de volumen">depleción de volumen</effect>
  y riesgo de
  <effect gate:gateId="3483" rule="Effect" Simplification="presión arterial baja">hipotensión</effect>
  al iniciar el tratamiento con
  <drug gate:gateId="3484" rule="Drug">enalapril</drug>
  (véase 4.4 Advertencias y precauciones especiales de empleo). Se pueden reducir los efectos hipotensores suspendiendo la administración del diurético, aumentando el volumen o la ingesta de sal o iniciando el tratamiento con una dosis baja de
  <drug gate:gateId="3485" rule="Drug">enalapril</drug>
  . Otros fármacos antihipertensivos El uso concomitante de estos fármacos puede aumentar los efectos hipotensores de
  <drug gate:gateId="3486" rule="Drug">enalapril</drug>
  . El uso concomitante con
  <drug gate:gateId="3487" rule="Drug">nitroglicerina</drug>
  y otros nitratos, u otros vasodilatadores, puede reducir aún más la
  <effect gate:gateId="3488" rule="Effect" Simplification="presión">presión</effect>
  arterial. Litio Se han comunicado aumentos reversibles de las concentraciones séricas de
  <drug gate:gateId="3489" rule="Drug">litio</drug>
  y toxicidad durante la administración concomitante de
  <drug gate:gateId="3490" rule="Drug">litio</drug>
  con inhibidores de la ECA. El uso concomitante de diuréticos tiazídicos con inhibidores de la ECA puede producir un aumento adicional de las concentraciones de
  <drug gate:gateId="3491" rule="Drug">litio</drug>
  y potenciar el riesgo de
  <effect gate:gateId="3492" rule="Effect" Simplification="toxicidad">toxicidad por litio</effect>
  . No se recomienda el uso de
  <drug gate:gateId="3493" rule="Drug">enalapril</drug>
  con
  <drug gate:gateId="3494" rule="Drug">litio</drug>
  , pero si la combinación se considera necesaria, se deberán vigilar cuidadosamente las concentraciones séricas de
  <drug gate:gateId="3495" rule="Drug">litio</drug>
  (véase 4.4 Advertencias y precauciones especiales de empleo). Antidepresivos tricíclicos/Antipsicóticos/Anestésicos/Estupefacientes El uso concomitante de determinadas especialidades farmacéuticas anestésicas, antidepresivos tricíclicos y antipsicóticos con inhibidores de la ECA puede reducir aún más la
  <effect gate:gateId="3496" rule="Effect" Simplification="presión">presión</effect>
  arterial (véase 4.4 Advertencias y precauciones especiales de empleo). Medicamentos antiinflamatorios no esteroideos (AINEs) La administración crónica de AINEs puede reducir el efecto antihipertensivo de un inhibidor de la ECA. Los AINEs y los inhibidores de la ECA tienen un efecto adicional sobre el incremento del
  <drug gate:gateId="3497" rule="Drug">potasio</drug>
  sérico y pueden provocar un deterioro de la función renal. Estos efectos generalmente son reversibles. Raramente puede producirse
  <effect gate:gateId="3498" rule="Effect" Simplification="insuficiencia renal">insuficiencia renal aguda</effect>
  , especialmente en pacientes con función renal comprometida como ancianos o pacientes deshidratados. Simpaticomiméticos Los simpaticomiméticos pueden reducir los efectos antihipertensivos de los inhibidores de la ECA. Antidiabéticos Estudios epidemiológicos han sugerido que la administración concomitante de inhibidores de la ECA y medicamentos antidiabéticos (insulinas, hipoglucemiantes orales) pueden causar un efecto mayor del descenso de la glucosa en sangre, con riesgo de
  <effect gate:gateId="3499" rule="Effect" Simplification="poca azúcar en la sangre">hipoglucemia</effect>
  . Este fenómeno es más probable que ocurra durante las primeras semanas de tratamiento combinado y en pacientes con
  <effect gate:gateId="3500" rule="Effect" Simplification="insuficiencia renal ">insuficiencia renal</effect>
  . Alcohol El alcohol potencia el efecto hipotensor de los inhibidores de la ECA. Ácido acetilsalicílico, trombolíticos y betabloqueantes Enalapril puede administrarse sin peligro concomitantemente con ácido acetilsalicílico (a dosis cardiológicas), trombolíticos y betabloqueantes. 4.6 Embarazo y lactancia Embarazo No se debe utilizar
  <drug gate:gateId="3501" rule="Drug">enalapril</drug>
  durante el primer trimestre del
  <effect gate:gateId="3502" rule="Effect" Simplification="embarazo">embarazo</effect>
  . Cuando se planea o se confirma un
  <effect gate:gateId="3503" rule="Effect" Simplification="embarazo">embarazo</effect>
  , debe iniciarse lo antes posible el cambio a un tratamiento alternativo. No se han realizado estudios controlados con inhibidores de la ECA en humanos, pero un limitado número de casos con exposición en el primer trimestre parece que no ha manifestado malformaciones indicativas de toxicidad para el feto humano como se describe a continuación. Enalapril está contraindicado durante el segundo y tercer trimestres del
  <effect gate:gateId="3504" rule="Effect" Simplification="embarazo">embarazo</effect>
  . Se sabe que la exposición prolongada a
  <drug gate:gateId="3505" rule="Drug">enalapril</drug>
  durante el segundo y tercer trimestres del
  <effect gate:gateId="3506" rule="Effect" Simplification="embarazo">embarazo</effect>
  produce toxicidad para el feto humano (descenso de la función renal,
  <effect gate:gateId="3507" rule="Effect" Simplification="poco líquido amniótico">oligohidramnios</effect>
  , retraso en la osificación del cráneo) y toxicidad en recién nacidos (
  <effect gate:gateId="3508" rule="Effect" Simplification="insuficiencia renal ">insuficiencia renal</effect>
  ,
  <effect gate:gateId="3509" rule="Effect" Simplification="presión arterial baja">hipotensión</effect>
  , hiperpotasiemia). (Véase también 5.3 Datos preclínicos sobre seguridad). Si la exposición a
  <drug gate:gateId="3510" rule="Drug">enalapril</drug>
  ha ocurrido durante el
  <effect gate:gateId="3511" rule="Effect" Simplification="segundo trimestre del embarazo">segundo trimestre del embarazo</effect>
  , se recomienda hacer una revisión ecográfica de la función renal y del cráneo. Los niños de madres que hayan tomado Clipto® deben ser observados estrechamente en relación a
  <effect gate:gateId="3512" rule="Effect" Simplification="presión arterial baja">hipotensión</effect>
  ,
  <effect gate:gateId="3513" rule="Effect" Simplification="disminución de orina">oliguria</effect>
  e hiperpotasiemia. Enalapril, que atraviesa la placenta, ha sido extraído de la circulación neonatal mediante diálisis peritoneal con algún beneficio clínico y, teóricamente, puede ser extraído por exanguinotransfusión. MINISTERIO Lactancia Enalapril y enalaprilato son excretados con la leche humana pero no se han determinado sus efectos en el lactante. Por tanto, no se recomienda el uso de
  <drug gate:gateId="3514" rule="Drug">enalapril</drug>
  en la lactancia. 4.7 Efectos sobre la capacidad para conducir vehículos y utilizar maquinas Se debe tener en cuenta que ocasionalmente se pueden producir
  <effect gate:gateId="3515" rule="Effect" Simplification="mareo">mareos</effect>
  o
  <effect gate:gateId="3516" rule="Effect" Simplification="fatiga">cansancio</effect>
  al conducir vehículos o utilizar maquinaria. 4.8 Reacciones adversas Las reacciones adversas comunicadas para
  <drug gate:gateId="3517" rule="Drug">enalapril</drug>
  incluyen: Trastornos sanguíneos y del sistema linfático: Poco frecuentes:
  <effect gate:gateId="3518" rule="Effect" Simplification="anemia">anemia</effect>
  (incluyendo
  <effect gate:gateId="3519" rule="Effect" Simplification="anemia">anemia aplásica</effect>
  y hemolítica) Raras:
  <effect gate:gateId="3520" rule="Effect" Simplification="problemas en la sangre">neutropenia</effect>
  , descenso de la hemoglobina, descenso del hematocrito,
  <effect gate:gateId="3521" rule="Effect" Simplification="problemas de coagulación">trombocitopenia</effect>
  ,
  <effect gate:gateId="3522" rule="Effect" Simplification="poca producción de defensas en la sangre">agranulocitosis</effect>
  ,
  <effect gate:gateId="3523" rule="Effect" Simplification="insuficiencia de médula ósea">depresión de la médula ósea</effect>
  ,
  <effect gate:gateId="3524" rule="Effect" Simplification="problemas en la sangre">pancitopenia</effect>
  ,
  <effect gate:gateId="3525" rule="Effect" Simplification="trastorno en los ganglios">linfadenopatía</effect>
  , enfermedades autoinmunes. Trastornos del metabolismo y de la nutrición: Poco frecuentes:
  <effect gate:gateId="3526" rule="Effect" Simplification="poca azúcar en la sangre">hipoglucemia</effect>
  (véase 4.4 Advertencias y precauciones especiales de empleo, Pacientes diabéticos). Trastornos del sistema
  <effect gate:gateId="3527" rule="Effect" Simplification="nervioso">nervioso</effect>
  y psiquiátrico: Frecuentes:
  <effect gate:gateId="3528" rule="Effect" Simplification="dolor de cabeza">cefalea</effect>
  ,
  <effect gate:gateId="3529" rule="Effect" Simplification="depresión">depresión</effect>
  Poco frecuentes:
  <effect gate:gateId="3530" rule="Effect" Simplification="confusión">confusión</effect>
  ,
  <effect gate:gateId="3531" rule="Effect" Simplification="somnolencia">somnolencia</effect>
  ,
  <effect gate:gateId="3532" rule="Effect" Simplification="insomnio">insomnio</effect>
  ,
  <effect gate:gateId="3533" rule="Effect" Simplification=" nerviosismo ">nerviosismo</effect>
  ,
  <effect gate:gateId="3534" rule="Effect" Simplification="cosquilleo">parestesia</effect>
  ,
  <effect gate:gateId="3535" rule="Effect" Simplification="mareo y vértigo">vértigo</effect>
  Raras:
  <effect gate:gateId="3536" rule="Effect" Simplification="alteraciones del sueño">alteraciones del sueño</effect>
  , problemas de sueño. Trastornos oculares: Muy frecuentes:
  <effect gate:gateId="3537" rule="Effect" Simplification="___">visión borrosa.</effect>
  Trastornos cardíacos y vasculares: Muy frecuentes:
  <effect gate:gateId="3538" rule="Effect" Simplification="mareo">mareos</effect>
  Frecuentes:
  <effect gate:gateId="3539" rule="Effect" Simplification="presión arterial baja">hipotensión</effect>
  (incluyendo
  <effect gate:gateId="3540" rule="Effect" Simplification="incapacidad de quedarse quieto">hipotensión ortostática</effect>
  ),
  <effect gate:gateId="3541" rule="Effect" Simplification="desmayo">síncope</effect>
  ,
  <effect gate:gateId="3542" rule="Effect" Simplification="infarto">infarto de miocardio</effect>
  o
  <effect gate:gateId="3543" rule="Effect" Simplification="infarto cerebral">accidente cerebrovascular</effect>
  , posiblemente secundario a una excesiva
  <effect gate:gateId="3544" rule="Effect" Simplification="presión arterial baja">hipotensión</effect>
  en pacientes de alto riesgo (véase 4.4 Advertencias y precauciones especiales de empleo),
  <effect gate:gateId="3545" rule="Effect" Simplification="dolor torácico">dolor torácico</effect>
  , trastornos del ritmo cardíaco,
  <effect gate:gateId="3546" rule="Effect" Simplification="dolor en el pecho">angina de pecho</effect>
  ,
  <effect gate:gateId="3547" rule="Effect" Simplification="alteración del ritmo cardíaco">taquicardia</effect>
  Poco frecuentes:
  <effect gate:gateId="3548" rule="Effect" Simplification="incapacidad de quedarse quieto">hipotensión ortostática</effect>
  ,
  <effect gate:gateId="3549" rule="Effect" Simplification="palpitaciones">palpitaciones</effect>
  Raras: fenómeno de Raynaud. Trastornos respiratorios, torácicos y mediastínicos: Muy frecuentes:
  <effect gate:gateId="3550" rule="Effect" Simplification="tos">tos</effect>
  Frecuentes:
  <effect gate:gateId="3551" rule="Effect" Simplification="jadeo">disnea</effect>
  Poco frecuentes:
  <effect gate:gateId="3552" rule="Effect" Simplification="exceso de mucosa nasal">rinorrea</effect>
  ,
  <effect gate:gateId="3553" rule="Effect" Simplification="picor">picor</effect>
  de garganta y
  <effect gate:gateId="3554" rule="Effect" Simplification="ronquera">ronquera</effect>
  ,
  <effect gate:gateId="3555" rule="Effect" Simplification="trastornos de los bronquios">broncoespasmo</effect>
  /
  <effect gate:gateId="3556" rule="Effect" Simplification="asma">asma</effect>
  Raras: infiltrados pulmonares,
  <effect gate:gateId="3557" rule="Effect" Simplification="inflamación en las fosas nasales">rinitis</effect>
  ,
  <effect gate:gateId="3558" rule="Effect" Simplification="alergia">alveolitis alérgica</effect>
  /
  <effect gate:gateId="3559" rule="Effect" Simplification="enfermedad pulmonar inducida por fármacos">neumonía eosinofílica</effect>
  . Trastornos gastrointestinales: Muy frecuentes: nauseas Frecuentes:
  <effect gate:gateId="3560" rule="Effect" Simplification="diarrea">diarrea</effect>
  ,
  <effect gate:gateId="3561" rule="Effect" Simplification="dolor abdominal">dolor abdominal</effect>
  ,
  <effect gate:gateId="3562" rule="Effect" Simplification="alteración del gusto">alteración del gusto</effect>
  Poco frecuentes:
  <effect gate:gateId="3563" rule="Effect" Simplification="obstrucción intestinal">íleo</effect>
  ,
  <effect gate:gateId="3564" rule="Effect" Simplification="pancreatitis">pancreatitis</effect>
  ,
  <effect gate:gateId="3565" rule="Effect" Simplification="vómitos">vómitos</effect>
  ,
  <effect gate:gateId="3566" rule="Effect" Simplification="enfermedades del estómago ">dispepsia</effect>
  ,
  <effect gate:gateId="3567" rule="Effect" Simplification="estreñimiento">estreñimiento</effect>
  ,
  <effect gate:gateId="3568" rule="Effect" Simplification="trastornos de la alimentación ">anorexia</effect>
  ,
  <effect gate:gateId="3569" rule="Effect" Simplification="irritación gástrica">irritación gástrica</effect>
  ,
  <effect gate:gateId="3570" rule="Effect" Simplification="boca seca">boca seca</effect>
  ,
  <effect gate:gateId="3571" rule="Effect" Simplification="úlcera">úlcera péptica</effect>
  Raras:
  <effect gate:gateId="3572" rule="Effect" Simplification="inflamación en la boca">estomatitis</effect>
  /aftas,
  <effect gate:gateId="3573" rule="Effect" Simplification="inflamación de la lengua">glositis</effect>
  . Trastornos hepatobiliares: Raras:
  <effect gate:gateId="3574" rule="Effect" Simplification="insuficiencia hepática">insuficiencia hepática</effect>
  ,
  <effect gate:gateId="3575" rule="Effect" Simplification="hepatitis">hepatitis</effect>
  ­ hepatocelular o colestática,
  <effect gate:gateId="3576" rule="Effect" Simplification="hepatitis">hepatitis</effect>
  incluyendo
  <effect gate:gateId="3577" rule="Effect" Simplification="muerte de tejido">necrosis</effect>
  ,
  <effect gate:gateId="3578" rule="Effect" Simplification="anomalía en el flujo de la bilis">colestasis</effect>
  (incluyendo
  <effect gate:gateId="3579" rule="Effect" Simplification="piel amarrilla">ictericia</effect>
  ). Trastornos de la piel y del tejido subcutáneo: Frecuentes:
  <effect gate:gateId="3580" rule="Effect" Simplification="inflamación">erupción cutánea</effect>
  ,
  <effect gate:gateId="3581" rule="Effect" Simplification="alergia">hipersensibilidad</effect>
  /
  <effect gate:gateId="3582" rule="Effect" Simplification="hinchazón en la piel">edema angioneurótico</effect>
  : se ha comunicado
  <effect gate:gateId="3583" rule="Effect" Simplification="hinchazón en la piel">edema angioneurótico</effect>
  de la cara, extremidades, labios, lengua, glotis y/o laringe (véase 4.4 Advertencias y precauciones especiales de empleo) Poco frecuentes:
  <effect gate:gateId="3584" rule="Effect" Simplification="sudoración">diaforesis</effect>
  ,
  <effect gate:gateId="3585" rule="Effect" Simplification="picazón">prurito</effect>
  ,
  <effect gate:gateId="3586" rule="Effect" Simplification="urticaria">urticaria</effect>
  ,
  <effect gate:gateId="3587" rule="Effect" Simplification="pérdida de cabello ">alopecia</effect>
  Raras:
  <effect gate:gateId="3588" rule="Effect" Simplification="múltiples manchas rojas">eritema multiforme</effect>
  , síndrome de Stevens-Johnson,
  <effect gate:gateId="3589" rule="Effect" Simplification="inflamación en la piel">dermatitis exfoliativa</effect>
  ,
  <effect gate:gateId="3590" rule="Effect" Simplification="enfermedad de la piel">necrólisis epidérmica</effect>
  tóxica,
  <effect gate:gateId="3591" rule="Effect" Simplification="enfermedad de la piel">pénfigo</effect>
  ,
  <effect gate:gateId="3592" rule="Effect" Simplification="descamación de la piel">eritroderma</effect>
  . Se ha observado un complejo sintomático que puede incluir alguna de las siguientes reacciones:
  <effect gate:gateId="3593" rule="Effect" Simplification="fiebre">fiebre</effect>
  ,
  <effect gate:gateId="3594" rule="Effect" Simplification="inflamación pulmonar">serositis</effect>
  , vasculitis,
  <effect gate:gateId="3595" rule="Effect" Simplification="dolor muscular">mialgia</effect>
  /
  <effect gate:gateId="3596" rule="Effect" Simplification="inflamación de músculos">miositis</effect>
  ,
  <effect gate:gateId="3597" rule="Effect" Simplification="dolor articular">artralgia</effect>
  /
  <effect gate:gateId="3598" rule="Effect" Simplification="artritis">artritis</effect>
  , prueba de anticuerpos antinucleares positiva, aumento de la velocidad de sedimentación globular,
  <effect gate:gateId="3599" rule="Effect" Simplification="problemas en la sangre">eosinofilia</effect>
  y
  <effect gate:gateId="3600" rule="Effect" Simplification="problema en la sangre">leucocitosis</effect>
  . También puede producirse
  <effect gate:gateId="3601" rule="Effect" Simplification="inflamación">erupción</effect>
  ,
  <effect gate:gateId="3602" rule="Effect" Simplification="intolerancia a la luz">fotosensibilidad</effect>
  u otras manifestaciones cutáneas. Trastornos renales y urinarios: Poco frecuentes:
  <effect gate:gateId="3603" rule="Effect" Simplification="alteración renal">disfunción renal</effect>
  ,
  <effect gate:gateId="3604" rule="Effect" Simplification="insuficiencia renal ">insuficiencia renal</effect>
  ,
  <effect gate:gateId="3605" rule="Effect" Simplification="exceso de proteína en la orina">proteinuria</effect>
  Raras:
  <effect gate:gateId="3606" rule="Effect" Simplification="disminución de orina">oliguria</effect>
  . Trastornos del sistema reproductor y de las mamas: Poco frecuentes:
  <effect gate:gateId="3607" rule="Effect" Simplification="impotencia">impotencia</effect>
  Raras:
  <effect gate:gateId="3608" rule="Effect" Simplification="enfermedades del seno">ginecomastia</effect>
  . Trastornos generales y en el lugar de administración: Muy frecuentes:
  <effect gate:gateId="3609" rule="Effect" Simplification="fatiga">astenia</effect>
  Frecuentes:
  <effect gate:gateId="3610" rule="Effect" Simplification="fatiga ">fatiga</effect>
  Poco frecuentes:
  <effect gate:gateId="3611" rule="Effect" Simplification="calambres musculares">calambres musculares</effect>
  ,
  <effect gate:gateId="3612" rule="Effect" Simplification="rubor">rubor</effect>
  , tinnitus,
  <effect gate:gateId="3613" rule="Effect" Simplification="malestar general">malestar general</effect>
  ,
  <effect gate:gateId="3614" rule="Effect" Simplification="___">fiebre.</effect>
  Pruebas complementarias: Frecuentes: hiperpotasiemia, aumentos en la creatinina sérica Poco frecuentes: aumentos en la urea sanguínea,
  <effect gate:gateId="3615" rule="Effect" Simplification="problemas en la sangre">hiponatremia</effect>
  Raras: aumentos de las enzimas hepáticas, aumentos de la bilirrubina sérica.
</paragraph>
