<?xml version="1.0" encoding="UTF-8"?>
<paragraph xmlns:gate="http://www.gate.ac.uk" gate:gateId="0" gate:annotMaxId="906">
  Otras reacciones adversas sistémicas potenciales son iguales que las que se observan comúnmente en tratamientos con estrógenos y progestágenos. Sistema Reacciones adversas Reacciones Reacciones orgánico frecuentes adversas adversas raras General Cefalea Retención de Gastrointestinal Náuseas Hinchazón, Colelitiasis, Cardiovascular Hipertensión Reproductivo Sangrado adelantado o Dismenorrea, Incremento en Psiquiátrico Incremento/disminución Depresión. Cáncer de mama MINISTERIO De acuerdo con los datos procedentes de un número elevado de estudios epidemiológicos y un ensayo clínico randomizado controlado frente a placebo, el Women's Health Initiative (WHI), el riesgo global de
  <effect gate:gateId="883" rule="Effect" Simplification="cáncer de mama">cáncer de mama</effect>
  aumenta con la duración del tratamiento en usuarias actuales o recientes de THS. Para los productos que solo contienen estrógenos, la estimación del riesgo relativo (RR) procedente del reanálisis de los datos de 51 estudios epidemiológicos (en los cuales más del 80% del uso de la THS fue con productos que contienen únicamente estrógenos) fue de 1.35 (IC 95%: 1.21-1.49), estimación similar a la obtenida en el estudio epidemiológico Million Women Study (MWS): 1.30 (IC 95%: 1.21-1.40). Para productos que contienen estrógenos y progestágenos en combinación, la información procedente de diversos estudios epidemiológicos indica un riesgo global mayor de
  <effect gate:gateId="884" rule="Effect" Simplification="cáncer de mama">cáncer de mama</effect>
  que el observado para productos solo con estrógenos. Los datos procedentes del MWS indican que, comparado con las mujeres que nunca han utilizado la THS, el uso de la combinación
  <drug gate:gateId="885" rule="Drug">estrógeno</drug>
  +progestágeno se asocia un riesgo mayor de
  <effect gate:gateId="886" rule="Effect" Simplification="cáncer de mama">cáncer de mama</effect>
  (RR=2,00 IC 95%: 1.88-2.12) que el uso de estrógenos en monoterapia (RR=1.30, IC 95%: 1.21-1.40) o de tibolona (RR=1.45 IC 95%:1.25-1.68). Los datos procedentes del ensayo WHI proporcionan un riesgo de
  <effect gate:gateId="887" rule="Effect" Simplification="cáncer de mama">cáncer de mama</effect>
  de 1.24 (IC 95%: 1.01-1.54) después de 5.6 años de uso de THS combinada de estrógenos y progestágenos (estrógenos equinos conjugados y acetato de
  <drug gate:gateId="888" rule="Drug">medroxiprogesterona</drug>
  ) en comparación con el grupo de mujeres que recibió placebo. El riesgo absoluto calculado a partir de los datos del MWS y del estudio WHI se presentan a continuación: El MWS ha estimado a partir de la incidencia media conocida de
  <effect gate:gateId="889" rule="Effect" Simplification="cáncer de mama">cáncer de mama</effect>
  en países desarrollados lo siguiente: · Usuarias de productos de THS con estrógenos solos: - Entre 0 y 3 (mejor estimación 1.5) tras 5 años de uso - Entre 3 y 7 (mejor estimación 5) tras 10 años de uso · Usuarias de productos de THS con estrógenos y progestágenos en - Entre 5 y 7 (mejor estimación 6) tras 5 años de uso - Entre 18 y 20 (mejor estimación 19) tras 10 años de uso En el ensayo WHI se ha estimado que, después de 5.6 años de seguimiento de mujeres de edad comprendida entre 50 y 79 años expuestas a la THS combinada de estrógenos y progestágenos (estrógenos equinos conjugados + acetato de
  <drug gate:gateId="890" rule="Drug">medroxiprogesterona</drug>
  ), 8 casos adicionales de
  <effect gate:gateId="891" rule="Effect" Simplification="cáncer de mama">cáncer de mama</effect>
  invasivo por 10.000 mujeres-año se deberían al tratamiento). Con los datos del ensayo se ha estimado lo siguiente: El número de casos adicionales de
  <effect gate:gateId="892" rule="Effect" Simplification="cáncer de mama">cáncer de mama</effect>
  en mujeres que usan THS es similar para todas las mujeres que inician el tratamiento con THS, independientemente de la edad de comienzo del mismo (entre edades de 45-65 años) (ver sección 4.4) Cáncer de endometrio En mujeres con útero intacto, el riesgo de
  <effect gate:gateId="893" rule="Effect" Simplification="aumento de tamaño de un órgano">hiperplasia</effect>
  de endometrio y cancer de endometrio aumenta con la duración del tratamiento con estrógenos solos. De acuerdo con los resultados de estudios epidemiológicos, la mejor estimación del riesgo para mujeres no usuarias de THS es que aproximadamente 5 de cada 1000 mujeres de edades comprendidas entre los 50 y 65 años serán diagnosticadas de
  <effect gate:gateId="894" rule="Effect" Simplification="cáncer de útero">cáncer de endometrio</effect>
  . Dependiendo de la duración de tratamiento y la dosis de estrógenos, el incremento del riesgo de
  <effect gate:gateId="895" rule="Effect" Simplification="cáncer de útero">cáncer de endometrio</effect>
  en usuarias de estrógenos en monoterapia es de 2 a 12 veces mayor, comparado con las no usuarias. Cuando se añade un progestágeno a la THS con estrógenos solos se reduce de manera muy importante este incremento del riesgo Se han comunicado otras reacciones adversas asociadas al tratamiento de estrógenos/progestágenos: - Neoplasias
  <drug gate:gateId="896" rule="Drug">estrógeno</drug>
  -dependientes benignas o malignas, p.ej.
  <effect gate:gateId="897" rule="Effect" Simplification="cáncer de útero">cáncer de endometrio</effect>
  . - Tromboembolismo venoso p.ej.
  <effect gate:gateId="898" rule="Effect" Simplification="coagulo en una vena">trombosis venosa profunda</effect>
  en piernas o pelvis y embolismo pulmonar, son más frecuentes en mujeres en tratamiento con terapia hormonal sustitutiva que en mujeres sin este tratamiento. Para más información ver las secciones 4.3 Contraindicaciones y 4.4 Advertencias especiales y precauciones especiales de empleo. - Infarto de miocardio y
  <effect gate:gateId="899" rule="Effect" Simplification="accidente">accidente</effect>
  vascular cerebral - Enfermedades de la
  <effect gate:gateId="900" rule="Effect" Simplification="vesícula">vesícula</effect>
  biliar - Alteraciones de la piel y tejido subcutáneo:
  <effect gate:gateId="901" rule="Effect" Simplification="manchas cafés durante el embarazo">cloasma</effect>
  ,
  <effect gate:gateId="902" rule="Effect" Simplification="múltiples manchas rojas">eritema multiforme</effect>
  ,
  <effect gate:gateId="903" rule="Effect" Simplification="enrojecimiento">eritema</effect>
  nodoso,
  <effect gate:gateId="904" rule="Effect" Simplification="pigmentación purpura">púrpura vascular</effect>
  . - Probable
  <effect gate:gateId="905" rule="Effect" Simplification="demencia">demencia</effect>
  (ver apartado 4.4).
</paragraph>
