<?xml version="1.0" encoding="UTF-8"?>
<paragraph xmlns:gate="http://www.gate.ac.uk" gate:gateId="0" gate:annotMaxId="111">
  Disnea,
  <effect gate:gateId="96" rule="Effect" Simplification="presión arterial baja">hipotensión</effect>
  ,
  <effect gate:gateId="97" rule="Effect" Simplification="cosquilleo">parestesia</effect>
  ,
  <effect gate:gateId="98" rule="Effect" Simplification="inflamación">erupción cutánea</effect>
  y
  <effect gate:gateId="99" rule="Effect" Simplification="picazón">prurito</effect>
  (reacciones alérgicas cutáneas),
  <effect gate:gateId="100" rule="Effect" Simplification="enfermedades del estómago ">dispepsia</effect>
  ,
  <effect gate:gateId="101" rule="Effect" Simplification="diarrea">diarrea</effect>
  , test anormal de la función hepática,
  <effect gate:gateId="102" rule="Effect" Simplification="dolor torácico">dolor torácico</effect>
  ,
  <effect gate:gateId="103" rule="Effect" Simplification="dolor en el pecho">angina de pecho</effect>
  . - En menos de un 0,1%: Reacciones sistémicas de
  <effect gate:gateId="104" rule="Effect" Simplification="alergia">hipersensibilidad</effect>
  , incremento en la
  <effect gate:gateId="105" rule="Effect" Simplification="frecuencia urinaria">frecuencia urinaria</effect>
  ,
  <effect gate:gateId="106" rule="Effect" Simplification="aumento del tamaño de las encías">hiperplasia gingival</effect>
  y
  <effect gate:gateId="107" rule="Effect" Simplification="enfermedades del seno">ginecomastia</effect>
  (reversible al interrumpir el tratamiento). - Raramente, comunicaciones espontáneas de
  <effect gate:gateId="108" rule="Effect" Simplification="dermatitis">dermatitis</effect>
  por
  <effect gate:gateId="109" rule="Effect" Simplification="intolerancia a la luz">fotosensibilidad</effect>
  en pacientes tratados con
  <drug gate:gateId="110" rule="Drug">nisoldipino</drug>
  .
</paragraph>
