<?xml version="1.0" encoding="UTF-8"?>
<paragraph xmlns:gate="http://www.gate.ac.uk" gate:gateId="0" gate:annotMaxId="622">
  Ácido acetilsalicílico: Los efectos adversos del ácido acetilsalicílico son, en general, infrecuentes aunque importantes en algunos casos. En la mayor parte de los casos, los efectos adversos son una prolongación de la acción farmacológica y afectan principalmente al aparato digestivo. El 5- 7% de los pacientes experimenta algún tipo de efecto adverso. Las reacciones adversas más características son: Trastornos gastrointestinales: Frecuentes (1-9%): Trastornos respiratorios: Frecuentes (1-9%): Trastornos de la piel y tejido Frecuentes (1-9%): subcutáneo: -
  <effect gate:gateId="570" rule="Effect" Simplification="urticaria">urticaria</effect>
  ,
  <effect gate:gateId="571" rule="Effect" Simplification="inflamación">erupciones cutáneas</effect>
  ,
  <effect gate:gateId="572" rule="Effect" Simplification="hinchazón debajo de la piel">angioedema</effect>
  . Trastornos de la sangre y sistema Frecuentes (1-9%): linfático: -
  <effect gate:gateId="573" rule="Effect" Simplification="problema de coagulación de sangre">hipoprotrombinemia</effect>
  (con dosis altas). Trastornos generales: Poco frecuentes (&lt;1%): Trastornos hepatobiliares: Poco frecuentes (&lt;1%): Con dosis superiores a las de este preparado en tratamientos prolongados pueden aparecer: Trastornos generales: -
  <effect gate:gateId="574" rule="Effect" Simplification="dolor de cabeza">cefalea</effect>
  Trastornos del sistema
  <effect gate:gateId="575" rule="Effect" Simplification="nervioso">nervioso</effect>
  : -
  <effect gate:gateId="576" rule="Effect" Simplification="mareo">mareos</effect>
  Trastornos psiquiátricos: -
  <effect gate:gateId="577" rule="Effect" Simplification="confusión">confusión</effect>
  Trastornos del oído y del - tinnitus,
  <effect gate:gateId="578" rule="Effect" Simplification="sordera">sordera</effect>
  laberinto: Trastornos de la piel y tejido subcutáneo: Trastornos renales y urinarios: -
  <effect gate:gateId="579" rule="Effect" Simplification="insuficiencia renal ">insuficiencia renal</effect>
  y
  <effect gate:gateId="580" rule="Effect" Simplification="problemas en los riñones">nefritis intersticial aguda</effect>
  El tratamiento debe ser suspendido inmediatamente en el caso de que el paciente experimente algún tipo de
  <effect gate:gateId="581" rule="Effect" Simplification="sordera">sordera</effect>
  , tinnitus o
  <effect gate:gateId="582" rule="Effect" Simplification="___">mareos.</effect>
  En pacientes con historia de
  <effect gate:gateId="583" rule="Effect" Simplification="alergia">hipersensibilidad</effect>
  al ácido acetilsalicílico y a otros antiinflamatorios no esteroideos pueden producirse reacciones anafilácticas o anafilactoides. Esto también podría suceder en pacientes que no han mostrado previamente
  <effect gate:gateId="584" rule="Effect" Simplification="alergia">hipersensibilidad</effect>
  a estos fármacos. Fenilefrina: Ocasionalmente:
  <effect gate:gateId="585" rule="Effect" Simplification="mareo">mareos</effect>
  ,
  <effect gate:gateId="586" rule="Effect" Simplification="sequedad de nariz">sequedad de nariz</effect>
  o de boca,
  <effect gate:gateId="587" rule="Effect" Simplification="dolor de cabeza leve">dolor de cabeza leve</effect>
  ,
  <effect gate:gateId="588" rule="Effect" Simplification="insomnio">insomnio</effect>
  ,
  <effect gate:gateId="589" rule="Effect" Simplification="náuseas">náuseas</effect>
  leves,
  <effect gate:gateId="590" rule="Effect" Simplification=" nerviosismo ">nerviosismo</effect>
  leve,
  <effect gate:gateId="591" rule="Effect" Simplification="ansiedad">ansiedad</effect>
  leve. Raramente, puede producirse
  <effect gate:gateId="592" rule="Effect" Simplification="dolor de cabeza intenso">dolor de cabeza intenso</effect>
  ,
  <effect gate:gateId="593" rule="Effect" Simplification="aumento de la presión arterial">aumento de la presión arterial</effect>
  que a veces puede ser grave (
  <effect gate:gateId="594" rule="Effect" Simplification="crisis">crisis</effect>
  hipertensivas),
  <effect gate:gateId="595" rule="Effect" Simplification="micción dolorosa">micción dolorosa</effect>
  o dificultosa,
  <effect gate:gateId="596" rule="Effect" Simplification="opresión en el pecho">opresión en el pecho</effect>
  ,
  <effect gate:gateId="597" rule="Effect" Simplification="palpitaciones">palpitaciones</effect>
  ,
  <effect gate:gateId="598" rule="Effect" Simplification="alteración del ritmo cardíaco">taquicardia</effect>
  y
  <effect gate:gateId="599" rule="Effect" Simplification="comportamiento anormal">comportamiento extraño</effect>
  . Clorfenamina: La clorfenamina produce
  <effect gate:gateId="600" rule="Effect" Simplification="sedación">sedación</effect>
  . También se observan efectos anticolinérgicos (estimulación cardíaca,
  <effect gate:gateId="601" rule="Effect" Simplification="sequedad">sequedad</effect>
  bucal,
  <effect gate:gateId="602" rule="Effect" Simplification="visión borrosa">visión borrosa</effect>
  , disminución de la motilidad gastrointestinal y
  <effect gate:gateId="603" rule="Effect" Simplification="retención urinaria">retención urinaria</effect>
  ). En pacientes con edad avanzada es más probable que se produzca
  <effect gate:gateId="604" rule="Effect" Simplification="confusión">confusión</effect>
  , dificultad o
  <effect gate:gateId="605" rule="Effect" Simplification="dolor">dolor</effect>
  durante la micción,
  <effect gate:gateId="606" rule="Effect" Simplification="somnolencia">somnolencia</effect>
  ,
  <effect gate:gateId="607" rule="Effect" Simplification="mareo">mareos</effect>
  y
  <effect gate:gateId="608" rule="Effect" Simplification="sequedad de boca">sequedad de boca</effect>
  , nariz o garganta. En niños y en pacientes de edad avanzada es más probable que se produzcan
  <effect gate:gateId="609" rule="Effect" Simplification="pesadillas">pesadillas</effect>
  ,
  <effect gate:gateId="610" rule="Effect" Simplification="excitación">excitación</effect>
  no habitual,
  <effect gate:gateId="611" rule="Effect" Simplification=" nerviosismo ">nerviosismo</effect>
  ,
  <effect gate:gateId="612" rule="Effect" Simplification="inquietud">inquietud</effect>
  o
  <effect gate:gateId="613" rule="Effect" Simplification="irritabilidad">irritabilidad</effect>
  . En caso de observarse la aparición de reacciones adversas, debe suspenderse el tratamiento y notificarlas a los sistemas de farmacovigilancia. Ácido ascórbico: El
  <drug gate:gateId="614" rule="Drug">ácido ascórbico</drug>
  puede producir ocasionalmente a dosis altas mayores de 600 mg/día:
  <effect gate:gateId="615" rule="Effect" Simplification="diarrea">diarrea</effect>
  ,
  <effect gate:gateId="616" rule="Effect" Simplification="enrojecimiento de la piel">enrojecimiento de la piel</effect>
  ,
  <effect gate:gateId="617" rule="Effect" Simplification="dolor de cabeza">dolor de cabeza</effect>
  ,
  <effect gate:gateId="618" rule="Effect" Simplification="náuseas">náuseas</effect>
  ,
  <effect gate:gateId="619" rule="Effect" Simplification="vómitos">vómitos</effect>
  y
  <effect gate:gateId="620" rule="Effect" Simplification="calambres">calambres</effect>
  en el estómago. Existe riesgo de formación de cálculos en las vías urinarias o ataques agudos de
  <effect gate:gateId="621" rule="Effect" Simplification="gota">gota</effect>
  en individuos predispuestos
</paragraph>
