<?xml version="1.0" encoding="UTF-8"?>
<paragraph xmlns:gate="http://www.gate.ac.uk" gate:gateId="0" gate:annotMaxId="4700">
  - Dosis iniciales elevadas de
  <drug gate:gateId="4462" rule="Drug">lamotrigina</drug>
  que exceden la escalada de dosis recomendada (ver 4.2 Posología y forma de administración). - Uso concomitante de valproato, (ver 4.2 Posología y forma de administración). Se debe tener precaución cuando se trate a pacientes con antecedentes de
  <effect gate:gateId="4463" rule="Effect" Simplification="alergia">alergia</effect>
  o
  <effect gate:gateId="4464" rule="Effect" Simplification="inflamación">erupciones cutáneas</effect>
  a otros medicamentos antiepilépticos, ya que la frecuencia de la aparición de
  <effect gate:gateId="4465" rule="Effect" Simplification="inflamación">erupciones cutáneas</effect>
  no graves tras el tratamiento con
  <drug gate:gateId="4466" rule="Drug">lamotrigina</drug>
  , fue aproximadamente 3 veces superior en estos pacientes, en comparación a los que no tenían dichos antecedentes. Todos los pacientes (adultos y niños) que desarrollen una
  <effect gate:gateId="4467" rule="Effect" Simplification="inflamación">erupción</effect>
  deben ser evaluados rápidamente. Se debe retirar el tratamiento con
  <drug gate:gateId="4468" rule="Drug">lamotrigina</drug>
  inmediatamente dado que es imposible predecir la evolución ulterior de estas
  <effect gate:gateId="4469" rule="Effect" Simplification="inflamación">erupciones cutáneas</effect>
  , a menos que, de una forma clara, la
  <effect gate:gateId="4470" rule="Effect" Simplification="inflamación">erupción</effect>
  no esté relacionada con el fármaco. Se recomienda que no se reinicie el tratamiento con
  <drug gate:gateId="4471" rule="Drug">lamotrigina</drug>
  en pacientes que lo han dejado debido a la aparición de
  <effect gate:gateId="4472" rule="Effect" Simplification="inflamación">erupción cutánea</effect>
  tras haber recibido tratamiento previamente con
  <drug gate:gateId="4473" rule="Drug">lamotrigina</drug>
  , a menos que el beneficio supere claramente al riesgo. La
  <effect gate:gateId="4474" rule="Effect" Simplification="inflamación">erupción</effect>
  también se ha comunicado como parte de un
  <effect gate:gateId="4475" rule="Effect" Simplification="sensibilidad">síndrome de hipersensibilidad</effect>
  asociado con un patrón variable de síntomas sistémicos que incluyen
  <effect gate:gateId="4476" rule="Effect" Simplification="fiebre">fiebre</effect>
  ,
  <effect gate:gateId="4477" rule="Effect" Simplification="trastorno en los ganglios">linfadenopatía</effect>
  ,
  <effect gate:gateId="4478" rule="Effect" Simplification="hinchazón">edema</effect>
  facial y anomalías en sangre e hígado (ver 4.8 Reacciones Adversas). El síndrome muestra un amplio espectro de gravedad clínica y puede, raramente, dar lugar a
  <effect gate:gateId="4479" rule="Effect" Simplification="coagulación acelerada de la sangre">coagulación intravascular diseminada</effect>
  y a
  <effect gate:gateId="4480" rule="Effect" Simplification="fallo multiorgánico">fallo multiorgánico</effect>
  . Es importante resaltar que incluso cuando la
  <effect gate:gateId="4481" rule="Effect" Simplification="inflamación">erupción</effect>
  no es evidente, pueden aparecer manifestaciones tempranas de
  <effect gate:gateId="4482" rule="Effect" Simplification="alergia">hipersensibilidad</effect>
  (
  <effect gate:gateId="4483" rule="Effect" Simplification="fiebre">fiebre</effect>
  ,
  <effect gate:gateId="4484" rule="Effect" Simplification="trastorno en los ganglios">linfadenopatía</effect>
  ). Si aparecen tales signos y síntomas, el paciente debe ser evaluado inmediatamente y se debe suspender la
  <drug gate:gateId="4485" rule="Drug">lamotrigina</drug>
  si no se puede establecer una etiología alternativa. Antes de iniciar un tratamiento con
  <drug gate:gateId="4486" rule="Drug">lamotrigina</drug>
  el paciente debe ser informado de que la aparición de
  <effect gate:gateId="4487" rule="Effect" Simplification="inflamación">erupción cutánea</effect>
  o de otros síntomas sugestivos de
  <effect gate:gateId="4488" rule="Effect" Simplification="alergia">alergia</effect>
  como
  <effect gate:gateId="4489" rule="Effect" Simplification="fiebre">fiebre</effect>
  o adenopatías linfáticas pueden ser el preludio de una complicación grave del tratamiento y por tanto el paciente debe comunicar de inmediato estas incidencias al médico Anticonceptivos hormonales Efectos de los anticonceptivos hormonales sobre la eficacia de
  <drug gate:gateId="4490" rule="Drug">lamotrigina</drug>
  : Se ha demostrado un aumento del aclaramiento de
  <drug gate:gateId="4491" rule="Drug">lamotrigina</drug>
  de aproximadamente el doble con la administración de una combinación de etinilestradiol/
  <drug gate:gateId="4492" rule="Drug">levonorgestrel</drug>
  (30 mcg/150 mcg) dando como resultado una disminución en los niveles de
  <drug gate:gateId="4493" rule="Drug">lamotrigina</drug>
  (ver 4.5 Interacción con otros medicamentos y otras formas de
  <effect gate:gateId="4494" rule="Effect" Simplification="interacción">interacción</effect>
  ). Tras la escalada de dosis, pueden ser necesarias dosis de mantenimiento más altas (hasta el doble) para conseguir una respuesta terapéutica óptima. En mujeres que no están tomando un inductor de la glucuronidación de
  <drug gate:gateId="4495" rule="Drug">lamotrigina</drug>
  (ej,
  <drug gate:gateId="4496" rule="Drug">carbamazepina</drug>
  ,
  <drug gate:gateId="4497" rule="Drug">fenitoína</drug>
  ,
  <drug gate:gateId="4498" rule="Drug">fenobarbital</drug>
  ,
  <drug gate:gateId="4499" rule="Drug">primidona</drug>
  o rifampicina) y están tomando un anticonceptivo hormonal que incluye una semana sin medicación (semana "libre de píldora"), durante esa semana se producirán incrementos graduales transitorios en los niveles de
  <drug gate:gateId="4500" rule="Drug">lamotrigina</drug>
  . Estos incrementos serán mayores cuando los aumentos en la dosis de
  <drug gate:gateId="4501" rule="Drug">lamotrigina</drug>
  se realicen en los días previos o durante la semana sin medicación. (ver Recomendaciones generales de dosificación). Debe ejercerse un control clínico apropiado en mujeres que inician o discontinúan tratamiento con anticonceptivos hormonales durante el tratamiento con
  <drug gate:gateId="4502" rule="Drug">lamotrigina</drug>
  ; pueden ser necesarios ajustes en la dosificación de
  <drug gate:gateId="4503" rule="Drug">lamotrigina</drug>
  . No se han realizado estudios con otros anticonceptivos orales y tratamientos hormonales sustitutivos, aunque podrían afectar de forma similar los parámetros farmacocinéticos de
  <drug gate:gateId="4504" rule="Drug">lamotrigina</drug>
  . Efectos de
  <drug gate:gateId="4505" rule="Drug">lamotrigina</drug>
  sobre la eficacia de los anticonceptivos hormonales: En un estudio con 16 voluntarias sanas, se ha visto un leve aumento en el aclaramiento de
  <drug gate:gateId="4506" rule="Drug">levonorgestrel</drug>
  y cambios en los niveles séricos de FSH y LH (ver (ver 4.5 Interacción con otros medicamentos y otras formas de
  <effect gate:gateId="4507" rule="Effect" Simplification="interacción">interacción</effect>
  ) tras la administración concomitante de
  <drug gate:gateId="4508" rule="Drug">lamotrigina</drug>
  y un anticonceptivo hormonal (etilnilestradiol/
  <drug gate:gateId="4509" rule="Drug">levonorgestrel</drug>
  ). El impacto de estos cambios en la actividad ovulatoria es desconocido. Sin embargo, no puede excluirse la posibilidad de que estos cambios produzcan una disminución en la eficacia anticonceptiva en pacientes que toman preparados hormonales y
  <drug gate:gateId="4510" rule="Drug">lamotrigina</drug>
  . Por tanto, los pacientes deben comunicar rápidamente a su médico cualquier cambio producido en el patrón de
  <effect gate:gateId="4511" rule="Effect" Simplification="sangrado">sangrado</effect>
  menstrual, por ej. aparición de
  <effect gate:gateId="4512" rule="Effect" Simplification="sangrado ">hemorragia</effect>
  . Dihidrofolato reductasa Lamotrigina es un inhibidor débil de la dihidrofolato reductasa y, por lo tanto, existe una posibilidad de interferencia con el metabolismo del folato durante el tratamiento a largo plazo. Sin embargo, en el tratamiento prolongado en humanos, la
  <drug gate:gateId="4513" rule="Drug">lamotrigina</drug>
  no indujo cambios significativos en la concentración de hemoglobina, en el volumen corpuscular medio, ni en las concentraciones de folato en suero o en glóbulos rojos durante un período de 1 año, ni en las concentraciones de folato en glóbulos rojos durante un período de 5 años. Insuficiencia renal En estudios con dosis única en sujetos en fase terminal de
  <effect gate:gateId="4514" rule="Effect" Simplification="insuficiencia renal ">insuficiencia renal</effect>
  , las concentraciones plasmáticas de
  <drug gate:gateId="4515" rule="Drug">lamotrigina</drug>
  no se alteraron significativamente. Sin embargo, se puede esperar la acumulación del metabolito glucurónido, que es inactivo; por tanto, se debe tener precaución en el tratamiento de pacientes con
  <effect gate:gateId="4516" rule="Effect" Simplification="insuficiencia renal ">insuficiencia renal</effect>
  . Pacientes que estén tomando otros medicamentos que contienen
  <drug gate:gateId="4517" rule="Drug">lamotrigina</drug>
  Crisomet no debe administrarse a pacientes que están siendo tratados con otros medicamentos que contengan
  <drug gate:gateId="4518" rule="Drug">lamotrigina</drug>
  sin consultarlo previamente con el médico. EPILEPSIA Como ocurre con otros antiepilépticos, la retirada brusca de
  <drug gate:gateId="4519" rule="Drug">lamotrigina</drug>
  puede dar lugar a la aparición de
  <effect gate:gateId="4520" rule="Effect" Simplification="ataque">convulsiones</effect>
  por un efecto rebote. La dosis de
  <drug gate:gateId="4521" rule="Drug">lamotrigina</drug>
  se deberá reducir de forma gradual durante un período de 2 semanas, a menos que por motivos de seguridad (p. ej. aparición de
  <effect gate:gateId="4522" rule="Effect" Simplification="inflamación">erupción cutánea</effect>
  ) se requiera una retirada brusca de la misma. Se han descrito casos en la literatura en los que las
  <effect gate:gateId="4523" rule="Effect" Simplification="convulsiones epilépticas">crisis convulsivas</effect>
  graves, incluyendo el status epilepticus, pueden dar lugar a
  <effect gate:gateId="4524" rule="Effect" Simplification="trastorno muscular">rabdomiolisis</effect>
  ,
  <effect gate:gateId="4525" rule="Effect" Simplification="fallo multiorgánico">fallo multiorgánico</effect>
  y
  <effect gate:gateId="4526" rule="Effect" Simplification="coagulación acelerada de la sangre">coagulación intravascular diseminada</effect>
  , a veces con resultado fatal. Casos similares han ocurrido en asociación con el uso de
  <drug gate:gateId="4527" rule="Drug">lamotrigina</drug>
  . En caso de empeoramiento en el control de las
  <effect gate:gateId="4528" rule="Effect" Simplification="crisis">crisis</effect>
  epilépticas, el paciente debe comunicarlo a su médico. TRASTORNO BIPOLAR Niños y adolescentes (menores de 18 años): El tratamiento con antidepresivos está asociado con un incremento del riesgo de ideación y comportamientos suicidas en niños y adolescentes con
  <effect gate:gateId="4529" rule="Effect" Simplification="depresión">trastorno depresivo</effect>
  mayor y otros trastornos psiquiátricos. Empeoramiento clínico y riesgo de
  <effect gate:gateId="4530" rule="Effect" Simplification="suicidio">suicidio</effect>
  asociados con trastorno bipolar Los pacientes con trastorno bipolar pueden sufrir un empeoramiento de los
  <effect gate:gateId="4531" rule="Effect" Simplification="síntomas depresivos">síntomas depresivos</effect>
  y/o aparición de ideación y comportamientos suicidas, tanto si están, o no, tomando medicación para el trastorno bipolar. Se debe realizar un estrecho seguimiento de los pacientes para observar si hay un empeoramiento clínico (incluyendo la aparición de nuevos síntomas) y comportamientos o ideación suicidas, especialmente al inicio del tratamiento o cuando se incrementa o disminuye la dosis. Los pacientes con mayor riesgo, es decir, aquellos con antecedentes de comportamiento o pensamientos suicidas, adultos jóvenes, o aquellos que muestren un grado significativo de
  <effect gate:gateId="4532" rule="Effect" Simplification="suicidio">ideación suicida</effect>
  antes del comienzo del tratamiento, tienen un mayor riesgo de
  <effect gate:gateId="4533" rule="Effect" Simplification="intento de suicidio">intento de suicidio</effect>
  o pensamientos suicidas y deben ser objeto de una mayor vigilancia durante el tratamiento. Se debe poner en sobreaviso, tanto a los pacientes como a las personas que los tienen a su cargo, acerca de la necesidad de vigilar un
  <effect gate:gateId="4534" rule="Effect" Simplification="empeoramiento de la enfermedad">empeoramiento de la enfermedad</effect>
  (incluyendo la aparición de nuevos síntomas), la aparición de ideas/comportamientos suicidas o pensamientos de autolesión y de buscar atención médica inmediata si aparecen estos síntomas. Se debe considerar un cambio en el régimen terapéutico, incluyendo la posibilidad de una interrupción de la medicación, en pacientes que sufran un empeoramiento clínico (incluido la aparición de nuevos síntomas) y /o aparición de ideación o comportamientos suicidas, especialmente si estos síntomas son graves, aparecen de forma brusca o no son los que el paciente presentaba inicialmente. 4.5. Interacción con otros medicamentos y otras formas de
  <effect gate:gateId="4535" rule="Effect" Simplification="interacción">interacción</effect>
  Interacciones de otros medicamentos con
  <drug gate:gateId="4536" rule="Drug">lamotrigina</drug>
  Se ha comprobado que las enzimas responsables del metabolismo de
  <drug gate:gateId="4537" rule="Drug">lamotrigina</drug>
  son las UDP- glucuronil transferasas. No se tiene evidencia de que
  <drug gate:gateId="4538" rule="Drug">lamotrigina</drug>
  origine inducción o inhibición clínicamente significativa de las enzimas responsables del metabolismo oxidativo hepático de fármacos, y es poco probable que se produzcan interacciones entre
  <drug gate:gateId="4539" rule="Drug">lamotrigina</drug>
  y fármacos metabolizados por enzimas del citocromo P-450. Lamotrigina puede inducir su propio metabolismo pero el efecto es escaso con pocas probabilidades de presentar consecuencias clínicas significativas. Efectos de otros fármacos sobre la glucuronidación de
  <drug gate:gateId="4540" rule="Drug">lamotrigina</drug>
  Fármacos que inhiben Fármacos que inducen Fármacos que no inhiben ni significativamente la significativamente la inducen significativamente la glucuronidación de
  <drug gate:gateId="4541" rule="Drug">lamotrigina</drug>
  glucuronidación de
  <drug gate:gateId="4542" rule="Drug">lamotrigina</drug>
  glucuronidación de
  <drug gate:gateId="4543" rule="Drug">lamotrigina</drug>
  Valproato Carbamazepina Litio * No se han estudiado otros tratamientos hormonales sustitutivos y anticonceptivos orales, aunque podrían afectar de forma similar los parámetros farmacocinéticos de
  <drug gate:gateId="4544" rule="Drug">lamotrigina</drug>
  . Valproato, que inhibe la glucuronidación de
  <drug gate:gateId="4545" rule="Drug">lamotrigina</drug>
  , reduce el metabolismo de
  <drug gate:gateId="4546" rule="Drug">lamotrigina</drug>
  y aumenta casi al doble el valor medio de la semivida de
  <drug gate:gateId="4547" rule="Drug">lamotrigina</drug>
  (ver 4.2 Posología y forma de administración). Se han comunicado casos de
  <effect gate:gateId="4548" rule="Effect" Simplification="afectación">afectación</effect>
  del sistema
  <effect gate:gateId="4549" rule="Effect" Simplification="nervioso">nervioso</effect>
  central que incluyen
  <effect gate:gateId="4550" rule="Effect" Simplification="mareo y vértigo">vértigo</effect>
  ,
  <effect gate:gateId="4551" rule="Effect" Simplification="descoordinación muscular">ataxia</effect>
  ,
  <effect gate:gateId="4552" rule="Effect" Simplification="visión doble">diplopía</effect>
  ,
  <effect gate:gateId="4553" rule="Effect" Simplification="visión borrosa">visión borrosa</effect>
  y
  <effect gate:gateId="4554" rule="Effect" Simplification="náuseas">náuseas</effect>
  en pacientes que toman
  <drug gate:gateId="4555" rule="Drug">carbamazepina</drug>
  después de la introducción de
  <drug gate:gateId="4556" rule="Drug">lamotrigina</drug>
  . Estos efectos se resuelven normalmente cuando se reduce la dosis de
  <drug gate:gateId="4557" rule="Drug">carbamazepina</drug>
  . Se ha observado un efecto similar en un estudio con voluntarios adultos sanos con
  <drug gate:gateId="4558" rule="Drug">lamotrigina</drug>
  y
  <drug gate:gateId="4559" rule="Drug">oxcarbazepina</drug>
  , pero no se estudió una reducción en la dosificación. En un estudio realizado con voluntarios adultos sanos tomando 200 mg de
  <drug gate:gateId="4560" rule="Drug">lamotrigina</drug>
  y 1200 mg de
  <drug gate:gateId="4561" rule="Drug">oxcarbazepina</drug>
  , la
  <drug gate:gateId="4562" rule="Drug">oxcarbazepina</drug>
  no alteró el metabolismo de
  <drug gate:gateId="4563" rule="Drug">lamotrigina</drug>
  y viceversa. Ciertos fármacos antiepilépticos inductores del metabolismo (tales como
  <drug gate:gateId="4564" rule="Drug">fenitoína</drug>
  ,
  <drug gate:gateId="4565" rule="Drug">carbamazepina</drug>
  ,
  <drug gate:gateId="4566" rule="Drug">fenobarbital</drug>
  y
  <drug gate:gateId="4567" rule="Drug">primidona</drug>
  ), inducen las enzimas responsables del metabolismo hepático y la glucuronidacion de
  <drug gate:gateId="4568" rule="Drug">lamotrigina</drug>
  y aumentan el metabolismo de
  <drug gate:gateId="4569" rule="Drug">lamotrigina</drug>
  , disminuyendo, en consecuencia, sus niveles plasmáticos. En un estudio realizado en voluntarios sanos adultos, la administración de 15 mg de
  <drug gate:gateId="4570" rule="Drug">olanzapina</drug>
  produjo una reducción en el área bajo la curva (AUC) y la Concentración plasmática máxima (Cmax) de
  <drug gate:gateId="4571" rule="Drug">lamotrigina</drug>
  en un porcentaje del 24% y del 20%, respectivamente. No se espera que dicho efecto sea clínicamente relevante. La administración de 200 mg de
  <drug gate:gateId="4572" rule="Drug">lamotrigina</drug>
  , no afecto la farmacocinética de
  <drug gate:gateId="4573" rule="Drug">olanzapina</drug>
  . En un estudio realizado en 10 voluntarios varones, rifampicina produjo un incremento en el aclaramiento y una disminución en la vida media de
  <drug gate:gateId="4574" rule="Drug">lamotrigina</drug>
  debido a la inducción de las enzimas hepáticas responsables de la glucuronidación. Los pacientes en tratamiento concomitante con rifampicina, deben seguir las pautas recomendadas de dosificación de terapia añadida con inductores de la glucuronidación (ver 4.2 Posología y forma de administración). La administración de dosis orales múltiples de bupropión no tuvo ningún efecto estadísticamente significativo en la farmacocinética de
  <drug gate:gateId="4575" rule="Drug">lamotrigina</drug>
  administrada en dosis única a 12 sujetos, en los que solamente se observó un ligero incremento en el AUC del glucurónido de
  <drug gate:gateId="4576" rule="Drug">lamotrigina</drug>
  . Los estudios de inhibición in vitro indican que la formación del principal metabolito de
  <drug gate:gateId="4577" rule="Drug">lamotrigina</drug>
  , el 2-N-glucurónido, se vio mínimamente afectada por la incubación conjunta con
  <drug gate:gateId="4578" rule="Drug">amitriptilina</drug>
  , bupropión,
  <drug gate:gateId="4579" rule="Drug">clonazepam</drug>
  ,
  <drug gate:gateId="4580" rule="Drug">fluoxetina</drug>
  ,
  <drug gate:gateId="4581" rule="Drug">haloperidol</drug>
  o
  <drug gate:gateId="4582" rule="Drug">lorazepam</drug>
  . Los resultados de las pruebas in vitro también sugieren que el aclaramiento de
  <drug gate:gateId="4583" rule="Drug">lamotrigina</drug>
  es poco probable que se vea afectado por
  <drug gate:gateId="4584" rule="Drug">clozapina</drug>
  ,
  <drug gate:gateId="4585" rule="Drug">fenelzina</drug>
  ,
  <drug gate:gateId="4586" rule="Drug">risperidona</drug>
  ,
  <drug gate:gateId="4587" rule="Drug">sertralina</drug>
  o
  <drug gate:gateId="4588" rule="Drug">trazodona</drug>
  . Interacciones de
  <drug gate:gateId="4589" rule="Drug">lamotrigina</drug>
  con otros medicamentos Aunque se han comunicado cambios en las concentraciones plasmáticas de otros fármacos antiepilépticos, los estudios controlados no han presentado evidencia de que
  <drug gate:gateId="4590" rule="Drug">lamotrigina</drug>
  afecte las concentraciones plasmáticas de fármacos antiepilépticos que se administran concomitantemente. Los resultados procedentes de estudios in vitro indican que
  <drug gate:gateId="4591" rule="Drug">lamotrigina</drug>
  no desplaza a otros fármacos antiepilépticos de su lugar de unión a las proteínas plasmáticas. En un estudio con 16 voluntarias, la administración de la píldora anticonceptiva combinada con 30 mcg de etinilestradiol/150 mcg
  <drug gate:gateId="4592" rule="Drug">levonorgestrel</drug>
  causó un aumento del aclaramiento de
  <drug gate:gateId="4593" rule="Drug">lamotrigina</drug>
  de aproximadamente el doble, dando lugar a una reducción del AUC y la Cmax de
  <drug gate:gateId="4594" rule="Drug">lamotrigina</drug>
  del 52% y 39%, respectivamente. Las concentraciones séricas de
  <drug gate:gateId="4595" rule="Drug">lamotrigina</drug>
  aumentaron de forma gradual durante la semana "libre de píldora", siendo las concentraciones pre-dosis al final de dicha semana de media, aproximadamente dos veces superiores al período de tratamiento concomitante. En un estudio con 16 voluntarias, no se produjo ningún efecto en la farmacocinética del etinilestradiol de la píldora anticonceptiva oral de combinación con una dosis de 300 mg de
  <drug gate:gateId="4596" rule="Drug">lamotrigina</drug>
  en estado de equilibrio estacionario. Sin embargo, si se observó un leve aumento en el aclaramiento de
  <drug gate:gateId="4597" rule="Drug">levonorgestrel</drug>
  , dando lugar a una reducción del AUC y Cmax de
  <drug gate:gateId="4598" rule="Drug">levonorgestrel</drug>
  del 19% y 12%, respectivamente. Las medidas realizadas durante el estudio de los niveles sanguíneos de FSH, LH y estradiol, indicaron cierta perdida de la actividad hormonal ovárica de algunas mujeres, aunque las medidas de los niveles sanguíneos de
  <drug gate:gateId="4599" rule="Drug">progesterona</drug>
  indicaron que no había evidencia hormonal de ovulación en ninguna de las 16 pacientes. Se desconoce el impacto sobre la actividad ovulatoria de este leve aumento en el aclaramiento de
  <drug gate:gateId="4600" rule="Drug">levonorgestrel</drug>
  y de los cambios en los niveles sanguíneos de FSH y LH (ver 4.4 Advertencias y Precauciones especiales de empleo). No se han realizado estudios de estos efectos con otras dosis de
  <drug gate:gateId="4601" rule="Drug">lamotrigina</drug>
  diferentes a 300 mg/día, ni con otros preparados hormonales femeninos. La farmacocinética del
  <drug gate:gateId="4602" rule="Drug">litio</drug>
  , después de la administración de 2 g de gluconato de
  <drug gate:gateId="4603" rule="Drug">litio</drug>
  anhidro dos veces al día durante seis días a 20 sujetos sanos, no se vio alterada por la administración concomitante de 100 mg/día de
  <drug gate:gateId="4604" rule="Drug">lamotrigina</drug>
  . Los datos del metabolismo de bufuralol en microsomas hepáticos humanos, sugieren que
  <drug gate:gateId="4605" rule="Drug">lamotrigina</drug>
  no reduce el aclaramiento de fármacos eliminados predominantemente por el CYP2D6. 4.6. Embarazo y lactancia Fertilidad: En los estudios de reproducción realizados en animales, la administración de
  <drug gate:gateId="4606" rule="Drug">lamotrigina</drug>
  , no produjo ninguna alteración en la fertilidad. No existe experiencia del efecto de
  <drug gate:gateId="4607" rule="Drug">lamotrigina</drug>
  sobre la fertilidad humana. Embarazo: Riesgo relacionado con fármacos antiepilépticos Se debe de proporcionar consejo por un especialista a las mujeres que estén en periodo fértil. Asimismo, se debe reevaluar la necesidad del tratamiento antiepiléptico cuando una mujer decida quedarse
  <effect gate:gateId="4608" rule="Effect" Simplification="embarazada">embarazada</effect>
  . El tratamiento antiepiléptico no debe interrumpirse de forma brusca, ya que esto podría dar lugar a la aparición de
  <effect gate:gateId="4609" rule="Effect" Simplification="ataque">convulsiones</effect>
  , lo que podría conllevar graves consecuencias para la madre y el feto. El riesgo de malformaciones congénitas se ve incrementado en 2-3 veces en los recién nacidos de madres tratadas con antiepilépticos, en comparación con la incidencia aproximada del 3% esperada en la población general. Los defectos notificados de forma más frecuente son
  <effect gate:gateId="4610" rule="Effect" Simplification="labio hendido">labio leporino</effect>
  , malformaciones cardiovasculares y defectos del tubo neural. El uso en combinación de antiepilépticos se ha asociado con un mayor riesgo de malformaciones congénitas que el uso en monoterapia, por lo que ésta debe ser utilizada siempre que sea posible. Riesgo relacionado con
  <drug gate:gateId="4611" rule="Drug">lamotrigina</drug>
  De los datos obtenidos de estudios epidemiológicos realizados en un total de aproximadamente 2.000 mujeres que tomaron
  <drug gate:gateId="4612" rule="Drug">lamotrigina</drug>
  en monoterapia durante el
  <effect gate:gateId="4613" rule="Effect" Simplification="embarazo">embarazo</effect>
  , no se puede excluir un incremento en el riesgo de malformaciones congénitas. Datos de un registro de casos han mostrado un incremento en la incidencia de hendidura oral. Los datos procedentes de otros registros de casos no han confirmado este hecho. Los estudios en animales han mostrado efectos tóxicos en el desarrollo. (ver 5.3. Datos preclínicos sobre seguridad). Si se considera necesario el tratamiento con
  <drug gate:gateId="4614" rule="Drug">lamotrigina</drug>
  durante el
  <effect gate:gateId="4615" rule="Effect" Simplification="embarazo">embarazo</effect>
  , se recomienda administrar la menor dosis terapéutica posible. Lamotrigina tiene un ligero efecto inhibidor de la dihidrofolato reductasa, lo cual podría conllevar, teóricamente, un aumento del riesgo de daño embriofetal debido a la reducción de los niveles de
  <drug gate:gateId="4616" rule="Drug">ácido fólico</drug>
  . Debe considerarse la administración de
  <drug gate:gateId="4617" rule="Drug">ácido fólico</drug>
  en mujeres que deseen quedarse embarazadas y en las primeras etapas del
  <effect gate:gateId="4618" rule="Effect" Simplification="embarazo">embarazo</effect>
  . . Los cambios fisiológicos que se producen durante el
  <effect gate:gateId="4619" rule="Effect" Simplification="embarazo">embarazo</effect>
  pueden afectar a los niveles de
  <drug gate:gateId="4620" rule="Drug">lamotrigina</drug>
  y/o a su efecto terapéutico. Ha habido informes de niveles de
  <drug gate:gateId="4621" rule="Drug">lamotrigina</drug>
  disminuidos durante el
  <effect gate:gateId="4622" rule="Effect" Simplification="embarazo">embarazo</effect>
  . Debe asegurarse un manejo clínico adecuado de las mujeres embarazadas durante el tratamiento con
  <drug gate:gateId="4623" rule="Drug">lamotrigina</drug>
  . Lactancia: La información referente al uso de
  <drug gate:gateId="4624" rule="Drug">lamotrigina</drug>
  durante la lactancia es limitada. Los datos preliminares indican que
  <drug gate:gateId="4625" rule="Drug">lamotrigina</drug>
  pasa a la leche materna en concentraciones normalmente del orden del 40-60% de la concentración sérica. En un pequeño número de niños que han sido alimentados con leche materna, las concentraciones séricas de
  <drug gate:gateId="4626" rule="Drug">lamotrigina</drug>
  alcanzaron niveles con los que pueden aparecer efectos farmacológicos. Debe evaluarse el posible beneficio de la
  <effect gate:gateId="4627" rule="Effect" Simplification="lactancia materna">lactancia materna</effect>
  frente al riesgo potencial para el
  <effect gate:gateId="4628" rule="Effect" Simplification="recién nacido">recién nacido</effect>
  de reacciones adversas. 4.7. Efectos sobre la capacidad para conducir y utilizar máquinas En ensayos clínicos con
  <drug gate:gateId="4629" rule="Drug">lamotrigina</drug>
  , se han informado efectos adversos de carácter neurológico tales como
  <effect gate:gateId="4630" rule="Effect" Simplification="mareo y vértigo">vértigo</effect>
  y
  <effect gate:gateId="4631" rule="Effect" Simplification="visión doble">diplopía</effect>
  . Por lo tanto, los pacientes deben observar cómo
  <effect gate:gateId="4632" rule="Effect" Simplification="enfermedad del sistema inmune">les</effect>
  afecta el tratamiento con
  <drug gate:gateId="4633" rule="Drug">lamotrigina</drug>
  , antes de conducir o de utilizar maquinaria. Debido a que existe una variación individual en la respuesta a todas las terapias con fármacos antiepilépticos, los pacientes deben consultar a su médico sobre aspectos específicos relacionados con la conducción y
  <effect gate:gateId="4634" rule="Effect" Simplification="epilepsia">epilepsia</effect>
  . 4.8. Reacciones adversas Las reacciones adversas se han dividido en secciones específicas para
  <effect gate:gateId="4635" rule="Effect" Simplification="epilepsia">epilepsia</effect>
  y para trastorno bipolar, basándose en los datos actualmente disponibles. Sin embargo, ambas secciones deben ser consultadas cuando se considere el perfil total de seguridad de
  <drug gate:gateId="4636" rule="Drug">lamotrigina</drug>
  . Se ha utilizado el criterio siguiente para la clasificación de la frecuencia de las reacciones adversas:- Muy frecuentes (&gt; 1/10), Frecuentes (&gt; 1/100, &lt; 1/10), Poco frecuentes (&gt; 1/1000, &lt; 1/100), Raras (&gt; 1/10.000, &lt; 1/1000), Muy raras (&lt; 1/10.000) incluyendo notificaciones aisladas. EPILEPSIA: Trastornos de la piel y tejido subcutáneo Durante ensayos clínicos en monoterapia: Muy frecuentes: Erupción cutánea. En otro uso clínico (ensayos clínicos en terapia añadida y datos post-comercialización): Muy frecuentes: Erupción cutánea. Raras: Síndrome de Stevens-Johnson. Muy raras: Necrolisis epidérmica tóxica. En ensayos clínicos doble
  <effect gate:gateId="4637" rule="Effect" Simplification="ciego">ciego</effect>
  en terapia añadida, aparecieron
  <effect gate:gateId="4638" rule="Effect" Simplification="inflamación">erupciones cutáneas</effect>
  hasta en un 10% de los pacientes tratados con
  <drug gate:gateId="4639" rule="Drug">lamotrigina</drug>
  y en un 5% de los pacientes a los que se administró placebo. Las
  <effect gate:gateId="4640" rule="Effect" Simplification="inflamación">erupciones cutáneas</effect>
  llevaron a la retirada del tratamiento con
  <drug gate:gateId="4641" rule="Drug">lamotrigina</drug>
  en un 2% de los pacientes. La
  <effect gate:gateId="4642" rule="Effect" Simplification="inflamación">erupción</effect>
  , normalmente de aspecto
  <effect gate:gateId="4643" rule="Effect" Simplification="manchas rojas">maculopapular</effect>
  , aparece generalmente en las 8 semanas siguientes al comienzo del tratamiento y desaparece al retirar
  <drug gate:gateId="4644" rule="Drug">lamotrigina</drug>
  (ver 4.4 Advertencias y precauciones especiales de empleo). Raramente se han comunicado
  <effect gate:gateId="4645" rule="Effect" Simplification="inflamaciónes rojizas en la piel">erupciones cutáneas graves</effect>
  de riesgo potencial para la vida, incluyendo el síndrome de Stevens-Johnson y
  <effect gate:gateId="4646" rule="Effect" Simplification="enfermedad de la piel">necrolisis epidérmica tóxica</effect>
  (síndrome de Lyell). Aunque la mayoría de los pacientes se recupera con la retirada del fármaco, algunos pacientes experimentan
  <effect gate:gateId="4647" rule="Effect" Simplification="lesión en el rostro">lesiones cutáneas</effect>
  irreversibles, que raramente pueden provocar un desenlace fatal (ver 4.4 Advertencias y precauciones especiales de empleo). El riesgo global de aparición de la
  <effect gate:gateId="4648" rule="Effect" Simplification="inflamación">erupción</effect>
  está altamente asociado con: - Dosis iniciales elevadas de
  <drug gate:gateId="4649" rule="Drug">lamotrigina</drug>
  que exceden la pauta de escalada de dosis recomendada (ver 4.2 Posología y forma de administración). - Uso concomitante de valproato (ver 4.2 Posología y forma de administración). La
  <effect gate:gateId="4650" rule="Effect" Simplification="inflamación">erupción cutánea</effect>
  también se ha comunicado como parte de un
  <effect gate:gateId="4651" rule="Effect" Simplification="sensibilidad">síndrome de hipersensibilidad</effect>
  asociado con un patrón variable de síntomas sistémicos (ver Trastornos del sistema inmunológico**). Trastornos de la sangre y del sistema linfático MINISTERIO Muy raras: Anomalías hematológicas incluyendo,
  <effect gate:gateId="4652" rule="Effect" Simplification="problemas en la sangre">neutropenia</effect>
  ,
  <effect gate:gateId="4653" rule="Effect" Simplification="disminución de leucocitos en la sangre">leucopenia</effect>
  ,
  <effect gate:gateId="4654" rule="Effect" Simplification="anemia">anemia</effect>
  , Las anomalías hematológicas pueden o no estar asociadas al
  <effect gate:gateId="4655" rule="Effect" Simplification="sensibilidad">síndrome de hipersensibilidad</effect>
  asociado con un patrón variable de síntomas sistémicos (ver Trastornos del sistema inmunológico**). Trastornos del sistema inmunológico Muy raras: Síndrome de
  <effect gate:gateId="4656" rule="Effect" Simplification="alergia">hipersensibilidad</effect>
  ** (incluyendo síntomas tales como, ** La
  <effect gate:gateId="4657" rule="Effect" Simplification="inflamación">erupción cutánea</effect>
  también se ha comunicado como parte de un
  <effect gate:gateId="4658" rule="Effect" Simplification="sensibilidad">síndrome de hipersensibilidad</effect>
  asociado con un patrón variable de síntomas sistémicos incluyendo
  <effect gate:gateId="4659" rule="Effect" Simplification="fiebre">fiebre</effect>
  ,
  <effect gate:gateId="4660" rule="Effect" Simplification="trastorno en los ganglios">linfadenopatía</effect>
  ,
  <effect gate:gateId="4661" rule="Effect" Simplification="hinchazón">edema</effect>
  facial y anomalías de la sangre e hígado. El síndrome muestra un amplio espectro de gravedad clínica y puede, raramente, conducir a la
  <effect gate:gateId="4662" rule="Effect" Simplification="coagulación acelerada de la sangre">coagulación intravascular diseminada</effect>
  y a
  <effect gate:gateId="4663" rule="Effect" Simplification="fallo multiorgánico">fallo multiorgánico</effect>
  . Es importante resaltar que incluso cuando la
  <effect gate:gateId="4664" rule="Effect" Simplification="inflamación">erupción</effect>
  no es evidente, pueden aparecer manifestaciones tempranas de
  <effect gate:gateId="4665" rule="Effect" Simplification="alergia">hipersensibilidad</effect>
  (ej.
  <effect gate:gateId="4666" rule="Effect" Simplification="fiebre">fiebre</effect>
  ,
  <effect gate:gateId="4667" rule="Effect" Simplification="trastorno en los ganglios">linfadenopatía</effect>
  ). Si tales signos y síntomas aparecen, el paciente debe ser evaluado inmediatamente y se debe suspender la
  <drug gate:gateId="4668" rule="Drug">lamotrigina</drug>
  si no se puede establecer una etiología alternativa. Trastornos psiquiátricos Frecuentes: Irritabilidad. Poco frecuentes: Agresividad. Muy raras: Tics,
  <effect gate:gateId="4669" rule="Effect" Simplification="alucinaciones">alucinaciones</effect>
  ,
  <effect gate:gateId="4670" rule="Effect" Simplification="___">confusión.</effect>
  Trastornos del sistema
  <effect gate:gateId="4671" rule="Effect" Simplification="nervioso">nervioso</effect>
  Durante ensayos clínicos en monoterapia: Muy frecuentes: Dolor de cabeza. Frecuentes: Somnolencia,
  <effect gate:gateId="4672" rule="Effect" Simplification="insomnio">insomnio</effect>
  ,
  <effect gate:gateId="4673" rule="Effect" Simplification="mareo y vértigo">vértigo</effect>
  ,
  <effect gate:gateId="4674" rule="Effect" Simplification="temblor">temblor</effect>
  . Poco frecuentes: Ataxia. En otro uso clínico (ensayos clínicos en terapia añadida y datos post-comercialización): Muy frecuentes: Dolor de cabeza,
  <effect gate:gateId="4675" rule="Effect" Simplification="mareo y vértigo">vértigo</effect>
  . Frecuentes: Nistagmo,
  <effect gate:gateId="4676" rule="Effect" Simplification="temblor">temblor</effect>
  ,
  <effect gate:gateId="4677" rule="Effect" Simplification="descoordinación muscular">ataxia</effect>
  ,
  <effect gate:gateId="4678" rule="Effect" Simplification="somnolencia">somnolencia</effect>
  ,
  <effect gate:gateId="4679" rule="Effect" Simplification="insomnio">insomnio</effect>
  . Muy raras: Agitación,
  <effect gate:gateId="4680" rule="Effect" Simplification="inestabilidad">inestabilidad</effect>
  , alteraciones del movimiento, empeoramiento de Se ha comunicado que
  <drug gate:gateId="4681" rule="Drug">lamotrigina</drug>
  puede empeorar los síntomas en pacientes con
  <effect gate:gateId="4682" rule="Effect" Simplification="enfermedad">enfermedad</effect>
  de Parkinson preexistente, así como producir en casos aislados efectos extrapiramidales y
  <effect gate:gateId="4683" rule="Effect" Simplification="movimientos involuntarios">coreoatetosis</effect>
  en pacientes sin esta condición subyacente. Trastornos oculares Muy frecuentes: Diplopía,
  <effect gate:gateId="4684" rule="Effect" Simplification="___">visión borrosa.</effect>
  Raras: Conjuntivitis. MINISTERIO Trastornos gastrointestinales Durante ensayos clínicos en monoterapia: Frecuentes: Náuseas. En otro uso clínico (ensayos clínicos en terapia añadida y datos post-comercialización): Frecuentes: Alteraciones gastrointestinales, incluyendo
  <effect gate:gateId="4685" rule="Effect" Simplification="vómitos">vómitos</effect>
  y
  <effect gate:gateId="4686" rule="Effect" Simplification="___">diarrea.</effect>
  Trastornos hepatobiliares Muy raras: Aumento en los valores de las pruebas de función hepática, disfunción hepática,
  <effect gate:gateId="4687" rule="Effect" Simplification="insuficiencia hepática">insuficiencia hepática</effect>
  . La disfunción hepática ocurre generalmente en asociación con reacciones de
  <effect gate:gateId="4688" rule="Effect" Simplification="alergia">hipersensibilidad</effect>
  pero se han comunicado casos aislados sin la aparición de signos de
  <effect gate:gateId="4689" rule="Effect" Simplification="alergia">hipersensibilidad</effect>
  . Trastornos musculoesqueléticos, del tejido conjuntivo y de los huesos Muy raras: Reacciones de tipo lupus. Trastornos generales y condiciones en el lugar de administración Frecuentes: Cansancio. TRASTORNO BIPOLAR: Las reacciones adversas indicadas a continuación, se deben considerar junto con las mencionadas en la sección de Epilepsia para conocer el perfil de seguridad global de
  <drug gate:gateId="4690" rule="Drug">lamotrigina</drug>
  . Durante los ensayos clínicos en trastorno bipolar se han comunicado las siguientes reacciones adversas: Trastornos de la piel y tejido subcutáneo Muy frecuentes: Erupción cutánea. Raras: Síndrome de Stevens-Johnson. Cuando se considera el conjunto de todos los estudios realizados en trastorno bipolar (controlados y no controlados) con
  <drug gate:gateId="4691" rule="Drug">lamotrigina</drug>
  , las
  <effect gate:gateId="4692" rule="Effect" Simplification="inflamación">erupciones cutáneas</effect>
  ocurrieron en el 14 % de pacientes en el grupo de
  <drug gate:gateId="4693" rule="Drug">lamotrigina</drug>
  . Mientras que, si se consideran sólo los ensayos clínicos controlados en pacientes con trastorno bipolar, las
  <effect gate:gateId="4694" rule="Effect" Simplification="inflamación">erupciones cutáneas</effect>
  ocurrieron en el 9 % de pacientes que tomaban
  <drug gate:gateId="4695" rule="Drug">lamotrigina</drug>
  y en el 8 % de pacientes que tomaban placebo. Trastornos del sistema
  <effect gate:gateId="4696" rule="Effect" Simplification="nervioso">nervioso</effect>
  Muy frecuentes: Dolor de cabeza. Frecuentes: Agitación,
  <effect gate:gateId="4697" rule="Effect" Simplification="somnolencia">somnolencia</effect>
  ,
  <effect gate:gateId="4698" rule="Effect" Simplification="mareo y vértigo">vértigo</effect>
  . Trastornos musculoesqueléticos, del tejido conjuntivo y de los huesos Frecuentes: Artralgia. Trastornos generales y alteraciones en el lugar de administración MINISTERIO Frecuentes: Dolor,
  <effect gate:gateId="4699" rule="Effect" Simplification="___">dolor de espalda.</effect>
</paragraph>
