<?xml version="1.0" encoding="UTF-8"?>
<paragraph xmlns:gate="http://www.gate.ac.uk" gate:gateId="0" gate:annotMaxId="509">
  - Relacionadas con el paracetamol: Reacciones adversas raras (1/10.000 a &lt;1/1.000): Trastornos hepatobiliares:
  <effect gate:gateId="469" rule="Effect" Simplification="hepatitis aguda">hepatotoxicidad</effect>
  (
  <effect gate:gateId="470" rule="Effect" Simplification="piel amarrilla">ictericia</effect>
  ). Trastornos del metabolismo y de la nutrición:
  <effect gate:gateId="471" rule="Effect" Simplification="poca azúcar en la sangre">hipoglucemia</effect>
  . Trastornos de la sangre y del sistema linfático:
  <effect gate:gateId="472" rule="Effect" Simplification="problemas de coagulación">trombocitopenia</effect>
  ,
  <effect gate:gateId="473" rule="Effect" Simplification="disminución de leucocitos en la sangre">leucopenia</effect>
  ,
  <effect gate:gateId="474" rule="Effect" Simplification="poca producción de defensas en la sangre">agranulocitosis</effect>
  ,
  <effect gate:gateId="475" rule="Effect" Simplification="problemas en la sangre">neutropenia</effect>
  ,
  <effect gate:gateId="476" rule="Effect" Simplification="anemia">anemia hemolítica</effect>
  . Trastornos renales y urinarios:
  <effect gate:gateId="477" rule="Effect" Simplification="pus en la orina">piuria</effect>
  esteril(
  <effect gate:gateId="478" rule="Effect" Simplification="orina turbia">orina turbia</effect>
  ),efectos renales adversos.. - Durante el periodo de utilización de la clorfenamina, se han comunicado las siguientes reacciones adversas cuya frecuencia no se ha podido establecer con exactitud: Trastorno del sistema
  <effect gate:gateId="479" rule="Effect" Simplification="nervioso">nervioso</effect>
  : Somnolencia y
  <effect gate:gateId="480" rule="Effect" Simplification="sedación">sedación</effect>
  . Trastornos gastrointestinales:
  <effect gate:gateId="481" rule="Effect" Simplification="sequedad de boca">sequedad de boca</effect>
  , nariz y garganta (estas reacciones es más probable que aparezcan en pacientes de edad avanzada),
  <effect gate:gateId="482" rule="Effect" Simplification="malestar en el estomago">malestar gastrointestinal</effect>
  ,
  <effect gate:gateId="483" rule="Effect" Simplification="náuseas">náuseas</effect>
  ,
  <effect gate:gateId="484" rule="Effect" Simplification="vómitos">vómitos</effect>
  ,
  <effect gate:gateId="485" rule="Effect" Simplification="diarrea">diarrea</effect>
  o
  <effect gate:gateId="486" rule="Effect" Simplification="___">estreñimiento.</effect>
  La aparición de estas reacciones adversas puede ser frecuente, pero puede evitarse tomando el medicamento con leche o con comida. Trastornos de la piel y del tejido subcutáneo: Reacciones de
  <effect gate:gateId="487" rule="Effect" Simplification="intolerancia a la luz">fotosensibilidad</effect>
  : eccema,
  <effect gate:gateId="488" rule="Effect" Simplification="picazón">prurito</effect>
  ,
  <effect gate:gateId="489" rule="Effect" Simplification="alteración de la piel">rash</effect>
  cutáneo. Con frecuencia rara puede aparecer: Trastornos oculares:
  <effect gate:gateId="490" rule="Effect" Simplification="___">visión borrosa.</effect>
  Trastornos renales y urinarios:
  <effect gate:gateId="491" rule="Effect" Simplification="retención urinaria">retención urinaria</effect>
  , dificultad o
  <effect gate:gateId="492" rule="Effect" Simplification="dolor">dolor</effect>
  durante la micción. (Más frecuentes en pacientes de edad avanzada). Trastornos del metabolismo y la nutrición:
  <effect gate:gateId="493" rule="Effect" Simplification="pérdida de apetito">pérdida de apetito</effect>
  . Trastornos del sistema
  <effect gate:gateId="494" rule="Effect" Simplification="nervioso">nervioso</effect>
  : Reacción paradójica (
  <effect gate:gateId="495" rule="Effect" Simplification="pesadillas">pesadillas</effect>
  ,
  <effect gate:gateId="496" rule="Effect" Simplification="excitación">excitación</effect>
  ,
  <effect gate:gateId="497" rule="Effect" Simplification=" nerviosismo ">nerviosismo</effect>
  , etc.) más frecuente en niños y pacientes de edad avanzada, en éstos pacientes además es más probable que se produzca
  <effect gate:gateId="498" rule="Effect" Simplification="___">confusión.</effect>
  Trastornos de la piel y del tejido subcutáneo:
  <effect gate:gateId="499" rule="Effect" Simplification=" sudoración ">sudoración</effect>
  incrementada. Trastornos cardiacos:
  <effect gate:gateId="500" rule="Effect" Simplification="palpitaciones">palpitaciones</effect>
  ,
  <effect gate:gateId="501" rule="Effect" Simplification="alteración del ritmo cardíaco">taquicardia</effect>
  . Trastornos de la sangre y del sistema linfático: discrasias sanguíneas. - Durante el periodo de utilización de la cafeína, se han comunicado las siguientes reacciones adversas cuya frecuencia no se ha podido establecer con exactitud. Trastornos del sistema
  <effect gate:gateId="502" rule="Effect" Simplification="nervioso">nervioso</effect>
  : estimulación del SNC con síntomas como
  <effect gate:gateId="503" rule="Effect" Simplification=" nerviosismo ">nerviosismo</effect>
  ,
  <effect gate:gateId="504" rule="Effect" Simplification="inquietud">desasosiego</effect>
  . Trastornos gastrointestinales:
  <effect gate:gateId="505" rule="Effect" Simplification="irritación gástrica">irritación gastrointestinal</effect>
  . Estos efectos adversos dependen de la sensibilidad a la cafeína y de la dosis diaria. Los individuos vegetativamente lábiles pueden reaccionar incluso a dosis bajas de cafeína con
  <effect gate:gateId="506" rule="Effect" Simplification="insomnio">insomnio</effect>
  ,
  <effect gate:gateId="507" rule="Effect" Simplification="inquietud">inquietud</effect>
  ,
  <effect gate:gateId="508" rule="Effect" Simplification="alteración del ritmo cardíaco">taquicardia</effect>
  y posiblemente molestias gastrointestinales. En caso de observarse la aparición de reacciones adversas, debe suspenderse el tratamiento y notificarlo a los sistemas de farmacovigilancia.
</paragraph>
