<?xml version="1.0" encoding="UTF-8"?>
<paragraph xmlns:gate="http://www.gate.ac.uk" gate:gateId="0" gate:annotMaxId="980">
  7 La tabla 1 muestra las reacciones adversas comunicadas por notificaciones espontáneas y durante los ensayos clínicos controlados con placebo en pacientes con
  <effect gate:gateId="931" rule="Effect" Simplification="depresión">depresión</effect>
  y
  <effect gate:gateId="932" rule="Effect" Simplification="dolor por lesión en sistema nervioso">dolor neuropático</effect>
  <effect gate:gateId="933" rule="Effect" Simplification="diabetes">diabético</effect>
  , (que incluyeron a un total de 5.253 pacientes, 3.289 tratados con
  <drug gate:gateId="934" rule="Drug">duloxetina</drug>
  y 1.964 con placebo). Las reacciones adversas notificadas con más frecuencia en pacientes tratados con CYMBALTA fueron
  <effect gate:gateId="935" rule="Effect" Simplification="náusea">náusea</effect>
  ,
  <effect gate:gateId="936" rule="Effect" Simplification="dolor de cabeza">cefalea</effect>
  ,
  <effect gate:gateId="937" rule="Effect" Simplification="sequedad de boca">sequedad de boca</effect>
  ,
  <effect gate:gateId="938" rule="Effect" Simplification="___">somnolencia.</effect>
  No obstante, la mayoría de las reacciones adversas más frecuentes fueron de leves a moderadas, normalmente comenzaron al inicio del tratamiento, y la mayoría desaparecieron con la continuación del tratamiento. Tabla 1: Reacciones adversas Estimación de las frecuencias: muy frecuentes (1/10), frecuentes (1/100, &lt;1/10), poco frecuentes (1/1.000, &lt;1/100), raras (1/10.000, &lt;1/1.000) y muy raras (&lt;1/10.000), frecuencia no conocida (no puede estimarse a partir de los datos disponibles). Las reacciones adversas se enumeran en orden decreciente de gravedad dentro de cada intervalo de frecuencia. Muy frecuentes Frecuentes Poco frecuentes Raras Muy Frecuencia no Exploraciones complementarias Pérdida de peso Aumento de peso Aumento del Trastornos cardíacos Palpitaciones Taquicardia Arritmia Trastornos del sistema
  <effect gate:gateId="939" rule="Effect" Simplification="nervioso">nervioso</effect>
  Cefalea (13,8%) Mareos Somnolencia (10,7%) Trastornos oculares Visión borrosa Molestias visuales Glaucoma Trastornos del oído y del laberinto Trastornos respiratorios, torácicos y mediastínicos Bostezos Epistaxis Trastornos gastrointestinales Náuseas Diarrea Gastroenteritis Hematoquecia Hemorragia (21,7%) Estreñimiento Estomatitis Halitosis gastrointestinal Sequedad de Vómitos Gastritis boca (13,2%) Dispepsia Eructos Flatulencia Trastornos renales y urinarios 8 Trastornos de la piel y del tejido subcutáneo Erupción Reacciones de Edema Aumento de la
  <effect gate:gateId="940" rule="Effect" Simplification="intolerancia a la luz">fotosensibilidad</effect>
  angioneurótico,
  <effect gate:gateId="941" rule="Effect" Simplification=" sudoración ">sudoración</effect>
  Aumento de la Síndrome de Sudores nocturnos tendencia a que se Stevens-Johnson, Trastornos musculoesqueléticos y del tejido conjuntivo Espasmo muscular Dolor musculoesquelé- tico Tensión muscular Trastornos endocrinos Trastornos del metabolismo y de la nutrición Infecciones e infestaciones Trastornos vasculares Trastornos generales y alteraciones en el lugar de administración Cansancio Malestar Dolor torácico Dolor abdominal Trastorno de la Trastornos del sistema inmunológico Trastornos hepatobiliares 9 Trastornos del aparato reproductor y de la mama Trastornos psiquiátricos 1 Los casos de
  <effect gate:gateId="942" rule="Effect" Simplification="sonidos en el oído">acúfenos</effect>
  se notificaron también después de la interrupción del tratamiento 2 Los casos de
  <effect gate:gateId="943" rule="Effect" Simplification="incapacidad de quedarse quieto">hipotensión ortostática</effect>
  y
  <effect gate:gateId="944" rule="Effect" Simplification="desmayo">síncope</effect>
  se notificaron particularmente al comienzo del tratamiento. 3 Ver sección 4.4. 4 Los casos de
  <effect gate:gateId="945" rule="Effect" Simplification="suicidio">ideación suicida</effect>
  y
  <effect gate:gateId="946" rule="Effect" Simplification="comportamiento suicida">comportamiento suicida</effect>
  se notificaron durante el tratamiento con
  <drug gate:gateId="947" rule="Drug">duloxetina</drug>
  o poco después de la interrupción del mismo (ver sección 4.4). 5 Los casos de
  <effect gate:gateId="948" rule="Effect" Simplification="agresividad">agresividad</effect>
  e
  <effect gate:gateId="949" rule="Effect" Simplification="ira">ira</effect>
  se han notificado principalmente al principio del tratamiento o después de la interrupción del mismo. La interrupción del tratamiento con
  <drug gate:gateId="950" rule="Drug">duloxetina</drug>
  (particularmente cuando se lleva a cabo de forma brusca) con frecuencia conduce a la aparición de síntomas de retirada. Las reacciones más comúnmente notificadas son
  <effect gate:gateId="951" rule="Effect" Simplification="mareo">mareos</effect>
  , alteraciones sensoriales (incluyendo
  <effect gate:gateId="952" rule="Effect" Simplification="cosquilleo">parestesia</effect>
  ), trastornos del sueño (incluyendo
  <effect gate:gateId="953" rule="Effect" Simplification="insomnio">insomnio</effect>
  y sueños intensos),
  <effect gate:gateId="954" rule="Effect" Simplification="agitación">agitación</effect>
  o
  <effect gate:gateId="955" rule="Effect" Simplification="ansiedad">ansiedad</effect>
  ,
  <effect gate:gateId="956" rule="Effect" Simplification="náuseas">náuseas</effect>
  y/o
  <effect gate:gateId="957" rule="Effect" Simplification="vómitos">vómitos</effect>
  ,
  <effect gate:gateId="958" rule="Effect" Simplification="temblor">temblores</effect>
  ,
  <effect gate:gateId="959" rule="Effect" Simplification="dolor de cabeza">cefalea</effect>
  ,
  <effect gate:gateId="960" rule="Effect" Simplification="irritabilidad">irritabilidad</effect>
  ,
  <effect gate:gateId="961" rule="Effect" Simplification="diarrea">diarrea</effect>
  ,
  <effect gate:gateId="962" rule="Effect" Simplification="sudoración">hiperhidrosis</effect>
  y
  <effect gate:gateId="963" rule="Effect" Simplification="mareo y vértigo">vértigo</effect>
  . Generalmente, para los ISRS y IRSN estos acontecimientos son de leve a moderados y autolimitados, sin embargo, en algunos pacientes pueden ser graves y/o prolongados. Se recomienda por lo tanto que cuando ya no sea necesario continuar el tratamiento con
  <drug gate:gateId="964" rule="Drug">duloxetina</drug>
  , se realice una reducción gradual de la dosis (ver secciones 4.2 y 4.4). En la fase aguda de 12 semanas de tres ensayos clínicos de
  <drug gate:gateId="965" rule="Drug">duloxetina</drug>
  en pacientes con
  <effect gate:gateId="966" rule="Effect" Simplification="dolor por lesión en sistema nervioso">dolor neuropático</effect>
  <effect gate:gateId="967" rule="Effect" Simplification="diabetes">diabético</effect>
  , se observaron pequeños incrementos, pero estadísticamente significativos, de los niveles de glucemia en ayunas en los pacientes tratados con
  <drug gate:gateId="968" rule="Drug">duloxetina</drug>
  , los valores de HbA1c permanecieron estables tanto en el grupo tratado con
  <drug gate:gateId="969" rule="Drug">duloxetina</drug>
  como en el grupo tratado con placebo. En la fase de extensión de estos ensayos, de una duración de 52 semanas, se observó un aumento de HbA1c tanto en el grupo tratado con
  <drug gate:gateId="970" rule="Drug">duloxetina</drug>
  como en el de terapia habitual, pero el incremento medio fue de un 0,3% mayor en el grupo tratado con
  <drug gate:gateId="971" rule="Drug">duloxetina</drug>
  . Se observó también un pequeño incremento de la glucemia en ayunas y del colesterol total en el grupo de pacientes tratados con
  <drug gate:gateId="972" rule="Drug">duloxetina</drug>
  mientras que éstos parámetros analíticos mostraron una ligera disminución en el grupo de terapia habitual. Se obtuvo el electrocardiograma de 1.139 pacientes tratados con
  <drug gate:gateId="973" rule="Drug">duloxetina</drug>
  y de 777 pacientes tratados con placebo, en ensayos clínicos de 8 semanas de duración en pacientes con
  <effect gate:gateId="974" rule="Effect" Simplification="depresión">trastorno depresivo</effect>
  mayor; y de 528 pacientes tratados con
  <drug gate:gateId="975" rule="Drug">duloxetina</drug>
  y 205 pacientes tratados con placebo en ensayos clínicos de hasta 13 semanas de duración en pacientes con
  <effect gate:gateId="976" rule="Effect" Simplification="dolor por lesión en sistema nervioso">dolor neuropático</effect>
  <effect gate:gateId="977" rule="Effect" Simplification="diabetes">diabético</effect>
  . El 10 intervalo QT corregido en función de la frecuencia cardiaca que presentaron los pacientes tratados con
  <drug gate:gateId="978" rule="Drug">duloxetina</drug>
  no difirió del observado en los pacientes tratados con placebo. No se observaron diferencias clínicamente significativas para los intervalos QT, PR, QRS, o QTcB entre los pacientes tratados con
  <drug gate:gateId="979" rule="Drug">duloxetina</drug>
  y los pacientes tratados con placebo.
</paragraph>
