<?xml version="1.0" encoding="UTF-8"?>
<paragraph xmlns:gate="http://www.gate.ac.uk" gate:gateId="0" gate:annotMaxId="319">
  En caso de tratamientos de larga duración con glucocorticoides pueden aparecer los siguientes efectos secundarios: - Sistema endocrino: Síndrome de Cushing. Obesidad faciotroncular con
  <effect gate:gateId="290" rule="Effect" Simplification="cara de luna llena">cara de luna llena</effect>
  , alteraciones en la secreción de hormonas sexuales (
  <effect gate:gateId="291" rule="Effect" Simplification="ausencia de la menstruación">amenorrea</effect>
  ,
  <effect gate:gateId="292" rule="Effect" Simplification="vellosidad">hirsutismo</effect>
  ,
  <effect gate:gateId="293" rule="Effect" Simplification="impotencia">impotencia</effect>
  ). - Dermatológicos: Acné esteroideo, retrasos en el tiempo de cicatrización de heridas, aparición de
  <effect gate:gateId="294" rule="Effect" Simplification="estrías">estrías</effect>
  . - Sistema musculoesquelético: Atrofia y
  <effect gate:gateId="295" rule="Effect" Simplification="debilidad muscular">debilidad muscular</effect>
  ,
  <effect gate:gateId="296" rule="Effect" Simplification="problemas en los huesos">osteoporosis</effect>
  . - Oftalmológicos: Glaucoma,
  <effect gate:gateId="297" rule="Effect" Simplification="catarata">cataratas</effect>
  . - Sistema
  <effect gate:gateId="298" rule="Effect" Simplification="nervioso">nervioso</effect>
  central:Depresión,
  <effect gate:gateId="299" rule="Effect" Simplification="irritabilidad">irritabilidad</effect>
  ,
  <effect gate:gateId="300" rule="Effect" Simplification="euforia">euforia</effect>
  ,
  <effect gate:gateId="301" rule="Effect" Simplification="aumento del apetito">aumento del apetito</effect>
  y vigor,
  <effect gate:gateId="302" rule="Effect" Simplification="tensión craneal">pseudotumor cerebral</effect>
  , manifestaciones de
  <effect gate:gateId="303" rule="Effect" Simplification="epilepsia">epilepsia</effect>
  latente. - Sistema digestivo: Úlceras gástricas y duodenales, hemorragias gastrointestinales. - Metabolismo: Reducción de la
  <effect gate:gateId="304" rule="Effect" Simplification="tolerancia">tolerancia</effect>
  a la glucosa,
  <effect gate:gateId="305" rule="Effect" Simplification="diabetes">diabetes mellitus</effect>
  . Alteraciones electrolíticas tales como
  <effect gate:gateId="306" rule="Effect" Simplification="retención de sodio">retención de sodio</effect>
  con formación de edemas y excreción aumentada de
  <drug gate:gateId="307" rule="Drug">potasio</drug>
  . Inactividad o
  <effect gate:gateId="308" rule="Effect" Simplification="poco desarrollo">atrofia</effect>
  del córtex adrenal, retraso de crecimiento en los niños. Sistema cardiovascular:Hipertensión arterial. - Sistema inmunitario y hematopoyético: Linfopenia,
  <effect gate:gateId="309" rule="Effect" Simplification="bajas defensas en la sangre">eosinopenia</effect>
  ,
  <effect gate:gateId="310" rule="Effect" Simplification="enfermedad de la medula ósea">policitemia</effect>
  , empeoramiento de los procesos inmunes, enmascaramiento de
  <effect gate:gateId="311" rule="Effect" Simplification="infecciones">infecciones</effect>
  . MINISTERIO Se tendrá en cuenta que si se realiza una reducción demasiado rápida de la dosis en tratamientos de larga duración podría darse alguno de los siguientes síntomas: mialgias, artralgias,
  <effect gate:gateId="312" rule="Effect" Simplification="jadeo">disnea</effect>
  ,
  <effect gate:gateId="313" rule="Effect" Simplification="trastornos de la alimentación ">anorexia</effect>
  ,
  <effect gate:gateId="314" rule="Effect" Simplification="náuseas">náuseas</effect>
  ,
  <effect gate:gateId="315" rule="Effect" Simplification="vómitos">vómitos</effect>
  ,
  <effect gate:gateId="316" rule="Effect" Simplification="fiebre">fiebre</effect>
  ,
  <effect gate:gateId="317" rule="Effect" Simplification="presión arterial baja">hipotensión</effect>
  ,
  <effect gate:gateId="318" rule="Effect" Simplification="poca azúcar en la sangre">hipoglucemia</effect>
  o insuficiencia adrenocortical aguda que puede llegar a ser fatal.
</paragraph>
