<?xml version="1.0" encoding="UTF-8"?>
<paragraph xmlns:gate="http://www.gate.ac.uk" gate:gateId="0" gate:annotMaxId="131">
  Una
  <effect gate:gateId="118" rule="Effect" Simplification="aumento de calcio en la sangre">hipercalcemia</effect>
  grave y de larga duración puede ocurrir dependiendo de la dosis y de la duración del tratamiento, con sus consecuencias agudas (arritmias,
  <effect gate:gateId="119" rule="Effect" Simplification="náuseas">náuseas</effect>
  ,
  <effect gate:gateId="120" rule="Effect" Simplification="vómitos">vómitos</effect>
  ,
  <effect gate:gateId="121" rule="Effect" Simplification="estreñimiento">estreñimiento</effect>
  , síntomas mentales,
  <effect gate:gateId="122" rule="Effect" Simplification="embotamiento">disminución del nivel de conciencia</effect>
  ) y crónicas (
  <effect gate:gateId="123" rule="Effect" Simplification="orina abundante">poliuria</effect>
  ,
  <effect gate:gateId="124" rule="Effect" Simplification="aumento de la sed">polidipsia</effect>
  ,
  <effect gate:gateId="125" rule="Effect" Simplification="trastornos de la alimentación ">anorexia</effect>
  ,
  <effect gate:gateId="126" rule="Effect" Simplification="pérdida de peso">pérdida de peso</effect>
  , formación de litiasis renal,
  <effect gate:gateId="127" rule="Effect" Simplification="exceso de calcio en la sangre">nefrocalcinosis</effect>
  , calcificaciones en tejidos blandos). La
  <effect gate:gateId="128" rule="Effect" Simplification="aumento de calcio en la sangre">hipercalcemia</effect>
  y la
  <effect gate:gateId="129" rule="Effect" Simplification="fosforo en la sangre">hiperfosfatemia</effect>
  simultáneas &gt; 6 mg/100 ml ó 1,9 mmol/
  <effect gate:gateId="130" rule="Effect" Simplification="..">l</effect>
  respectivamente, pueden originar calcificaciones en los tejidos blandos. Esto se puede observar mediante el examen con rayos X.
</paragraph>
