<?xml version="1.0" encoding="UTF-8"?>
<paragraph xmlns:gate="http://www.gate.ac.uk" gate:gateId="0" gate:annotMaxId="236">
  Insuficiencia adrenal relativa, que puede persistir hasta 1 año después de abandonar un tratamiento prolongado. Mayor susceptibilidad a las
  <effect gate:gateId="207" rule="Effect" Simplification="infecciones">infecciones</effect>
  ,
  <effect gate:gateId="208" rule="Effect" Simplification="enfermedades del estómago ">dispepsia</effect>
  ,
  <effect gate:gateId="209" rule="Effect" Simplification="úlcera">úlcera péptica</effect>
  , perforación de
  <effect gate:gateId="210" rule="Effect" Simplification="úlcera">úlcera péptica</effect>
  ,
  <effect gate:gateId="211" rule="Effect" Simplification="hemorragia gastrointestinal">hemorragia gastrointestinal</effect>
  ,
  <effect gate:gateId="212" rule="Effect" Simplification="pancreatitis">pancreatitis aguda</effect>
  (especialmente en niños),
  <effect gate:gateId="213" rule="Effect" Simplification="retención de sodio">retención de sodio</effect>
  e
  <effect gate:gateId="214" rule="Effect" Simplification="presión arterial alta">hipertensión</effect>
  ,
  <effect gate:gateId="215" rule="Effect" Simplification="hinchazón">edema</effect>
  e insuficiencia cardíaca,
  <effect gate:gateId="216" rule="Effect" Simplification="incremento presión intracraneal">hipertensión intracraneal</effect>
  , depleción de
  <drug gate:gateId="217" rule="Drug">potasio</drug>
  ,
  <effect gate:gateId="218" rule="Effect" Simplification="enfermedad muscular">miopatía</effect>
  (en pacientes tratados con corticosteroides sistémicos, especialmente durante tratamientos a altas dosis y tras tratamientos prolongados, el empleo de fármacos relajantes musculares no despolarizantes puede precipitar una
  <effect gate:gateId="219" rule="Effect" Simplification="miopatía">miopatía aguda</effect>
  ),
  <effect gate:gateId="220" rule="Effect" Simplification="daño en los huesos">necrosis ósea</effect>
  aséptica, complicaciones tromboembólicas,
  <effect gate:gateId="221" rule="Effect" Simplification="problemas en los huesos">osteoporosis</effect>
  ,
  <effect gate:gateId="222" rule="Effect" Simplification="adelgazamiento de la piel">adelgazamiento de la piel</effect>
  ,
  <effect gate:gateId="223" rule="Effect" Simplification="estrías">estrías</effect>
  ,
  <effect gate:gateId="224" rule="Effect" Simplification="acné">acné</effect>
  , cefaleas, vértigos,
  <effect gate:gateId="225" rule="Effect" Simplification="euforia">euforia</effect>
  ,
  <effect gate:gateId="226" rule="Effect" Simplification="insomnio">insomnio</effect>
  ,
  <effect gate:gateId="227" rule="Effect" Simplification="exceso de animo">hipomanía</effect>
  ,
  <effect gate:gateId="228" rule="Effect" Simplification="depresión">depresión</effect>
  , pseudo-
  <effect gate:gateId="229" rule="Effect" Simplification="tumor cerebral">tumor cerebral</effect>
  en niños,
  <effect gate:gateId="230" rule="Effect" Simplification="aumento de peso">aumento de peso</effect>
  con distribución cushingoide y
  <effect gate:gateId="231" rule="Effect" Simplification="cara de luna llena">cara de luna llena</effect>
  ,
  <effect gate:gateId="232" rule="Effect" Simplification="ausencia de la menstruación">amenorrea</effect>
  ,
  <effect gate:gateId="233" rule="Effect" Simplification="diabetes">diabetes mellitus</effect>
  , supresión del eje hipotálamo-hipófisis-adrenal, disminución del crecimiento en niños,
  <effect gate:gateId="234" rule="Effect" Simplification="catarata">cataratas</effect>
  subcapsulares posteriores, principalmente en niños, y aumento de la
  <effect gate:gateId="235" rule="Effect" Simplification="presión">presión</effect>
  intraocular.
</paragraph>
