<?xml version="1.0" encoding="UTF-8"?>
<paragraph xmlns:gate="http://www.gate.ac.uk" gate:gateId="0" gate:annotMaxId="458">
  TERAZOSINA HIDROCLORURO GENERALES Astenia 11'3%* Dolor de espalda 2'4% Cefalea 16'2% SISTEMA CARDIOVASCULAR Palpìtaciones 4'3%* Hipotensión postural 1'3% Síncope 1'0% Taquicardia 1'9% SISTEMA DIGESTIVO Náuseas 4'4%* TRASTORNOS METABÓLICOS/ NUTRICIONALES Edema 0'9% Edema periférico 5'5%* Aumento de peso 0'05% SISTEMA MÚSCULO-ESQUELÉTICO Dolor de extremidades 3'5% SISTEMA NERVIOSO Depresión 0'3% Mareo 19'3%* Disminución de la líbido 0'6% Nerviosismo 2'3% Parestesia 2'9% Somnolencia 5'4%* SISTEMA RESPIRATORIO Disnea 3'1% Congestión nasal 5'9%* Sinusitis 2'6% SENTIDOS Visión borrosa 1'6%* SISTEMA UROGENITAL Impotencia 1'2% * Estadísticamente significativo al nivel p=0'05 De todas estas reacciones adversas, las únicas que fueron significativamente más frecuentes (p&lt;0'05) para los pacientes que recibieron Terazosina hidrocloruro frente a los pacientes que recibieron placebo fueron:
  <effect gate:gateId="436" rule="Effect" Simplification="fatiga">astenia</effect>
  ,
  <effect gate:gateId="437" rule="Effect" Simplification="visión borrosa">visión borrosa</effect>
  ,
  <effect gate:gateId="438" rule="Effect" Simplification="mareo">mareo</effect>
  ,
  <effect gate:gateId="439" rule="Effect" Simplification="congestión nasal">congestión nasal</effect>
  ,
  <effect gate:gateId="440" rule="Effect" Simplification="náuseas">náuseas</effect>
  ,
  <effect gate:gateId="441" rule="Effect" Simplification="hinchazón en la pierna">edema periférico</effect>
  ,
  <effect gate:gateId="442" rule="Effect" Simplification="palpitaciones">palpitaciones</effect>
  y
  <effect gate:gateId="443" rule="Effect" Simplification="___">somnolencia.</effect>
  Hiperplasia benigna de próstata Las reacciones adversas que aparecieron durante los ensayos clínicos del producto fueron las siguientes: TERAZOSINA HIDROCLORURO GENERALES Astenia 7'4%* Cefalea 4'9% SISTEMA CARDIOVASCULAR Hipotensión 0'6% Palpìtaciones 0'9% Hipotensión postural 3'9%* Síncope 0'6% Taquicardia 0'3% SISTEMA DIGESTIVO Náuseas 1'7% TRASTORNOS METABÓLICOS/ NUTRICIONALES Edema periférico 0'9% Aumento de peso 0'5% SISTEMA NERVIOSO Mareo 9'1%* Disminución de la líbido 0'9% Somnolencia 3'6%* Vértigo 1'4% SISTEMA RESPIRATORIO Disnea 1'7% Congestión nasal/
  <effect gate:gateId="444" rule="Effect" Simplification="inflamación en las fosas nasales">rinitis</effect>
  1'9%* SENTIDOS Visión borrosa/
  <effect gate:gateId="445" rule="Effect" Simplification="disminución de la visión">ambliopía</effect>
  1'3% SISTEMA UROGENITAL Impotencia 1'6%* * p&lt;0'05 comparado con el grupo placebo Las reacciones adversas más frecuentes fueron
  <effect gate:gateId="446" rule="Effect" Simplification="mareo">mareo</effect>
  ,
  <effect gate:gateId="447" rule="Effect" Simplification="fatiga">astenia</effect>
  ,
  <effect gate:gateId="448" rule="Effect" Simplification="dolor de cabeza">cefalea</effect>
  ,
  <effect gate:gateId="449" rule="Effect" Simplification="presión sanguínea baja">hipotensión postural</effect>
  ,
  <effect gate:gateId="450" rule="Effect" Simplification="somnolencia">somnolencia</effect>
  ,
  <effect gate:gateId="451" rule="Effect" Simplification="congestión nasal">congestión nasal</effect>
  e
  <effect gate:gateId="452" rule="Effect" Simplification="impotencia">impotencia</effect>
  . Todas, excepto
  <effect gate:gateId="453" rule="Effect" Simplification="dolor de cabeza">cefalea</effect>
  , fueron significativamente (p&lt;0'05) más frecuentes que el placebo. Experiencia postcomercialización Tras su comercialización se ha informado de casos de
  <effect gate:gateId="454" rule="Effect" Simplification="problemas de coagulación">trombocitopenia</effect>
  . También se ha informado de casos de
  <effect gate:gateId="455" rule="Effect" Simplification="alteración en el ritmo cardiaco">fibrilación auricular</effect>
  ; sin embargo, no se ha establecido una relación causa-efecto. Al igual que ocurre con otros fármacos de este grupo se ha descrito la aparición de
  <effect gate:gateId="456" rule="Effect" Simplification="dolor en el pene">priapismo</effect>
  . Se ha descrito raramente la aparición de
  <effect gate:gateId="457" rule="Effect" Simplification="anafilaxia">anafilaxia</effect>
  .
</paragraph>
