<?xml version="1.0" encoding="UTF-8"?>
<paragraph xmlns:gate="http://www.gate.ac.uk" gate:gateId="0" gate:annotMaxId="795">
  Las reacciones adversas más frecuentemente descritas son las molestias gastrointestinales (
  <effect gate:gateId="755" rule="Effect" Simplification="dolor">dolor</effect>
  ,
  <effect gate:gateId="756" rule="Effect" Simplification="náuseas">náuseas</effect>
  y
  <effect gate:gateId="757" rule="Effect" Simplification="diarrea">diarrea</effect>
  ) que suelen ocurrir al comienzo del tratamiento aunque normalmente desaparecen a los pocos días de discontinuar el tratamiento. Puede tener lugar un incremento de peso. Por lo que el aumento del peso deberá estar estrechamente controlado, ya que puede ser un factor de riesgo en el síndrome del
  <effect gate:gateId="758" rule="Effect" Simplification="desequilibrio de hormonas femeninas">ovario poliquístico</effect>
  . Se han observado casos graves (e incluso fatales) de
  <effect gate:gateId="759" rule="Effect" Simplification="daño hepático">daño hepático</effect>
  , particularmente en niños tratados con dosis altas o en combinación con otros antiepilépticos. Las reacciones adversas se presentan agrupadas según su frecuencia (muy frecuentes: &gt;1/10; frecuentes: &gt;1/100 a &lt;1/
  <effect gate:gateId="760" rule="Effect" Simplification="..">l</effect>
  0; poco frecuentes: &gt;1/1,000 a &lt;1/100; raras: &gt;1/10,000 a &lt;1/1,000; muy raras: &lt;1/100,000 ) y según la clasificación de órganos y sistemas, por orden decreciente de gravedad: Trastornos de la sangre y del sistema linfático: Frecuentes:
  <effect gate:gateId="761" rule="Effect" Simplification="problemas de coagulación">trombocitopenia</effect>
  Raras:
  <effect gate:gateId="762" rule="Effect" Simplification="anemia">anemia</effect>
  ,
  <effect gate:gateId="763" rule="Effect" Simplification="disminución de leucocitos en la sangre">leucopenia</effect>
  o
  <effect gate:gateId="764" rule="Effect" Simplification="problemas en la sangre">pancitopenia</effect>
  Muy raras: se ha descrito reducción del fibrinógeno o incremento del tiempo de sangría, habitualmente sin signos clínicos asociados y particularmente con dosis elevadas (valproato sódico posee un efecto inhibidor sobre la segunda fase de la agregación plaquetaria) (ver epígrafe 4.6. "Embarazo y Lactancia"). Trastornos del sistema inmunológico: reacciones alérgicas. Trastornos del metabolismo y de la nutrición: Frecuentes: incremento de peso. Muy raras:
  <effect gate:gateId="765" rule="Effect" Simplification="problemas en la sangre">hiponatremia</effect>
  Trastornos del sistema
  <effect gate:gateId="766" rule="Effect" Simplification="nervioso">nervioso</effect>
  : Poco frecuentes:
  <effect gate:gateId="767" rule="Effect" Simplification="descoordinación muscular">ataxia</effect>
  Muy raras: Demencia reversible asociada a
  <effect gate:gateId="768" rule="Effect" Simplification="podo desarrollo en el cerebro">atrofia cerebral</effect>
  reversible,
  <effect gate:gateId="769" rule="Effect" Simplification=" parkinson">parkinsonismo</effect>
  reversible aislado,
  <effect gate:gateId="770" rule="Effect" Simplification="enfermedad en el cerebro">encefalopatía</effect>
  *1,
  <effect gate:gateId="771" rule="Effect" Simplification="temblor postural">temblor postural</effect>
  fino y
  <effect gate:gateId="772" rule="Effect" Simplification="somnolencia">somnolencia</effect>
  (transitorios y/o relacionados con la dosis), hiperamoniemia aislada y moderada*2,
  <effect gate:gateId="773" rule="Effect" Simplification="hiperactividad">hiperactividad</effect>
  o
  <effect gate:gateId="774" rule="Effect" Simplification="irritabilidad">irritabilidad</effect>
  (sobre todo en niños al inicio del tratamiento). *1 Confusión; en el curso del tratamiento con valproato sódico se han descrito unos pocos casos de
  <effect gate:gateId="775" rule="Effect" Simplification="estupor">estupor</effect>
  o
  <effect gate:gateId="776" rule="Effect" Simplification="letargico">letargia</effect>
  , que han conducido en ocasiones a
  <effect gate:gateId="777" rule="Effect" Simplification="coma">coma</effect>
  transitorio (
  <effect gate:gateId="778" rule="Effect" Simplification="enfermedad en el cerebro">encefalopatía</effect>
  ); se trataba de casos aislados o asociados a un aumento de la aparición de
  <effect gate:gateId="779" rule="Effect" Simplification="convulsiones epilépticas">crisis convulsivas</effect>
  durante el tratamiento, atenuándose tras la suspensión del tratamiento o la reducción de la dosis. Estos casos han sido descritos con frecuencia máxima con un tratamiento de combinación (en particular con
  <drug gate:gateId="780" rule="Drug">fenobarbital</drug>
  ) o tras un incremento súbito de las dosis de valproato. *2 Casos de hiperamoniemia aislada y moderada, que no se acompaña de alteraciones en las pruebas de función hepática, y que no debe ser motivo para suspender el tratamiento. Asimismo, se ha comunicado hiperamoniemia asociada a
  <effect gate:gateId="781" rule="Effect" Simplification="síntomas neurológicos">síntomas neurológicos</effect>
  . En estos casos, debe considerarse la realización de exploraciones adicionales (ver epígrafe 4.4. "Advertencias y precauciones especiales de empleo"). Trastornos del oído y laberinto: Raras:
  <effect gate:gateId="782" rule="Effect" Simplification="pérdida de audición">pérdida de audición</effect>
  , tanto reversibles como irreversibles; sin embargo, no ha podido determinarse la relación causa / efecto. Trastornos vasculares: vasculitis Trastornos gastrointestinales: Muy frecuentes:
  <effect gate:gateId="783" rule="Effect" Simplification="dolor">dolor</effect>
  ,
  <effect gate:gateId="784" rule="Effect" Simplification="náuseas">náuseas</effect>
  ,
  <effect gate:gateId="785" rule="Effect" Simplification="___">diarrea.</effect>
  Muy raros:
  <effect gate:gateId="786" rule="Effect" Simplification="pancreatitis">pancreatitis</effect>
  que puede llegar a ser fatal. (ver 4.4. "Advertencias y precauciones especiales de empleo"). Trastornos hepatobiliares: Frecuentes: cambios en test hepáticos. Poco frecuentes: disfunción hepática (ver epígrafe 4.4. "Advertencias y precauciones especiales de empleo"). Trastornos de la piel y del tejido subcutáneo: Muy raras:
  <effect gate:gateId="787" rule="Effect" Simplification="enfermedad de la piel">necrolisis epidérmica tóxica</effect>
  , síndrome de Stevens-Johnson y
  <effect gate:gateId="788" rule="Effect" Simplification="múltiples manchas rojas">eritema multiforme</effect>
  . Pueden aparecer reacciones cutáneas de tipo
  <effect gate:gateId="789" rule="Effect" Simplification="inflamación">erupción</effect>
  exantematosa. Frecuentes:
  <effect gate:gateId="790" rule="Effect" Simplification="pérdida de cabello ">alopecia</effect>
  (transitorios y/o relacionados con la dosis). Trastornos renales y urinarios Muy raras:
  <effect gate:gateId="791" rule="Effect" Simplification="mojar la cama">enuresis</effect>
  , síndrome de Fanconi (reversible asociado al tratamiento con valproato. Sin embargo, el mecanismo de acción sigue siendo desconocido). Trastornos del aparato reproductor y de la mama:
  <effect gate:gateId="792" rule="Effect" Simplification="ausencia de la menstruación">amenorrea</effect>
  y
  <effect gate:gateId="793" rule="Effect" Simplification="menstruaciones irregulares">menstruaciones irregulares</effect>
  . Trastornos generales y alteraciones en el lugar de administración: Muy raras:
  <effect gate:gateId="794" rule="Effect" Simplification="hinchazón en la pierna">edema periférico</effect>
  de poca gravedad.
</paragraph>
