<?xml version="1.0" encoding="UTF-8"?>
<paragraph xmlns:gate="http://www.gate.ac.uk" gate:gateId="0" gate:annotMaxId="448">
  El perfil toxicológico de este fármaco es similar al del resto de analgésicos opiáceos. En la mayoría de los casos, los efectos adversos son una prolongación de la acción farmacológica y afectan principalmente al sistema
  <effect gate:gateId="401" rule="Effect" Simplification="nervioso">nervioso</effect>
  central y a los aparatos digestivo y respiratorio. Los efectos adversos notificados durante la comercialización se han clasificado por órgano-sistema y son los siguientes: Frecuentes (&gt;1/100, &lt;1/10): Trastornos generales y alteraciones en el lugar de administración:
  <effect gate:gateId="402" rule="Effect" Simplification="tolerancia">tolerancia</effect>
  (en tratamientos prolongados) Trastornos psiquiátricos:
  <effect gate:gateId="403" rule="Effect" Simplification="desorientación">desorientación</effect>
  ,
  <effect gate:gateId="404" rule="Effect" Simplification="euforia">euforia</effect>
  ,
  <effect gate:gateId="405" rule="Effect" Simplification="agitación">agitación</effect>
  , alteraciones del humor,
  <effect gate:gateId="406" rule="Effect" Simplification="ansiedad">ansiedad</effect>
  ,
  <effect gate:gateId="407" rule="Effect" Simplification="depresión">depresión</effect>
  e
  <effect gate:gateId="408" rule="Effect" Simplification="insomnio">insomnio</effect>
  . Trastornos del sistema
  <effect gate:gateId="409" rule="Effect" Simplification="nervioso">nervioso</effect>
  :
  <effect gate:gateId="410" rule="Effect" Simplification="somnolencia">somnolencia</effect>
  Trastornos gastrointestinales:
  <effect gate:gateId="411" rule="Effect" Simplification="náuseas">náuseas</effect>
  ,
  <effect gate:gateId="412" rule="Effect" Simplification="vómitos">vómitos</effect>
  ,
  <effect gate:gateId="413" rule="Effect" Simplification="estreñimiento">estreñimiento</effect>
  Trastornos renales y urinarios:
  <effect gate:gateId="414" rule="Effect" Simplification="retención urinaria">retención urinaria</effect>
  . Poco frecuentes (&gt;1/1.000, &lt;1/100): Trastornos del sistema
  <effect gate:gateId="415" rule="Effect" Simplification="nervioso">nervioso</effect>
  :
  <effect gate:gateId="416" rule="Effect" Simplification="temblor">temblores</effect>
  Trastornos oculares:
  <effect gate:gateId="417" rule="Effect" Simplification="visión borrosa">visión borrosa</effect>
  ,
  <effect gate:gateId="418" rule="Effect" Simplification="visión doble">diplopía</effect>
  , nistagmo y
  <effect gate:gateId="419" rule="Effect" Simplification="disminución de pupililla del ojo">miosis</effect>
  Trastornos cardíacos:
  <effect gate:gateId="420" rule="Effect" Simplification="alteración del ritmo cardíaco">taquicardia</effect>
  ,
  <effect gate:gateId="421" rule="Effect" Simplification="anomalía cardiaca">bradicardia</effect>
  y parada cardíaca Trastornos vasculares:
  <effect gate:gateId="422" rule="Effect" Simplification="presión arterial alta">hipertensión</effect>
  ,
  <effect gate:gateId="423" rule="Effect" Simplification="presión arterial baja">hipotensión</effect>
  ,
  <effect gate:gateId="424" rule="Effect" Simplification="colapso">colapso</effect>
  Trastornos respiratorios, torácicos y mediastínicos:
  <effect gate:gateId="425" rule="Effect" Simplification="problemas para respirar">espasmo de laringe</effect>
  Trastornos gastrointestinales:
  <effect gate:gateId="426" rule="Effect" Simplification="sequedad de boca">sequedad de boca</effect>
  ,
  <effect gate:gateId="427" rule="Effect" Simplification="diarrea">diarrea</effect>
  y
  <effect gate:gateId="428" rule="Effect" Simplification="calambres abdominales">calambres abdominales</effect>
  Trastornos hepatobiliares:
  <effect gate:gateId="429" rule="Effect" Simplification="piel amarrilla">ictericia</effect>
  reversible, incluída la
  <effect gate:gateId="430" rule="Effect" Simplification="problemas en los conductos biliares">ictericia colestática</effect>
  Trastornos de la piel y del tejido subcutáneo:
  <effect gate:gateId="431" rule="Effect" Simplification=" sudoración ">sudoración</effect>
  ,
  <effect gate:gateId="432" rule="Effect" Simplification="picazón">prurito</effect>
  Exploraciones complementarias: incremento en las determinaciones de los valores de las transaminasas [ALT y AST], fosfatasa alcalina, bilirrubina, retención de bromosulftaleína,
  <drug gate:gateId="433" rule="Drug">carbamazepina</drug>
  , gamma glutamiltransferasa (GGT), lactato deshidrogenasa (LDH),
  <drug gate:gateId="434" rule="Drug">fenobarbital</drug>
  ,
  <drug gate:gateId="435" rule="Drug">fenitoína</drug>
  y descenso de glucosa. Raras (&gt;1/10.000, &lt;1/1.000): Trastornos psiquiátricos:
  <effect gate:gateId="436" rule="Effect" Simplification="alucinaciones">alucinaciones</effect>
  , disminución de la libido Trastornos del sistema
  <effect gate:gateId="437" rule="Effect" Simplification="nervioso">nervioso</effect>
  :
  <effect gate:gateId="438" rule="Effect" Simplification="dolor de cabeza">cefalea</effect>
  ,
  <effect gate:gateId="439" rule="Effect" Simplification="ataque">convulsiones</effect>
  ,
  <effect gate:gateId="440" rule="Effect" Simplification="incremento presión intracraneal">hipertensión intracraneal</effect>
  y alteraciones del gusto Trastornos respiratorios, torácicos y mediastínicos:
  <effect gate:gateId="441" rule="Effect" Simplification="depresión respiratoria">depresión respiratoria</effect>
  y
  <effect gate:gateId="442" rule="Effect" Simplification="interrupción de la respiración">apnea</effect>
  Trastornos de la piel y del tejido subcutáneo:
  <effect gate:gateId="443" rule="Effect" Simplification="urticaria">urticaria</effect>
  , erupciones exantemáticas y
  <effect gate:gateId="444" rule="Effect" Simplification="dermatitis de contacto">dermatitis de contacto</effect>
  Trastornos musculoesqueléticos y del tejido conjuntivo:
  <effect gate:gateId="445" rule="Effect" Simplification="rigidez muscular">rigidez muscular</effect>
  Trastornos del aparato reproductor y de la mama:
  <effect gate:gateId="446" rule="Effect" Simplification="impotencia">impotencia</effect>
  Trastornos generales y alteraciones en el lugar de administración:
  <effect gate:gateId="447" rule="Effect" Simplification="hinchazón">edema</effect>
  .
</paragraph>
