<?xml version="1.0" encoding="UTF-8"?>
<paragraph xmlns:gate="http://www.gate.ac.uk" gate:gateId="0" gate:annotMaxId="380">
  Debido a su efecto farmacológico,
  <drug gate:gateId="358" rule="Drug">tolterodina</drug>
  puede producir efectos antimuscarínicos leves a moderados, como
  <effect gate:gateId="359" rule="Effect" Simplification="sequedad de boca">sequedad de boca</effect>
  ,
  <effect gate:gateId="360" rule="Effect" Simplification="enfermedades del estómago ">dispepsia</effect>
  y
  <effect gate:gateId="361" rule="Effect" Simplification="sequedad">sequedad</effect>
  ocular. En la tabla siguiente se muestran los datos obtenidos en los ensayos clínicos con Detrusitol, así como los procedentes de la experiencia post-comercialización. La
  <effect gate:gateId="362" rule="Effect" Simplification="alergia ">reacción adversa</effect>
  más frecuentemente notificada fue
  <effect gate:gateId="363" rule="Effect" Simplification="sequedad de boca">sequedad de boca</effect>
  , que tuvo lugar en un 35 % de los pacientes tratados con los comprimidos de Detrusitol y en un 10% de los pacientes tratados con placebo. El
  <effect gate:gateId="364" rule="Effect" Simplification="dolor de cabeza">dolor de cabeza</effect>
  también fue notificado de manera muy frecuente y tuvo lugar en un 10,1% en el caso de los pacientes tratados con Detrusitol y en un 7,4% en los pacientes tratados con placebo. Poco frecuente Desconocido (no Infecciones e infestaciones Bronquitis Trastornos del sistema Hipersensibilidad (no Reacciones inmunológico Trastornos psiquiátricos Trastornos del sistema
  <effect gate:gateId="365" rule="Effect" Simplification="nervioso">nervioso</effect>
  Mareos,
  <effect gate:gateId="366" rule="Effect" Simplification="somnolencia">somnolencia</effect>
  , Trastornos de la vista Sequedad ocular, Trastornos del oído y del Vértigo laberinto Trastornos cardiacos Palpitaciones Taquicardia, Trastornos vasculares Rubefacción Trastornos gastrointestinales Dispepsia, Reflujo gastroesofágico Trastornos de la piel y tejido Sequedad de la piel Angioedema subcutáneo Trastornos renales y urinarios Disuria, retención Trastornos generales y Cansancio,
  <effect gate:gateId="367" rule="Effect" Simplification="dolor">dolor</effect>
  de alteraciones en el lugar de pecho,
  <effect gate:gateId="368" rule="Effect" Simplification="hinchazón">edema</effect>
  administración periférico Exploraciones complementarias Aumento de peso Pacientes pediátricos En dos estudios pediátricos en fase III aleatorizados, doble
  <effect gate:gateId="369" rule="Effect" Simplification="ciego">ciego</effect>
  , controlados con placebo, de 12 semanas de duración, en el que se incluyeron un total de 710 pacientes pediátricos, la proporción de pacientes con
  <effect gate:gateId="370" rule="Effect" Simplification="infecciones">infecciones</effect>
  del tracto urinario,
  <effect gate:gateId="371" rule="Effect" Simplification="diarrea">diarrea</effect>
  y
  <effect gate:gateId="372" rule="Effect" Simplification="comportamiento anormal">comportamiento anormal</effect>
  fue mayor en los pacientes tratados con
  <drug gate:gateId="373" rule="Drug">tolterodina</drug>
  que en los tratados con placebo (
  <effect gate:gateId="374" rule="Effect" Simplification="infecciones">infecciones</effect>
  del tracto urinario:
  <drug gate:gateId="375" rule="Drug">tolterodina</drug>
  6,8%; placebo: 3,6%,
  <effect gate:gateId="376" rule="Effect" Simplification="diarrea">diarrea</effect>
  :
  <drug gate:gateId="377" rule="Drug">tolterodina</drug>
  3,3%; placebo: 0,9%,
  <effect gate:gateId="378" rule="Effect" Simplification="comportamiento anormal">comportamiento anormal</effect>
  :
  <drug gate:gateId="379" rule="Drug">tolterodina</drug>
  1,6%; placebo: 0,4%) (ver sección 5.1).
</paragraph>
