<?xml version="1.0" encoding="UTF-8"?>
<paragraph xmlns:gate="http://www.gate.ac.uk" gate:gateId="0" gate:annotMaxId="313">
  Trastornos de la sangre y del sistema linfático Raros: las alteraciones hematológicas (
  <effect gate:gateId="286" rule="Effect" Simplification="problemas de coagulación">trombocitopenia</effect>
  ,
  <effect gate:gateId="287" rule="Effect" Simplification="disminución de leucocitos en la sangre">leucopenia</effect>
  ,
  <effect gate:gateId="288" rule="Effect" Simplification="problemas en la sangre">eritrocitopenia</effect>
  ,
  <effect gate:gateId="289" rule="Effect" Simplification="problemas sistema inmune">granulocitopenia</effect>
  ,
  <effect gate:gateId="290" rule="Effect" Simplification="poca producción de defensas en la sangre">agranulocitosis</effect>
  ,
  <effect gate:gateId="291" rule="Effect" Simplification="anemia">anemia hemolítica</effect>
  ,
  <effect gate:gateId="292" rule="Effect" Simplification="problemas en la sangre">pancitopenia</effect>
  ) habitualmente son reversibles tras la interrupción de la medicación. Trastornos del sistema inmunológico En casos muy raros las reacciones leves de
  <effect gate:gateId="293" rule="Effect" Simplification="alergia">hipersensibilidad</effect>
  pueden progresar a reacciones graves con
  <effect gate:gateId="294" rule="Effect" Simplification="jadeo">disnea</effect>
  ,
  <effect gate:gateId="295" rule="Effect" Simplification="presión arterial baja">hipotensión</effect>
  y en ocasiones
  <effect gate:gateId="296" rule="Effect" Simplification="shock">shock</effect>
  . Muy raro:
  <effect gate:gateId="297" rule="Effect" Simplification="inflamación de los vasos sanguíneos">vasculitis alérgica</effect>
  . Alergia cruzada con sulfonilureas, sulfonamidas o sustancias relacionadas Trastornos del metabolismo y de la nutrición Raros:
  <effect gate:gateId="298" rule="Effect" Simplification="poca azúcar en la sangre">hipoglucemia</effect>
  Estas reacciones aparecen generalmente de manera inmediata, pueden ser graves y no siempre fáciles de corregir. La aparición de dichas reacciones depende, al igual que con otras terapias hipoglucemiantes, de factores individuales tales como los hábitos dietéticos y la dosificación (ver apartado 4.4). Trastornos oculares Pueden ocurrir
  <effect gate:gateId="299" rule="Effect" Simplification="trastornos visuales">trastornos visuales</effect>
  transitorios, especialmente, al inicio del tratamiento, por variaciones de la glucemia Trastornos gastrointestinales Muy raros:
  <effect gate:gateId="300" rule="Effect" Simplification="náuseas">náuseas</effect>
  ,
  <effect gate:gateId="301" rule="Effect" Simplification="vómitos">vómitos</effect>
  ,
  <effect gate:gateId="302" rule="Effect" Simplification="diarrea">diarrea</effect>
  , sensación de plenitud gástrica,
  <effect gate:gateId="303" rule="Effect" Simplification="dolor abdominal">dolor abdominal</effect>
  Estas molestias raramente llevan a la interrupción del tratamiento. Trastornos hepatobiliares Elevación de las enzimas hepáticas Muy raros: deterioro de la función hepática (p. ej.,
  <effect gate:gateId="304" rule="Effect" Simplification="anomalía en el flujo de la bilis">colestasis</effect>
  e
  <effect gate:gateId="305" rule="Effect" Simplification="piel amarrilla">ictericia</effect>
  ),
  <effect gate:gateId="306" rule="Effect" Simplification="hepatitis">hepatitis</effect>
  ,
  <effect gate:gateId="307" rule="Effect" Simplification="insuficiencia hepática">insuficiencia hepática</effect>
  Trastornos de la piel y del tejido subcutáneo Reacciones de
  <effect gate:gateId="308" rule="Effect" Simplification="alergia">hipersensibilidad</effect>
  cutánea como
  <effect gate:gateId="309" rule="Effect" Simplification="picazón">prurito</effect>
  ,
  <effect gate:gateId="310" rule="Effect" Simplification="alteración de la piel">rash</effect>
  y
  <effect gate:gateId="311" rule="Effect" Simplification="urticaria">urticaria</effect>
  Muy raros:
  <effect gate:gateId="312" rule="Effect" Simplification="intolerancia a la luz">fotosensibilidad</effect>
  Resultados analíticos Muy raros: reducción de las concentraciones séricas de sodio
</paragraph>
