<?xml version="1.0" encoding="UTF-8"?>
<paragraph xmlns:gate="http://www.gate.ac.uk" gate:gateId="0" gate:annotMaxId="228">
  Trastornos metabolismo y nutrición Cuando se utiliza en combinación con otros tratamientos antidiabéticos (sulfonilureas e insulina), se ha descrito frecuentemente
  <effect gate:gateId="218" rule="Effect" Simplification="poca azúcar en la sangre">hipoglucemia</effect>
  (ver sección 4.4). Trastornos gastrointestinales Debido a su modo de acción,
  <drug gate:gateId="219" rule="Drug">miglitol</drug>
  puede dar lugar a una mayor proporción de carbohidratos no digeridos que pasan al intestino grueso. Estos carbohidratos pueden ser utilizados también por la flora intestinal, produciendo un aumento de la formación de
  <effect gate:gateId="220" rule="Effect" Simplification="gas">gas</effect>
  intestinal. Por tanto, la mayoría de pacientes presentan probablemente uno o más síntomas gastrointestinales. Muy frecuentes:
  <effect gate:gateId="221" rule="Effect" Simplification="flatulencia">flatulencia</effect>
  ,
  <effect gate:gateId="222" rule="Effect" Simplification="diarrea">diarrea</effect>
  y
  <effect gate:gateId="223" rule="Effect" Simplification="dolor abdominal">dolor abdominal</effect>
  . Frecuentes:
  <effect gate:gateId="224" rule="Effect" Simplification="náuseas">náuseas</effect>
  ,
  <effect gate:gateId="225" rule="Effect" Simplification="estreñimiento">estreñimiento</effect>
  y
  <effect gate:gateId="226" rule="Effect" Simplification="enfermedades del estómago ">dispepsia</effect>
  . Los síntomas, tienen relación tanto con la dosis como con el substrato alimenticio y puede que disminuyan con el tratamiento continuado. Los síntomas pueden reducirse siguiendo la dieta para diabéticos prescrita y evitando el consumo de sacarosa o productos alimenticios que contengan azúcar. Si los síntomas son mal tolerados, se recomienda reducir la dosificación. Si la
  <effect gate:gateId="227" rule="Effect" Simplification="diarrea">diarrea</effect>
  persiste, los pacientes serán estrechamente monitorizados. La dosis se reducirá y eventualmente, si es necesario, se interrumpirá el tratamiento.
</paragraph>
