<?xml version="1.0" encoding="UTF-8"?>
<paragraph xmlns:gate="http://www.gate.ac.uk" gate:gateId="0" gate:annotMaxId="540">
  Las reacciones adversas observadas durante el tratamiento con elcatonina son similares a las citadas tras la administración de la calcitonina de salmón. Estimación de frecuencias: Muy frecuentes (&gt;1/10); frecuentes (&gt;1/100, &lt;1/10); poco frecuentes (&gt;1/1.000, &lt;1/100); raras (&gt;1/10.000, &lt;1/1.000); muy raras (&lt;1/10.000), casos aislados. Trastornos gastrointestinales Frecuentes:
  <effect gate:gateId="494" rule="Effect" Simplification="náuseas">náuseas</effect>
  ,
  <effect gate:gateId="495" rule="Effect" Simplification="diarrea">diarrea</effect>
  ,
  <effect gate:gateId="496" rule="Effect" Simplification="dolor abdominal">dolor abdominal</effect>
  . Poco frecuentes:
  <effect gate:gateId="497" rule="Effect" Simplification="___">vómitos.</effect>
  Trastornos vasculares Frecuentes:
  <effect gate:gateId="498" rule="Effect" Simplification="___">rubor.</effect>
  Poco frecuentes:
  <effect gate:gateId="499" rule="Effect" Simplification="presión arterial alta">hipertensión</effect>
  . Trastornos respiratorios Muy frecuentes:
  <effect gate:gateId="500" rule="Effect" Simplification="inflamación en las fosas nasales">rinitis</effect>
  (incluyendo
  <effect gate:gateId="501" rule="Effect" Simplification="sequedad nasal">sequedad nasal</effect>
  ,
  <effect gate:gateId="502" rule="Effect" Simplification="hinchazón en la nariz">edema nasal</effect>
  ,
  <effect gate:gateId="503" rule="Effect" Simplification="congestión nasal">congestión nasal</effect>
  ,
  <effect gate:gateId="504" rule="Effect" Simplification="estornudos">estornudos</effect>
  ,
  <effect gate:gateId="505" rule="Effect" Simplification="alergia">rinitis alérgica</effect>
  ), síntomas nasales inespecíficos (p.ej.
  <effect gate:gateId="506" rule="Effect" Simplification="irritación">irritación</effect>
  del conducto nasal,
  <effect gate:gateId="507" rule="Effect" Simplification="alteración de la piel">rash</effect>
  papular,
  <effect gate:gateId="508" rule="Effect" Simplification="parosmia">parosmia</effect>
  ,
  <effect gate:gateId="509" rule="Effect" Simplification="enrojecimiento">eritema</effect>
  , abrasión). Frecuentes:
  <effect gate:gateId="510" rule="Effect" Simplification="inflamación en las fosas nasales">rinitis</effect>
  ulcerativa,
  <effect gate:gateId="511" rule="Effect" Simplification="inflamación nasal">sinusitis</effect>
  ,
  <effect gate:gateId="512" rule="Effect" Simplification="sangrado nasal">epistaxis</effect>
  ,
  <effect gate:gateId="513" rule="Effect" Simplification="faringitis">faringitis</effect>
  . Poco frecuentes:
  <effect gate:gateId="514" rule="Effect" Simplification="___">tos.</effect>
  Estos efectos son generalmente moderados (en aprox. 80% de los informes) y requieren la interrupción del tratamiento en menos del 5% de los casos. Trastornos del sistema
  <effect gate:gateId="515" rule="Effect" Simplification="nervioso">nervioso</effect>
  Frecuentes: vértigos,
  <effect gate:gateId="516" rule="Effect" Simplification="dolor de cabeza">cefalea</effect>
  ,
  <effect gate:gateId="517" rule="Effect" Simplification="mal sabor">disgeusia</effect>
  . Trastornos de los sentidos Poco frecuentes: alteración de la visión. Trastornos del tejido de la piel y subcutáneos Poco frecuentes:
  <effect gate:gateId="518" rule="Effect" Simplification="hinchazón">edema</effect>
  (
  <effect gate:gateId="519" rule="Effect" Simplification="hinchazón">edema</effect>
  facial,
  <effect gate:gateId="520" rule="Effect" Simplification="hinchazón en la pierna">edema periférico</effect>
  y
  <effect gate:gateId="521" rule="Effect" Simplification="hinchazón generalizada">anasarca</effect>
  ). Trastornos musculoesqueléticos Frecuentes:
  <effect gate:gateId="522" rule="Effect" Simplification="dolor musculoesquelético">dolor musculoesquelético</effect>
  . Poco frecuentes:
  <effect gate:gateId="523" rule="Effect" Simplification="dolor articular">artralgia</effect>
  . Trastornos del sistema inmunitario Nada frecuentes: reacciones de
  <effect gate:gateId="524" rule="Effect" Simplification="alergia">hipersensibilidad</effect>
  tales como reacciones cutáneas generalizadas,
  <effect gate:gateId="525" rule="Effect" Simplification="rubor">rubor</effect>
  ,
  <effect gate:gateId="526" rule="Effect" Simplification="hinchazón">edema</effect>
  (
  <effect gate:gateId="527" rule="Effect" Simplification="hinchazón">edema</effect>
  facial,
  <effect gate:gateId="528" rule="Effect" Simplification="hinchazón en la pierna">edema periférico</effect>
  y
  <effect gate:gateId="529" rule="Effect" Simplification="hinchazón generalizada">anasarca</effect>
  ),
  <effect gate:gateId="530" rule="Effect" Simplification="presión arterial alta">hipertensión</effect>
  ,
  <effect gate:gateId="531" rule="Effect" Simplification="dolor articular">artralgia</effect>
  y
  <effect gate:gateId="532" rule="Effect" Simplification="picazón">prurito</effect>
  . Muy raras: reacciones alérgicas y reacciones de tipo anafilactoide tales como
  <effect gate:gateId="533" rule="Effect" Simplification="alteración del ritmo cardíaco">taquicardia</effect>
  ,
  <effect gate:gateId="534" rule="Effect" Simplification="presión arterial baja">hipotensión</effect>
  ,
  <effect gate:gateId="535" rule="Effect" Simplification="colapso">colapso circulatorio</effect>
  y
  <effect gate:gateId="536" rule="Effect" Simplification="reacción alérgica mortal">shock anafiláctico</effect>
  . Investigaciones Raras: desarrollo de anticuerpos neutralizadores de la calcitonina. El desarrollo de estos anticuerpos no está, por lo general, relacionado con la pérdida de eficacia clínica, aunque su presencia en un pequeño porcentaje de pacientes tras una terapia a largo plazo con dosis altas de calcitonina podría dar como resultado una disminución en la respuesta al producto. La presencia de anticuerpos parece no tener relación con las reacciones alérgicas, que son raras. El descenso de regulación del receptor de calcitonina podría dar como resultado una respuesta clínica reducida en un pequeño porcentaje de pacientes tras una terapia a largo plazo con dosis altas. Trastornos generales Frecuentes:
  <effect gate:gateId="537" rule="Effect" Simplification="___">fatiga.</effect>
  Poco frecuentes:
  <effect gate:gateId="538" rule="Effect" Simplification="enfermedad">enfermedad</effect>
  que se asemeja al
  <effect gate:gateId="539" rule="Effect" Simplification="gripe">síndrome gripal</effect>
  .
</paragraph>
