<?xml version="1.0" encoding="UTF-8"?>
<paragraph xmlns:gate="http://www.gate.ac.uk" gate:gateId="0" gate:annotMaxId="142">
  Puede desarrollarse una
  <effect gate:gateId="131" rule="Effect" Simplification="tipo de pérdida de memoria">amnesia anterógrada</effect>
  al utilizar dosis terapéuticas, siendo mayor el riesgo al incrementar la dosis. Los efectos amnésicos pueden asociarse a conductas inadecuadas (ver apartado 4.4 "Advertencias y precauciones especiales de empleo"). Depresión La utilización de benzodiazepinas puede desenmascarar una
  <effect gate:gateId="132" rule="Effect" Simplification="depresión">depresión</effect>
  pre- existente. Reacciones psiquiátricas y paradójicas Al utilizar benzodiazepinas o compuestos similares, pueden aparecer reacciones tales como
  <effect gate:gateId="133" rule="Effect" Simplification="intranquilidad">intranquilidad</effect>
  ,
  <effect gate:gateId="134" rule="Effect" Simplification="agitación">agitación</effect>
  ,
  <effect gate:gateId="135" rule="Effect" Simplification="irritabilidad">irritabilidad</effect>
  ,
  <effect gate:gateId="136" rule="Effect" Simplification="agresividad">agresividad</effect>
  ,
  <effect gate:gateId="137" rule="Effect" Simplification="delirio">delirio</effect>
  , ataques de
  <effect gate:gateId="138" rule="Effect" Simplification="ira">ira</effect>
  ,
  <effect gate:gateId="139" rule="Effect" Simplification="pesadillas">pesadillas</effect>
  ,
  <effect gate:gateId="140" rule="Effect" Simplification="alucinaciones">alucinaciones</effect>
  ,
  <effect gate:gateId="141" rule="Effect" Simplification="psicótico">psicosis</effect>
  , comportamiento inadecuado y otras alteraciones de la conducta. Dichas reacciones pueden ser severas y aparecen más frecuentemente en niños y ancianos. MINISTERIO Dependencia
</paragraph>
