<?xml version="1.0" encoding="UTF-8"?>
<paragraph xmlns:gate="http://www.gate.ac.uk" gate:gateId="0" gate:annotMaxId="423">
  Generales: La inducción anestésica suele ser suave y con evidencia mínima de
  <effect gate:gateId="396" rule="Effect" Simplification="excitación">excitación</effect>
  . Durante la inducción se han observado descensos de la
  <effect gate:gateId="397" rule="Effect" Simplification="presión">presión</effect>
  arterial y
  <effect gate:gateId="398" rule="Effect" Simplification="interrupción de la respiración">apnea</effect>
  transitoria, dependiendo de la dosis y del uso de premedicaciones y de otros agentes. Excepcionalmente, la
  <effect gate:gateId="399" rule="Effect" Simplification="presión arterial baja">hipotensión</effect>
  puede necesitar el uso de fluidos intravenosos, así como una reducción de la velocidad de administración de DIPRIVAN durante el período de mantenimiento anestésico. Durante la fase de recuperación, pueden presentarse
  <effect gate:gateId="400" rule="Effect" Simplification="náuseas">náuseas</effect>
  ,
  <effect gate:gateId="401" rule="Effect" Simplification="vómitos">vómitos</effect>
  y
  <effect gate:gateId="402" rule="Effect" Simplification="dolor de cabeza">cefalea</effect>
  en una pequeña proporción de pacientes. Muy raramente se ha informado de rabdomiólisis,
  <effect gate:gateId="403" rule="Effect" Simplification="acidez en la sangre">acidosis metabólica</effect>
  , hiperkalemia o
  <effect gate:gateId="404" rule="Effect" Simplification="insuficiencia cardiaca">insuficiencia cardiaca</effect>
  , en ocasiones mortales, cuando se han administrado dosis de DIPRIVAN superiores a 4 mg/kg/h para
  <effect gate:gateId="405" rule="Effect" Simplification="sedación">sedación</effect>
  en cuidados intensivos (ver "Advertencias y precauciones especiales de empleo", en el apartado 4.4.). Durante la inducción, mantenimiento y recuperación, raramente se han producido movimientos epileptiformes, incluyendo
  <effect gate:gateId="406" rule="Effect" Simplification="afección en la postura corporal">opistótonos</effect>
  y
  <effect gate:gateId="407" rule="Effect" Simplification="___">convulsiones.</effect>
  Después de la administración de DIPRIVAN, raramente se produce una
  <effect gate:gateId="408" rule="Effect" Simplification="reacción alérgica">reacción anafiláctica</effect>
  que incluya
  <effect gate:gateId="409" rule="Effect" Simplification="hinchazón debajo de la piel">angioedema</effect>
  ,
  <effect gate:gateId="410" rule="Effect" Simplification="trastornos de los bronquios">broncoespasmo</effect>
  ,
  <effect gate:gateId="411" rule="Effect" Simplification="enrojecimiento">eritema</effect>
  e
  <effect gate:gateId="412" rule="Effect" Simplification="presión arterial baja">hipotensión</effect>
  . Se ha observado
  <effect gate:gateId="413" rule="Effect" Simplification="hinchazón en los pulmones">edema pulmonar</effect>
  ,
  <effect gate:gateId="414" rule="Effect" Simplification="parada cardiaca">asistolia</effect>
  ,
  <effect gate:gateId="415" rule="Effect" Simplification="anomalía cardiaca">bradicardia</effect>
  y han sido reportados casos de
  <effect gate:gateId="416" rule="Effect" Simplification="fiebre">fiebre</effect>
  post-quirúrgica. Como con otros anestésicos, puede presentarse
  <effect gate:gateId="417" rule="Effect" Simplification="sin reservas">desinhibición</effect>
  sexual. Raramente, se ha informado de la presencia de decoloración en la orina después de la administración prolongada de DIPRIVAN. Muy raramente, se ha observado
  <effect gate:gateId="418" rule="Effect" Simplification="pancreatitis">pancreatitis</effect>
  tras el empleo de DIPRIVAN. Locales: Puede presentarse
  <effect gate:gateId="419" rule="Effect" Simplification="dolor">dolor</effect>
  local durante la fase de inducción, que puede reducirse al mínimo, con la co-administración de DIPRIVAN 1% con lidocaína inyectable, ó utilizando venas gruesas del antebrazo y de la fosa antecubital tanto para DIPRIVAN 1% como 2% (ver 4.2.3., en el apartado "Posología y forma de administración"). La presentación de
  <effect gate:gateId="420" rule="Effect" Simplification="coagulo">trombosis</effect>
  y
  <effect gate:gateId="421" rule="Effect" Simplification="inflamación de una vena">flebitis</effect>
  es infrecuente. La
  <effect gate:gateId="422" rule="Effect" Simplification="perdida de líquido venoso">extravasación</effect>
  clínica accidental y los estudios en animales, mostraron una reacción tisular mínima. La inyección intra-arterial en animales, no indujo efectos tisulares locales.
</paragraph>
