<?xml version="1.0" encoding="UTF-8"?>
<paragraph xmlns:gate="http://www.gate.ac.uk" gate:gateId="0" gate:annotMaxId="144">
  A dosis normales, los efectos secundarios más comunes son
  <effect gate:gateId="122" rule="Effect" Simplification="náuseas">náuseas</effect>
  ,
  <effect gate:gateId="123" rule="Effect" Simplification="vómitos">vómitos</effect>
  ,
  <effect gate:gateId="124" rule="Effect" Simplification="estreñimiento">estreñimiento</effect>
  y
  <effect gate:gateId="125" rule="Effect" Simplification="___">somnolencia.</effect>
  Bajo tratamiento crónico la morfina y los opiáceos relacionados pueden producir un amplio espectro de efectos secundarios que incluyen:
  <effect gate:gateId="126" rule="Effect" Simplification="depresión respiratoria">depresión respiratoria</effect>
  ,
  <effect gate:gateId="127" rule="Effect" Simplification="náuseas">náuseas</effect>
  ,
  <effect gate:gateId="128" rule="Effect" Simplification="vómitos">vómitos</effect>
  ,
  <effect gate:gateId="129" rule="Effect" Simplification="mareo">mareos</effect>
  ,
  <effect gate:gateId="130" rule="Effect" Simplification="confusión mental">confusión mental</effect>
  ,
  <effect gate:gateId="131" rule="Effect" Simplification="ronquera">disforia</effect>
  ,
  <effect gate:gateId="132" rule="Effect" Simplification="estreñimiento">estreñimiento</effect>
  ,
  <effect gate:gateId="133" rule="Effect" Simplification="presión">presión</effect>
  del tracto biliar aumentada,
  <effect gate:gateId="134" rule="Effect" Simplification="retención urinaria">retención urinaria</effect>
  ,
  <effect gate:gateId="135" rule="Effect" Simplification="presión arterial baja">hipotensión</effect>
  ,
  <effect gate:gateId="136" rule="Effect" Simplification="somnolencia">somnolencia</effect>
  ,
  <effect gate:gateId="137" rule="Effect" Simplification="sedación">sedación</effect>
  ,
  <effect gate:gateId="138" rule="Effect" Simplification="euforia">euforia</effect>
  ,
  <effect gate:gateId="139" rule="Effect" Simplification="pesadillas">pesadillas</effect>
  (particularmente en ancianos) con posibilidad de
  <effect gate:gateId="140" rule="Effect" Simplification="alucinaciones">alucinaciones</effect>
  ,
  <effect gate:gateId="141" rule="Effect" Simplification="aumento de la presión intracraneal">aumento de la presión intracraneal</effect>
  ,
  <effect gate:gateId="142" rule="Effect" Simplification="urticaria">urticaria</effect>
  y otros tipos de
  <effect gate:gateId="143" rule="Effect" Simplification="inflamación">erupciones cutáneas</effect>
  .
</paragraph>
