<?xml version="1.0" encoding="UTF-8"?>
<paragraph xmlns:gate="http://www.gate.ac.uk" gate:gateId="0" gate:annotMaxId="303">
  Las reacciones adversas más frecuentes son
  <effect gate:gateId="290" rule="Effect" Simplification="diarrea">diarrea</effect>
  ,
  <effect gate:gateId="291" rule="Effect" Simplification="calambres musculares">calambres musculares</effect>
  ,
  <effect gate:gateId="292" rule="Effect" Simplification="fatiga ">fatiga</effect>
  , nauseas,
  <effect gate:gateId="293" rule="Effect" Simplification="vómitos">vómitos</effect>
  e
  <effect gate:gateId="294" rule="Effect" Simplification="insomnio">insomnio</effect>
  . Las reacciones adversas notificadas con una frecuencia mayor que como casos aislados se enumeran más abajo, por órganos y sistemas y por frecuencia. Las frecuencias se definen como: Muy frecuentes (&gt; 1/10), frecuentes ( 1/100, &lt; 1/10), poco frecuentes ( 1/1.000,&lt;1/100) y raras (1/10.000, &lt; 1/1.000). Clasificación según Muy Frecuentes Poco frecuentes Raras órgano sistema frecuentes Infecciones e Resfriado común infestaciones Trastornos del Anorexia metabolismo y de la nutrición Trastornos Alucinaciones** psiquiátricos Agitación** Trastornos del sistema Síncope* Convulsiones* Síntomas
  <effect gate:gateId="295" rule="Effect" Simplification="nervioso">nervioso</effect>
  Mareo extrapiramidales Trastornos cardiacos Bradicardia Bloqueo Trastornos Diarrea Vómitos Hemorragia gastrointestinales Nausea Malestar gastrointestinal y Trastornos Alteración hepatobiliares hepática incluida Trastornos de la piel y Erupción del tejido subcutáneo Prurito Trastornos Calambres musculoesqueléticos, musculares del tejido conjuntivo y trastornos óseos Trastornos renales y Incontinencia urinarios urinaria Trastornos generales y Cefalea Fatiga alteraciones en el lugar Dolor de administración Exploraciones Pequeño complementarias aumento en la Lesiones traumáticas, Accidente intoxicaciones y complicaciones de procedimientos terapéuticos MINISTERIO DE SANIDAD Y CONSUMO Agencia Española de Medicamentos y Productos Sanitarios *En los pacientes investigados por
  <effect gate:gateId="296" rule="Effect" Simplification="desmayo">síncope</effect>
  o
  <effect gate:gateId="297" rule="Effect" Simplification="ataque">convulsiones</effect>
  debe considerarse la posibilidad de
  <effect gate:gateId="298" rule="Effect" Simplification="bloqueo cardiaco">bloqueo cardiaco</effect>
  o de largas pausas sinusales (ver sección 4.4). **Casos de
  <effect gate:gateId="299" rule="Effect" Simplification="alucinaciones">alucinaciones</effect>
  ,
  <effect gate:gateId="300" rule="Effect" Simplification="agitación">agitación</effect>
  y
  <effect gate:gateId="301" rule="Effect" Simplification="conducta agresiva">conducta agresiva</effect>
  se han resuelto mediante la reducción de la dosis o la interrupción del tratamiento. ***En casos de alteración hepática inexplicada, debe considerarse la retirada del
  <drug gate:gateId="302" rule="Drug">donepezilo</drug>
  .
</paragraph>
