<?xml version="1.0" encoding="UTF-8"?>
<paragraph xmlns:gate="http://www.gate.ac.uk" gate:gateId="0" gate:annotMaxId="577">
  DUAGEN EN MONOTERAPIA Aproximadamente el 19% de los 2167 pacientes que han recibido dutasterida durante 2 años en los ensayos clínicos de fase III controlados con placebo, han desarrollado reacciones adversas durante el primer año de tratamiento. La mayoría de estos eventos fueron de leves a moderados y se observaron en el aparato reproductor. No hubo un cambio aparente en el perfil de acontecimientos adversos durante un periodo adicional de 2 años determinado en estudios abiertos de continuación. La siguiente tabla muestra las reacciones adversas encontradas en ensayos clínicos controlados así como en la experiencia post-comercialización. Las reacciones adversas de los ensayos clínicos a juicio del investigador (con una incidencia igual o superior al 1%) se han notificado con una incidencia superior que en los grupos placebo durante el primer año de tratamiento. Los acontecimientos adversos que han ocurrido tras la comercialización se identificaron a partir de notificaciones espontáneas post-comercialización por lo que la incidencia real es desconocida: Sistema Reacción adversa Incidencia en ensayos clínicos Trastornos del Impotencia 6,0% 1,7% aparato reproductor Alteración 3,7% 0,6% y de la mama (disminución) de la Trastornos del Reacciones alérgicas Incidencia estimada de datos post- sistema entre las que se comercialización inmunológico incluyen
  <effect gate:gateId="569" rule="Effect" Simplification="inflamación">erupción</effect>
  , Desconocida DUAGEN EN COMBINACIÓN CON EL ALFA-BLOQUEANTE TAMSULOSINA Los resultados de 2 años del estudio CombAT en el que se compara 0,5 mg de dutasterida (n=1623) y 0,4 mg de
  <drug gate:gateId="570" rule="Drug">tamsulosina</drug>
  (n=1.611) una vez al día, solos o en combinación (n=1.610) han mostrado que la incidencia de cualquier
  <effect gate:gateId="571" rule="Effect" Simplification="alergia ">reacción adversa</effect>
  juzgada como tal por el investigador durante el primer y segundo año de tratamiento fue respectivamente un 22% y 5% para la terapia de combinación dutasterida/
  <drug gate:gateId="572" rule="Drug">tamsulosina</drug>
  , 14% y 5% para la monoterapia con dutasterida y un 13% y 4% para la monoterapia con
  <drug gate:gateId="573" rule="Drug">tamsulosina</drug>
  . La incidencia mayor de reacciones adversas en el grupo en terapia con la combinación en el primer año de tratamiento fue debida a una incidencia mayor en este grupo de los trastornos del aparato reproductor, específicamente los trastornos en la eyaculación. Las siguientes reacciones adversas a juicio del investigador se han notificado con una incidencia igual o superior al 1% durante el primer año de tratamiento en el marco del análisis a 2 años del estudio CombAT. La incidencia de estas reacciones durante el primer y segundo año de tratamiento se muestra en la siguiente tabla: Sistema Reacción Incidencia durante el 1º año de Incidencia durante el 2º año de adversa tratamiento tratamiento Trastornos del Impotencia 6,5% 4,9% 3,3% 1,1% 1,3% 0,7% aparato Alteración 5,2% 3,8% 2,5% 0,4% 0.9% 0,6% reproductor y de (disminución) la mama, de la libido Trastornos Trastornos en 8,9% 1,6% 2,7% 0,5% 0,3% 0,5% psiquiátricos y la eyaculación Exploraciones Trastorno de 2,0% 1,8% 0,8% 0,9% 1,2% 0,3% complementarias la mama (incluyendo
  <effect gate:gateId="574" rule="Effect" Simplification="aumento de tamaño de la mama">aumento de tamaño de la mama</effect>
  y/o
  <effect gate:gateId="575" rule="Effect" Simplification="dolor mamario a la palpación">dolor mamario a la palpación</effect>
  ) Trastornos del Mareo 1,4% 0,6% 1,3% 0,2% 0,1% 0,4% sistema
  <effect gate:gateId="576" rule="Effect" Simplification="nervioso">nervioso</effect>
</paragraph>
