<?xml version="1.0" encoding="UTF-8"?>
<paragraph xmlns:gate="http://www.gate.ac.uk" gate:gateId="0" gate:annotMaxId="1300">
  Experiencia Clínica El efecto adverso descrito con más frecuencia durante el tratamiento, en ensayos clínicos llevados a cabo con un THS similar a Duofemme, fue el
  <effect gate:gateId="1267" rule="Effect" Simplification="dolor">dolor</effect>
  mamario y la
  <effect gate:gateId="1268" rule="Effect" Simplification="dolor de cabeza">cefalea</effect>
  (&gt;1/10). Los efectos adversos indicados abajo pueden aparecer durante el tratamiento con asociación de estrógenos y progestágenos. Las frecuencias se han obtenido de ensayos clínicos realizados con THS similares a Duofemme y de un estudio de post-comercialización de Duofemme. Clasificación por Muy Frecuente Poco frecuente Raro sistemas y órganos frecuente &gt;1/100; &lt;1/10 &gt;1/1.000; &gt;1/10.000; &lt;1/1.000 &gt;1/10 &lt;1/100 Infecciones e infestaciones Reacciones alérgicas Trastornos del sistema inmune Trastornos psiquiátricos Trastornos sistema
  <effect gate:gateId="1269" rule="Effect" Simplification="nervioso">nervioso</effect>
  Trastornos vasculares Trastornos gastrointestinales Trastornos hepatobiliares Rash Alopecia Trastornos de la piel y el tejido subcutáneo Trastornos musculoesquelétic os, tejido conectivo y trastornos óseos Clasificación por Muy Frecuente Poco frecuente Raro sistemas y órganos frecuente &gt;1/100; &lt;1/10 &gt;1/1.000; &gt;1/10.000; &lt;1/1.000 &gt;1/10 &lt;1/100 Dolor Hemorragias Fibroma uterino Trastornos del mamario vaginales sistema reproductor y de las mamas Trastornos generales y condiciones del sitio de administración Exploraciones complementarias Cáncer de mama De acuerdo con los datos procedentes de un número elevado de estudios epidemiológicos y un ensayo clínico randomizado controlado frente a placebo, el Women's Health Initiative (WHI), el riesgo global de
  <effect gate:gateId="1270" rule="Effect" Simplification="cáncer de mama">cáncer de mama</effect>
  aumenta con la duración del tratamiento en usuarias actuales o recientes de THS. Para los productos que solo contienen estrógenos, la estimación del riesgo relativo (RR) procedente del reanálisis de los datos de 51 estudios epidemiológicos (en los cuales más del 80% del uso de la THS fue con productos que contienen únicamente estrógenos) fue de 1.35 (IC 95%: 1.21-1.49), estimación similar a la obtenida en el estudio epidemiológico Million Women Study (MWS): 1.30 (IC 95%: 1.21-1.40). Para productos que contienen estrógenos y progestágenos en combinación, la información procedente de diversos estudios epidemiológicos indica un riesgo global mayor de
  <effect gate:gateId="1271" rule="Effect" Simplification="cáncer de mama">cáncer de mama</effect>
  que el observado para productos solo con estrógenos. Los datos procedentes del MWS indican que, comparado con las mujeres que nunca han utilizado la THS, el uso de la combinación
  <drug gate:gateId="1272" rule="Drug">estrógeno</drug>
  +progestágeno se asocia un riesgo mayor de
  <effect gate:gateId="1273" rule="Effect" Simplification="cáncer de mama">cáncer de mama</effect>
  (RR=2,00 IC 95%: 1.88-2.12) que el uso de estrógenos en monoterapia (RR=1.30, IC 95%: 1.21-1.40) o de tibolona (RR=1.45 IC 95%:1.25-1.68). Los datos procedentes del ensayo WHI proporcionan un riesgo de
  <effect gate:gateId="1274" rule="Effect" Simplification="cáncer de mama">cáncer de mama</effect>
  de 1.24 (IC 95%: 1.01-1.54) después de 5.6 años de uso de THS combinada de estrógenos y progestágenos (estrógenos equinos conjugados y acetato de
  <drug gate:gateId="1275" rule="Drug">medroxiprogesterona</drug>
  ) en comparación con el grupo de mujeres que recibió placebo. El riesgo absoluto calculado a partir de los datos del MWS y del estudio WHI se presentan a continuación: El MWS ha estimado a partir de la incidencia media conocida de
  <effect gate:gateId="1276" rule="Effect" Simplification="cáncer de mama">cáncer de mama</effect>
  en países desarrollados lo siguiente: Para mujeres que no usan la THS, se espera que aproximadamente a 32 de cada 1000 se
  <effect gate:gateId="1277" rule="Effect" Simplification="enfermedad del sistema inmune">les</effect>
  diagnostique un
  <effect gate:gateId="1278" rule="Effect" Simplification="cáncer de mama">cáncer de mama</effect>
  entre los 50 y 64 años de edad. MINISTERIO Por cada 1000 usuarias actuales o recientes de THS, el número de casos adicionales durante este periodo serían los siguientes: · Usuarias de productos de THS con estrógenos solos: - Entre 0 y 3 (mejor estimación 1.5) tras 5 años de uso - Entre 3 y 7 (mejor estimación 5) tras 10 años de uso · Usuarias de productos de THS con estrógenos y progestágenos en combinación: - Entre 5 y 7 (mejor estimación 6) tras 5 años de uso - Entre 18 y 20 (mejor estimación 19) tras 10 años de uso En el ensayo WHI se ha estimado que, después de 5.6 años de seguimiento de mujeres de edad comprendida entre 50 y 79 años expuestas a la THS combinada de estrógenos y progestágenos (estrógenos equinos conjugados + acetato de
  <drug gate:gateId="1279" rule="Drug">medroxiprogesterona</drug>
  ), 8 casos adicionales de
  <effect gate:gateId="1280" rule="Effect" Simplification="cáncer de mama">cáncer de mama</effect>
  invasivo por 10.000 mujeres-año se deberían al tratamiento). Con los datos del ensayo se ha estimado lo siguiente: · Por cada 1000 mujeres tratadas con placebo, en 5 años se diagnosticarían aproximadamente 16 casos de
  <effect gate:gateId="1281" rule="Effect" Simplification="cáncer de mama">cáncer de mama</effect>
  invasivo. Por cada 1000 mujeres usuarias de THS combinada de estrógenos con progestágenos (estrógenos equinos conjugados + acetato de
  <drug gate:gateId="1282" rule="Drug">medroxiprogesterona</drug>
  ), el número de casos adicionales se encontraría entre 0 y 9 (mejor estimación 4) tras 5 años de uso El número de casos adicionales de
  <effect gate:gateId="1283" rule="Effect" Simplification="cáncer de mama">cáncer de mama</effect>
  en mujeres que usan THS es similar para todas las mujeres que inician el tratamiento con THS, independientemente de la edad de comienzo del mismo (entre edades de 45-65 años) (ver apartado 4.4) Cáncer de endometrio En mujeres con útero intacto, el riesgo de
  <effect gate:gateId="1284" rule="Effect" Simplification="aumento de tamaño de un órgano">hiperplasia</effect>
  de endometrio y cancer de endometrio aumenta con la duración del tratamiento con estrógenos solos. De acuerdo con los resultados de estudios epidemiológicos, la mejor estimación del riesgo para mujeres no usuarias de THS es que aproximadamente 5 de cada 1000 mujeres de edades comprendidas entre los 50 y 65 años serán diagnosticadas de
  <effect gate:gateId="1285" rule="Effect" Simplification="cáncer de útero">cáncer de endometrio</effect>
  . Dependiendo de la duración de tratamiento y la dosis de estrógenos, el incremento del riesgo de
  <effect gate:gateId="1286" rule="Effect" Simplification="cáncer de útero">cáncer de endometrio</effect>
  en usuarias de estrógenos en monoterapia es de 2 a 12 veces mayor, comparado con las no usuarias. Cuando se añade un progestágeno a la THS con estrógenos solos se reduce de manera muy importante este incremento del riesgo Experiencia posterior a la comercialización: Además de las reacciones adversas mencionadas en el apartado anterior, han sido descritas espontáneamente otras que pueden estar relacionadas con el tratamiento con Duofemme. La tasa de notificación de éstas reacciones adversas espontaneas se incluyen como muy raras (&lt;1/10.000 pacientes al año). La experiencia post-comercialización está sometida a notificación constante especialmente en relación a las reacciones adversas de triviales a muy conocidas. Las frecuencias presentadas se deben interpretar en ese aspecto: MINISTERIO Trastornos del sistema reproductor y de las mamas: Hiperplasia de endometrio (para mayor información ver apartado 4.4.) Trastornos de la piel y el tejido subcutáneo :
  <effect gate:gateId="1287" rule="Effect" Simplification="vellosidad">hirsutismo</effect>
  Se han comunicados otras reacciones adversas asociadas con otro tratamiento con
  <drug gate:gateId="1288" rule="Drug">estrógeno</drug>
  /progestágeno: - Neoplasias benignas y malignas
  <drug gate:gateId="1289" rule="Drug">estrógeno</drug>
  -dependiente, por ejemplo
  <effect gate:gateId="1290" rule="Effect" Simplification="cáncer de útero">cáncer de endometrio</effect>
  - Tromboembolismo venoso, es decir,
  <effect gate:gateId="1291" rule="Effect" Simplification="coagulo en una vena">trombosis venosa profunda</effect>
  de las piernas o pélvica y embolismo pulmonar. Son más frecuentes entre las mujeres en THS que las que no lo están. Para más información, ver la sección 4.3 Contraindicaciones y la 4.4. Advertencias y precauciones especiales de empleo. - Infarto de miocardio y
  <effect gate:gateId="1292" rule="Effect" Simplification="infarto cerebral">accidente cerebrovascular</effect>
  - Trastornos de la piel y subcutáneos:
  <effect gate:gateId="1293" rule="Effect" Simplification="manchas cafés durante el embarazo">cloasma</effect>
  ,
  <effect gate:gateId="1294" rule="Effect" Simplification="múltiples manchas rojas">eritema multiforme</effect>
  ,
  <effect gate:gateId="1295" rule="Effect" Simplification="enrojecimiento">eritema</effect>
  nodoso,
  <effect gate:gateId="1296" rule="Effect" Simplification="sangrado bajo la piel">erupción hemorrágica</effect>
  ,
  <effect gate:gateId="1297" rule="Effect" Simplification="pigmentación purpura">púrpura vascular</effect>
  . - - Probable
  <effect gate:gateId="1298" rule="Effect" Simplification="demencia">demencia</effect>
  (ver apartado 4.4.) - Enfermedades de la
  <effect gate:gateId="1299" rule="Effect" Simplification="vesícula">vesícula</effect>
  biliar
</paragraph>
