<?xml version="1.0" encoding="UTF-8"?>
<paragraph xmlns:gate="http://www.gate.ac.uk" gate:gateId="0" gate:annotMaxId="392">
  Se han comunicado las siguientes reacciones adversas durante el primer año de ensayos clínicos y/o en el uso después de la comercialización: Aparato reproductor y trastornos mamarios: Frecuentes (&gt;1/100, &lt;1/10): disminución del volumen de eyaculación,
  <effect gate:gateId="376" rule="Effect" Simplification="impotencia">impotencia</effect>
  Poco frecuentes (&gt;1/1,000, &lt;1/100): trastornos de la eyaculación, crecimiento mamario,
  <effect gate:gateId="377" rule="Effect" Simplification="alergia">hipersensibilidad</effect>
  mamaria Raras (&gt;1/10,000, &lt;1/1,000):
  <effect gate:gateId="378" rule="Effect" Simplification="dolor testicular">dolor testicular</effect>
  . MINISTERIO Trastornos psiquiátricos: Frecuentes (&gt;1/100, &lt;1/10): disminución de la libido. Trastornos de la piel y tejido subcutáneo: Poco frecuentes (&gt;1/1,000, &lt;1/100):
  <effect gate:gateId="379" rule="Effect" Simplification="inflamación">erupción cutánea</effect>
  . Trastornos del sistema inmune: Raras (&gt;1/10,000, &lt;1/1,000): reacciones de
  <effect gate:gateId="380" rule="Effect" Simplification="alergia">hipersensibilidad</effect>
  , incluido
  <effect gate:gateId="381" rule="Effect" Simplification="picazón">prurito</effect>
  ,
  <effect gate:gateId="382" rule="Effect" Simplification="urticaria">urticaria</effect>
  e
  <effect gate:gateId="383" rule="Effect" Simplification="hinchazón de los labios y la cara">hinchazón de los labios y la cara</effect>
  . En los años 2 a 4 de un estudio clínico de 4 años de duración, controlado con placebo, en 3.040 hombres y en estudios de extensión de 5 años de duración (incluyendo 853 pacientes tratados durante 5-6 años), no hubo diferencias significativas entre los grupos de tratamiento en las incidencias de
  <effect gate:gateId="384" rule="Effect" Simplification="impotencia">impotencia</effect>
  , disminución de la libido y trastornos de la eyaculación; y la incidencia de nuevas reacciones adversas sexuales relacionadas con el fármaco disminuyó durante el tratamiento. El crecimiento mamario y la
  <effect gate:gateId="385" rule="Effect" Simplification="alergia">hipersensibilidad</effect>
  mamaria aumentaron ligeramente en los años 2 a 4 del estudio PLESS, pero las incidencias de ambos permanecieron por debajo del 2%. La incidencia de
  <effect gate:gateId="386" rule="Effect" Simplification="inflamación">erupción cutánea</effect>
  permaneció sin cambios. TRATAMIENTO MÉDICO DE LOS SÍNTOMAS PROSTÁTICOS (MTOPS) El estudio MTOPS comparó
  <drug gate:gateId="387" rule="Drug">finasterida</drug>
  5 mg/día (n=768),
  <drug gate:gateId="388" rule="Drug">doxazosina</drug>
  4 u 8 mg/día (n=756), el tratamiento combinado de
  <drug gate:gateId="389" rule="Drug">finasterida</drug>
  5 mg/día y
  <drug gate:gateId="390" rule="Drug">doxazosina</drug>
  4 u 8 mg/día (n=786) y placebo (n=737). En este estudio, el perfil de seguridad y tolerabilidad del tratamiento combinado fue normalmente consecuente con los perfiles de los componentes individuales. La incidencia del trastorno de eyaculación en pacientes recibiendo tratamiento combinado fue comparable a la suma de las incidencias de esta
  <effect gate:gateId="391" rule="Effect" Simplification="alergia ">reacción adversa</effect>
  para las dos monoterapias.
</paragraph>
