<?xml version="1.0" encoding="UTF-8"?>
<paragraph xmlns:gate="http://www.gate.ac.uk" gate:gateId="0" gate:annotMaxId="623">
  Los síntomas siguientes constituyen las reacciones adversas más comunes a isotretinoina:
  <effect gate:gateId="595" rule="Effect" Simplification="sequedad">sequedad</effect>
  de las mucosas, por ejemplo,
  <effect gate:gateId="596" rule="Effect" Simplification="inflamación labial">queilitis</effect>
  labial,
  <effect gate:gateId="597" rule="Effect" Simplification="sangrado nasal">epistaxis</effect>
  nasal,
  <effect gate:gateId="598" rule="Effect" Simplification="conjuntivitis">conjuntivitis</effect>
  ocular y
  <effect gate:gateId="599" rule="Effect" Simplification="sequedad de la piel">sequedad de la piel</effect>
  . Algunos de los efectos secundarios asociados con el uso de isotretinoina dependen de la dosis. En general, los efectos secundarios revierten después de modificar la dosis o interrumpir el tratamiento pero algunos persisten una vez finalizado éste. Infecciones: Muy raras (1/10 000) Infección bacteriana por Gram positivas (mucocutáneas) Alteraciones hematolinfáticas: Muy frecuentes (1/10) Anemia, aumento de la velocidad de sedimentación, Frecuentes (1/100, &lt;1/10) Neutropenia Muy raras (1/10 000) Linfadenopatía Alteraciones del sistema inmunitario: Raras (1/10 000,&lt;1/1000) Reacción alérgica de la piel, reacciones anafilácticas, Trastornos metabólicos y nutricionales: Muy raros (1/10 000) Diabetes mellitus,
  <effect gate:gateId="600" rule="Effect" Simplification="gota">hiperuricemia</effect>
  Trastornos psiquiátricos: Raros (1/10 000,&lt;1/1000) Depresión Muy raros (1/10 000) Alteraciones de conducta,
  <effect gate:gateId="601" rule="Effect" Simplification="trastorno psicótico">trastorno psicótico</effect>
  , tentativa de Trastornos del sistema
  <effect gate:gateId="602" rule="Effect" Simplification="nervioso">nervioso</effect>
  : Frecuentes (1/100, &lt;1/10) Cefalea Muy raros (1/10 000) Hipertensión intracraneal benigna,
  <effect gate:gateId="603" rule="Effect" Simplification="ataque">convulsiones</effect>
  ,
  <effect gate:gateId="604" rule="Effect" Simplification="somnolencia">somnolencia</effect>
  Trastornos oculares: Muy frecuentes (1/10) Blefaritis,
  <effect gate:gateId="605" rule="Effect" Simplification="conjuntivitis">conjuntivitis</effect>
  ,
  <effect gate:gateId="606" rule="Effect" Simplification="sequedad">sequedad</effect>
  ocular,
  <effect gate:gateId="607" rule="Effect" Simplification="irritación ocular">irritación ocular</effect>
  Muy raros (1/10 000) Visión borrosa,
  <effect gate:gateId="608" rule="Effect" Simplification="catarata">cataratas</effect>
  ,
  <effect gate:gateId="609" rule="Effect" Simplification="ceguera para los colores">ceguera para los colores</effect>
  (defectos de Trastornos del oído y del laberinto: Muy raros (1/10 000) Alteraciones auditivas Trastornos vasculares: Muy raros (1/10 000) Vasculitis (por ejemplo, granulomatosis de Wegener, vasculitis Trastornos respiratorios, torácicos y mediastínicos: Frecuentes (1/100, &lt;1/10) Epistaxis,
  <effect gate:gateId="610" rule="Effect" Simplification="sequedad nasal">sequedad nasal</effect>
  , Nasofaringitis Muy raros (1/10 000) Broncospasmo (sobre todo, de pacientes asmáticos),
  <effect gate:gateId="611" rule="Effect" Simplification="ronquera">ronquera</effect>
  Trastornos digestivos: Muy raros (1/10 000) Colitis, ileitis,
  <effect gate:gateId="612" rule="Effect" Simplification="sequedad">sequedad</effect>
  faríngea,
  <effect gate:gateId="613" rule="Effect" Simplification="sangrado ">hemorragia</effect>
  digestiva,
  <effect gate:gateId="614" rule="Effect" Simplification="diarrea">diarrea</effect>
  Trastornos hepatobiliares Muy frecuentes (1/10) Aumento de las transaminasas (véase sección 4.4 "Advertencias Muy raros (1/10 000) Hepatitis Lesiones de la piel y tejido subcutáneo: Muy frecuentes (1/10) Queilitis,
  <effect gate:gateId="615" rule="Effect" Simplification="dermatitis">dermatitis</effect>
  ,
  <effect gate:gateId="616" rule="Effect" Simplification="sequedad">sequedad</effect>
  de piel,
  <effect gate:gateId="617" rule="Effect" Simplification="descamación">descamación</effect>
  localizada, Raras (1/10 000,&lt;1/1000) Alopecia Muy raras (1/10 000) Acné fulminante, agravamiento del
  <effect gate:gateId="618" rule="Effect" Simplification="acné">acné</effect>
  ,
  <effect gate:gateId="619" rule="Effect" Simplification="enrojecimiento">eritema</effect>
  (facial), MINISTERIO Trastornos músculo-esquelético y del tejido conjuntivo Muy frecuentes (1/10) Artralgias, mialgias,
  <effect gate:gateId="620" rule="Effect" Simplification="dolor de espalda">dolor de espalda</effect>
  (sobre todo, entre los Muy raros (1/10 000) Artritis,
  <effect gate:gateId="621" rule="Effect" Simplification="depósitos de calcio en tejidos">calcinosis</effect>
  (calcificación de los ligamentos y tendones), Trastornos renales y urinarios Muy raros (1/10 000) Glomerulonefritis Trastornos de carácter general y del lugar de administración: Muy raros (1/10 000) Tejido de granulación (aumento de su formación),
  <effect gate:gateId="622" rule="Effect" Simplification="malestar">malestar</effect>
  Alteraciones analíticas: Muy frecuentes (1/10) Aumento de los triglicéridos en sangre, disminución de Frecuentes (1/100, &lt;1/10) lipoproteínas de alta densidad Muy raras (1/10 000) Aumento de la creatinfosfokinasa en sangre La incidencia de las reacciones adversas se calculó a partir de los datos agrupados de los ensayos clínicos, en los que intervinieron 824 pacientes, así como de los datos obtenidos después de la comercialización.
</paragraph>
