<?xml version="1.0" encoding="UTF-8"?>
<paragraph xmlns:gate="http://www.gate.ac.uk" gate:gateId="0" gate:annotMaxId="99">
  Las reacciones adversas se presentan en orden decreciente de gravedad dentro de cada intervalo de frecuencia: frecuente &gt; 1/100 &lt; 1/10; poco frecuente &gt;1/1000 &lt; 1/100; raro &gt;1/10000 &lt;1/1000. Muy frecuentes:
  <effect gate:gateId="90" rule="Effect" Simplification="___">somnolencia.</effect>
  Frecuentes:
  <effect gate:gateId="91" rule="Effect" Simplification="visión borrosa">visión borrosa</effect>
  ,
  <effect gate:gateId="92" rule="Effect" Simplification="confusión">confusión</effect>
  , micción dificultosa,
  <effect gate:gateId="93" rule="Effect" Simplification="mareo">mareos</effect>
  ,
  <effect gate:gateId="94" rule="Effect" Simplification="boca seca">boca seca</effect>
  ,
  <effect gate:gateId="95" rule="Effect" Simplification="alteración del ritmo cardíaco">taquicardia</effect>
  , zumbido de oídos,
  <effect gate:gateId="96" rule="Effect" Simplification="inflamación">erupción cutánea</effect>
  ,
  <effect gate:gateId="97" rule="Effect" Simplification="molestia">molestia</effect>
  o
  <effect gate:gateId="98" rule="Effect" Simplification="dolor">dolor</effect>
  en epigastrio. Poco frecuentes: discrasias sanguíneas, arritmias cardiacas.
</paragraph>
