<?xml version="1.0" encoding="UTF-8"?>
<paragraph xmlns:gate="http://www.gate.ac.uk" gate:gateId="0" gate:annotMaxId="307">
  Como con otros agentes de este tipo, la
  <effect gate:gateId="286" rule="Effect" Simplification="anestesia">anestesia</effect>
  con Halotano ha mostrado desencadenar un estado hipermetabólico del músculo esquelético produciendo una alta demanda de oxígeno y el síndrome clínico conocido como
  <effect gate:gateId="287" rule="Effect" Simplification="fiebre maligna">hipertermia maligna</effect>
  (IM). El síndrome incluye características no específicas tales como
  <effect gate:gateId="288" rule="Effect" Simplification="problemas presión arterial">hipercapnia</effect>
  ,
  <effect gate:gateId="289" rule="Effect" Simplification="rigidez muscular">rigidez muscular</effect>
  ,
  <effect gate:gateId="290" rule="Effect" Simplification="alteración del ritmo cardíaco">taquicardia</effect>
  ,
  <effect gate:gateId="291" rule="Effect" Simplification="disnea">taquipnea</effect>
  ,
  <effect gate:gateId="292" rule="Effect" Simplification="coloración azul de la piel">cianosis</effect>
  , arritmias y
  <effect gate:gateId="293" rule="Effect" Simplification="presión">presión</effect>
  arterial inestable. Un aumento en el metabolismo global puede verse reflejado en una
  <effect gate:gateId="294" rule="Effect" Simplification="temperatura elevada">temperatura elevada</effect>
  . El tratamiento incluye interrupción de los agentes desencadenantes, administración de dantroleno sódico intravenoso y aplicación de terapia de soporte. Durante el empleo de FLUOTHANE se han comunicado muy habitualmente arritmias cardíacas, en especial arritmias ventriculares. Típicamente, éstas no tienen consecuencias clínicas. Durante la
  <effect gate:gateId="295" rule="Effect" Simplification="anestesia">anestesia</effect>
  con FLUOTHANE se pueden producir
  <effect gate:gateId="296" rule="Effect" Simplification="anomalía cardiaca">bradicardia</effect>
  y/o
  <effect gate:gateId="297" rule="Effect" Simplification="presión arterial baja">hipotensión</effect>
  dosis-dependiente (especialmente, durante la inducción). Durante la recuperación de la
  <effect gate:gateId="298" rule="Effect" Simplification="anestesia">anestesia</effect>
  se pueden observar
  <effect gate:gateId="299" rule="Effect" Simplification="escalofríos">escalofríos</effect>
  , especialmente si el paciente se encuentra en un entorno frío. Se pueden presentar
  <effect gate:gateId="300" rule="Effect" Simplification="náusea">náusea</effect>
  y
  <effect gate:gateId="301" rule="Effect" Simplification="vómitos">vómitos</effect>
  post-quirúrgicos tras la
  <effect gate:gateId="302" rule="Effect" Simplification="anestesia">anestesia</effect>
  con FLUOTHANE. La
  <effect gate:gateId="303" rule="Effect" Simplification="anestesia">anestesia</effect>
  con Halotano puede ser seguida de anormalidades de la función hepática o, más raramente, de
  <effect gate:gateId="304" rule="Effect" Simplification="daño hepático">daño hepático</effect>
  ; sin embargo, como tales casos se producen más frecuentemente tras la administración anestésica repetida, la aparición de
  <effect gate:gateId="305" rule="Effect" Simplification="piel amarrilla">ictericia</effect>
  inexplicada y
  <effect gate:gateId="306" rule="Effect" Simplification="fiebre">pirexia</effect>
  después de la exposición a FLUOTHANE se considerará como una contraindicación para su empleo posterior. Se evitará la exposición repetida en un periodo de tres meses.
</paragraph>
