<?xml version="1.0" encoding="UTF-8"?>
<paragraph xmlns:gate="http://www.gate.ac.uk" gate:gateId="0" gate:annotMaxId="505">
  Sistemas de Común órganos &gt;1/100, &lt;1/10 &lt;1/10,000 Infecciones Neoplasias malignas y benignas Alteraciones en sangre y en el sistema linfático Alteraciones endocrinas Alteraciones psiquiátricas Alteraciones del sistema
  <effect gate:gateId="480" rule="Effect" Simplification="nervioso">nervioso</effect>
  Alteraciones del ojo Alteraciones cardiacas Alteraciones vasculares MINISTERIO DE SANIDAD Y CONSUMO Agencia Española de Medicamentos y Productos Sanitarios Sistemas de Muy común Común órganos &gt; 1/10 &gt;1/100, &lt;1/10 &lt;1/10,000 Alteraciones respiratorios, torácicos e intestinal Alteraciones gastrointestinales
  <effect gate:gateId="481" rule="Effect" Simplification="vómitos">vómitos</effect>
  ,
  <effect gate:gateId="482" rule="Effect" Simplification="diarrea">diarrea</effect>
  apetito
  <effect gate:gateId="483" rule="Effect" Simplification="estreñimiento">constipación</effect>
  , isquémica (caso Alteraciones hepatobiliares Alteraciones de la Rubor, Fotosensibilidad, tejidos alteración del
  <effect gate:gateId="484" rule="Effect" Simplification="enrojecimiento">eritema</effect>
  , piel y subcutáneos Alteraciones Lupus muscolesquelético, tejido conectivo y huesos eritomatosos (1 Alteraciones renales y urinarios Alteraciones en el Ginecomastia, Disminución de alteraciones en la libido, sistema y el pecho, a cantidad de reproductivo veces espermas pechos acompañado reducidos. por
  <effect gate:gateId="485" rule="Effect" Simplification="anormal producción de leche materna">galactorrea</effect>
  MINISTERIO Sistemas de órganos común &gt;1/100, &gt;1/10.000, Alteraciones congénitas y familio/genéticas Alteraciones generales Esos efectos no estas necesariamente relacionados con la droga y puede ser debido a condiciones fundamentalmente clínicas. En más casos las reacciones no han sido suficientemente severas para cada necesidad de retirada de
  <drug gate:gateId="486" rule="Drug">flutamida</drug>
  o reducción en la dosis. Muy raramente, se han dado reacciones adversas serias en la forma de
  <effect gate:gateId="487" rule="Effect" Simplification="daño hepático">daño hepático</effect>
  (ver en advertencias y precauciones) ha ocurrido, en particular en pacientes con preexistencia de disfunción hepática. La
  <effect gate:gateId="488" rule="Effect" Simplification="hepatitis aguda">hepatotoxicidad</effect>
  puede incluir elevado nivel de transaminasas séricas,
  <effect gate:gateId="489" rule="Effect" Simplification="piel amarrilla">ictericia</effect>
  ,
  <effect gate:gateId="490" rule="Effect" Simplification="enfermedad mental">encefalopatía hepática</effect>
  ,
  <effect gate:gateId="491" rule="Effect" Simplification="hepatitis">hepatitis fulminante</effect>
  ,
  <effect gate:gateId="492" rule="Effect" Simplification="hepatitis">hepatitis colestática</effect>
  ,
  <effect gate:gateId="493" rule="Effect" Simplification="insuficiencia hepática">fallo hepático</effect>
  y
  <effect gate:gateId="494" rule="Effect" Simplification="daño en el hígado">necrosis hepática</effect>
  . Terapia combinada (
  <drug gate:gateId="495" rule="Drug">flutamida</drug>
  más agonista LHRH) En la terapia combinada la calidad de reacciones adversas es largamente comparable a la monoterapia. Esa frecuencia puede ser comparable a la monoterapia o puede haber variaciones. Sin embargo, informaciones detalladas sobre índices de incidencias bajo terapia combinada son escasas. Las informaciones de reacciones adversas más comunes son
  <effect gate:gateId="496" rule="Effect" Simplification="sofoco">sofocos</effect>
  (61%),
  <effect gate:gateId="497" rule="Effect" Simplification="pérdida de la libido">pérdida de la libido</effect>
  (36%),
  <effect gate:gateId="498" rule="Effect" Simplification="impotencia">impotencia</effect>
  (33%), nauseas o
  <effect gate:gateId="499" rule="Effect" Simplification="vómitos">vómitos</effect>
  (14%), y
  <effect gate:gateId="500" rule="Effect" Simplification="diarrea">diarrea</effect>
  (13.6%). Sin embargo, solo la
  <effect gate:gateId="501" rule="Effect" Simplification="diarrea">diarrea</effect>
  ocurre más frecuentemente en pacientes tratados con
  <drug gate:gateId="502" rule="Drug">flutamida</drug>
  comparado con esos tratamientos de solo agonista-LHRH. La incidencia de
  <effect gate:gateId="503" rule="Effect" Simplification="enfermedades del seno">ginecomastia</effect>
  observada con la monoterapia de
  <drug gate:gateId="504" rule="Drug">flutamida</drug>
  fue reducida en la terapia combinada. La siguiente tabla recopila esas reacciones adversas las cuales difieren mucho en sus índices de incidencias desde la monoterapia. Sistemas de Muy común Común comunes órganos &gt; 1/10 &gt;1/100, &lt;1/10 &gt;1/1.000, &lt;1/10,000 Alteraciones gastrointestinales apetito, Alteraciones en Sofocos, la piel y tejidos disminución subcutáneos Alteraciones en el sistema reproductivo y pecho
</paragraph>
