<?xml version="1.0" encoding="UTF-8"?>
<paragraph xmlns:gate="http://www.gate.ac.uk" gate:gateId="0" gate:annotMaxId="480">
  Las
  <effect gate:gateId="428" rule="Effect" Simplification="náuseas">náuseas</effect>
  , acompañadas ocasionalmente de
  <effect gate:gateId="429" rule="Effect" Simplification="vómitos">vómitos</effect>
  , constituyen el síntoma asociado con mayor frecuencia al tratamiento con
  <drug gate:gateId="430" rule="Drug">fluvoxamina</drug>
  . Este efecto suele disminuir durante las dos primeras semanas de tratamiento. A continuación, se enumeran otras reacciones adversas, observadas en estudios clínicos a la frecuencia indicada, que se asocian habitualmente con la
  <effect gate:gateId="431" rule="Effect" Simplification="enfermedad">enfermedad</effect>
  pero que no son necesariamente inducidas por la medicación. Reacciones frecuentes (frecuencia 1-10%): Organismo:
  <effect gate:gateId="432" rule="Effect" Simplification="fatiga">astenia</effect>
  ,
  <effect gate:gateId="433" rule="Effect" Simplification="dolor de cabeza">dolor de cabeza</effect>
  ,
  <effect gate:gateId="434" rule="Effect" Simplification="malestar">malestar</effect>
  Cardiovasculares:
  <effect gate:gateId="435" rule="Effect" Simplification="palpitaciones">palpitaciones</effect>
  /
  <effect gate:gateId="436" rule="Effect" Simplification="alteración del ritmo cardíaco">taquicardia</effect>
  Aparato digestivo:
  <effect gate:gateId="437" rule="Effect" Simplification="dolor abdominal">dolor abdominal</effect>
  ,
  <effect gate:gateId="438" rule="Effect" Simplification="trastornos de la alimentación ">anorexia</effect>
  ,
  <effect gate:gateId="439" rule="Effect" Simplification="estreñimiento">estreñimiento</effect>
  ,
  <effect gate:gateId="440" rule="Effect" Simplification="diarrea">diarrea</effect>
  ,
  <effect gate:gateId="441" rule="Effect" Simplification="sequedad de boca">sequedad de boca</effect>
  ,
  <effect gate:gateId="442" rule="Effect" Simplification="enfermedades del estómago ">dispepsia</effect>
  . Sistema
  <effect gate:gateId="443" rule="Effect" Simplification="nervioso">nervioso</effect>
  central:
  <effect gate:gateId="444" rule="Effect" Simplification="agitación">agitación</effect>
  ,
  <effect gate:gateId="445" rule="Effect" Simplification="ansiedad">ansiedad</effect>
  ,
  <effect gate:gateId="446" rule="Effect" Simplification="mareo">mareos</effect>
  ,
  <effect gate:gateId="447" rule="Effect" Simplification="insomnio">insomnio</effect>
  ,
  <effect gate:gateId="448" rule="Effect" Simplification=" nerviosismo ">nerviosismo</effect>
  ,
  <effect gate:gateId="449" rule="Effect" Simplification="somnolencia">somnolencia</effect>
  ,
  <effect gate:gateId="450" rule="Effect" Simplification="temblor">temblor</effect>
  . Piel:
  <effect gate:gateId="451" rule="Effect" Simplification="___">sudoración.</effect>
  Reacciones poco frecuentes (frecuencia &lt;1%): Cardiovasculares:
  <effect gate:gateId="452" rule="Effect" Simplification="presión arterial baja">hipotensión</effect>
  (postural) Musculoesqueléticas:
  <effect gate:gateId="453" rule="Effect" Simplification="dolor articular">artralgia</effect>
  ,
  <effect gate:gateId="454" rule="Effect" Simplification="dolor muscular">mialgia</effect>
  Sistema
  <effect gate:gateId="455" rule="Effect" Simplification="nervioso">nervioso</effect>
  :
  <effect gate:gateId="456" rule="Effect" Simplification="descoordinación muscular">ataxia</effect>
  ,
  <effect gate:gateId="457" rule="Effect" Simplification="confusión">confusión</effect>
  , reacciones extrapiramidales,
  <effect gate:gateId="458" rule="Effect" Simplification="alucinaciones">alucinaciones</effect>
  Aparato urogenital: alteraciones de la eyaculación (
  <effect gate:gateId="459" rule="Effect" Simplification="eyaculación retardada">eyaculación retardada</effect>
  ) Piel: reacciones cutáneas de
  <effect gate:gateId="460" rule="Effect" Simplification="alergia">hipersensibilidad</effect>
  (incluyendo
  <effect gate:gateId="461" rule="Effect" Simplification="alteración de la piel">rash</effect>
  ,
  <effect gate:gateId="462" rule="Effect" Simplification="picazón">prurito</effect>
  , agioedema) Reacciones raras (frecuencia &lt; 0,1%): Aparato digestivo: trastornos de la función hepática Sistema
  <effect gate:gateId="463" rule="Effect" Simplification="nervioso">nervioso</effect>
  :
  <effect gate:gateId="464" rule="Effect" Simplification="ataque">convulsiones</effect>
  ,
  <effect gate:gateId="465" rule="Effect" Simplification="manía">manía</effect>
  Aparato urogenital:
  <effect gate:gateId="466" rule="Effect" Simplification="anormal producción de leche materna">galactorrea</effect>
  Piel: Fotosensibilidad Otros acontecimientos adversos observados durante la comercialización Se ha descrito ganancia o
  <effect gate:gateId="467" rule="Effect" Simplification="___">pérdida de peso.</effect>
  Se han descrito raramente,
  <effect gate:gateId="468" rule="Effect" Simplification="trastorno peligroso">síndrome serotoninérgico</effect>
  , episodios similares al
  <effect gate:gateId="469" rule="Effect" Simplification="trastorno peligroso">síndrome neuroléptico maligno</effect>
  ,
  <effect gate:gateId="470" rule="Effect" Simplification="problemas en la sangre">hiponatremia</effect>
  y SIHAD (ver también "Advertencias y precauciones especiales de empleo"). Existe la posibilidad de que se registren reacciones de retirada al cesar la terapia con
  <drug gate:gateId="471" rule="Drug">fluvoxamina</drug>
  , si bien la evidencia preclínica y clínica disponible no sugiere que este tratamiento cause
  <effect gate:gateId="472" rule="Effect" Simplification="dependencia">dependencia</effect>
  . Se han observado los siguientes síntomas en relación con la retirada del producto:
  <effect gate:gateId="473" rule="Effect" Simplification="mareo">mareo</effect>
  ,
  <effect gate:gateId="474" rule="Effect" Simplification="cosquilleo">parestesia</effect>
  ,
  <effect gate:gateId="475" rule="Effect" Simplification="dolor de cabeza">cefalea</effect>
  ,
  <effect gate:gateId="476" rule="Effect" Simplification="náuseas">náuseas</effect>
  y
  <effect gate:gateId="477" rule="Effect" Simplification="___">ansiedad.</effect>
  La mayoria de reacciones de retirada son leves y autolimitantes. Al cesar el tratamiento debe considerarse una reducción gradual de la dosis. Hemorragias: (Ver "Advertencias y precauciones especiales de empleo") Muy raramente, se han descrito
  <effect gate:gateId="478" rule="Effect" Simplification="cosquilleo">parestesia</effect>
  ,
  <effect gate:gateId="479" rule="Effect" Simplification="impotencia orgásmica">anorgasmia</effect>
  y alteraciones del gusto.
</paragraph>
