<?xml version="1.0" encoding="UTF-8"?>
<paragraph xmlns:gate="http://www.gate.ac.uk" gate:gateId="0" gate:annotMaxId="768">
  MINISTERIO Datos ensayos clínicos Los efectos adversos reportados se resumen a continuación independientemente de la evaluación de la causalidad realizada por los investigadores. 1) Efectos adversos en pacientes con
  <effect gate:gateId="714" rule="Effect" Simplification="diarrea">diarrea aguda</effect>
  A continuación se presenta en la siguiente tabla los efectos adversos con una incidencia del 1.0% o mayor comunicados con al menos igual frecuencia en los pacientes tratados con
  <drug gate:gateId="715" rule="Drug">loperamida</drug>
  clorhidrato y en los tratados con placebo: Diarrea aguda Nª pacientes tratados 231 236 % EA gastrointestinales Estreñimiento 2.6% 0.8% Los efectos adversos con una incidencia del 1.0% o mayor comunicados con más frecuencia en los pacientes tratados con placebo que en los tratados con
  <drug gate:gateId="716" rule="Drug">loperamida</drug>
  clorhidrato fueron:
  <effect gate:gateId="717" rule="Effect" Simplification="sequedad de boca">sequedad de boca</effect>
  ,
  <effect gate:gateId="718" rule="Effect" Simplification="flatulencia">flatulencia</effect>
  ,
  <effect gate:gateId="719" rule="Effect" Simplification="calambres abdominales">calambres abdominales</effect>
  y
  <effect gate:gateId="720" rule="Effect" Simplification="cólico">cólico</effect>
  . 2) Efectos adversos en pacientes con
  <effect gate:gateId="721" rule="Effect" Simplification="diarrea">diarrea crónica</effect>
  Los efectos adversos con una incidencia del 1.0% o mayor comunicados con al menos igual frecuencia en los pacientes tratados con loperamidad clorhidrato y en los tratados con placebo se presentan en la tabla siguiente: Diarrea aguda Nª pacientes tratados 285 277 % EA gastrointestinales Estreñimiento 5.3% 0.0% %EA del sistema
  <effect gate:gateId="722" rule="Effect" Simplification="nervioso">nervioso</effect>
  central y periférico Mareos 1.4% 0.7% Los efectos adversos con una incidencia del 1.0% o mayor comunicados con más frecuencia en los pacientes tratados con placebo que en los tratados con
  <drug gate:gateId="723" rule="Drug">loperamida</drug>
  clorhidrato fueron:
  <effect gate:gateId="724" rule="Effect" Simplification="náuseas">náuseas</effect>
  ,
  <effect gate:gateId="725" rule="Effect" Simplification="vómitos">vómitos</effect>
  ,
  <effect gate:gateId="726" rule="Effect" Simplification="dolor de cabeza">cefalea</effect>
  ,
  <effect gate:gateId="727" rule="Effect" Simplification="gases">meteorismo</effect>
  ,
  <effect gate:gateId="728" rule="Effect" Simplification="dolor abdominal">dolor abdominal</effect>
  ,
  <effect gate:gateId="729" rule="Effect" Simplification="calambres abdominales">calambres abdominales</effect>
  y
  <effect gate:gateId="730" rule="Effect" Simplification="cólico">cólico</effect>
  . 3) Efectos adversos comunicados en 76 estudios controlados y no controlados realizados en pacientes con
  <effect gate:gateId="731" rule="Effect" Simplification="diarrea">diarrea aguda</effect>
  o crónica Los efectos adversos con una incidencia del 1.0% o mayor comunicados en los pacientes de todos los estudios se presentan en la tabla que figura a continuación: Nº pacientes tratados 1913 1371 3740 % Efectos adversos gatrointestinales Náuseas 0.7% 3.2% 1.8% Estreñimiento 1.6% 1.9% 1.7% Calambres abdominales 0.5% 3.0% 1.4% *Todos los pacientes de todos los estudios, incluídos aquéllos en los que nos se especificó si los efectos adversos ocurrieron en los pacientes con
  <effect gate:gateId="732" rule="Effect" Simplification="diarrea">diarrea aguda</effect>
  o crónica. Experiencia postcomercialización Se han comunicado los siguientes efectos adversos espontáneos, y dentro de cada sistema orgánico se clasifican según su frecuencia, utilizando el siguiente criterio: Muy frecuentes (&gt; 1/10) Frecuentes (&gt; 1/100, &lt; 1/10) Poco frecuentes (&gt; 1/1.000, &lt; 1/100) Raros (&gt; 1/10.000, &lt; 1/1.000) Muy raros (&lt; 1/10.000), incluidos los informes aislados Las frecuencias proporcionadas a continuación son un reflejo de los datos comunicados de acontecimientos adversos espontáneos y no representan las incidencias o frecuencias verdaderas observadas en los ensayos clínicos o en los estudios epidemiológicos. - Piel y apéndices Muy raros:
  <effect gate:gateId="733" rule="Effect" Simplification="erupción">exantema</effect>
  ,
  <effect gate:gateId="734" rule="Effect" Simplification="urticaria">urticaria</effect>
  y
  <effect gate:gateId="735" rule="Effect" Simplification="picazón">prurito</effect>
  . Se han comunicado casos aislados de
  <effect gate:gateId="736" rule="Effect" Simplification="hinchazón debajo de la piel">angioedema</effect>
  , erupciones bullosas como síndrome de Stevens-Johnson,
  <effect gate:gateId="737" rule="Effect" Simplification="múltiples manchas rojas">eritema multiforme</effect>
  y
  <effect gate:gateId="738" rule="Effect" Simplification="enfermedad de la piel">necrólisis epidérmica</effect>
  tóxica con el uso de
  <drug gate:gateId="739" rule="Drug">loperamida</drug>
  clorhidrato. - Generales Se han comunicado casos aislados de reacciones alérgicas y algunos casos de reacciones intensas de
  <effect gate:gateId="740" rule="Effect" Simplification="alergia">hipersensibilidad</effect>
  , como
  <effect gate:gateId="741" rule="Effect" Simplification="reacción alérgica mortal">shock anafiláctico</effect>
  y reacciones anafilactoides, con el uso de
  <drug gate:gateId="742" rule="Drug">loperamida</drug>
  clorhidrato. - Trastornos del aparato digestivo Muy raros:
  <effect gate:gateId="743" rule="Effect" Simplification="dolor abdominal">dolor abdominal</effect>
  ,
  <effect gate:gateId="744" rule="Effect" Simplification="obstrucción intestinal">íleo</effect>
  ,
  <effect gate:gateId="745" rule="Effect" Simplification="abdomen prominente">distensión abdominal</effect>
  ,
  <effect gate:gateId="746" rule="Effect" Simplification="náuseas">náuseas</effect>
  ,
  <effect gate:gateId="747" rule="Effect" Simplification="estreñimiento">estreñimiento</effect>
  ,
  <effect gate:gateId="748" rule="Effect" Simplification="vómitos">vómitos</effect>
  ,
  <effect gate:gateId="749" rule="Effect" Simplification="ensanchamiento del colon">megacolon</effect>
  incluyendo
  <effect gate:gateId="750" rule="Effect" Simplification="ensanchamiento del colon">megacolon tóxico</effect>
  (Véase Advertencias y precauciones especiales de empleo),
  <effect gate:gateId="751" rule="Effect" Simplification="flatulencia">flatulencia</effect>
  y
  <effect gate:gateId="752" rule="Effect" Simplification="enfermedades del estómago ">dispepsia</effect>
  . - Aparato genitourinario Casos aislados de
  <effect gate:gateId="753" rule="Effect" Simplification="retención urinaria">retención urinaria</effect>
  . MINISTERIO - Psiquiátricos Muy raros:
  <effect gate:gateId="754" rule="Effect" Simplification="___">somnolencia.</effect>
  - Sistema
  <effect gate:gateId="755" rule="Effect" Simplification="nervioso">nervioso</effect>
  central y periférico Muy raros:
  <effect gate:gateId="756" rule="Effect" Simplification="___">mareos.</effect>
  Varios de los efectos adversos comunicados durante las investigaciones clínicas y la experiencia postcomercialización con
  <drug gate:gateId="757" rule="Drug">loperamida</drug>
  son síntomas frecuentes del síndrome diarreico subyacente (
  <effect gate:gateId="758" rule="Effect" Simplification="dolor">dolor</effect>
  /
  <effect gate:gateId="759" rule="Effect" Simplification="molestia abdominal">malestar abdominal</effect>
  ,
  <effect gate:gateId="760" rule="Effect" Simplification="náuseas">náuseas</effect>
  ,
  <effect gate:gateId="761" rule="Effect" Simplification="vómitos">vómitos</effect>
  ,
  <effect gate:gateId="762" rule="Effect" Simplification="sequedad de boca">sequedad de boca</effect>
  ,
  <effect gate:gateId="763" rule="Effect" Simplification="fatiga">cansancio</effect>
  ,
  <effect gate:gateId="764" rule="Effect" Simplification="somnolencia">somnolencia</effect>
  ,
  <effect gate:gateId="765" rule="Effect" Simplification="mareo">mareos</effect>
  ,
  <effect gate:gateId="766" rule="Effect" Simplification="estreñimiento">estreñimiento</effect>
  y
  <effect gate:gateId="767" rule="Effect" Simplification="flatulencia">flatulencia</effect>
  ). Estos síntomas suelen ser difíciles de distinguir de las reacciones adversas al fármaco.
</paragraph>
