<?xml version="1.0" encoding="UTF-8"?>
<paragraph xmlns:gate="http://www.gate.ac.uk" gate:gateId="0" gate:annotMaxId="1258">
  En caso de uso demasiado frecuente (administración repetida durante varios días seguidos por un mal empleo del producto), el principio activo puede acumularse dando lugar a un incremento en las reacciones adversas. El uso prolongado de cualquier tipo de analgésico para cefaleas, puede empeorar el cuadro. Si ocurre esta situación o se sospecha, el tratamiento debería ser suspendido. Se debería considerar la posibilidad de
  <effect gate:gateId="1182" rule="Effect" Simplification="dolor de cabeza">cefalea</effect>
  por
  <effect gate:gateId="1183" rule="Effect" Simplification="abuso">abuso</effect>
  de medicación en pacientes que padecen cefaleas con frecuencia o a diario a pesar de (o debido a) el uso regular de medicación para la
  <effect gate:gateId="1184" rule="Effect" Simplification="dolor de cabeza">cefalea</effect>
  . No exceder la dosis recomendada de
  <drug gate:gateId="1185" rule="Drug">frovatriptán</drug>
  . Este medicamento contiene lactosa, por tanto no deben tomarlo pacientes con problemas hereditarios raros de
  <effect gate:gateId="1186" rule="Effect" Simplification="intolerancia a la lactosa">intolerancia a la galactosa</effect>
  , deficiencia de lactasa o malabsorción de glucosa- galactosa. Las reacciones adversas pueden ser más frecuentes durante el uso concomitante de triptanes (agonistas 5HT) y las preparaciones que contienen hierba de San Juan (Hypericum perforatum). 4.5 Interacción con otros medicamentos y otras formas de
  <effect gate:gateId="1187" rule="Effect" Simplification="interacción">interacción</effect>
  USO CONCOMITANTE CONTRAINDICADO: Ergotamina y derivados de la ergotamina (incluida la metisergida) y otros agonistas del 5 HT1 Riesgos de
  <effect gate:gateId="1188" rule="Effect" Simplification="presión arterial alta">hipertensión</effect>
  y
  <effect gate:gateId="1189" rule="Effect" Simplification="construcción en los vasos sanguíneos">vasoespasmo</effect>
  de arterias coronarias debido a la adición de efectos vasoconstrictores cuando se usan de forma concomitante para la misma
  <effect gate:gateId="1190" rule="Effect" Simplification="crisis">crisis</effect>
  de
  <effect gate:gateId="1191" rule="Effect" Simplification="migraña">migraña</effect>
  (ver sección 4.3 Contraindicaciones). Los efectos pueden ser aditivos. Se recomienda esperar al menos 24 horas después de la administración de medicación tipo ergotamina antes de administrar
  <drug gate:gateId="1192" rule="Drug">frovatriptán</drug>
  . A la inversa, se recomienda esperar 24 horas después de la administración de
  <drug gate:gateId="1193" rule="Drug">frovatriptán</drug>
  antes de administrar una medicación tipo ergotamina (ver sección 4.4 Advertencias y precauciones especiales de empleo). USO CONCOMITANTE NO RECOMENDADO: Inhibidores de la monoaminooxidasa Frovatriptán no es un substrato de la MAO-A. No puede ser excluido un riesgo potencial de
  <effect gate:gateId="1194" rule="Effect" Simplification="trastorno peligroso">síndrome serotoninérgico</effect>
  o
  <effect gate:gateId="1195" rule="Effect" Simplification="presión arterial alta">hipertensión</effect>
  (ver sección 5.2 .Propiedades farmacocinéticas). USO CONCOMITANTE CON PRECAUCIÓN: Inhibidores selectivos de la recaptación de serotonina (
  <drug gate:gateId="1196" rule="Drug">citalopram</drug>
  ,
  <drug gate:gateId="1197" rule="Drug">fluoxetina</drug>
  ,
  <drug gate:gateId="1198" rule="Drug">fluvoxamina</drug>
  ,
  <drug gate:gateId="1199" rule="Drug">paroxetina</drug>
  ,
  <drug gate:gateId="1200" rule="Drug">sertralina</drug>
  ) Posible riesgo de
  <effect gate:gateId="1201" rule="Effect" Simplification="presión arterial alta">hipertensión</effect>
  ,
  <effect gate:gateId="1202" rule="Effect" Simplification="estrechamiento de vasos sanguíneos">vasoconstricción</effect>
  coronaria o
  <effect gate:gateId="1203" rule="Effect" Simplification="trastorno peligroso">síndrome serotoninérgico</effect>
  . Un factor esencial para evitar este síndrome es respetar estrictamente la dosis recomendada. Metilergometrina Riesgos de
  <effect gate:gateId="1204" rule="Effect" Simplification="presión arterial alta">hipertensión</effect>
  y
  <effect gate:gateId="1205" rule="Effect" Simplification="construcción en los vasos sanguíneos">vasoespasmo coronario</effect>
  . Fluvoxamina La
  <drug gate:gateId="1206" rule="Drug">fluvoxamina</drug>
  es un potente inhibidor del citocromo CYP1A2 y se ha demostrado que incrementa los niveles en sangre de
  <drug gate:gateId="1207" rule="Drug">frovatriptán</drug>
  en un 27-49%. Anticonceptivos orales En mujeres que toman anticonceptivos orales, la concentración de
  <drug gate:gateId="1208" rule="Drug">frovatriptán</drug>
  es un 30% superior a la de mujeres que no toman anticonceptivos orales. No se ha registrado una mayor incidencia en el perfil de reacciones adversas. Hypericum perforatum (hierba de San Juan) (vía oral) Como sucede con otros triptanes, puede aumentar el riesgo de aparición de un
  <effect gate:gateId="1209" rule="Effect" Simplification="trastorno peligroso">síndrome serotoninérgico</effect>
  . 4.6 Embarazo y lactancia Embarazo La seguridad de
  <drug gate:gateId="1210" rule="Drug">frovatriptán</drug>
  en mujeres embarazadas no ha sido establecida. Estudios en animales han demostrado toxicidad en la reproducción (ver sección 5.3 datos preclínicos sobre seguridad). El riesgo potencial en humanos se desconoce. Frovatriptán no debe administrarse durante el
  <effect gate:gateId="1211" rule="Effect" Simplification="embarazo">embarazo</effect>
  a menos que ello sea claramente necesario. Lactancia Frovatriptán y/o sus metabolitos se excretan en la leche de ratas lactantes, con una concentración máxima en leche cuatro veces superior a los niveles máximos en sangre. Aunque se desconoce si
  <drug gate:gateId="1212" rule="Drug">frovatriptán</drug>
  o sus metabolitos se excretan en la leche materna, no está recomendada la administración de
  <drug gate:gateId="1213" rule="Drug">frovatriptán</drug>
  a mujeres durante la lactancia, a menos que ello sea estrictamente necesario. En este caso, debe respetarse un intervalo de 24 horas. 4.7 Efectos sobre la capacidad para conducir y utilizar máquinas No se han realizado estudios para evaluar el efecto de
  <drug gate:gateId="1214" rule="Drug">frovatriptán</drug>
  sobre la capacidad para conducir y utilizar máquinas. La
  <effect gate:gateId="1215" rule="Effect" Simplification="migraña">migraña</effect>
  o el tratamiento con
  <drug gate:gateId="1216" rule="Drug">frovatriptán</drug>
  pueden producir
  <effect gate:gateId="1217" rule="Effect" Simplification="___">somnolencia.</effect>
  Se debe recomendar a los pacientes que evalúen su habilidad para realizar tareas complejas tales como conducir durante las
  <effect gate:gateId="1218" rule="Effect" Simplification="crisis">crisis</effect>
  de
  <effect gate:gateId="1219" rule="Effect" Simplification="migraña">migraña</effect>
  y tras la administración de
  <drug gate:gateId="1220" rule="Drug">frovatriptán</drug>
  . 4.8 Reacciones adversas Frovatriptán ha sido administrado a más de 2700 pacientes a la dosis recomendada de 2,5 mg y los efectos secundarios mas frecuentes (&lt;10%) incluyeron
  <effect gate:gateId="1221" rule="Effect" Simplification="mareo">mareo</effect>
  ,
  <effect gate:gateId="1222" rule="Effect" Simplification="fatiga ">fatiga</effect>
  ,
  <effect gate:gateId="1223" rule="Effect" Simplification="cosquilleo">parestesias</effect>
  ,
  <effect gate:gateId="1224" rule="Effect" Simplification="dolor de cabeza">cefalea</effect>
  y
  <effect gate:gateId="1225" rule="Effect" Simplification="enrojecimiento de la piel">rubefacción</effect>
  vascular. Las reacciones adversas registradas en los estudios clínicos con
  <drug gate:gateId="1226" rule="Drug">frovatriptán</drug>
  han sido transitorias, generalmente entre leves y moderadas, y se han resuelto de forma espontánea. Algunos de los síntomas comunicados como reacciones adversas pueden ser síntomas asociados a la
  <effect gate:gateId="1227" rule="Effect" Simplification="migraña">migraña</effect>
  . La tabla siguiente muestra todas las reacciones adversas relacionadas con el tratamiento con 2,5 mg de
  <drug gate:gateId="1228" rule="Drug">frovatriptán</drug>
  , las cuales han presentado una mayor incidencia respecto a la registrada para el placebo en los 4 estudios clínicos controlados con placebo. Las reacciones adversas se muestran clasificadas por órganos y sistemas según un orden decreciente de incidencia. Frecuentes Poco frecuentes Raras ORGANO/SISTEMA Sistema
  <effect gate:gateId="1229" rule="Effect" Simplification="nervioso">nervioso</effect>
  Mareo,
  <effect gate:gateId="1230" rule="Effect" Simplification="cosquilleo">parestesia</effect>
  , Temblor,
  <effect gate:gateId="1231" rule="Effect" Simplification="estimulo táctil">hiperestesia</effect>
  , Hipertonía,
  <effect gate:gateId="1232" rule="Effect" Simplification="disminución de tensión muscular">hipotonía</effect>
  , central y periférico
  <effect gate:gateId="1233" rule="Effect" Simplification="dolor de cabeza">cefalea</effect>
  ,
  <effect gate:gateId="1234" rule="Effect" Simplification="somnolencia">somnolencia</effect>
  ,
  <effect gate:gateId="1235" rule="Effect" Simplification="mareo y vértigo">vértigo</effect>
  , contracciones lentitud de reflejos, Trastornos del sistema Náuseas,
  <effect gate:gateId="1236" rule="Effect" Simplification="sequedad">sequedad</effect>
  de Diarrea,
  <effect gate:gateId="1237" rule="Effect" Simplification="problemas para tragar">disfagia</effect>
  , Queilitis, eructación, gastrointestinal boca,
  <effect gate:gateId="1238" rule="Effect" Simplification="enfermedades del estómago ">dispepsia</effect>
  ,
  <effect gate:gateId="1239" rule="Effect" Simplification="dolor">dolor</effect>
  <effect gate:gateId="1240" rule="Effect" Simplification="flatulencia">flatulencia</effect>
  , trastornos gastrointesti- Trastornos generales del Fatiga, distermia,
  <effect gate:gateId="1241" rule="Effect" Simplification="dolor">dolor</effect>
  Dolor,
  <effect gate:gateId="1242" rule="Effect" Simplification="fatiga">astenia</effect>
  ,
  <effect gate:gateId="1243" rule="Effect" Simplification="fiebre">fiebre</effect>
  Dolor en extremidades organismo torácico inferiores Alteraciones Ansiedad,
  <effect gate:gateId="1244" rule="Effect" Simplification="insomnio">insomnio</effect>
  , Amnesia, agravamiento psiquiátricas
  <effect gate:gateId="1245" rule="Effect" Simplification="confusión">confusión</effect>
  ,
  <effect gate:gateId="1246" rule="Effect" Simplification=" nerviosismo ">nerviosismo</effect>
  , de la
  <effect gate:gateId="1247" rule="Effect" Simplification="depresión">depresión</effect>
  , sueños Vascular Rubor (extracardíaco) Respiratorio Opresión de garganta Rinitis,
  <effect gate:gateId="1248" rule="Effect" Simplification="faringitis">faringitis</effect>
  , Hiperventilación Músculo-esquelético Dolor esquelético Dolor de espalda, Trastornos en la visión Visión anormal Piel y anejos Aumento en la Prurito Urticaria Frecuencia y ritmo Palpitaciones Taquicardia Bradicardia cardíaco Oído y desórdenes Tinnitus,
  <effect gate:gateId="1249" rule="Effect" Simplification="dolor en el oído">otalgia</effect>
  , Hyperacusia vestibulares desórdenes óticos no Alteraciones sensoriales Disgeusia Trastornos nutricionales Sed,
  <effect gate:gateId="1250" rule="Effect" Simplification="deshidratación">deshidratación</effect>
  Hipocalcemia, y metabólicos
  <effect gate:gateId="1251" rule="Effect" Simplification="poca azúcar en la sangre">hipoglucemia</effect>
  Trastornos en el sistema Polaquiria,
  <effect gate:gateId="1252" rule="Effect" Simplification="orina abundante">poliuria</effect>
  Nicturia,
  <effect gate:gateId="1253" rule="Effect" Simplification="dolor renal">dolor renal</effect>
  , urinario
  <effect gate:gateId="1254" rule="Effect" Simplification="orina marrón">coluria</effect>
  Trastornos Hipertensión cardiovasculares generales Trastornos en plaquetas, Epistaxis, púrpura el
  <effect gate:gateId="1255" rule="Effect" Simplification="sangrado">sangrado</effect>
  y la
  <effect gate:gateId="1256" rule="Effect" Simplification="coagulación">coagulación</effect>
  Sistema
  <effect gate:gateId="1257" rule="Effect" Simplification="nervioso">nervioso</effect>
  Síncope autónomo Trastornos en el sistema Bilirrubinemia hepático y biliar Efectos secundarios Daño provocado Linfocitos y sistema Linfadenopatías reticuloendotelial Los efectos observados en dos estudios clínicos a largo plazo abiertos no han sido diferentes de los arriba expuestos.
</paragraph>
