<?xml version="1.0" encoding="UTF-8"?>
<paragraph xmlns:gate="http://www.gate.ac.uk" gate:gateId="0" gate:annotMaxId="434">
  Tras el tratamiento con FOSFOMICINA (TROMETAMOL), los síntomas clínicos desaparecen generalmente pasados 2 ó 3 días después del tratamiento. La eventual persistencia de algunos síntomas locales no es, necesariamente, un signo de fallo terapéutico, sino que puede ser debida a la
  <effect gate:gateId="420" rule="Effect" Simplification="inflamación">inflamación</effect>
  precedente. Advertencia sobre excipientes: FOSFOMICINA (TROMETAMOL) 3 g contiene 2,213 g y FOSFOMICINA (TROMETAMOL) 2 g contiene 2,100 g de sacarosa por sobre, respectivamente, lo que deberá ser tenido en cuenta por los enfermos diabéticos. 4.5. Interacciones con otros medicamentos y otras formas de
  <effect gate:gateId="421" rule="Effect" Simplification="interacción">interacción</effect>
  : La administración simultánea de FOSFOMICINA (TROMETAMOL) con metoclopramida reduce la absorción de la
  <drug gate:gateId="422" rule="Drug">fosfomicina</drug>
  . 4.6. Embarazo y Lactancia: No existen datos sobre la administración de FOSFOMICINA (TROMETAMOL) en mujeres embarazadas. Los diversos estudios llevados a cabo en animales con
  <drug gate:gateId="423" rule="Drug">fosfomicina</drug>
  (trometamol) no han evidenciado efectos dañinos para el feto. Estudios previos llevados a cabo en ratas con las sales sódica y cálcica de
  <drug gate:gateId="424" rule="Drug">fosfomicina</drug>
  determinaron efectos tóxicos sobre el feto a dosis elevadas equivalentes a 25 veces la dosis terapéutica, y los estudios realizados en conejos con dosis inferiores del fármaco no manifestaron signos de toxicidad fetal. Aunque los estudios realizados en animales con
  <drug gate:gateId="425" rule="Drug">fosfomicina</drug>
  (trometamol) no han demostrado acción teratógena, y su administración en dosis única en el
  <effect gate:gateId="426" rule="Effect" Simplification="embarazo">embarazo</effect>
  reduce el riesgo para el feto, respecto a los tratamientos prolongados, se recomienda utilizarla en el
  <effect gate:gateId="427" rule="Effect" Simplification="embarazo">embarazo</effect>
  únicamente en aquellos casos en que se considere favorable el balance beneficio/riesgo. La
  <drug gate:gateId="428" rule="Drug">fosfomicina</drug>
  (trometamol) se excreta por la leche materna, por lo que se recomienda su administración durante la lactancia únicamente en aquellos casos en que se considere favorable el balance beneficio/riesgo. 4.7. Efectos sobre la capacidad de conducir vehículos y utilizar maquinaria: No se han descrito. 4.8. Reacciones adversas: De forma ocasional, se han observado
  <effect gate:gateId="429" rule="Effect" Simplification="náuseas">náuseas</effect>
  ,
  <effect gate:gateId="430" rule="Effect" Simplification="indigestión">pirosis</effect>
  y
  <effect gate:gateId="431" rule="Effect" Simplification="___">diarrea.</effect>
  Menos frecuentemente, se han observado reacciones alérgicas, con
  <effect gate:gateId="432" rule="Effect" Simplification="alteración de la piel">rash</effect>
  cutáneo. Estas reacciones por lo general remiten de forma espontánea y rápidamente, sin necesidad de administrar tratamiento sintomático. Raramente han sido notificadas reacciones de
  <effect gate:gateId="433" rule="Effect" Simplification="alergia">hipersensibilidad</effect>
  graves, incluida anafilaxis.
</paragraph>
