<?xml version="1.0" encoding="UTF-8"?>
<paragraph xmlns:gate="http://www.gate.ac.uk" gate:gateId="0" gate:annotMaxId="204">
  Las reacciones adversas más frecuentemente descritas han sido
  <effect gate:gateId="179" rule="Effect" Simplification="vómitos">vómitos</effect>
  ,
  <effect gate:gateId="180" rule="Effect" Simplification="fatiga ">fatiga</effect>
  (
  <effect gate:gateId="181" rule="Effect" Simplification="mareo">mareo</effect>
  ),
  <effect gate:gateId="182" rule="Effect" Simplification="náuseas">náuseas</effect>
  , reacciones alérgicas con o sin
  <effect gate:gateId="183" rule="Effect" Simplification="inflamación">erupción cutánea</effect>
  ,
  <effect gate:gateId="184" rule="Effect" Simplification="hinchazón abdominal">hinchazón abdominal</effect>
  ,
  <effect gate:gateId="185" rule="Effect" Simplification="dolor gastrointestinal">espasmos gastrointestinales</effect>
  y
  <effect gate:gateId="186" rule="Effect" Simplification="___">diarrea.</effect>
  En los ensayos clínicos se ha observado
  <effect gate:gateId="187" rule="Effect" Simplification="fosforo en la sangre">hiperfosfatemia</effect>
  transitoria, sin acompañamiento de
  <effect gate:gateId="188" rule="Effect" Simplification="bajo nivel de calcio en la sangre">hipocalcemia</effect>
  . Todos los pacientes permanecieron asintomáticos y los niveles de fosfato en plasma volvieron a los niveles iniciales de pretratamiento a las 24 horas. Se han notificado casos graves de
  <effect gate:gateId="189" rule="Effect" Simplification="fosforo en la sangre">hiperfosfatemia</effect>
  asociada a la administración de
  <drug gate:gateId="190" rule="Drug">laxantes</drug>
  con alto contenido en fosfatos, por lo que aquellos pacientes con factores de riesgo para desarrollar
  <effect gate:gateId="191" rule="Effect" Simplification="fosforo en la sangre">hiperfosfatemia</effect>
  deben ser vigilados, realizándose controles analíticos (ver apartados 4.3 y 4.4.) Un estado de
  <effect gate:gateId="192" rule="Effect" Simplification="fosforo en la sangre">hiperfosfatemia</effect>
  puede manifestarse con
  <effect gate:gateId="193" rule="Effect" Simplification="irritabilidad">irritabilidad</effect>
  ,
  <effect gate:gateId="194" rule="Effect" Simplification="presión arterial baja">hipotensión</effect>
  ,
  <effect gate:gateId="195" rule="Effect" Simplification="calambres musculares">calambres musculares</effect>
  ,
  <effect gate:gateId="196" rule="Effect" Simplification="coloración azul de la piel">cianosis</effect>
  ,
  <effect gate:gateId="197" rule="Effect" Simplification="espasmos">tetania</effect>
  ,
  <effect gate:gateId="198" rule="Effect" Simplification="alteración del ritmo cardíaco">taquicardia</effect>
  ,
  <effect gate:gateId="199" rule="Effect" Simplification="ataque">convulsiones</effect>
  ,
  <effect gate:gateId="200" rule="Effect" Simplification="perdida de la conciencia">obnubilación</effect>
  ,
  <effect gate:gateId="201" rule="Effect" Simplification="fatiga">cansancio</effect>
  ,
  <effect gate:gateId="202" rule="Effect" Simplification="debilidad">debilidad</effect>
  e incluso estado
  <effect gate:gateId="203" rule="Effect" Simplification="coma">comatoso</effect>
  .
</paragraph>
