<?xml version="1.0" encoding="UTF-8"?>
<paragraph xmlns:gate="http://www.gate.ac.uk" gate:gateId="0" gate:annotMaxId="395">
  Las características farmacológicas de la
  <drug gate:gateId="365" rule="Drug">prometazina</drug>
  son el origen de las reacciones adversas de desigual intensidad, ligadas o no a la dosis (ver apartado 5.1 Propiedades farmacodinámicas). Las reacciones adversas notificadas, aparecen a continuación, según la clasificación de órganos del sistema MeDRA y en orden decreciente de frecuencia (muy frecuentes: &gt;1/10; frecuentes: &gt;1/100, &lt;1/10; poco frecuentes: &gt;1/1.000, &lt;1/100; raras: &gt;1/10.000, &lt;1/1.000; muy raras: &lt;1/10.000) incluyendo notificaciones aisladas. Trastornos de la sangre y del sistema linfático: - Raros:
  <effect gate:gateId="366" rule="Effect" Simplification="disminución de leucocitos en la sangre">leucopenia</effect>
  ,
  <effect gate:gateId="367" rule="Effect" Simplification="problemas en la sangre">neutropenia</effect>
  ,
  <effect gate:gateId="368" rule="Effect" Simplification="problemas de coagulación">trombocitopenia</effect>
  y
  <effect gate:gateId="369" rule="Effect" Simplification="anemia">anemia hemolítica</effect>
  . - Muy raros:
  <effect gate:gateId="370" rule="Effect" Simplification="poca producción de defensas en la sangre">agranulocitosis</effect>
  , MINISTERIO Trastornos del sistema inmunológico: - Raros:
  <effect gate:gateId="371" rule="Effect" Simplification="hinchazón de la piel">hinchazón de la piel</effect>
  por acumulación de líquidos (
  <effect gate:gateId="372" rule="Effect" Simplification="hinchazón">edema</effect>
  ), - Muy raros:
  <effect gate:gateId="373" rule="Effect" Simplification="hinchazón">edema</effect>
  de Quincke,
  <effect gate:gateId="374" rule="Effect" Simplification="reacción alérgica mortal">shock anafiláctico</effect>
  Trastornos psiquiátricos - Poco frecuentes:
  <effect gate:gateId="375" rule="Effect" Simplification="confusión mental">confusión mental</effect>
  ,
  <effect gate:gateId="376" rule="Effect" Simplification="alucinaciones">alucinaciones</effect>
  Trastornos del sistema
  <effect gate:gateId="377" rule="Effect" Simplification="nervioso">nervioso</effect>
  : - Frecuentes:
  <effect gate:gateId="378" rule="Effect" Simplification="sedación">sedación</effect>
  o
  <effect gate:gateId="379" rule="Effect" Simplification="somnolencia">somnolencia</effect>
  , más marcada al inicio del tratamiento; - Poco frecuentes: vértigos, problemas de equilibrio, disminución de la memoria o de la concentración, efectos anticolinérgicos. - Raros: Falta de coordinación motriz;
  <effect gate:gateId="380" rule="Effect" Simplification="temblor">temblores</effect>
  (más frecuentes en pacientes de edad avanzada). - Muy raros: efectos del tipo de
  <effect gate:gateId="381" rule="Effect" Simplification="excitación">excitación</effect>
  :
  <effect gate:gateId="382" rule="Effect" Simplification="agitación">agitación</effect>
  ,
  <effect gate:gateId="383" rule="Effect" Simplification=" nerviosismo ">nerviosismo</effect>
  ,
  <effect gate:gateId="384" rule="Effect" Simplification="insomnio">insomnio</effect>
  . Trastornos oculares - Poco frecuentes: problemas de acomodación ocular,
  <effect gate:gateId="385" rule="Effect" Simplification="dilatación de pupilas">midriasis</effect>
  . Trastornos cardíacos - Poco frecuentes:
  <effect gate:gateId="386" rule="Effect" Simplification="palpitaciones">palpitaciones</effect>
  cardíacas Trastornos vasculares: - Poco frecuentes:
  <effect gate:gateId="387" rule="Effect" Simplification="incapacidad de quedarse quieto">hipotensión ortostática</effect>
  , Trastornos gastrointestinales: - Poco frecuentes:
  <effect gate:gateId="388" rule="Effect" Simplification="sequedad">sequedad</effect>
  de las mucosas,
  <effect gate:gateId="389" rule="Effect" Simplification="estreñimiento">constipación</effect>
  .. Trastornos de la piel y el tejido subcutáneo: - Poco frecuentes: eritemas,
  <effect gate:gateId="390" rule="Effect" Simplification="enfermedad de la piel">eczema</effect>
  ,
  <effect gate:gateId="391" rule="Effect" Simplification="picazón">prurito</effect>
  , púrpura, "
  <effect gate:gateId="392" rule="Effect" Simplification="alteración de la piel">rash</effect>
  ",
  <effect gate:gateId="393" rule="Effect" Simplification="urticaria">urticaria</effect>
  eventualmente muy extensa. - Raros: aumento de fotosensibilización Trastornos renales y urinarios: - Poco frecuentes:
  <effect gate:gateId="394" rule="Effect" Simplification="retención urinaria">retención urinaria</effect>
</paragraph>
