<?xml version="1.0" encoding="UTF-8"?>
<paragraph xmlns:gate="http://www.gate.ac.uk" gate:gateId="0" gate:annotMaxId="594">
  Las reacciones adversas notificadas con mayor frecuencia con la administración oral de ácido fusídico son trastornos gastrointestinales y síntomas de trastornos generales. Se han notificado diversas reacciones cutáneas,
  <effect gate:gateId="567" rule="Effect" Simplification="piel amarrilla">ictericia</effect>
  reversible, trastornos hematológicos y reacciones de
  <effect gate:gateId="568" rule="Effect" Simplification="alergia">hipersensibilidad</effect>
  generalizadas. Basándose en los estudios clínicos en la indicación de
  <effect gate:gateId="569" rule="Effect" Simplification="infecciones">infecciones</effect>
  de piel y tejido subcutáneo, aproximadamente el 15 % de los pacientes tratados con Fucidine Comprimidos experimentaron reacciones adversas. Fueron frecuentes las nauseas,
  <effect gate:gateId="570" rule="Effect" Simplification="enfermedades del estómago ">dispepsia</effect>
  ,
  <effect gate:gateId="571" rule="Effect" Simplification="vómitos">vómitos</effect>
  ,
  <effect gate:gateId="572" rule="Effect" Simplification="diarrea">diarrea</effect>
  ,
  <effect gate:gateId="573" rule="Effect" Simplification="dolor abdominal">dolor abdominal</effect>
  o molestias. Los trastornos del sistema gastrointestinal son dosis dependientes. Fueron poco frecuentes los trastornos generales tales como
  <effect gate:gateId="574" rule="Effect" Simplification="fatiga">astenia</effect>
  ,
  <effect gate:gateId="575" rule="Effect" Simplification="somnolencia">somnolencia</effect>
  ,
  <effect gate:gateId="576" rule="Effect" Simplification="fatiga ">fatiga</effect>
  ,
  <effect gate:gateId="577" rule="Effect" Simplification="trastornos de la alimentación ">anorexia</effect>
  y
  <effect gate:gateId="578" rule="Effect" Simplification="dolor de cabeza">cefalea</effect>
  . Fueron raras las
  <effect gate:gateId="579" rule="Effect" Simplification="inflamación">erupciones cutáneas</effect>
  (
  <effect gate:gateId="580" rule="Effect" Simplification="alteración de la piel">rash</effect>
  ),
  <effect gate:gateId="581" rule="Effect" Simplification="urticaria">urticaria</effect>
  ,
  <effect gate:gateId="582" rule="Effect" Simplification="picazón">prurito</effect>
  y reacciones alérgicas. Datos post-comercialización del ácido fusídico administrado por vía sistémica Se ha notificado incremento de bilirrubina, incremento de enzimas hepáticos tales como fosfatasa alcalina o transaminasas e
  <effect gate:gateId="583" rule="Effect" Simplification="piel amarrilla">ictericia</effect>
  , considerándose raras. Estas reacciones adversas son habitualmente reversibles al discontinuar el tratamiento. Se han notificado reacciones adversas hematológicas principalmente describiendo
  <effect gate:gateId="584" rule="Effect" Simplification="afectación">afectación</effect>
  de la serie blanca, considerándose muy raras. Éstas se han observado especialmente en casos de más de 15 días de tratamiento y revierten al discontinuar el tratamiento. Basándose en los datos post-comercialización del ácido fusídico administrado sistémicamente el `porcentaje de notificación' total de reacciones adversas es raro, siendo de aproximadamente 3:10.000 tratamientos. A continuación se clasifican las reacciones adversas según la Clasificación de Órganos y Sistemas de MedDRA, enumerándose individualmente, empezando por las notificadas con mayor frecuencia. · Trastornos gastrointestinales Nauseas Diarreas Dolor abdominal Vómitos Dispepsia · Trastornos generales y alteraciones en el lugar de administración Malestar Fatiga Astenia Somnolencia Anorexia · Trastornos de la piel y del tejido subcutáneo Rash* Prurito Urticaria *Rash incluye diversos tipos de reacciones cutáneas tales como eritematosas,
  <effect gate:gateId="585" rule="Effect" Simplification="manchas rojas">maculopapular</effect>
  y pustular. · Trastornos hepatobiliares Hiperbilirrubinemia Ictericia Incremento de enzimas hepáticos Síndrome hepatorrenal Las anomalías de la función hepática como la
  <effect gate:gateId="586" rule="Effect" Simplification="problemas en el metabolismo">hiperbilirrubinemia</effect>
  con o sin
  <effect gate:gateId="587" rule="Effect" Simplification="piel amarrilla">ictericia</effect>
  y el incremento en enzimas hepáticos tales como fosfata alcalina y transaminasas debe conllevar a la retirada del tratamiento. El retorno a la normalidad de los parámetros de laboratorio es habitual y generalmente rápido. Síndrome hepatorrenal, ver `Trastornos renales'. · Trastornos de la sangre y del sistema linfático Leucopenia* Trombocitopenia Pancitopenia Anemia Se han notificado trastornos hematológicos que afectan a la serie blanca (
  <effect gate:gateId="588" rule="Effect" Simplification="problemas en la sangre">neutropenia</effect>
  ,
  <effect gate:gateId="589" rule="Effect" Simplification="problemas sistema inmune">granulocitopenia</effect>
  ,
  <effect gate:gateId="590" rule="Effect" Simplification="poca producción de defensas en la sangre">agranulocitosis</effect>
  ) y más raramente trastornos que afectan a las otras dos líneas celulares, bien como acontecimientos aislados o asociados. Ésto se ha observado especialmente en caso de tratamiento con una duración superior a los 15 días y es reversible al discontinuar el tratamiento. · Trastornos renales y urinarios Fallo renal Se ha descrito
  <effect gate:gateId="591" rule="Effect" Simplification="insuficiencia renal aguda">fallo renal agudo</effect>
  en pacientes con
  <effect gate:gateId="592" rule="Effect" Simplification="piel amarrilla">ictericia</effect>
  , en particular en presencia de otros factores predisponentes a
  <effect gate:gateId="593" rule="Effect" Simplification="fallo renal">fallo renal</effect>
  . · Trastornos del sistema inmunológico Reacciones alérgicas Reacciones anafilácticas Se han notificado casos aislados dentro del grupo de trastornos del sistema inmunológico.
</paragraph>
