<?xml version="1.0" encoding="UTF-8"?>
<paragraph xmlns:gate="http://www.gate.ac.uk" gate:gateId="0" gate:annotMaxId="2584">
  En todos los pacientes que reciban FUNGAREST comprimidos se deberá considerar un control de la función hepática (ver Monitorización de la función hepática). Se deben dar instrucciones a los pacientes para que comuniquen inmediatamente a su médico la aparición de signos y síntomas indicativos de
  <effect gate:gateId="2480" rule="Effect" Simplification="hepatitis">hepatitis</effect>
  tales como
  <effect gate:gateId="2481" rule="Effect" Simplification="trastornos de la alimentación ">anorexia</effect>
  ,
  <effect gate:gateId="2482" rule="Effect" Simplification="náusea">náusea</effect>
  ,
  <effect gate:gateId="2483" rule="Effect" Simplification="vómitos">vómitos</effect>
  ,
  <effect gate:gateId="2484" rule="Effect" Simplification="fatiga ">fatiga</effect>
  ,
  <effect gate:gateId="2485" rule="Effect" Simplification="piel amarrilla">ictericia</effect>
  ,
  <effect gate:gateId="2486" rule="Effect" Simplification="dolor abdominal">dolor abdominal</effect>
  u
  <effect gate:gateId="2487" rule="Effect" Simplification="orina oscura">orina oscura</effect>
  . En estos pacientes, el tratamiento deberá ser interrumpido inmediatamente y se realizará un análisis de la función hepática. En pacientes con un aumento de los enzimas hepáticos, o que hayan experimentado toxicidad hepática con otros fármacos, el tratamiento no deberá ser iniciado a menos que el beneficio esperado sea superior al riesgo de
  <effect gate:gateId="2488" rule="Effect" Simplification="lesión hepática">lesión hepática</effect>
  . En estos casos, es necesario monitorizar los enzimas hepáticos. En los casos en los que no comprometa la vida del paciente y que requieran largos periodos de tratamiento, se deberá realizar una evaluación del beneficio-riesgo antes de la administración de
  <drug gate:gateId="2489" rule="Drug">ketoconazol</drug>
  . Monitorización de la función hepática En todos los pacientes que reciben tratamiento con FUNGAREST comprimidos se debe considerar la monitorización de la función hepática. Se recomienda realizar pruebas de función hepática antes del tratamiento y en intervalos frecuentes durante el tratamiento. Monitorización de la función adrenal En voluntarios que recibieron dosis diarias de 400 mg y más,
  <drug gate:gateId="2490" rule="Drug">ketoconazol</drug>
  redujo la respuesta del cortisol a la estimulación de la ACTH. Por lo tanto, la función adrenal deberá ser vigilada en pacientes con
  <effect gate:gateId="2491" rule="Effect" Simplification="insuficiencia en los riñones">insuficiencia adrenal</effect>
  , o con función adrenal en el límite, y en pacientes sometidos a stress prolongados (cirugía mayor, cuidados intensivos, etc.). MINISTERIO Uso en niños Es muy limitada la utilización documentada de FUNGAREST comprimidos en niños con un peso inferior de 15 kg. Por lo tanto, no se recomienda administrar FUNGAREST comprimidos a niños pequeños. Disminución de la
  <effect gate:gateId="2492" rule="Effect" Simplification="acidez">acidez gástrica</effect>
  La absorción se altera cuando la
  <effect gate:gateId="2493" rule="Effect" Simplification="acidez">acidez gástrica</effect>
  está disminuida. En pacientes que reciben simultáneamente fármacos que neutralizan la
  <effect gate:gateId="2494" rule="Effect" Simplification="acidez">acidez</effect>
  (por ejemplo:
  <drug gate:gateId="2495" rule="Drug">hidróxido de aluminio</drug>
  ) estos deberían de ser administrados por lo menos dos horas después de haber tomado FUNGAREST comprimidos. En pacientes con
  <effect gate:gateId="2496" rule="Effect" Simplification="dificultad en la digestión">aclorhidria</effect>
  , tales como ciertos pacientes con SIDA, y en pacientes en tratamiento con supresores de la secreción ácida (por ejemplo: antagonistas-H2, inhibidores de la bomba de protones), es recomendable administrar FUNGAREST comprimidos junto con una bebida de cola. Porfiria Se ha visto que
  <drug gate:gateId="2497" rule="Drug">ketoconazol</drug>
  es porfirogénico en sistemas in vitro, por lo que se recomienda precaución cuando se prescriba a pacientes con
  <effect gate:gateId="2498" rule="Effect" Simplification="alteración en el hígado">porfiria hepática</effect>
  aguda. Potencial de
  <effect gate:gateId="2499" rule="Effect" Simplification="interacción">interacción</effect>
  con fármacos FUNGAREST comprimidos tiene un potencial, clínicamente importante de interaccionar con otros fármacos (ver sección 4.5 Interacción con otros medicamentos y otras formas de
  <effect gate:gateId="2500" rule="Effect" Simplification="interacción">interacción</effect>
  ). 4 . 5 .Interacción con otros medicamentos y otras formas de
  <effect gate:gateId="2501" rule="Effect" Simplification="interacción">interacción</effect>
  1. Fármacos que afectan al metabolismo de
  <drug gate:gateId="2502" rule="Drug">ketoconazol</drug>
  Fármacos inductores enzimáticos tales como rifampicina,
  <drug gate:gateId="2503" rule="Drug">rifabutin</drug>
  , carbamacepina, isoniazina y fenitoina reducen significativamente la biodisponibilidad de
  <drug gate:gateId="2504" rule="Drug">ketoconazol</drug>
  . Fármacos que afectan la
  <effect gate:gateId="2505" rule="Effect" Simplification="acidez">acidez gástrica</effect>
  : ver 4.4 Advertencias y precauciones especiales de empleo. Ritonavir aumenta la biodisponibilidad de
  <drug gate:gateId="2506" rule="Drug">ketoconazol</drug>
  . Por tanto, cuando se administren concomitantemente, se debe de considerar la reducción de la dosis de
  <drug gate:gateId="2507" rule="Drug">ketoconazol</drug>
  . 2. Efectos del
  <drug gate:gateId="2508" rule="Drug">ketoconazol</drug>
  sobre el metabolismo de otros fármacos: Ketoconazol puede inhibir el metabolismo de los fármacos metabolizados por ciertos enzimas P450 hepáticos, especialmente los de la familia CYP 3A. Esto puede dar como resultado un aumento y/o una prolongación de sus efectos incluidos los secundarios. Ejemplos: Fármacos que están contraindicados durante el tratamiento con
  <drug gate:gateId="2509" rule="Drug">ketoconazol</drug>
  : - Esta contraindicada la co-administración de FUNGAREST comprimidos con sustratos del CYP3A4 como terfenadina, astemizol, mizolastina,
  <drug gate:gateId="2510" rule="Drug">cisaprida</drug>
  ,
  <drug gate:gateId="2511" rule="Drug">dofetilida</drug>
  , quinidina o
  <drug gate:gateId="2512" rule="Drug">pimozida</drug>
  ya que el aumento de las concentraciones plasmáticas de estos medicamentos pueden dar lugar a una prolongación de QTc y, en raras ocasiones,
  <effect gate:gateId="2513" rule="Effect" Simplification="arritmia">torsades de pointes</effect>
  . - La co-administración con domperidona está contraindicada ya que la combinación puede dar lugar a una prolongación del QTc. - La co-administración con
  <drug gate:gateId="2514" rule="Drug">triazolam</drug>
  y
  <drug gate:gateId="2515" rule="Drug">midazolam</drug>
  oral está contraindicada debido a una respuesta farmacodinámica exagerada y prolongada. - Co-administración de inhibidores de la HMG-CoA reductasa metabolizados por el CYP3A4 tales como
  <drug gate:gateId="2516" rule="Drug">simvastatina</drug>
  y
  <drug gate:gateId="2517" rule="Drug">lovastatina</drug>
  . Fármacos que deben ser utilizados con precaución, cuyos niveles plasmáticos, efectos o efectos secundarios deberían ser monotorizados. Si se coadministran con
  <drug gate:gateId="2518" rule="Drug">ketoconazol</drug>
  , su dosis, si es necesario debería reducirse: - Alcaloides del ergot (ergotamina y dihidroergotamina). - Anticoagulantes orales; - Inhibidores de la proteasa HIV tales como
  <drug gate:gateId="2519" rule="Drug">indinavir</drug>
  y
  <drug gate:gateId="2520" rule="Drug">saquinavir</drug>
  ; - Ciertos agentes antineoplásicos tales como alcaloides de la vinca,
  <drug gate:gateId="2521" rule="Drug">busulfan</drug>
  y docetaxel; - Bloqueadores del canal del calcio metabolizados por CYP3A4 tales como dihidropirinidas y probablemente
  <drug gate:gateId="2522" rule="Drug">verapamil</drug>
  ; - Ciertos agentes inmunosupresores:
  <drug gate:gateId="2523" rule="Drug">ciclosporina</drug>
  ,
  <drug gate:gateId="2524" rule="Drug">tacrolimus</drug>
  y rapamicina =
  <drug gate:gateId="2525" rule="Drug">sirolimus</drug>
  ; - Otros: digoxina, carbamacepina,
  <drug gate:gateId="2526" rule="Drug">buspirona</drug>
  , alfentanilo,
  <drug gate:gateId="2527" rule="Drug">sildenafil</drug>
  ,
  <drug gate:gateId="2528" rule="Drug">alprazolam</drug>
  , brotizolam,
  <drug gate:gateId="2529" rule="Drug">midazolam</drug>
  IV,
  <drug gate:gateId="2530" rule="Drug">rifabutin</drug>
  , metilprednisolona, trimetrexato, ebastina, reboxetina. Se han comunicado casos excepcionales de reacciones tipo
  <drug gate:gateId="2531" rule="Drug">disulfiram</drug>
  con el alcohol, caracterizadas por
  <effect gate:gateId="2532" rule="Effect" Simplification="sofoco">sofocos</effect>
  ,
  <effect gate:gateId="2533" rule="Effect" Simplification="inflamación">erupción cutánea</effect>
  ,
  <effect gate:gateId="2534" rule="Effect" Simplification="hinchazón en la pierna">edema periférico</effect>
  ,
  <effect gate:gateId="2535" rule="Effect" Simplification="náuseas">náuseas</effect>
  y
  <effect gate:gateId="2536" rule="Effect" Simplification="dolor de cabeza">dolor de cabeza</effect>
  , por lo tanto se evitará el consumo de bebidas alcohólicas durante el tratamiento. Todos los síntomas desaparecen al cabo de pocas horas. 4 . 6 .- Embarazo y lactancia Embarazo Ketoconazol induce
  <effect gate:gateId="2537" rule="Effect" Simplification="menos de cinco dedos">oligodactilia</effect>
  y
  <effect gate:gateId="2538" rule="Effect" Simplification="mas dedos">sindactilia</effect>
  en ratas a dosis de 80 mg/kg (ver 5.3 Datos preclínicos sobre seguridad). No se han realizado estudios sobre su utilización en mujeres embarazadas. Por lo tanto, FUNGAREST comprimidos no deberá administrarse durante el
  <effect gate:gateId="2539" rule="Effect" Simplification="embarazo">embarazo</effect>
  , a menos que los beneficios potenciales justifiquen el posible riesgo para el feto. Lactancia Ketoconazol se excreta en la leche, por lo que las mujeres sometidas al tratamiento no deberán hacer uso de la lactancia natural. 4 . 7 .- Efectos sobre la capacidad para conducir vehículos y manejar maquinaria No se han observado. 4 . 8 .- Reacciones adversas En cada clase de sistema orgánico, las reacciones adversas se clasificaron según la frecuencia, utilizando el siguiente convenio: Muy frecuente (&gt;1/10), frecuente (&gt;1/100, &lt;1/10); Poco frecuente (&gt;1/1000, &lt;1/100), raras (&gt; 1/10.000, &lt; 1/1.000) y muy raras (&lt;1/10.000), incluyendo casos aislados. En los ensayos clínicos con
  <drug gate:gateId="2540" rule="Drug">ketoconazol</drug>
  oral, las experiencias adversas mas importantes fueron las siguientes: MINISTERIO Trastornos hematológicos y del sistema linfático · Raros:
  <effect gate:gateId="2541" rule="Effect" Simplification="problemas de coagulación">trombocitopenia</effect>
  ; Trastornos del Sistema Nervioso Central · Poco frecuentes:
  <effect gate:gateId="2542" rule="Effect" Simplification="dolor de cabeza">dolor de cabeza</effect>
  ,
  <effect gate:gateId="2543" rule="Effect" Simplification="mareo">mareos</effect>
  y
  <effect gate:gateId="2544" rule="Effect" Simplification="intolerancia a la luz">fotofobia</effect>
  · Raros:
  <effect gate:gateId="2545" rule="Effect" Simplification="cosquilleo">parestesia</effect>
  ; Trastornos gastrointestinales · Frecuentes:
  <effect gate:gateId="2546" rule="Effect" Simplification="náusea">nausea</effect>
  y
  <effect gate:gateId="2547" rule="Effect" Simplification="vómitos">vómitos</effect>
  ,
  <effect gate:gateId="2548" rule="Effect" Simplification="dolor abdominal">dolor abdominal</effect>
  · Poco frecuentes:
  <effect gate:gateId="2549" rule="Effect" Simplification="diarrea">diarrea</effect>
  ,
  <effect gate:gateId="2550" rule="Effect" Simplification="enfermedades del estómago ">dispepsia</effect>
  ; Trastornos hepatobiliares · Poco frecuentes: aumento reversible en las enzimas hepáticas. Trastornos de los tejidos epidérmicos y subcutáneos · Frecuentes:
  <effect gate:gateId="2551" rule="Effect" Simplification="picazón">prurito</effect>
  · Poco frecuentes:
  <effect gate:gateId="2552" rule="Effect" Simplification="alteración de la piel">rash</effect>
  ,
  <effect gate:gateId="2553" rule="Effect" Simplification="pérdida de cabello ">alopecia</effect>
  ; Sistema reproductivo y trastornos de las mamas · Poco frecuentes:
  <effect gate:gateId="2554" rule="Effect" Simplification="enfermedades del seno">ginecomastia</effect>
  reversible (con dosis superiores a la dosis terapéutica recomendada de 200 o 400 mg diarios) · Raros:
  <effect gate:gateId="2555" rule="Effect" Simplification="impotencia">impotencia</effect>
  Basándose en la experiencia post-comercialización, las siguientes reacciones adversas también han sido comunicadas: Trastornos del sistema inmune · Muy raros: reacciones alérgicas incluyendo casos aislados de
  <effect gate:gateId="2556" rule="Effect" Simplification="reacción alérgica mortal">shock anafiláctico</effect>
  . Trastornos del Sistema Nervioso Central · Muy raros: aumento reversible de la
  <effect gate:gateId="2557" rule="Effect" Simplification="presión">presión</effect>
  intracraneal (por ejemplo:
  <effect gate:gateId="2558" rule="Effect" Simplification="hinchazón en el ojo">papiledema</effect>
  ,
  <effect gate:gateId="2559" rule="Effect" Simplification="hinchazón">hinchazón</effect>
  de la fontanela en bebés); Trastornos hepatobiliares · Muy raros:
  <effect gate:gateId="2560" rule="Effect" Simplification="hepatitis aguda">hepatotoxicidad</effect>
  grave, incluyendo
  <effect gate:gateId="2561" rule="Effect" Simplification="piel amarrilla">ictericia</effect>
  ,
  <effect gate:gateId="2562" rule="Effect" Simplification="hepatitis">hepatitis</effect>
  ,
  <effect gate:gateId="2563" rule="Effect" Simplification="daño en el hígado">necrosis hepática</effect>
  confirmada mediante biopsia,
  <effect gate:gateId="2564" rule="Effect" Simplification="insuficiencia hepática">insuficiencia hepática</effect>
  incluyendo casos que han resultado en transplante o
  <effect gate:gateId="2565" rule="Effect" Simplification="muerte">muerte</effect>
  (ver 4.4 Advertencias y precauciones especiales de empleo); Trastornos de los tejidos epidérmicos y subcutáneos · Muy raros:
  <effect gate:gateId="2566" rule="Effect" Simplification="urticaria">urticaria</effect>
  ; Sistema reproductivo y trastornos de las mamas · Muy raros: trastornos menstruales,
  <effect gate:gateId="2567" rule="Effect" Simplification="pocos espermatozoides en el semen">oligospermia</effect>
  (con dosis superiores a la dosis terapéutica recomendada de 200 o 400 mg diarios). A los niveles terapéuticos de 200 mg, una vez al día, se ha observado un descenso transitorio de los niveles plasmáticos de testosterona. Los niveles de testosterona se normalizan dentro de las 24 horas después de la administración de
  <drug gate:gateId="2568" rule="Drug">ketoconazol</drug>
  . Durante terapia prolongada a este nivel de dosis, usualmente los niveles de testosterona no difieren significativamente de los controles. 4 . 9 .- Sobredosis No se conoce ningún antídoto para
  <drug gate:gateId="2569" rule="Drug">ketoconazol</drug>
  . En caso de
  <effect gate:gateId="2570" rule="Effect" Simplification="sobredosis accidental">sobredosis accidental</effect>
  , el tratamiento consiste en medidas de soporte. Durante las primeras horas después de la ingestión puede realizarse un lavado gástrico. Si se considera apropiado puede administrarse carbón activado.   5 . 1 .- Propiedades farmacodinámicas Clasificación farmacoterapéutica: Antimicóticos para uso sistémico, derivados del imidazol. Código ATC: J02A B02 Ketoconazol es un derivado dioxolano - imidazol sintético, con actividad fungicida o fungistática frente a dermatofitos, levaduras (Candida, Pityrosporum, Torulopsis, Cryptococus), hongos dimórficos y eumicetos. Otros organismos menos sensibles son: Aspergillus spp; Sporothrix schenckii, algunos Dematiaceae, Mucor spp y otros fitomicetos, excepto Entomophthorales. Ketoconazol inhibe la biosíntesis de ergosterol en hongos y cambia la composición de otros componentes lipídicos en la membrana. Los datos de algunos estudios clínicos farmacocinéticos/farmacodinámicos y estudios de
  <effect gate:gateId="2571" rule="Effect" Simplification="interacción">interacción</effect>
  de fármacos sugieren que la dosis oral con
  <drug gate:gateId="2572" rule="Drug">ketoconazol</drug>
  de 200 mg dos veces al día durante 3-7 días puede dar lugar a un aumento pequeño del intervalo QTc: se observo en niveles plasmáticos pico de
  <drug gate:gateId="2573" rule="Drug">ketoconazol</drug>
  un aumento máximo medio de aproximadamente 6 a 12 mseg, después de 1-4 horas tras la administración de
  <drug gate:gateId="2574" rule="Drug">ketoconazol</drug>
  . Esta pequeña prolongación del intervalo QTc, sin embargo, no se considera clínicamente relevante. 5 . 2 .- Propiedades farmacocinéticas Absorción El
  <drug gate:gateId="2575" rule="Drug">ketoconazol</drug>
  es un agente dibásico débil y, por lo tanto, requiere un medio ácido para su disolución y absorción. Al cabo de 1 a 2 horas de la administración oral de una dosis única de 200 mg tomada junto con la comida, se alcanzan niveles plasmáticos pico de aproximadamente 3,5 g/ml. La eliminación plasmática subsecuente es bifásica, con una semivida plasmática de 2 horas durante las primeras 10 horas, y posteriormente 8 horas. Distribución La unión a proteínas plasmáticas "in vitro" es de alrededor del 99 %, principalmente a la fracción albúmina. Solamente una parte insignificante de
  <drug gate:gateId="2576" rule="Drug">ketoconazol</drug>
  alcanza el Líquido Cefalo-raquideo (LCR). Metabolismo Después de su absorción del tracto gastrointestinal,
  <drug gate:gateId="2577" rule="Drug">ketoconazol</drug>
  se metaboliza transformándose en varios metabolitos inactivos. La principal vía metabólica identificada es la oxidación y degradación de los anillos piperazina e imidazol, O - dealquilación oxidativa e hidroxilación aromática. Excreción Alrededor del 13 % de la dosis se excreta en orina, de la cual un 2 - 4 % es fármaco inalterado. La excreción se realiza principalmente por vía biliar dentro del tracto gastrointestinal. 5.3.- Datos Preclínicos sobre seguridad Ketoconazol, ha sido analizado en una batería estándar de estudios de seguridad no clínicos. Los efectos hepatotóxicos fueron observados en un estudio a 12 meses con dosis repetidas en perros. En un estudio a 18 meses con dosis repetidas en ratas se observaron cambios levemente patológicos en riñones, glándula suprarenal, y ovarios. Además, las ratas hembras mostraron un aumento de la fragilidad ósea. El Nivel de Efecto Adverso No Observable (NOAEL) en ambos estudios fue de 10 mg/kg/día. En estudios de reproducción, a dosis tóxicas maternales muy altas (80 mg/kg/día y superiores),
  <drug gate:gateId="2578" rule="Drug">ketoconazol</drug>
  deterioró la fertilidad femenina en la rata y produjo efectos embriotóxicos y teratogénicos (
  <effect gate:gateId="2579" rule="Effect" Simplification="menos de cinco dedos">oligodactilia</effect>
  y
  <effect gate:gateId="2580" rule="Effect" Simplification="mas dedos">sindactilia</effect>
  ) en los cachorros. Con 40 mg/kg en ratas y conejos,
  <drug gate:gateId="2581" rule="Drug">ketoconazol</drug>
  se observó desprovisto de embriotoxicidad, teratogenicidad y efectos sobre la fertilidad. No se observaron efectos teratogénicos en ratones a cualquier dosis probada hasta un máximo de 160 mg/kg. Ketoconazol no es carcinogénico o genotóxico. Estudios electrofisiológicos han mostrado que
  <drug gate:gateId="2582" rule="Drug">ketoconazol</drug>
  inhibe el componente de activación rápido de la corriente de
  <drug gate:gateId="2583" rule="Drug">potasio</drug>
  rectificadora del retraso cardíaco, prolonga la duración del potencial de acción, y puede prolongar el intervalo QTc.   6 . 1 .- Lista de excipientes Almidón, lactosa, povidona, celulosa microcristalina, silice coloidal anhidra y estearato magnésico 6 . 2 .- Incompatibilidades Ninguna conocida. 6 . 3 .- Período de validez 5 años 6 . 4 .- Precauciones especiales de conservación Mantener entre 15º - 30º C. Almacenar en lugar seco. Mantener fuera del alcance de los niños. 6 . 5 .- Naturaleza y contenido del recipiente Envases con 10 y 30 comprimidos. 6 . 6 .- Instrucciones de uso / manipulación No se requieren instrucciones específicas. 7 .- TITULAR DE LA AUTORIZACIÓN DE COMERCIALIZACIÓN JANSSEN-CILAG, S.A. Paseo de Las Doce Estrellas, 5-7 28042 ­ Madrid   Número de registro: 56.623 9. FECHA DE LA PRIMERA AUTORIZACIÓN/ RENOVACIÓN DE LA AUTORIZACIÓN 25 de enero de 2000 10. FECHA DE LA REVISIÓN DEL TEXTO Diciembre 2003
</paragraph>
