<?xml version="1.0" encoding="UTF-8"?>
<paragraph xmlns:gate="http://www.gate.ac.uk" gate:gateId="0" gate:annotMaxId="307">
  A continuación se presenta el listado de reacciones adversas en función de los sistemas afectados y en orden decreciente de frecuencia según los criterios: muy comunes (&gt; 1/10), comunes (&gt;1/100, &lt; 1/10), infrecuentes (&gt;1/1000, &lt;1/100), raros (&gt;1/10000, &lt; 1/1000) y muy raros (&lt;1/10000). Generales Muy comunes Fiebre (a veces acompañada de
  <effect gate:gateId="283" rule="Effect" Simplification="escalofríos">escalofríos</effect>
  que aparecen Infrecuentes Sofocos. Sistema digestivo Muy comunes Anorexia,
  <effect gate:gateId="284" rule="Effect" Simplification="náuseas">náuseas</effect>
  ,
  <effect gate:gateId="285" rule="Effect" Simplification="vómitos">vómitos</effect>
  ,
  <effect gate:gateId="286" rule="Effect" Simplification="diarrea">diarrea</effect>
  ,
  <effect gate:gateId="287" rule="Effect" Simplification="enfermedades del estómago ">dispepsia</effect>
  ,
  <effect gate:gateId="288" rule="Effect" Simplification="dolor en el estomago">dolor epigástrico</effect>
  Comunes Gastroenteritis hemorrágica, melena Infrecuentes Anomalías en las pruebas de función hepática,
  <effect gate:gateId="289" rule="Effect" Simplification="piel amarrilla">ictericia</effect>
  , fallo Sistema respiratorio Infrecuentes Disnea,
  <effect gate:gateId="290" rule="Effect" Simplification="trastornos de los bronquios">broncoespasmo</effect>
  ,
  <effect gate:gateId="291" rule="Effect" Simplification="hinchazón en los pulmones">edema pulmonar</effect>
  no cardiogénico, Sistema
  <effect gate:gateId="292" rule="Effect" Simplification="nervioso">nervioso</effect>
  Muy común Cefalea Comunes Convulsiones,
  <effect gate:gateId="293" rule="Effect" Simplification="pérdida de audición">pérdida de audición</effect>
  , tinnitus,
  <effect gate:gateId="294" rule="Effect" Simplification="mareo y vértigo">vértigo</effect>
  transitorio, Sistema Dermatológico, reacciones alérgicas y locales. Muy comunes Dolor en el lugar de inyección con o sin
  <effect gate:gateId="295" rule="Effect" Simplification="inflamación de una vena">flebitis</effect>
  o
  <effect gate:gateId="296" rule="Effect" Simplification="inflamación de venas">tromboflebitis</effect>
  . Comunes Reacciones anafilactoides y otras reacciones alérgicas:
  <effect gate:gateId="297" rule="Effect" Simplification="alteración de la piel">rash</effect>
  , Sistema musculoesquelético Muy comunes Dolor generalizado, incluyendo mialgias y artralgias Sistema cardiovascular Infrecuentes Parada cardíaca; arritmias, incluyendo
  <effect gate:gateId="298" rule="Effect" Simplification="alteración en el ritmo cardiaco">fibrilación ventricular</effect>
  ; Sistema sanguíneo y linfático Muy comunes Anemia normocítica normocrómica Comumes Agranulocitosis, alteraciones de la
  <effect gate:gateId="299" rule="Effect" Simplification="coagulación">coagulación</effect>
  ,
  <effect gate:gateId="300" rule="Effect" Simplification="problemas de coagulación">trombocitopenia</effect>
  , Sistema renal Muy comunes Deterioro y anomalías de la función renal, incluyendo:
  <effect gate:gateId="301" rule="Effect" Simplification="nitrógeno en la sangre">azotemia</effect>
  , Comunes
  <effect gate:gateId="302" rule="Effect" Simplification="nivel alto de magnesio">hipomagnesemia</effect>
  ,
  <effect gate:gateId="303" rule="Effect" Simplification="nivel alto de potasio">hipercaliemia</effect>
  ,
  <effect gate:gateId="304" rule="Effect" Simplification="daño en los riñones">fracaso renal agudo</effect>
  ,
  <effect gate:gateId="305" rule="Effect" Simplification="poca o nula producción de orina">anuria</effect>
  ,
  <effect gate:gateId="306" rule="Effect" Simplification="disminución de orina">oliguria</effect>
  Durante los estudios de farmacovigilancia de postcomercialización se ha descrito infrecuentemente el síndrome de Steven- Johnson.
</paragraph>
