<?xml version="1.0" encoding="UTF-8"?>
<paragraph xmlns:gate="http://www.gate.ac.uk" gate:gateId="0" gate:annotMaxId="528">
  Los efectos adversos más característicos son las alteraciones metabólicas (ver Advertencias y precauciones):
  <effect gate:gateId="480" rule="Effect" Simplification="trastorno del metabolismo">hipopotasemia</effect>
  ,
  <effect gate:gateId="481" rule="Effect" Simplification="problemas en la sangre">hiponatremia</effect>
  ,
  <effect gate:gateId="482" rule="Effect" Simplification="exceso de base en los líquidos del cuerpo">alcalosis</effect>
  (puede agravarse una
  <effect gate:gateId="483" rule="Effect" Simplification="exceso de base en los líquidos del cuerpo">alcalosis metabólica</effect>
  preexistente, p.e. en
  <effect gate:gateId="484" rule="Effect" Simplification="enfermedad en el hígado">cirrosis hepática</effect>
  descompensada), principalmente después de dosis altas o tratamientos prolongados,
  <effect gate:gateId="485" rule="Effect" Simplification="bajo nivel de calcio en la sangre">hipocalcemia</effect>
  e
  <effect gate:gateId="486" rule="Effect" Simplification="exceso de calcio en la orina">hipercalciuria</effect>
  ,
  <effect gate:gateId="487" rule="Effect" Simplification="gota">hiperuricemia</effect>
  y
  <effect gate:gateId="488" rule="Effect" Simplification="gota">ataques de gota</effect>
  . Una fuerte restricción de la ingesta de sal puede provocar
  <effect gate:gateId="489" rule="Effect" Simplification="problemas en la sangre">hiponatremia</effect>
  , que se manifiesta por
  <effect gate:gateId="490" rule="Effect" Simplification="incapacidad de quedarse quieto">hipotensión ortostática</effect>
  ,
  <effect gate:gateId="491" rule="Effect" Simplification="calambres musculares">calambres musculares</effect>
  ,
  <effect gate:gateId="492" rule="Effect" Simplification="trastornos de la alimentación ">anorexia</effect>
  ,
  <effect gate:gateId="493" rule="Effect" Simplification="fatiga">astenia</effect>
  ,
  <effect gate:gateId="494" rule="Effect" Simplification="mareo">mareos</effect>
  ,
  <effect gate:gateId="495" rule="Effect" Simplification="somnolencia">somnolencia</effect>
  ,
  <effect gate:gateId="496" rule="Effect" Simplification="vómitos">vómitos</effect>
  y
  <effect gate:gateId="497" rule="Effect" Simplification="confusión mental">confusión mental</effect>
  (ver Advertencias y precauciones). Más raramente se han descrito: alteraciones digestivas (
  <effect gate:gateId="498" rule="Effect" Simplification="náuseas">náuseas</effect>
  ,
  <effect gate:gateId="499" rule="Effect" Simplification="vómitos">vómitos</effect>
  ,
  <effect gate:gateId="500" rule="Effect" Simplification="estreñimiento">estreñimiento</effect>
  o
  <effect gate:gateId="501" rule="Effect" Simplification="diarrea">diarrea</effect>
  ),
  <effect gate:gateId="502" rule="Effect" Simplification="calambres musculares">calambres musculares</effect>
  ,
  <effect gate:gateId="503" rule="Effect" Simplification="trastornos de la alimentación ">anorexia</effect>
  ,
  <effect gate:gateId="504" rule="Effect" Simplification="incapacidad de quedarse quieto">hipotensión ortostática</effect>
  , erupciones exantemáticas, fotodermatitis,
  <effect gate:gateId="505" rule="Effect" Simplification="piel amarrilla">ictericia</effect>
  colestásica, y reacciones de
  <effect gate:gateId="506" rule="Effect" Simplification="alergia">hipersensibilidad</effect>
  como
  <effect gate:gateId="507" rule="Effect" Simplification="problemas en los riñones">nefritis intersticial</effect>
  . Con la administración de
  <drug gate:gateId="508" rule="Drug">furosemida</drug>
  puede producirse un aumento de los valores séricos de colesterol y triglicéridos; no obstante estos valores se normalizan sin suspender el tratamiento, en la mayoría de los casos, en un plazo de seis meses. Se han comunicado algunos casos de
  <effect gate:gateId="509" rule="Effect" Simplification="intolerancia a la glucosa">alteración de la tolerancia a la glucosa</effect>
  (
  <effect gate:gateId="510" rule="Effect" Simplification="alto nivel de azucar">hiperglucemia</effect>
  ,
  <effect gate:gateId="511" rule="Effect" Simplification="azúcar en la orina">glucosuria</effect>
  ), lo que puede determinar que una
  <effect gate:gateId="512" rule="Effect" Simplification="diabetes">diabetes mellitus</effect>
  latente se ponga de manifiesto o que empeore un proceso preexistente. Ocasionalmente se han observado casos de
  <effect gate:gateId="513" rule="Effect" Simplification="pancreatitis">pancreatitis aguda</effect>
  condicionados, aparentemente, por la administración de saluréticos durante varias semanas; algunos se produjeron tras la administración de
  <drug gate:gateId="514" rule="Drug">furosemida</drug>
  . Como consecuencia de una
  <effect gate:gateId="515" rule="Effect" Simplification="cantidad de orina">diuresis excesiva</effect>
  , especialmente al inicio del tratamiento y en pacientes ancianos, pueden surgir trastornos circulatorios que se manifiestan por cefaleas, vértigos o alteraciones de la visión. En casos extremos puede aparecer
  <effect gate:gateId="516" rule="Effect" Simplification="disminución de sangre">hipovolemia</effect>
  ,
  <effect gate:gateId="517" rule="Effect" Simplification="deshidratación">deshidratación</effect>
  ,
  <effect gate:gateId="518" rule="Effect" Simplification="colapso">colapso</effect>
  y alteraciones de la
  <effect gate:gateId="519" rule="Effect" Simplification="coagulación">coagulación</effect>
  sanguínea. No obstante, cuando la dosis se ajusta de forma individual, no cabe esperar, por lo general, reacciones hemodinámicas agudas a pesar de una rápida instauración de la
  <effect gate:gateId="520" rule="Effect" Simplification="cantidad de orina">diuresis</effect>
  . Como con cualquier otro tratamiento diurético puede aparecer un aumento pasajero de los niveles de creatinina y urea en sangre. Excepcionalmente se puede asociar a
  <effect gate:gateId="521" rule="Effect" Simplification="poca producción de defensas en la sangre">agranulocitosis</effect>
  ,
  <effect gate:gateId="522" rule="Effect" Simplification="problemas de coagulación">trombocitopenia</effect>
  ,
  <effect gate:gateId="523" rule="Effect" Simplification="disminución de leucocitos en la sangre">leucopenia</effect>
  y
  <effect gate:gateId="524" rule="Effect" Simplification="anemia">anemia aplásica</effect>
  , tinnitus y
  <effect gate:gateId="525" rule="Effect" Simplification="sordera">sordera</effect>
  . Las hipoacusias que pueden observarse a causa de la
  <drug gate:gateId="526" rule="Drug">furosemida</drug>
  son poco frecuentes, y la mayoría son reversibles. Esta eventualidad se produce principalmente con dosis altas y administración rápida por vía parenteral, en especial si existe
  <effect gate:gateId="527" rule="Effect" Simplification="insuficiencia renal ">insuficiencia renal</effect>
  .
</paragraph>
