<?xml version="1.0" encoding="UTF-8"?>
<paragraph xmlns:gate="http://www.gate.ac.uk" gate:gateId="0" gate:annotMaxId="513">
  La incidencia global de reacciones adversas comunicadas con
  <drug gate:gateId="494" rule="Drug">eprosartán</drug>
  fue comparable a la del placebo, en ensayos controlados con placebo. Las reacciones adversas fueron, normalmente, de carácter leve y transitorio y solamente se requirió la supresión del tratamiento en el 4,1 % de los pacientes tratados con
  <drug gate:gateId="495" rule="Drug">eprosartán</drug>
  en ensayos controlados con placebo (6,5 % para placebo). Las frecuencias indicadas en el texto se basan en números no corregidos de los ensayos controlados con placebo. En ensayos clínicos se comunicaron las siguientes reacciones adversas ordenadas según su frecuencia utilizando la siguiente clasificación: muy frecuentes (1/10); frecuentes (1/100,&lt;1/10); poco frecuentes (1/1.000, &lt;1/100); raras (1/10.000, &lt;1/1.000); muy raras (&lt;1/10.000): Infecciones e infectaciones Frecuentes: Infecciones del tracto respiratorio. Poco frecuentes: Infección vírica. Trastornos del metabolismo y de la nutrición Frecuentes: Hipertrigliceridemia. Trastornos del sistema
  <effect gate:gateId="496" rule="Effect" Simplification="nervioso">nervioso</effect>
  Frecuentes: Depresión. Poco frecuentes: Fatiga. Trastornos cardiovasculares Poco frecuentes: Palpitaciones Trastornos respiratorios Frecuentes: Rinitis,
  <effect gate:gateId="497" rule="Effect" Simplification="faringitis">faringitis</effect>
  . Poco frecuentes: Disnea,
  <effect gate:gateId="498" rule="Effect" Simplification="___">tos.</effect>
  Trastornos gastrointestinales Frecuentes: Dolor abdominal. Trastornos musculoesqueléticos, del tejido conectivo y de los huesos Poco frecuentes: Dolor de espalda, artralgias. Trastornos renales y urinarios Poco frecuentes: Infecciones del tracto urinario. Trastornos generales Poco frecuentes: Lesiones traumáticas,
  <effect gate:gateId="499" rule="Effect" Simplification="dolor">dolor</effect>
  y
  <effect gate:gateId="500" rule="Effect" Simplification="dolor torácico">dolor torácico</effect>
  . Además de las reacciones adversas descritas en los ensayos clínicos, en la experiencia post- comercialización se han recogido las siguientes reacciones adversas: Trastornos del sistema
  <effect gate:gateId="501" rule="Effect" Simplification="nervioso">nervioso</effect>
  Raras: Cefaleas. Trastornos cardiovasculares Muy raras: Hipotensión, incluyendo
  <effect gate:gateId="502" rule="Effect" Simplification="incapacidad de quedarse quieto">hipotensión ortostática</effect>
  . Trastornos gastrointestinales Muy raras: Náuseas. Trastornos del tejido de la piel y tejidos subcutáneos Raras: Reacciones cutáneas (
  <effect gate:gateId="503" rule="Effect" Simplification="alteración de la piel">rash</effect>
  ,
  <effect gate:gateId="504" rule="Effect" Simplification="picazón">prurito</effect>
  ,
  <effect gate:gateId="505" rule="Effect" Simplification="urticaria">urticaria</effect>
  ). Muy raras: Edema facial y/o
  <effect gate:gateId="506" rule="Effect" Simplification="hinchazón debajo de la piel">angioedema</effect>
  . Trastornos generales Raras: Mareos y
  <effect gate:gateId="507" rule="Effect" Simplification="fatiga">astenia</effect>
  . Datos de laboratorio En estudios clínicos controlados con placebo, se ha observado un aumento significativo de las concentraciones séricas de
  <drug gate:gateId="508" rule="Drug">potasio</drug>
  en el 0,9 % de los pacientes tratados con
  <drug gate:gateId="509" rule="Drug">eprosartán</drug>
  y en el 0,3 % de los pacientes que recibieron placebo. En el 0,1 % y el 0 % de los pacientes tratados con
  <drug gate:gateId="510" rule="Drug">eprosartán</drug>
  y placebo, respectivamente, se han detectado valores significativamente bajos de hemoglobina. Raramente, se han registrado cifras elevadas de BUN en pacientes tratados con
  <drug gate:gateId="511" rule="Drug">eprosartán</drug>
  . Muy ocasionalmente, se ha observado un aumento de los valores de la función hepática, aunque no se ha considerado que hubiera relación causal con el tratamiento con
  <drug gate:gateId="512" rule="Drug">eprosartán</drug>
  .
</paragraph>
