<?xml version="1.0" encoding="UTF-8"?>
<paragraph xmlns:gate="http://www.gate.ac.uk" gate:gateId="0" gate:annotMaxId="1331">
  Se ha evaluado la seguridad de
  <drug gate:gateId="1265" rule="Drug">gabapentina</drug>
  en más de 2000 sujetos y pacientes en los que fue bien tolerado. De éstos, 543 pacientes participaron en ensayos clínicos controlados. Debido a que
  <drug gate:gateId="1266" rule="Drug">gabapentina</drug>
  se administró frecuentemente en combinación con otros fármacos antiepilépticos, no fue posible determinar que fármaco(s), en su caso, se asoció con acontecimientos adversos. Incidencia en los ensayos clínicos controlados La tabla siguiente relaciona los signos y síntomas que se observaron durante el tratamiento y que se presentaron en al menos un 1% de los pacientes con
  <effect gate:gateId="1267" rule="Effect" Simplification="crisis en el cerebro">crisis parciales</effect>
  en el transcurso de los ensayos controlados realizados que comparaban
  <drug gate:gateId="1268" rule="Drug">gabapentina</drug>
  con placebo. En estos estudios, se añadió
  <drug gate:gateId="1269" rule="Drug">gabapentina</drug>
  o placebo a la terapia antiepiléptica seguida por los pacientes. Los acontecimientos adversos fueron considerados generalmente como de leves a moderados. MINISTERIO TABLA 2. Resumen de los signos y síntomas observados en un porcentaje &gt; 1% de los pacientes tratados con
  <drug gate:gateId="1270" rule="Drug">gabapentina</drug>
  como terapia combinada en los estudios controlados con placebo [número (%) de pacientes] Acontecimiento adverso a (AA) Gabapentinab Placebob Somnolencia Vértigos Ataxia Fatiga 60 (11,0) 19 (5,0) Nistagmus Dolor de cabeza 44 (8,1) Temblor 37 (6,8) 12 (3,2) Nauseas y/o
  <effect gate:gateId="1271" rule="Effect" Simplification="vómitos">vómitos</effect>
  33 (6,1) 27 (7,1) Diplopía Ambliopíac 23 (4,2) 4 (1,1) Rinitis 22 (4,1) 14 (3,7) Aumento de peso 16 (2,9) 6 (1,6) Faringitis Disartria 13 (2,4) Nerviosismo Dispepsia 12 (2,2) 2 (0,5) Amnesia Mialgia 11 (2,0) 7 (1,9) Tos Dolor abdominal 10 (1,8) 9 (2,4) Dolor de espalda 10 (1,8) Depresión 10 (1,8) 7 (1,8) Pensamientos anormales 9 (1,7) 5 (1,3) Sequedad de boca o garganta 9 (1,7) 2 (0,5) Edema periférico 9 (1,7) 2 (0,5) Confusión 9 (1,7) Estreñimiento 8 (1,5) 3 (0,8) Impotencia Anormalidades dentales 8 (1,5) 1 (0,3) Eritema 8 (1,5) 6 (1,6) Diarrea 7 (1,3) Infección vírica Fiebre 7 (1,3) Punzadas 7 (1,3) 2 (0,5) Abrasión 7 (1,3) 0 (0,0) Prurito Aumento del apetito 6 (1,1) Disminución del rto. leucocitario 6 (1,1) 2 (0,5) Insomnio 6 (1,1) Acné 6 (1,1) Fractura 6 (1,1) 3 (0,8) Vasodilatación 6 (1,1) Leucopenia Coordinación anormal 6 (1,1) Labilidad emocional 6 (1,1) a Término preferencial de COSTART b Más terapia farmacológica antiepiléptica de base C Visión borrosa Los acontecimientos adversos más comúnmente observados con el uso de
  <drug gate:gateId="1272" rule="Drug">gabapentina</drug>
  en combinación con otros antiepilépticos en niños de 3-12 años, y que no presentaron igual frecuencia en los pacientes tratados con placebo, fueron
  <effect gate:gateId="1273" rule="Effect" Simplification="infección por virus">infección vírica</effect>
  ,
  <effect gate:gateId="1274" rule="Effect" Simplification="fiebre">fiebre</effect>
  ,
  <effect gate:gateId="1275" rule="Effect" Simplification="náuseas">náuseas</effect>
  y/o
  <effect gate:gateId="1276" rule="Effect" Simplification="vómitos">vómitos</effect>
  y
  <effect gate:gateId="1277" rule="Effect" Simplification="___">somnolencia.</effect>
  TABLA 3 Incidencia de acontecimientos adversos que aparecen con el tratamiento en niños de 3 a 12 años en estudios controlados en combinación con otros antiepilépticos (acontecimientos en al menos un 2% de los pacientes tratados con
  <drug gate:gateId="1278" rule="Drug">gabapentina</drug>
  y numéricamente más frecuentes que en el grupo placebo) Sistema corporal/ Evento adverso N = 119 N = 128 Organismo en general Infección vírica 10,9 3,1 Fiebre 10,1 3,1 Aumento de peso 3,4 0,8 Fatiga 3,4 1,6 Digestivo Náuseas y/o Vómitos 8,4 7,0 Sistema
  <effect gate:gateId="1279" rule="Effect" Simplification="nervioso">nervioso</effect>
  Somnolencia 8,4 4,7 Hostilidad 7,6 2,3 Labilidad emocional 4,2 1,6 Vértigo 2,5 1,6 Hiperquinesia 2,5 0,8 Sistema respiratorio Bronquitis 3,4 0,8 Infección respiratoria 2,5 0,8 a Más el tratamiento farmacológico de base con antiepilépticos Otros acontecimientos que se presentaron en más del 2% de los niños pero con una frecuencia igual o superior en el grupo placebo incluyeron:
  <effect gate:gateId="1280" rule="Effect" Simplification="faringitis">faringitis</effect>
  ,
  <effect gate:gateId="1281" rule="Effect" Simplification="infección del tracto respiratorio">infección del tracto respiratorio superior</effect>
  ,
  <effect gate:gateId="1282" rule="Effect" Simplification="dolor de cabeza">dolor de cabeza</effect>
  ,
  <effect gate:gateId="1283" rule="Effect" Simplification="inflamación en las fosas nasales">rinitis</effect>
  ,
  <effect gate:gateId="1284" rule="Effect" Simplification="ataque">convulsiones</effect>
  ,
  <effect gate:gateId="1285" rule="Effect" Simplification="diarrea">diarrea</effect>
  ,
  <effect gate:gateId="1286" rule="Effect" Simplification="trastornos de la alimentación ">anorexia</effect>
  ,
  <effect gate:gateId="1287" rule="Effect" Simplification="tos">tos</effect>
  y
  <effect gate:gateId="1288" rule="Effect" Simplification="infecciones de los oídos">otitis media</effect>
  . Otros acontecimientos adversos observados en todos los ensayos clínicos A continuación se resumen los efectos que se presentaron en al menos el 1% de los pacientes epilépticos que recibieron
  <drug gate:gateId="1289" rule="Drug">gabapentina</drug>
  como terapia adicional en alguno de los estudios clínicos y que no se describen en la sección anterior . Organismo en general:
  <effect gate:gateId="1290" rule="Effect" Simplification="fatiga">astenia</effect>
  ,
  <effect gate:gateId="1291" rule="Effect" Simplification="malestar">malestar</effect>
  ,
  <effect gate:gateId="1292" rule="Effect" Simplification="hinchazón">edema</effect>
  facial Sistema cardiovascular:
  <effect gate:gateId="1293" rule="Effect" Simplification="presión arterial alta">hipertensión</effect>
  Aparato digestivo:
  <effect gate:gateId="1294" rule="Effect" Simplification="flatulencia">flatulencia</effect>
  ,
  <effect gate:gateId="1295" rule="Effect" Simplification="trastornos de la alimentación ">anorexia</effect>
  ,
  <effect gate:gateId="1296" rule="Effect" Simplification="inflamacion de encias">gingivitis</effect>
  Sistemas hematológico y linfático: púrpura descritos más frecuentemente como
  <effect gate:gateId="1297" rule="Effect" Simplification="contusión">cardenales</effect>
  , resultantes de traumatismos físicos. Sistema musculoesquelético:
  <effect gate:gateId="1298" rule="Effect" Simplification="dolor articular">artralgia</effect>
  Sistema
  <effect gate:gateId="1299" rule="Effect" Simplification="nervioso">nervioso</effect>
  :
  <effect gate:gateId="1300" rule="Effect" Simplification="mareo y vértigo">vértigo</effect>
  , hiperquinesia, aumento, disminución o
  <effect gate:gateId="1301" rule="Effect" Simplification="ausencia">ausencia</effect>
  de reflejos,
  <effect gate:gateId="1302" rule="Effect" Simplification="cosquilleo">parestesias</effect>
  ,
  <effect gate:gateId="1303" rule="Effect" Simplification="ansiedad">ansiedad</effect>
  y
  <effect gate:gateId="1304" rule="Effect" Simplification="hostilidad">hostilidad</effect>
  Aparato respiratorio:
  <effect gate:gateId="1305" rule="Effect" Simplification="neumonía">neumonía</effect>
  Sistema urogenital:
  <effect gate:gateId="1306" rule="Effect" Simplification="infección del tracto urinario">infección del tracto urinario</effect>
  Sentidos especiales:
  <effect gate:gateId="1307" rule="Effect" Simplification="visión anormal">visión anormal</effect>
  descrita más frecuentemente como trastorno visual. Cincuenta y nueve pacientes mayores de 65 años han recibido
  <drug gate:gateId="1308" rule="Drug">gabapentina</drug>
  . Los acontecimientos adversos comunicados por estos pacientes son de la misma clase que los comunicados en individuos más jóvenes. La dosis debe ajustarse en pacientes con la
  <effect gate:gateId="1309" rule="Effect" Simplification="alteración renal">función renal alterada</effect>
  (ver 4.2. Posología y forma de administración). Los acontecimientos adversos observados en los ensayos clínicos en niños tratados con
  <drug gate:gateId="1310" rule="Drug">gabapentina</drug>
  y que no fueron comunicados anteriormente en los ensayos clínicos realizados en adultos como terapia combinada son: Sistema digestivo:
  <effect gate:gateId="1311" rule="Effect" Simplification="enfermedad de transmisión sexual">moniliasis oral</effect>
  Sistema
  <effect gate:gateId="1312" rule="Effect" Simplification="nervioso">nervioso</effect>
  : desaparición del
  <effect gate:gateId="1313" rule="Effect" Simplification="pre ataque epiléptico o de migraña">aura</effect>
  Sistema respiratorio: pseudo-
  <effect gate:gateId="1314" rule="Effect" Simplification="enfermedad infecciona en vías respiratorias">difteria</effect>
  . Acontecimientos adversos observados en los ensayos clínicos en monoterapia: El perfil de acontecimientos adversos en los estudios controlados en monoterapia, fue similar al de los estudios en que se utilizó en combinación. Datos de farmacovigilancia Se han comunicado muertes súbitas inexplicadas, para las que no se ha establecido ninguna relación causal con el tratamiento con
  <drug gate:gateId="1315" rule="Drug">gabapentina</drug>
  . Adicionalmente y como parte de la experiencia tras la comercialización de
  <drug gate:gateId="1316" rule="Drug">gabapentina</drug>
  se han comunicado en muy raras ocasiones casos de
  <effect gate:gateId="1317" rule="Effect" Simplification="pancreatitis">pancreatitis</effect>
  ,
  <effect gate:gateId="1318" rule="Effect" Simplification="múltiples manchas rojas">eritema multiforme</effect>
  , síndrome de Stevens-Johnson, fluctuaciones de la glucosa sanguínea en pacientes diabéticos y elevación de las pruebas de función hepática. Abandono del tratamiento por acontecimientos adversos Aproximadamente un 7% de los 2074 adultos y adolescentes y un 8% de los 292 niños de 3 a 12 años con
  <effect gate:gateId="1319" rule="Effect" Simplification="epilepsia">epilepsia</effect>
  ,
  <effect gate:gateId="1320" rule="Effect" Simplification="enfermedad en los nervios de los músculos">espasticidad</effect>
  , o
  <effect gate:gateId="1321" rule="Effect" Simplification="migraña">migraña</effect>
  que recibieron
  <drug gate:gateId="1322" rule="Drug">gabapentina</drug>
  en los estudios clínicos anteriores a la autorización abandonaron estos ensayos debido a un
  <effect gate:gateId="1323" rule="Effect" Simplification="acontecimiento adverso">acontecimiento adverso</effect>
  . Los acontecimientos que más frecuentemente se asociaron con el abandono del estudio en adultos fueron
  <effect gate:gateId="1324" rule="Effect" Simplification="somnolencia">somnolencia</effect>
  (1,2%),
  <effect gate:gateId="1325" rule="Effect" Simplification="descoordinación muscular">ataxia</effect>
  (0,8%),
  <effect gate:gateId="1326" rule="Effect" Simplification="fatiga ">fatiga</effect>
  (0,6%),
  <effect gate:gateId="1327" rule="Effect" Simplification="náuseas">náuseas</effect>
  y/o
  <effect gate:gateId="1328" rule="Effect" Simplification="vómitos">vómitos</effect>
  (0,6%) y en niños
  <effect gate:gateId="1329" rule="Effect" Simplification="somnolencia">somnolencia</effect>
  (1,4%), hiperquinesia (1,0%) y
  <effect gate:gateId="1330" rule="Effect" Simplification="hostilidad">hostilidad</effect>
  (1,0%). Casi todos los participantes tuvieron múltiples síntomas, ninguno de los cuales pudo ser considerado como primario.
</paragraph>
