<?xml version="1.0" encoding="UTF-8"?>
<paragraph xmlns:gate="http://www.gate.ac.uk" gate:gateId="0" gate:annotMaxId="272">
  Los efectos adversos son generalmente de leves a moderados. La mayoría de los efectos ocurren durante la fase de ajuste de dosis, y a menudo son de naturaleza transitoria. Trastornos del Sistema Nervioso central y periférico: Muy frecuentes (&gt; 1/10): vértigos,
  <effect gate:gateId="255" rule="Effect" Simplification="temblor">temblor</effect>
  . Raros (&gt; 1/10.000, &lt; 1/1.000): status epiléptico no convulsivo, enlentecimiento del EEG asociado con una fase rápida de valoración o con un incremento de la dosis de
  <drug gate:gateId="256" rule="Drug">tiagabina</drug>
  . Trastornos de la visión Raros (&gt; 1/10.000, &lt; 1/1.000):
  <effect gate:gateId="257" rule="Effect" Simplification="defectos del campo visual">defectos del campo visual</effect>
  (ver sección 4.4). Trastornos psiquiátricos Muy frecuentes (&gt;1/10):
  <effect gate:gateId="258" rule="Effect" Simplification="somnolencia">somnolencia</effect>
  , carácter depresivo,
  <effect gate:gateId="259" rule="Effect" Simplification=" nerviosismo ">nerviosismo</effect>
  , dificultad en la concentración. Frecuentes (&gt;1/100, &lt; 1/10):
  <effect gate:gateId="260" rule="Effect" Simplification="problema psiquiátrico">labilidad emocional</effect>
  Raros(&gt; 1/10.000, &lt; 1/1.000):
  <effect gate:gateId="261" rule="Effect" Simplification="confusión">confusión</effect>
  , reacciones paranoides (
  <effect gate:gateId="262" rule="Effect" Simplification="alucinaciones">alucinaciones</effect>
  ,
  <effect gate:gateId="263" rule="Effect" Simplification="agitación">agitación</effect>
  ,
  <effect gate:gateId="264" rule="Effect" Simplification="delirio">delirio</effect>
  ) Trastornos del sistema gastrointestinal Frecuentes (&gt;1/100, &lt; 1/10):
  <effect gate:gateId="265" rule="Effect" Simplification="diarrea">diarrea</effect>
  Plaquetas,
  <effect gate:gateId="266" rule="Effect" Simplification="sangrado">sangrado</effect>
  y trastornos de
  <effect gate:gateId="267" rule="Effect" Simplification="coagulación">coagulación</effect>
  Frecuentes (&gt;1/100, &lt; 1/10):
  <effect gate:gateId="268" rule="Effect" Simplification="moretones ">equimosis</effect>
  (ver sección 4.4). Trastornos generales Muy frecuentes (&gt;1/10):
  <effect gate:gateId="269" rule="Effect" Simplification="___">cansancio.</effect>
  Postcomercialización: Los informes posteriores a la comercialización han demostrado que el empleo de Gabitril ha sido relacionado con
  <effect gate:gateId="270" rule="Effect" Simplification="convulsiones epilépticas">crisis convulsivas</effect>
  iniciales y estados epilépticos en pacientes no epilépticos tratados con
  <drug gate:gateId="271" rule="Drug">tiagabina</drug>
  en indicaciones no autorizadas (ver sección 4.4).
</paragraph>
