<?xml version="1.0" encoding="UTF-8"?>
<paragraph xmlns:gate="http://www.gate.ac.uk" gate:gateId="0" gate:annotMaxId="2458">
  Los pacientes en fases avanzadas de procesos malignos pueden tener múltiple sintomatología clínica que puede hacer difícil la atribución de causalidad de las reacciones adversas, dada la variedad de síntomas relacionados con la
  <effect gate:gateId="2314" rule="Effect" Simplification="enfermedad">enfermedad</effect>
  subyacente, su progresión y la administración conjunta de numerosos medicamentos. En los ensayos clínicos en LMC, la interrupción del tratamiento debido a las reacciones adversas relacionadas con el fármaco se observó en el 2,4% de los pacientes de diagnóstico reciente, el 4% de los pacientes en fase crónica tardía tras el fallo del tratamiento con interferón, el 4% de los pacientes en fase acelerada tras el fallo del tratamiento con interferón y el 5% de los pacientes en
  <effect gate:gateId="2315" rule="Effect" Simplification="etapa de la leucemia">crisis blástica</effect>
  tras el fallo del tratamiento con interferón. En GIST el 4% de los pacientes interrumpió la medicación del estudio debido a reacciones adversas del fármaco. Las reacciones adversas en todas las indicaciones fueron similares con dos excepciones. Se observó más
  <effect gate:gateId="2316" rule="Effect" Simplification="insuficiencia de médula ósea">mielosupresión</effect>
  en pacientes con LMC que con GIST, lo que probablemente sea debido a la
  <effect gate:gateId="2317" rule="Effect" Simplification="enfermedad">enfermedad</effect>
  subyacente. En el ensayo clínico de GIST, 7 (5%) pacientes presentaron Criterios de Toxicidad Comunes (CTC) de grado 3 / 4: hemorragias gastrointestinales (3 pacientes), hemorragias intra-tumorales (3 pacientes) o ambas (1 paciente). La localización del tumor gastrointestinal podría haber sido la causa de las hemorragias gastrointestinales (ver sección 4.4). Las hemorragias gastrointestinales y tumorales podrían ser graves y en ocasiones fatales. Las reacciones adversas relacionadas con el tratamiento notificadas más comúnmente ( 10%) en ambas patologías fueron leves:
  <effect gate:gateId="2318" rule="Effect" Simplification="náuseas">náuseas</effect>
  ,
  <effect gate:gateId="2319" rule="Effect" Simplification="vómitos">vómitos</effect>
  ,
  <effect gate:gateId="2320" rule="Effect" Simplification="diarrea">diarrea</effect>
  ,
  <effect gate:gateId="2321" rule="Effect" Simplification="dolor abdominal">dolor abdominal</effect>
  ,
  <effect gate:gateId="2322" rule="Effect" Simplification="fatiga ">fatiga</effect>
  ,
  <effect gate:gateId="2323" rule="Effect" Simplification="dolor muscular">mialgia</effect>
  ,
  <effect gate:gateId="2324" rule="Effect" Simplification="calambres musculares">calambres musculares</effect>
  y
  <effect gate:gateId="2325" rule="Effect" Simplification="inflamación">erupción</effect>
  . Un hallazgo común en todos los estudios fueron los edemas superficiales, siendo descritos principalmente como edemas periorbitales o de los miembros inferiores. Sin embargo, estos edemas raramente fueron severos y pudieron ser tratados con diuréticos, otras medidas de soporte o reduciendo la dosis de Glivec. Cuando se combinó
  <drug gate:gateId="2326" rule="Drug">imatinib</drug>
  con quimioterapia a altas dosis en pacientes con LLA Ph+, se observó toxicidad hepática transitoria en forma de elevación de las transaminasas e
  <effect gate:gateId="2327" rule="Effect" Simplification="problemas en el metabolismo">hiperbilirrubinemia</effect>
  . Diversas reacciones adversas tales como
  <effect gate:gateId="2328" rule="Effect" Simplification="derrame pulmonar">efusión pleural</effect>
  ,
  <effect gate:gateId="2329" rule="Effect" Simplification="acumulación de líquido en el área del abdomen">ascitis</effect>
  ,
  <effect gate:gateId="2330" rule="Effect" Simplification="hinchazón en los pulmones">edema pulmonar</effect>
  y aumento rápido de 10 peso con o sin
  <effect gate:gateId="2331" rule="Effect" Simplification="hinchazón">edema</effect>
  superficial pueden ser descritos de forma conjunta como «
  <effect gate:gateId="2332" rule="Effect" Simplification="retención de líquidos">retención de líquidos</effect>
  ». Estas reacciones pueden normalmente ser tratadas retirando temporalmente el tratamiento con Glivec, y administrando diuréticos y otras medidas terapéuticas de soporte. Sin embargo, algunas de estas reacciones pueden ser graves o comportar riesgo para la vida. Diversos pacientes con
  <effect gate:gateId="2333" rule="Effect" Simplification="etapa de la leucemia">crisis blástica</effect>
  murieron con una historia clínica compleja de
  <effect gate:gateId="2334" rule="Effect" Simplification="derrame pulmonar">efusión pleural</effect>
  , insuficiencia cardíaca congestiva y
  <effect gate:gateId="2335" rule="Effect" Simplification="fallo renal">fallo renal</effect>
  . En los ensayos clínicos pediátricos no se observaron hallazgos especiales respecto a la seguridad. Reacciones adversas Se detallan a continuación las reacciones adversas notificadas, excepto los casos aislados, por órganos y sistemas y por frecuencia. Las frecuencias se definen como: muy frecuentes (&gt;1/10), frecuentes (&gt;1/100, 1/10), poco frecuentes (&gt;1/1.000, 1/100), raras (1/1.000), frecuencia no conocida (no puede estimarse a partir de los datos disponibles). Las reacciones adversas se presentan en orden decreciente de frecuencia dentro de cada categoría de frecuencias. Las reacciones adversas y sus frecuencias que se presentan en la Tabla 1 están basadas en los principales estudios para el registro. Tabla 1 Reacciones adversas en ensayos clínicos Exploraciones complementarias Muy frecuentes: Aumento de peso Frecuentes: Pérdida de peso Poco frecuentes: Aumento de la creatinina sérica, aumento de la creatinfosfoquinasa sérica, aumento Raras: Aumento de la amilasa sérica Trastornos cardiacos Poco frecuentes: Raras: Arritmia,
  <effect gate:gateId="2336" rule="Effect" Simplification="alteración en el ritmo cardiaco">fibrilación auricular</effect>
  ,
  <effect gate:gateId="2337" rule="Effect" Simplification="paro cardiaco">paro cardiaco</effect>
  ,
  <effect gate:gateId="2338" rule="Effect" Simplification="infarto">infarto de miocardio</effect>
  ,
  <effect gate:gateId="2339" rule="Effect" Simplification="dolor en el pecho">angina de pecho</effect>
  , Trastornos de la sangre y del sistema linfático Muy frecuentes: Neutropenia,
  <effect gate:gateId="2340" rule="Effect" Simplification="problemas de coagulación">trombocitopenia</effect>
  ,
  <effect gate:gateId="2341" rule="Effect" Simplification="anemia">anemia</effect>
  Frecuentes: Pancitopenia,
  <effect gate:gateId="2342" rule="Effect" Simplification="disminución de plaquetas en la sangre">neutropenia febril</effect>
  Poco frecuentes: Trombocitemia,
  <effect gate:gateId="2343" rule="Effect" Simplification="baja cantidad de linfocitos en la sangre">linfopenia</effect>
  ,
  <effect gate:gateId="2344" rule="Effect" Simplification="insuficiencia de médula ósea">depresión de la médula ósea</effect>
  ,
  <effect gate:gateId="2345" rule="Effect" Simplification="problemas en la sangre">eosinofilia</effect>
  , Raras: Anemia hemolítica Trastornos del sistema
  <effect gate:gateId="2346" rule="Effect" Simplification="nervioso">nervioso</effect>
  Muy frecuentes: Frecuentes: Mareo,
  <effect gate:gateId="2347" rule="Effect" Simplification="cosquilleo">parestesia</effect>
  , alteraciones del gusto,
  <effect gate:gateId="2348" rule="Effect" Simplification="entumecimiento">hipoestesia</effect>
  Poco frecuentes: Migraña,
  <effect gate:gateId="2349" rule="Effect" Simplification="somnolencia">somnolencia</effect>
  ,
  <effect gate:gateId="2350" rule="Effect" Simplification="desmayo">síncope</effect>
  ,
  <effect gate:gateId="2351" rule="Effect" Simplification="insuficiencia en los nervios del cerebro">neuropatía periférica</effect>
  ,
  <effect gate:gateId="2352" rule="Effect" Simplification="alteración de la memoria">alteración de la memoria</effect>
  , Raras: Aumento de la
  <effect gate:gateId="2353" rule="Effect" Simplification="presión">presión</effect>
  intracraneal,
  <effect gate:gateId="2354" rule="Effect" Simplification="ataque">convulsiones</effect>
  ,
  <effect gate:gateId="2355" rule="Effect" Simplification="inflamación en el nervio óptico">neuritis óptica</effect>
  Trastornos oculares Frecuentes: Edema palpebral,
  <effect gate:gateId="2356" rule="Effect" Simplification="aumento del lagrimeo">aumento del lagrimeo</effect>
  ,
  <effect gate:gateId="2357" rule="Effect" Simplification="ojos rojos">hemorragia conjuntival</effect>
  ,
  <effect gate:gateId="2358" rule="Effect" Simplification="conjuntivitis">conjuntivitis</effect>
  , ojo Poco frecuentes: Irritación ocular,
  <effect gate:gateId="2359" rule="Effect" Simplification="dolor ocular">dolor ocular</effect>
  ,
  <effect gate:gateId="2360" rule="Effect" Simplification="hinchazón en el ojo">edema orbital</effect>
  ,
  <effect gate:gateId="2361" rule="Effect" Simplification="sangrado ">hemorragia</effect>
  escleral,
  <effect gate:gateId="2362" rule="Effect" Simplification="sangrado ">hemorragia</effect>
  Raras: Catarata,
  <effect gate:gateId="2363" rule="Effect" Simplification="perdida de la visión">glaucoma</effect>
  , papiloedema Trastornos del oído y del laberinto Poco frecuentes: Vértigo, tinnitus,
  <effect gate:gateId="2364" rule="Effect" Simplification="pérdida de audición">pérdida de audición</effect>
  Trastornos respiratorios, torácicos y mediastínicos 11 Frecuentes: Disnea,
  <effect gate:gateId="2365" rule="Effect" Simplification="sangrado nasal">epistaxis</effect>
  ,
  <effect gate:gateId="2366" rule="Effect" Simplification="tos">tos</effect>
  Poco frecuentes: Raras: Dolor pleural,
  <effect gate:gateId="2367" rule="Effect" Simplification="exceso de tejido en los pulmones">fibrosis pulmonar</effect>
  ,
  <effect gate:gateId="2368" rule="Effect" Simplification="incremento presión pulmonar">hipertensión pulmonar</effect>
  ,
  <effect gate:gateId="2369" rule="Effect" Simplification="hemorragia pulmonar">hemorragia pulmonar</effect>
  Trastornos gastrointestinales Muy frecuentes: Frecuentes: Flatulencia,
  <effect gate:gateId="2370" rule="Effect" Simplification="abdomen prominente">distensión abdominal</effect>
  ,
  <effect gate:gateId="2371" rule="Effect" Simplification="reflujo gástrico">reflujo gastroesofágico</effect>
  ,
  <effect gate:gateId="2372" rule="Effect" Simplification="estreñimiento">estreñimiento</effect>
  ,
  <effect gate:gateId="2373" rule="Effect" Simplification="sequedad">sequedad</effect>
  Poco frecuentes: Raras: Colitis,
  <effect gate:gateId="2374" rule="Effect" Simplification="obstrucción intestinal">íleo</effect>
  ,
  <effect gate:gateId="2375" rule="Effect" Simplification="enfermedad">enfermedad</effect>
  inflamatoria intestinal Trastornos renales y urinarios Poco frecuentes: Dolor renal,
  <effect gate:gateId="2376" rule="Effect" Simplification="orina y micción">hematuria</effect>
  ,
  <effect gate:gateId="2377" rule="Effect" Simplification="insuficiencia renal">insuficiencia renal aguda</effect>
  , aumento de la
  <effect gate:gateId="2378" rule="Effect" Simplification="frecuencia urinaria">frecuencia urinaria</effect>
  Trastornos de la piel y del tejido subcutáneo Muy frecuentes: Edema periorbital,
  <effect gate:gateId="2379" rule="Effect" Simplification="dermatitis">dermatitis</effect>
  /eccema/
  <effect gate:gateId="2380" rule="Effect" Simplification="inflamación">erupción</effect>
  Frecuentes: Prurito,
  <effect gate:gateId="2381" rule="Effect" Simplification="hinchazón">edema</effect>
  facial,
  <effect gate:gateId="2382" rule="Effect" Simplification="sequedad de la piel">sequedad de la piel</effect>
  ,
  <effect gate:gateId="2383" rule="Effect" Simplification="enrojecimiento">eritema</effect>
  ,
  <effect gate:gateId="2384" rule="Effect" Simplification="pérdida de cabello ">alopecia</effect>
  ,
  <effect gate:gateId="2385" rule="Effect" Simplification="sudoración nocturna">sudoración nocturna</effect>
  , Poco frecuentes: Erupción pustular,
  <effect gate:gateId="2386" rule="Effect" Simplification="moretones">contusión</effect>
  ,
  <effect gate:gateId="2387" rule="Effect" Simplification="aumento de la sudoración">aumento de la sudoración</effect>
  ,
  <effect gate:gateId="2388" rule="Effect" Simplification="urticaria">urticaria</effect>
  ,
  <effect gate:gateId="2389" rule="Effect" Simplification="moretones ">equimosis</effect>
  , Raras: Dermatosis neutrofílica febril aguda (síndrome de Sweet), decoloración de las uñas, Trastornos musculoesqueléticos y del tejido conjuntivo Muy frecuentes: Espasmos y
  <effect gate:gateId="2390" rule="Effect" Simplification="calambres musculares">calambres musculares</effect>
  ,
  <effect gate:gateId="2391" rule="Effect" Simplification="dolor musculoesquelético">dolor musculoesquelético</effect>
  incluyendo
  <effect gate:gateId="2392" rule="Effect" Simplification="dolor muscular">mialgia</effect>
  , Frecuentes: Hinchazón de las articulaciones Poco frecuentes: Rigidez de articulaciones y músculos Raras: Debilidad muscular,
  <effect gate:gateId="2393" rule="Effect" Simplification="artritis">artritis</effect>
  Trastornos del metabolismo y de la nutrición Frecuentes: Anorexia Poco frecuentes: Hipocalemia,
  <effect gate:gateId="2394" rule="Effect" Simplification="aumento del apetito">aumento del apetito</effect>
  ,
  <effect gate:gateId="2395" rule="Effect" Simplification="problemas en la sangre">hipofosfatemia</effect>
  ,
  <effect gate:gateId="2396" rule="Effect" Simplification="disminución del apetito">disminución del apetito</effect>
  , Raras: Hipercalemia,
  <effect gate:gateId="2397" rule="Effect" Simplification="nivel alto de magnesio">hipomagnesemia</effect>
  Infecciones e infestaciones Poco frecuentes: Raras: Infección fúngica Trastornos vasculares Frecuentes: Sofocos,
  <effect gate:gateId="2398" rule="Effect" Simplification="sangrado ">hemorragia</effect>
  Poco frecuentes: Hipertensión, hematomas, enfriamiento periférico,
  <effect gate:gateId="2399" rule="Effect" Simplification="presión arterial baja">hipotensión</effect>
  , fenómeno de Trastornos generales y alteraciones en el lugar de administración Muy frecuentes: Retención de líquidos y
  <effect gate:gateId="2400" rule="Effect" Simplification="hinchazón">edema</effect>
  ,
  <effect gate:gateId="2401" rule="Effect" Simplification="fatiga ">fatiga</effect>
  Frecuentes: Debilidad,
  <effect gate:gateId="2402" rule="Effect" Simplification="fiebre">pirexia</effect>
  ,
  <effect gate:gateId="2403" rule="Effect" Simplification="hinchazón generalizada">anasarca</effect>
  ,
  <effect gate:gateId="2404" rule="Effect" Simplification="escalofríos">escalofríos</effect>
  ,
  <effect gate:gateId="2405" rule="Effect" Simplification="rigidez">rigidez</effect>
  Poco frecuentes: Dolor en el pecho,
  <effect gate:gateId="2406" rule="Effect" Simplification="malestar">malestar</effect>
  Trastornos hepatobiliares Frecuentes: Aumento de enzimas hepáticos Poco frecuentes: Hiperbilirrubinemia,
  <effect gate:gateId="2407" rule="Effect" Simplification="hepatitis">hepatitis</effect>
  ,
  <effect gate:gateId="2408" rule="Effect" Simplification="piel amarrilla">ictericia</effect>
  12 Raras: Trastornos del aparato reproductor y de la mama Poco frecuentes: Ginecomastia,
  <effect gate:gateId="2409" rule="Effect" Simplification="impotencia">disfunción eréctil</effect>
  ,
  <effect gate:gateId="2410" rule="Effect" Simplification="menstruación abundante">menorragia</effect>
  ,
  <effect gate:gateId="2411" rule="Effect" Simplification="menstruación irregular">menstruación irregular</effect>
  , disfunción Trastornos psiquiátricos Frecuentes: Insomnio Poco frecuentes: Depresión, disminución de la líbido,
  <effect gate:gateId="2412" rule="Effect" Simplification="ansiedad">ansiedad</effect>
  Raras: Confusión 1 Basándose en los resultados por paciente-año, los trastornos cardiacos, incluyendo
  <effect gate:gateId="2413" rule="Effect" Simplification="insuficiencia cardiaca">insuficiencia cardiaca congestiva</effect>
  , se observaron de forma más frecuente en pacientes con LMC transformada que en pacientes con LMC crónica. 2 La
  <effect gate:gateId="2414" rule="Effect" Simplification="dolor de cabeza">cefalea</effect>
  fue la más frecuente en pacientes con GIST. 3 El
  <effect gate:gateId="2415" rule="Effect" Simplification="derrame pulmonar">derrame pleural</effect>
  se notificó de forma más frecuente en pacientes con GIST y en pacientes con LMC transformada (LMC-fase acelerada y LMC-
  <effect gate:gateId="2416" rule="Effect" Simplification="etapa de la leucemia">crisis blástica</effect>
  ) que en pacientes con LMC crónica. 4+5 El
  <effect gate:gateId="2417" rule="Effect" Simplification="dolor abdominal">dolor abdominal</effect>
  y la
  <effect gate:gateId="2418" rule="Effect" Simplification="hemorragia gastrointestinal">hemorragia gastrointestinal</effect>
  se observaron de forma más frecuente en pacientes con GIST. 6 El
  <effect gate:gateId="2419" rule="Effect" Simplification="dolor musculoesquelético">dolor musculoesquelético</effect>
  y los acontecimientos relacionados se observaron de forma más frecuente en pacientes con LMC que en pacientes con GIST. 7 La
  <effect gate:gateId="2420" rule="Effect" Simplification="neumonía">neumonía</effect>
  se notificó de forma más frecuente en pacientes con LMC transformada y en pacientes con GIST. 8 Los
  <effect gate:gateId="2421" rule="Effect" Simplification="sofoco">sofocos</effect>
  fueron más frecuentes en pacientes con GIST y los sangrados (
  <effect gate:gateId="2422" rule="Effect" Simplification="moretones ">hematoma</effect>
  ,
  <effect gate:gateId="2423" rule="Effect" Simplification="sangrado ">hemorragia</effect>
  ) fueron más frecuentes en pacientes con GIST y con LMC transformada (LMC-FA y LMC-CB). 9 Se han notificado algunos casos mortales de
  <effect gate:gateId="2424" rule="Effect" Simplification="insuficiencia hepática">insuficiencia hepática</effect>
  y de
  <effect gate:gateId="2425" rule="Effect" Simplification="daño en el hígado">necrosis hepática</effect>
  . Se han notificado los siguientes tipos de reacciones, principalmente a partir de la experiencia post- comercialización con Glivec. Incluyen casos espontáneos notificados así como reacciones adversas graves de los estudios en marcha, los programas de acceso expandido, los estudios de farmacología clínica y estudios exploratorios en indicaciones no autorizadas. Debido a que estas reacciones se recogen a partir de una población de tamaño incierto, no siempre es posible estimar de forma fiable su frecuencia o establecer una relación causal con la exposición a
  <drug gate:gateId="2426" rule="Drug">imatinib</drug>
  . Tabla 2 Reacciones adversas procedentes de informes post-comercialización Neoplasias benignas, malignas y no especificadas (incl quistes y
  <effect gate:gateId="2427" rule="Effect" Simplification="tejido extra en el cuerpo">pólipos</effect>
  ) No conocida: Hemorragia del tumor/
  <effect gate:gateId="2428" rule="Effect" Simplification="células cancerígenas muertas">necrosis tumoral</effect>
  Trastornos del sistema inmunológico No conocida: Shock anafiláctico Trastornos cardiacos No conocida: Trastornos del sistema
  <effect gate:gateId="2429" rule="Effect" Simplification="nervioso">nervioso</effect>
  No conocida: Trastornos oculares No conocida: Trastornos respiratorios, torácicos y mediastínicos No conocida: Trastornos gastrointestinales No conocida: Trastornos de la piel y del tejido subcutáneo No conocida: Queratosis liquenoide,
  <effect gate:gateId="2430" rule="Effect" Simplification="enfermedades de la piel">liquen plano</effect>
  No conocida: Necrolisis tóxica epidérmica Trastornos musculoesqueléticos y del tejido conjuntivo No conocida: Trastornos vasculares No conocida: 1 Se han notificado casos mortales en pacientes con
  <effect gate:gateId="2431" rule="Effect" Simplification="enfermedad">enfermedad</effect>
  avanzada,
  <effect gate:gateId="2432" rule="Effect" Simplification="infecciones">infecciones</effect>
  graves,
  <effect gate:gateId="2433" rule="Effect" Simplification="problemas en la sangre">neutropenia</effect>
  grave y otras situaciones concomitantes graves. Anormalidades en las pruebas de laboratorio Hematología En todos los estudios en LMC se han observado citopenias, particularmente
  <effect gate:gateId="2434" rule="Effect" Simplification="problemas en la sangre">neutropenia</effect>
  y
  <effect gate:gateId="2435" rule="Effect" Simplification="problemas de coagulación">trombocitopenia</effect>
  , sugiriendo una mayor frecuencia a dosis elevadas 750 mg (estudio de fase I). Sin embargo, la presencia de citopenias fue también claramente dependiente de la fase de la
  <effect gate:gateId="2436" rule="Effect" Simplification="enfermedad">enfermedad</effect>
  , la frecuencia de neutropenias (RAN &lt; 1,0 x 109/
  <effect gate:gateId="2437" rule="Effect" Simplification="..">l</effect>
  ) y trombocitopenias (recuento de plaquetas &lt; 50 x 109/
  <effect gate:gateId="2438" rule="Effect" Simplification="..">l</effect>
  ) de grado 3 ó 4, siendo entre 4 y 6 veces mayor en
  <effect gate:gateId="2439" rule="Effect" Simplification="etapa de la leucemia">crisis blástica</effect>
  y en fase acelerada (59­64% y 44­63% para
  <effect gate:gateId="2440" rule="Effect" Simplification="problemas en la sangre">neutropenia</effect>
  y
  <effect gate:gateId="2441" rule="Effect" Simplification="problemas de coagulación">trombocitopenia</effect>
  , respectivamente) comparado con pacientes con LMC en fase crónica de diagnóstico reciente (16,7%
  <effect gate:gateId="2442" rule="Effect" Simplification="problemas en la sangre">neutropenia</effect>
  y 8,9%
  <effect gate:gateId="2443" rule="Effect" Simplification="problemas de coagulación">trombocitopenia</effect>
  ). Se observó
  <effect gate:gateId="2444" rule="Effect" Simplification="problemas en la sangre">neutropenia</effect>
  (RAN &lt; 0,5 x 109/
  <effect gate:gateId="2445" rule="Effect" Simplification="..">l</effect>
  ) y
  <effect gate:gateId="2446" rule="Effect" Simplification="problemas de coagulación">trombocitopenia</effect>
  (recuento de plaquetas &lt; 10 x 109/
  <effect gate:gateId="2447" rule="Effect" Simplification="..">l</effect>
  ) de grado 4 en el 3,6% y en menos del 1% respectivamente, de los pacientes con diagnóstico reciente de LMC en fase crónica. La mediana de la duración de los episodios de
  <effect gate:gateId="2448" rule="Effect" Simplification="problemas en la sangre">neutropenia</effect>
  y
  <effect gate:gateId="2449" rule="Effect" Simplification="problemas de coagulación">trombocitopenia</effect>
  normalmente fue de 2 a 3 semanas y de 3 a 4 semanas, respectivamente. Estos efectos normalmente pueden ser tratados con reducción de dosis o con interrupción del tratamiento con Glivec, pero en casos raros puede llevar al cese definitivo del tratamiento. En pacientes pediátricos con LMC, las toxicidades observadas de forma más frecuente fueron citopenias de grado 3 ó 4 incluyendo
  <effect gate:gateId="2450" rule="Effect" Simplification="problemas en la sangre">neutropenia</effect>
  ,
  <effect gate:gateId="2451" rule="Effect" Simplification="problemas de coagulación">trombocitopenia</effect>
  y
  <effect gate:gateId="2452" rule="Effect" Simplification="anemia">anemia</effect>
  . Éstos generalmente ocurren durante los primeros meses de tratamiento. En pacientes con GIST se informó de anemias de grado 3 y 4 en el 5,4% y 0,7% de los pacientes, respectivamente, que pueden estar relacionadas con las hemorragias gastrointestinales o intratumorales al menos en alguno de estos casos. Se observó
  <effect gate:gateId="2453" rule="Effect" Simplification="problemas en la sangre">neutropenia</effect>
  de grado 3 y 4 en el 7,5% y 2,7% de los pacientes, respectivamente y
  <effect gate:gateId="2454" rule="Effect" Simplification="problemas de coagulación">trombocitopenia</effect>
  de grado 3 en el 0,7% de los pacientes. Ningún paciente desarrolló
  <effect gate:gateId="2455" rule="Effect" Simplification="problemas de coagulación">trombocitopenia</effect>
  de grado 4. El descenso de los leucocitos y recuento de neutrófilos tuvo lugar principalmente durante las primeras seis semanas de tratamiento, permaneciendo después los valores relativamente estables. Bioquímica Se observó un aumento severo de las transaminasas (&lt; 5%) o de la bilirrubina (&lt; 1%) en pacientes con LMC y normalmente se controló con reducción de dosis o interrupción (la mediana de duración de estos episodios fue aproximadamente de una semana). En menos del 1% de los pacientes con LMC el tratamiento se interrumpió de forma permanente debido a la alteración de las pruebas hepáticas de laboratorio. En pacientes con GIST (estudio B2222) se observaron un 6,8% de aumento de ALT (alanino aminotransferasa) de grado 3 ó 4 y un 4,8% de aumento de AST (aspartato aminotransferasa) de grado 3 ó 4. El aumento de la bilirrubina fue inferior al 3%. Se han dado casos de
  <effect gate:gateId="2456" rule="Effect" Simplification="hepatitis">hepatitis citolítica</effect>
  y colestásica y
  <effect gate:gateId="2457" rule="Effect" Simplification="insuficiencia hepática">fallo hepático</effect>
  ; en algunos de los cuales el desenlace fue fatal, incluyendo un paciente tratado con paracetamol a dosis alta.
</paragraph>
