<?xml version="1.0" encoding="UTF-8"?>
<paragraph xmlns:gate="http://www.gate.ac.uk" gate:gateId="0" gate:annotMaxId="163">
  Las reacciones adversas de GLUCOSAMINA KORHISPANA son poco comunes y generalmente de naturaleza leve y transitoria. Las reacciones adversas se enumeran a continuación por órganos y sistemas de acuerdo con las categorías de frecuencia siguientes: Raras ( 1/10.000, &lt; 1/1.000) Muy raras (&lt; 1/10.000) incluyendo notificaciones aisladas. Trastornos del sistema
  <effect gate:gateId="150" rule="Effect" Simplification="nervioso">nervioso</effect>
  : Raras:
  <effect gate:gateId="151" rule="Effect" Simplification="mareo">mareo</effect>
  ,
  <effect gate:gateId="152" rule="Effect" Simplification="somnolencia">somnolencia</effect>
  y
  <effect gate:gateId="153" rule="Effect" Simplification="dolor de cabeza">cefalea</effect>
  . MINISTERIO Trastornos respiratorios, torácicos y mediastínicos: Muy raras:
  <effect gate:gateId="154" rule="Effect" Simplification="asma">asma bronquial</effect>
  . Trastornos gastrointestinales: Raras:
  <effect gate:gateId="155" rule="Effect" Simplification="náuseas">náuseas</effect>
  , pesadez,
  <effect gate:gateId="156" rule="Effect" Simplification="dolor abdominal">dolor abdominal</effect>
  ,
  <effect gate:gateId="157" rule="Effect" Simplification="gases">meteorismo</effect>
  ,
  <effect gate:gateId="158" rule="Effect" Simplification="estreñimiento">estreñimiento</effect>
  y
  <effect gate:gateId="159" rule="Effect" Simplification="___">diarrea.</effect>
  Trastornos de la piel y tejido subcutáneo: Muy raras:
  <effect gate:gateId="160" rule="Effect" Simplification="enrojecimiento">eritema</effect>
  ,
  <effect gate:gateId="161" rule="Effect" Simplification="picazón">prurito</effect>
  . El tratamiento debe suspenderse ante la aparición de cualquier tipo de
  <effect gate:gateId="162" rule="Effect" Simplification="alergia">reacción alérgica</effect>
  .
</paragraph>
