<?xml version="1.0" encoding="UTF-8"?>
<paragraph xmlns:gate="http://www.gate.ac.uk" gate:gateId="0" gate:annotMaxId="128">
  Las reacciones adversas más comunmente asociadas al tratamiento con glucosamina son nauseas,
  <effect gate:gateId="118" rule="Effect" Simplification="dolor abdominal">dolor abdominal</effect>
  ,
  <effect gate:gateId="119" rule="Effect" Simplification="indigestión">indigestión</effect>
  ,
  <effect gate:gateId="120" rule="Effect" Simplification="estreñimiento">estreñimiento</effect>
  y
  <effect gate:gateId="121" rule="Effect" Simplification="___">diarrea.</effect>
  Además se han notificado casos de
  <effect gate:gateId="122" rule="Effect" Simplification="dolor de cabeza">cefalea</effect>
  ,
  <effect gate:gateId="123" rule="Effect" Simplification="fatiga">cansancio</effect>
  , exantemas,
  <effect gate:gateId="124" rule="Effect" Simplification="picor">picor</effect>
  y
  <effect gate:gateId="125" rule="Effect" Simplification="___">rubor.</effect>
  Las reacciones adversas notificadas son generalmente leves y transitorias. Clasificación de órganos Frecuentes Poco frecuentes Raras del sistema (1/100, &lt;1/10) (1/1.000, (1/10.000, Trastornos del sistema
  <effect gate:gateId="126" rule="Effect" Simplification="nervioso">nervioso</effect>
  Trastornos gastrointestinales Estreñimiento Trastornos de la piel y del tejido subcutáneo De forma esporádica se han notificado casos de
  <effect gate:gateId="127" rule="Effect" Simplification="aumento de colesterol en la sangre">hipercolesterolemia</effect>
  , aunque no se ha establecido su relación causal.
</paragraph>
