<?xml version="1.0" encoding="UTF-8"?>
<paragraph xmlns:gate="http://www.gate.ac.uk" gate:gateId="0" gate:annotMaxId="846">
  En caso de trasplante de médula: En los estudios doble
  <effect gate:gateId="803" rule="Effect" Simplification="ciego">ciego</effect>
  controlados con placebo, el recuento plaquetario medio en los pacientes tratados con Granocyte® 34 resultó inferior al del grupo tratado con placebo. Sin embargo, esto no dio lugar a un aumento de la frecuencia de acontecimientos adversos de tipo hemorrágico, y la mediana del número de días que transcurrieron entre el trasplante y la última administración de plaquetas resultó similar en los dos grupos. En ensayos controlados con placebo, los acontecimientos adversos más frecuentemente comunicados (15 % en al menos un grupo de tratamiento) han tenido una frecuencia similar para los pacientes tratados con placebo o Granocyte® 34. Estos acontecimientos adversos son los que se encuentran habitualmente en pacientes bajo estas condiciones. Consistieron en
  <effect gate:gateId="804" rule="Effect" Simplification="infección">infección</effect>
  /
  <effect gate:gateId="805" rule="Effect" Simplification="inflamación">inflamación</effect>
  de la
  <effect gate:gateId="806" rule="Effect" Simplification="cavidad">cavidad</effect>
  bucal,
  <effect gate:gateId="807" rule="Effect" Simplification="fiebre">fiebre</effect>
  ,
  <effect gate:gateId="808" rule="Effect" Simplification="diarrea">diarrea</effect>
  ,
  <effect gate:gateId="809" rule="Effect" Simplification="alteración de la piel">rash</effect>
  ,
  <effect gate:gateId="810" rule="Effect" Simplification="dolor abdominal">dolor abdominal</effect>
  ,
  <effect gate:gateId="811" rule="Effect" Simplification="vómitos">vómitos</effect>
  ,
  <effect gate:gateId="812" rule="Effect" Simplification="pérdida de cabello ">alopecia</effect>
  ,
  <effect gate:gateId="813" rule="Effect" Simplification="enfermedad del sistema inmunológico">sepsis</effect>
  e
  <effect gate:gateId="814" rule="Effect" Simplification="infección">infección</effect>
  . En caso de
  <effect gate:gateId="815" rule="Effect" Simplification="problemas en la sangre">neutropenia</effect>
  inducida por quimioterapia: No ha sido establecida la seguridad del uso de Granocyte® 34 junto con agentes antineoplásicos dotados de una toxicidad acumulativa sobre la médula ósea o una toxicidad predominante frente a la línea plaquetaria (nitrosourea,
  <drug gate:gateId="816" rule="Drug">mitomicina</drug>
  ). La utilización de Granocyte® 34 podría, incluso, provocar el aumento de toxicidad, particularmente frente a las plaquetas. En los ensayos clínicos, los acontecimientos adversos comunicados con mayor frecuencia han sido los mismos para los pacientes tratados con Granocyte® 34 que para placebo. Los efectos indeseables más frecuentemente hallados han sido:
  <effect gate:gateId="817" rule="Effect" Simplification="pérdida de cabello ">alopecia</effect>
  ,
  <effect gate:gateId="818" rule="Effect" Simplification="náuseas">náuseas</effect>
  ,
  <effect gate:gateId="819" rule="Effect" Simplification="vómitos">vómitos</effect>
  ,
  <effect gate:gateId="820" rule="Effect" Simplification="fiebre">fiebre</effect>
  , cefaleas, similares a los observados en los pacientes con
  <effect gate:gateId="821" rule="Effect" Simplification="cáncer">cáncer</effect>
  y tratados con quimioterapia. En los pacientes tratados con Granocyte® 34 se ha observado una incidencia del
  <effect gate:gateId="822" rule="Effect" Simplification="dolor de huesos">dolor óseo</effect>
  ligeramente más elevada (aproximadamente un 10 % mayor) así como una reacción en el punto de la inyección (aproximadamente un 5 % mayor). En movilización de células progenitoras de sangre periférica Cuando se administra Granocyte® 34 a individuos sanos, las reacciones clínicas adversas más frecuentes fueron
  <effect gate:gateId="823" rule="Effect" Simplification="dolor de cabeza">cefalea</effect>
  en el 30%,
  <effect gate:gateId="824" rule="Effect" Simplification="dolor de huesos">dolor óseo</effect>
  en el 23%,
  <effect gate:gateId="825" rule="Effect" Simplification="dolor de espalda">dolor de espalda</effect>
  en el 17,5%,
  <effect gate:gateId="826" rule="Effect" Simplification="fatiga">astenia</effect>
  en el 11%,
  <effect gate:gateId="827" rule="Effect" Simplification="dolor abdominal">dolor abdominal</effect>
  en el 6% y
  <effect gate:gateId="828" rule="Effect" Simplification="dolor">dolor</effect>
  en el 6% de los individuos. El riesgo de aparición de
  <effect gate:gateId="829" rule="Effect" Simplification="dolor">dolor</effect>
  aumenta en individuos con valores elevados de RGB, especialmente con RBG &gt; 50 x 109 /
  <effect gate:gateId="830" rule="Effect" Simplification="..">l</effect>
  . Se ha detectado
  <effect gate:gateId="831" rule="Effect" Simplification="problema en la sangre">leucocitosis</effect>
  en el 24% de los donantes &gt; 50 x 109 /
  <effect gate:gateId="832" rule="Effect" Simplification="..">l</effect>
  y
  <effect gate:gateId="833" rule="Effect" Simplification="problemas de coagulación">trombocitopenia</effect>
  en el 42% (plaquetas &lt; 100 x 109 /
  <effect gate:gateId="834" rule="Effect" Simplification="..">l</effect>
  ) relacionada con la aféresis. Se observó un incremento temporal de la ASAT y/o de la ALAT en el 12% de los sujetos y de la fosfatasa alcalina en el 16%. Han ocurrido casos aislados de
  <effect gate:gateId="835" rule="Effect" Simplification="rotura espontanea">rotura esplénica</effect>
  en donantes sanos que recibieron G-CSFs (ver apartado 4.4.). Otras reacciones adversas Alteraciones del sistema inmune: Se han comunicado, durante el tratamiento con Granocyte® 34, casos muy raros de reacciones alérgicas que incluyeron casos aislados de
  <effect gate:gateId="836" rule="Effect" Simplification="reacción alérgica mortal">shock anafiláctico</effect>
  . Alteraciones respiratorias, torácicas y del mediastino: Se han comunicado algunos efectos adversos pulmonares raros, que incluyen
  <effect gate:gateId="837" rule="Effect" Simplification="enfermedad pulmonar intersticial">neumonía intersticial</effect>
  ,
  <effect gate:gateId="838" rule="Effect" Simplification="hinchazón en los pulmones">edema pulmonar</effect>
  infiltrados pulmonares y
  <effect gate:gateId="839" rule="Effect" Simplification="exceso de tejido en los pulmones">fibrosis pulmonar</effect>
  . En algunos de los casos notificados se ha desencadenado un
  <effect gate:gateId="840" rule="Effect" Simplification="fallo respiratorio">fallo respiratorio</effect>
  o un
  <effect gate:gateId="841" rule="Effect" Simplification="insuficiencia respiratoria">síndrome de distrés respiratorio del adulto</effect>
  (SDRA), el cual puede llegar a ser mortal (ver apartado 4.4). Alteraciones de la piel y del tejido subcutáneo: Se ha informado de casos muy raros de
  <effect gate:gateId="842" rule="Effect" Simplification="inflamación de los vasos sanguíneos">vasculitis cutánea</effect>
  en pacientes tratados con Granocyte® 34 Se han comunicado casos muy raros de Síndrome de Sweet,
  <effect gate:gateId="843" rule="Effect" Simplification="enrojecimiento">eritema</effect>
  nodoso y pioderma gangrenosa. Se describieron mayoritariamente en pacientes con afecciones hematológicas malignas, que se sabe están asociadas a
  <effect gate:gateId="844" rule="Effect" Simplification="enfermedad en la piel">dermatosis</effect>
  neutrofílicas, aunque también en
  <effect gate:gateId="845" rule="Effect" Simplification="problemas en la sangre">neutropenia</effect>
  asociada no maligna. También se ha informado de algunos casos muy raros de síndrome de Lyell. Investigaciones: Se han comunicado muy frecuentemente incrementos transitorios de LDH. Durante el tratamiento con lenograstim se han comunicado frecuentemente incrementos en los valores de ASAT, ALAT y/o fosfatasa alcalina. En la mayoría de los casos las alteraciones de la función hepática mejoraron con la interrupción del tratamiento con lenograstim
</paragraph>
