<?xml version="1.0" encoding="UTF-8"?>
<paragraph xmlns:gate="http://www.gate.ac.uk" gate:gateId="0" gate:annotMaxId="75">
  En algunos casos o con dosis altas pueden producirse molestias,
  <effect gate:gateId="71" rule="Effect" Simplification="espasmos">espasmos</effect>
  y dolores abdominales,
  <effect gate:gateId="72" rule="Effect" Simplification="diarreas">diarreas</effect>
  , y
  <effect gate:gateId="73" rule="Effect" Simplification="cansancio o debilidad">cansancio o debilidad</effect>
  . Se han notificado casos aislados de reacciones alérgicas incluyendo reacciones cutáneas y
  <effect gate:gateId="74" rule="Effect" Simplification="hinchazón debajo de la piel">angioedema</effect>
  . En caso de observarse la aparición de reacciones adversas debe notificarse al Sistema de Farmacovigilancia y, en su caso, suspender el tratamiento.
</paragraph>
