<?xml version="1.0" encoding="UTF-8"?>
<paragraph xmlns:gate="http://www.gate.ac.uk" gate:gateId="0" gate:annotMaxId="355">
  HAVRIX presenta buena
  <effect gate:gateId="339" rule="Effect" Simplification="tolerancia">tolerancia</effect>
  . En estudios clínicos controlados, se monitorizaron en todas las personas los signos y síntomas durante los cuatro días posteriores a la administración de la
  <effect gate:gateId="340" rule="Effect" Simplification="vacuna">vacuna</effect>
  . Para ello se utilizaron listas de comprobación de síntomas. También se solicitó a los vacunados que comunicaran cualquier acontecimiento clínico que ocurriera durante el periodo de estudio. La frecuencia de los acontecimientos adversos solicitados fue más baja tras la dosis de recuerdo de HAVRIX. La mayoría de los acontecimientos comunicados fueron considerados por los sujetos como "leves" y no duraron más de 24 horas. La frecuencia de los acontecimientos adversos solicitados tras la administración de HAVRIX, no es diferente de la comunicada tras la administración de otras vacunas de antígenos purificados adsorbidos en aluminio. De los acontecimientos adversos locales solicitados, el comunicado con mayor frecuencia fue
  <effect gate:gateId="341" rule="Effect" Simplification="dolor en el lugar de la inyección">dolor en el lugar de la inyección</effect>
  (menos del 0,5% informado como intenso) que remitió espontáneamente. Otros acontecimientos adversos locales solicitados y comunicados fueron ligero
  <effect gate:gateId="342" rule="Effect" Simplification="enrojecimiento">enrojecimiento</effect>
  e
  <effect gate:gateId="343" rule="Effect" Simplification="hinchazón">hinchazón</effect>
  , producidos con una frecuencia aproximada del 4 % de todas las vacunaciones. Los acontecimientos adversos sistémicos comunicados por los vacunados fueron esencialmente leves, la mayoría no duraron más de 24 horas e incluyeron
  <effect gate:gateId="344" rule="Effect" Simplification="dolor de cabeza">cefalea</effect>
  ,
  <effect gate:gateId="345" rule="Effect" Simplification="malestar">malestar</effect>
  ,
  <effect gate:gateId="346" rule="Effect" Simplification="vómitos">vómitos</effect>
  ,
  <effect gate:gateId="347" rule="Effect" Simplification="fiebre">fiebre</effect>
  ,
  <effect gate:gateId="348" rule="Effect" Simplification="náuseas">náuseas</effect>
  y
  <effect gate:gateId="349" rule="Effect" Simplification="pérdida de apetito">pérdida de apetito</effect>
  . Estos acontecimientos se comunicaron con una frecuencia que variaba entre el 0,8% y el 12,8% de las vacunaciones. Todos ellos remitieron espontáneamente. La naturaleza de los signos y síntomas observados en los niños es similar a la de los adultos, sin embargo, se comunicaron con menor frecuencia. En muy raras ocasiones se han comunicado casos de
  <effect gate:gateId="350" rule="Effect" Simplification="fatiga ">fatiga</effect>
  ,
  <effect gate:gateId="351" rule="Effect" Simplification="diarrea">diarrea</effect>
  ,
  <effect gate:gateId="352" rule="Effect" Simplification="dolor muscular">mialgia</effect>
  ,
  <effect gate:gateId="353" rule="Effect" Simplification="dolor articular">artralgia</effect>
  y reacciones alérgicas incluyendo reacciones anafilácticas y
  <effect gate:gateId="354" rule="Effect" Simplification="___">convulsiones.</effect>
</paragraph>
