<?xml version="1.0" encoding="UTF-8"?>
<paragraph xmlns:gate="http://www.gate.ac.uk" gate:gateId="0" gate:annotMaxId="788">
  En un ensayo clínico sobre el uso de la perfusión continua en cirugía, se utilizó como en cualquier perfusión intravenosa prolongada, heparina para prevenir una
  <effect gate:gateId="779" rule="Effect" Simplification="inflamación de venas">tromboflebitis</effect>
  en la zona de perfusión. En beneficio de los pacientes se recomienda que, siempre que sea posible, cada vez que se
  <effect gate:gateId="780" rule="Effect" Simplification="enfermedad del sistema inmune">les</effect>
  administre Helixate NexGen, se deje constancia del nombre del medicamento y de su número de lote. Este medicamento contiene menos de 1 mmol de sodio (23 mg) por dosis , esto es, esencialmente "exento de sodio". 4.5 Interacción con otros medicamentos y otras formas de
  <effect gate:gateId="781" rule="Effect" Simplification="interacción">interacción</effect>
  No se conocen interacciones de Helixate NexGen con otros medicamentos. 4.6 Embarazo y lactancia No se han llevado a cabo estudios de reproducción animal con Helixate NexGen. Puesto que la
  <effect gate:gateId="782" rule="Effect" Simplification="defecto en la coagulación de la sangre">hemofilia</effect>
  A es excepcional en mujeres, no se dispone de experiencia sobre el uso de Helixate NexGen durante el
  <effect gate:gateId="783" rule="Effect" Simplification="embarazo">embarazo</effect>
  y el periodo de lactancia. Por consiguiente, Helixate NexGen sólo se utilizará en estos casos si está estrictamente indicado. 4.7 Efectos sobre la capacidad para conducir y utilizar máquinas La influencia de Helixate NexGen sobre la capacidad para conducir y utilizar máquinas es nula. 4.8 Reacciones adversas Después de la administración de Helixate NexGen, se han observado efectos adversos de leves a moderados en casos excepcionales según se presenta en la tabla siguiente:, Clasificación de órganos del sistema MedDRA Término preferente en MedDRA Trastornos de la sangre y del sistema linfático Inhibición del factor VIII Trastornos gastrointestinales Disgeusia Trastornos generales y alteraciones en el lugar Reacción local en el lugar de administración de administración de la inyección Trastornos del sistema inmunológico Reacción alérgica/anafiláctica Investigaciones Alteración de la
  <effect gate:gateId="784" rule="Effect" Simplification="presión">presión</effect>
  arterial Trastornos del sistema
  <effect gate:gateId="785" rule="Effect" Simplification="nervioso">nervioso</effect>
  Mareo Trastornos de la piel y del tejido subcutáneo Prurito La formación de anticuerpos neutralizantes del factor VIII (inhibidores) es una complicación conocida en el tratamiento de pacientes con
  <effect gate:gateId="786" rule="Effect" Simplification="defecto en la coagulación de la sangre">hemofilia</effect>
  A. En estudios con preparados de factor VIII recombinante, el desarrollo de inhibidores se observó principalmente en pacientes hemofílicos no tratados previamente. Por este motivo, los pacientes deben someterse a una monitorización estrecha mediante pruebas de laboratorio y exámenes clínicos apropiados para determinar la formación de dichos inhibidores. Helixate NexGen ha sido utilizado en ensayos clínicos para el tratamiento de episodios hemorrágicos en 37 pacientes no tratados previamente (PUPs) y 23 pacientes mínimamente tratados previamente (MTPs, definidos como aquellos pacientes con menos de 4 días de exposición al tratamiento). Cinco de los 37 pacientes PUPs (14%) y 4 de los 23 MTPs (17%) tratados con Helixate NexGen desarrollaron inhibidores: en general, 6 de 60 (10%) presentaron un título superior a 10 U.B. y 3 de 60 (5%) un título inferior a 10 U.B. El valor de la mediana de los días de exposición en la detección de inhibidores para estos pacientes fue de 9 días (rango 3-18 días). La mediana de los días de exposición en los ensayos clínicos fue de 114 (rango 4-478 días). Cuatro de cinco pacientes, que no alcanzaron los 20 días de exposición al final del ensayo, los alcanzaron posteriormente en el seguimiento posterior al ensayo y uno de los pacientes desarrolló inhibidores con título bajo. El quinto paciente se perdió en el seguimiento. En ensayos clínicos con 73 pacientes tratados previamente (PTPs, definidos como aquellos pacientes con más de 100 días de exposición al tratamiento), no se observaron inhibidores de-novo tras un seguimiento durante cuatro años. 6 En amplios estudios post-comercialización con más de 1.000 pacientes tratados con Helixate NexGen, se observó que menos del 0,2% de los pacientes tratados previamente (PTPs) habían desarrollado inhibidores de-novo. En un subgrupo de pacientes con menos de 20 días de exposición al inicio del estudio, menos del 11% desarrollaron inhibidores de-novo. Durante los ensayos, ningún paciente desarrolló títulos de anticuerpos con repercusión clínica frente a las cantidades mínimas de proteína de ratón y hámster presentes en el medicamento. Sin embargo, existe la posibilidad de
  <effect gate:gateId="787" rule="Effect" Simplification="alergia">reacción alérgica</effect>
  a los componentes del medicamento, como por ejemplo, a las pequeñas cantidades de proteína de ratón y hámster, en pacientes con cierta predisposición (ver secciones 4.3 y 4.4).
</paragraph>
