<?xml version="1.0" encoding="UTF-8"?>
<paragraph xmlns:gate="http://www.gate.ac.uk" gate:gateId="0" gate:annotMaxId="351">
  También se ha comunicado
  <effect gate:gateId="327" rule="Effect" Simplification="picazón">prurito</effect>
  de larga duración que por sí mismo puede no presentarse hasta varios días o incluso semanas después de la infusión. Otras reacciones que se han comunicado son ligero incremento de la temperatura corporal,
  <effect gate:gateId="328" rule="Effect" Simplification="cosquilleo">parestesia</effect>
  ,
  <effect gate:gateId="329" rule="Effect" Simplification="dolor de cabeza">dolor de cabeza</effect>
  ,
  <effect gate:gateId="330" rule="Effect" Simplification="debilidad">debilidad</effect>
  ,
  <effect gate:gateId="331" rule="Effect" Simplification="vómitos">vómitos</effect>
  ,
  <effect gate:gateId="332" rule="Effect" Simplification="inflamación">erupciones cutáneas</effect>
  , agrandamiento de las glándulas submaxilares y parótidas,
  <effect gate:gateId="333" rule="Effect" Simplification="dolor muscular">dolor muscular</effect>
  y
  <effect gate:gateId="334" rule="Effect" Simplification="hinchazón en la pierna">edema periférico</effect>
  de extremidades inferiores. Si se producen tales reacciones se controlarán deteniendo la infusión de Hemohes e instaurando un tratamiento de emergencia, incluyendo si se precisa la administración de un agente antihistamínico. Tratamiento de emergencia de las reacciones anafilácticas: A continuación, se esquematiza el "Tratamiento de emergencia de las reacciones anafilácticas". Intensidad/Grado: I a Manifestación: Reacción cutánea localizada Signos y Síntomas clínicos:
  <effect gate:gateId="335" rule="Effect" Simplification="enrojecimiento">eritema localizado</effect>
  Medidas y tratamiento farmacológico: - Detener la infusión. Intensidad/Grado: I b Manifestación: Reacciones sistémicas moderadas Signos y Síntomas clínicos:
  <effect gate:gateId="336" rule="Effect" Simplification="ansiedad">ansiedad</effect>
  ,
  <effect gate:gateId="337" rule="Effect" Simplification="dolor de cabeza">cefalea</effect>
  ,
  <effect gate:gateId="338" rule="Effect" Simplification="enrojecimiento">enrojecimiento</effect>
  ,
  <effect gate:gateId="339" rule="Effect" Simplification="ronchas en todo el cuerpo">urticaria generalizada</effect>
  ,
  <effect gate:gateId="340" rule="Effect" Simplification="cosquilleo">parestesia</effect>
  . Medidas y tratamiento farmacológico: - Detener la infusión. Intensidad/Grado: II Manifestación: cardiovascular y/o pulmonar y/o reacc. gastrointestinal Signos y Síntomas clínicos:
  <effect gate:gateId="341" rule="Effect" Simplification="alteración del ritmo cardíaco">taquicardia</effect>
  ,
  <effect gate:gateId="342" rule="Effect" Simplification="caída">caída</effect>
  de la
  <effect gate:gateId="343" rule="Effect" Simplification="presión">presión</effect>
  sanguínea,
  <effect gate:gateId="344" rule="Effect" Simplification="jadeo">disnea</effect>
  , comienzo del
  <effect gate:gateId="345" rule="Effect" Simplification="trastornos de los bronquios">broncoespasmo</effect>
  , nauseas,
  <effect gate:gateId="346" rule="Effect" Simplification="vómitos">vómitos</effect>
  Medidas y tratamiento farmacológico: - Detener la infusión. Intensidad/Grado: III Manifestación: Reacción sistémica alarmante Signos y Síntomas clínicos:
  <effect gate:gateId="347" rule="Effect" Simplification="presión arterial baja">hipotensión</effect>
  severa y
  <effect gate:gateId="348" rule="Effect" Simplification="shock">shock</effect>
  ,
  <effect gate:gateId="349" rule="Effect" Simplification="jadeo">disnea</effect>
  severa y
  <effect gate:gateId="350" rule="Effect" Simplification="trastornos de los bronquios">broncoespasmo</effect>
  Medidas y tratamiento farmacológico: - Detener la infusión. Intensidad/Grado: IV Manifestación: Reacciones sistémicas peligrosas para la vida Signos y Síntomas clínicos: Paro cardíaco y respiratorio Medidas y tratamiento farmacológico: - Detener la infusión.
</paragraph>
