<?xml version="1.0" encoding="UTF-8"?>
<paragraph xmlns:gate="http://www.gate.ac.uk" gate:gateId="0" gate:annotMaxId="908">
  Las reacciones adversas más características son: Muy raramente (&lt;1/10.000) se podrán presentar reacciones sistémicas tales como: Trastornos del sistema
  <effect gate:gateId="880" rule="Effect" Simplification="nervioso">nervioso</effect>
  Reacciones de
  <effect gate:gateId="881" rule="Effect" Simplification="alergia">hipersensibilidad</effect>
  o manifestaciones sistémicas (
  <effect gate:gateId="882" rule="Effect" Simplification=" nerviosismo ">nerviosismo</effect>
  ,
  <effect gate:gateId="883" rule="Effect" Simplification="ansiedad">ansiedad</effect>
  ,
  <effect gate:gateId="884" rule="Effect" Simplification="dolor de cabeza">dolor de cabeza</effect>
  ,
  <effect gate:gateId="885" rule="Effect" Simplification="insomnio">insomnio</effect>
  ) sobre todo en individuos predispuestos. Trastornos cardíacos Palpitaciones. Raramente (1/10.000, &lt;1/1000) se pueden presentar: Trastornos cardíacos La administración tópica durante períodos prolongados de tiempo puede producir
  <effect gate:gateId="886" rule="Effect" Simplification="disminución de flujo de sangre">isquemia</effect>
  debido a la acción vasoconstrictora de la efedrina Otras: Reacción anafilactoide (consistente en
  <effect gate:gateId="887" rule="Effect" Simplification="dermatitis de contacto">dermatitis de contacto</effect>
  ), sensación de quemazón anal y muy excepcionalmente metaglobinemia caracterizada por
  <effect gate:gateId="888" rule="Effect" Simplification="coloración azul de la piel">cianosis</effect>
  . El contacto prolongado de la benzocaína con las membranas mucosas puede producir
  <effect gate:gateId="889" rule="Effect" Simplification="deshidratación">deshidratación</effect>
  del epitelio y endurecimiento de las mucosas. En caso de observarse la aparición de reacciones adversas, debe suspenderse el tratamiento y notificarse a los sistemas de Farmacovigilancia 4.8 Sobredosis La
  <effect gate:gateId="890" rule="Effect" Simplification="sobredosis">sobredosificación</effect>
  de preparados de benzocaína puede producir
  <effect gate:gateId="891" rule="Effect" Simplification="enfermedad en la sangre">metahemoglobinemia</effect>
  , caracterizada por la coloración azul de piel y mucosas. Las manifestaciones clínicas de la
  <effect gate:gateId="892" rule="Effect" Simplification="enfermedad en la sangre">metahemoglobinemia</effect>
  dependen de la concentración de metahemoglobina en sangre; entre un 15 y un 20 % aparece
  <effect gate:gateId="893" rule="Effect" Simplification="coloración azul de la piel">cianosis</effect>
  ; en el 20-45% puede ocurrir
  <effect gate:gateId="894" rule="Effect" Simplification="fatiga ">fatiga</effect>
  , cefaleas,
  <effect gate:gateId="895" rule="Effect" Simplification="alteración del ritmo cardíaco">taquicardia</effect>
  y letargo. Cuando los niveles de metahemoglobina son superiores al 55% pueden producirse alteraciones en el nivel de conciencia. El tratamiento de la
  <effect gate:gateId="896" rule="Effect" Simplification="enfermedad en la sangre">metahemoglobinemia</effect>
  consiste en la infusión intravenosa de una solución al 1% de azul de metileno, a razón de 0,1 ml /Kg de peso, durante 5 minutos. Una ingesta aguda de efedrina puede provocar
  <effect gate:gateId="897" rule="Effect" Simplification="sangrado ">hemorragia</effect>
  o
  <effect gate:gateId="898" rule="Effect" Simplification="infarto cerebral">infarto cerebral</effect>
  . Si la
  <effect gate:gateId="899" rule="Effect" Simplification="sobredosis">sobredosificación</effect>
  se debe a ingestión masiva del preparado, se llevará a cabo lavado gástrico y administración de carbón activo. Altas dosis pueden causar
  <effect gate:gateId="900" rule="Effect" Simplification=" nerviosismo ">nerviosismo</effect>
  ,
  <effect gate:gateId="901" rule="Effect" Simplification="insomnio">insomnio</effect>
  ,
  <effect gate:gateId="902" rule="Effect" Simplification="dolor de cabeza">dolor de cabeza</effect>
  ,
  <effect gate:gateId="903" rule="Effect" Simplification="palpitaciones">palpitaciones</effect>
  ,
  <effect gate:gateId="904" rule="Effect" Simplification="ansiedad">ansiedad</effect>
  y reacciones paranoides.   5.1 Propiedades fármacodinámicas Grupo farmacoterapéutico: Antihemorroidales de uso tópico, productos que contienen anestésicos locales, benzocaína código ATC: C05AD 03 La efedrina es un agente simpaticomimético de acción mixta, que posee efectos directos e indirectos sobre los receptores adrenérgicos alfa y beta, produciendo una importante
  <effect gate:gateId="905" rule="Effect" Simplification="estrechamiento de vasos sanguíneos">vasoconstricción</effect>
  temporal de los vasos que nutren piel y mucosas. La benzocaína es un anestésico local, que aplicado de forma tópica, alivia el
  <effect gate:gateId="906" rule="Effect" Simplification="dolor">dolor</effect>
  a través de la reducción de la actividad de los receptores cutáneos sensitivos por medio de un bloqueo reversible de la conducción nerviosa, mediante la disminución de la permeabilidad de la membrana al sodio. 5.2 Propiedades farmacocinéticas Tras la administración por vía tópica, la absorción de los principios activos de este medicamento es muy escasa. Benzocaína por su baja solubilidad en agua y por la administración junto a un vasoconstrictor se absorbe en cantidades muy pequeñas, que son inmediatamente hidrolizadas por las colinesterasas del plasma y del hígado. El fármaco permanece en el lugar de aplicación produciendo un efecto anestésico duradero. La pequeña cantidad de Efedrina que alcanza el torrente sanguíneo se elimina en forma inalterada en la orina con una semivida de eliminación de entre 3 y 6 horas. 5.3 Datos preclínicos sobre seguridad No se han llevado a cabo estudios en animales para evaluar el potencial carcinogénico y mutagénico o de toxicidad sobre la reproducción. Los principios activos de esta especialidad administrados por vía sistémica pueden resultar tóxicos. La DL50 de la efedrina en rata vía oral es 600 mg/kg. La DL50 de la benzocaína vía oral en ratón es 216 mg/kg. Un preparado rectal aplicado tópicamente sobre la piel rasurada de conejo, a dosis de 0,5 g dos veces al día, siete días a la semana, durante cuatro semanas consecutivas ha demostrado ser bien tolerado: la
  <effect gate:gateId="907" rule="Effect" Simplification="irritación">irritación</effect>
  ocasionada no superó en ningún momento la clasificación de ligera y no se observó el menor signo de toxicidad sistémica.   6.1 Lista de excipientes Vaselina blanca. Alcoholes de lanolina acetilados. Oxido de zinc. 6.2 Incompatibilidades No procede 6.3 Período de validez 2 años. 6.4 Precauciones especiales de conservación MINISTERIO No se precisan condiciones especiales de conservación. 6.5 Naturaleza y contenido del envase Tubo de aluminio flexible, barniz interior epoxídico con tapón a rosca de polietileno, conteniendo 30 g y 50 g de pomada rectal. Cada envase contiene una cánula para aplicación rectal. 6.6 Instrucciones especiales de eliminación y otras manipulaciones La eliminación del medicamento no utilizado y de todos los materiales que hayan estado en contacto con él, se realizará de acuerdo con las normativas locales o se procederá a la devolución a la farmacia.   COMBE EUROPA, S.A. C/ Orense, 58 28020 Madrid Tlfn 91-556 04 65 fax 91-555 61 49 e-mail combe2@combeeuropa.es     Enero 2008 10. FECHA DE LA REVISIÓN DEL TEXTO Enero 2008
</paragraph>
