<?xml version="1.0" encoding="UTF-8"?>
<paragraph xmlns:gate="http://www.gate.ac.uk" gate:gateId="0" gate:annotMaxId="119">
  Ocasionalmente, durante el tratamiento con HIDROQUILAUDEse pueden producir
  <effect gate:gateId="114" rule="Effect" Simplification="enrojecimiento">eritema</effect>
  ,
  <effect gate:gateId="115" rule="Effect" Simplification="escozor">escozor</effect>
  y, menos frecuentemente,
  <effect gate:gateId="116" rule="Effect" Simplification="sensibilización">sensibilización</effect>
  cutánea. Si se utilizara en tratamientos muy prolongados, podría darse una reacción de hiperpigmentación cutánea. Raramente, en tratamientos prolongados (más de 6 meses) y a altas dosis, se ha observado
  <effect gate:gateId="117" rule="Effect" Simplification="enfermedad en los tejidos">ocronosis</effect>
  , principalmente en individuos de raza negra. En casos aislados se ha observado
  <effect gate:gateId="118" rule="Effect" Simplification="manchas claras en la piel">leucodermia</effect>
  . No se han descrito efectos adversos sistémicos. En caso de observarse la aparición de reacciones adversas, debe suspenderse el tratamiento y notificarlas a los sistemas de farmacovigilancia.
</paragraph>
