<?xml version="1.0" encoding="UTF-8"?>
<paragraph xmlns:gate="http://www.gate.ac.uk" gate:gateId="0" gate:annotMaxId="1103">
  La incidencia de reacciones adversas en pacientes hipertensos tratados con imidapril ha sido del 34%, y con placebo del 36%. En el grupo de imidapril fueron más frecuentes la
  <effect gate:gateId="1021" rule="Effect" Simplification="tos">tos</effect>
  , los
  <effect gate:gateId="1022" rule="Effect" Simplification="mareo">mareos</effect>
  , la
  <effect gate:gateId="1023" rule="Effect" Simplification="fatiga ">fatiga</effect>
  /
  <effect gate:gateId="1024" rule="Effect" Simplification="somnolencia">somnolencia</effect>
  , la
  <effect gate:gateId="1025" rule="Effect" Simplification="enfermedades del estómago ">dispepsia</effect>
  y los
  <effect gate:gateId="1026" rule="Effect" Simplification="___">vómitos.</effect>
  Las reacciones adversas observadas y comunicadas durante el tratamiento con imidapril en los ensayos pre-aprobación se encuentran descritas en el cuadro de abajo. Las reacciones adversas se enumeran en orden decreciente de gravedad dentro de cada intervalo de frecuencia: muy frecuentes (1/10), frecuentes (1/100, &lt;1/10), poco frecuentes (1/1000, &lt;1/100), raras (1/10000, &lt;1/1000), muy raras (&lt;1/10000), frecuencia no conocida (no puede estimarse a partir de los datos disponibles): Exploraciones complementarias Poco frecuentes Hiperpotasemia, Aumento de la creatinina, aumento de la
  <effect gate:gateId="1027" rule="Effect" Simplification="urea en la sangre">uremia</effect>
  , aumento de la GPT/ALAT, aumento de la Gamma-GT Raros Aumento de la amilasa en la sangre, aumento de la GOT/ASAT, reducción de la albúmina, aumento de la PA, reducción de la proteína sérica, insuficiencia de la función renal Trastornos cardiacos Poco frecuentes Palpitaciones Trastornos de la sangre y del sistema linfático Raros Leucopenia, Anemia Trastornos del sistema
  <effect gate:gateId="1028" rule="Effect" Simplification="nervioso">nervioso</effect>
  Frecuentes Cefalea,
  <effect gate:gateId="1029" rule="Effect" Simplification="mareo y vértigo">vértigo</effect>
  , Fatiga/Somnolencia Poco frecuentes Trastornos cerebrovasculares, Síncope, Parestesia Trastornos respiratorios, torácicos y mediastínicos Frecuentes Tos Poco Rinitis frecuentes Trastornos gastrointestinales Frecuentes Náusea Poco Vómito,
  <effect gate:gateId="1030" rule="Effect" Simplification="dolor en el estomago">dolor epigástrico</effect>
  ,
  <effect gate:gateId="1031" rule="Effect" Simplification="enfermedades del estómago ">dispepsia</effect>
  frecuentes Trastornos de la piel y del tejido subcutáneo Poco Rash, Prurito frecuentes Infecciones e infestaciones Poco Bronquitis, Infección vírica, Infección de las vías aéreas superiores frecuentes Trastornos generales y alteraciones en el lugar de administración Poco Dolor de pecho,
  <effect gate:gateId="1032" rule="Effect" Simplification="dolor">dolor</effect>
  en las extremidades,
  <effect gate:gateId="1033" rule="Effect" Simplification="hinchazón">edema</effect>
  (articular, periférico) frecuentes Se han observado las reacciones adversas siguientes con imidapril o con otros inhibidores de la ECA. Consultar también la sección 4.4 para evitar estas reacciones. - Exploraciones complementarias En algunos pacientes se ha notificado disminución de la hemoglobina, del hematocrito, plaquetas y leucocitos, así como aumento de las enzimas hepáticas, de la bilirrubina sérica y de la creatin-fosfoquinasa (CPK). Puede observarse aumento del
  <drug gate:gateId="1034" rule="Drug">potasio</drug>
  sérico, debido a que el imidapril provoca descenso de la secreción de la aldosterona. Incrementos de la urea en la sangre y de la creatinina plasmática, pueden ocurrir especialmente en caso de
  <effect gate:gateId="1035" rule="Effect" Simplification="insuficiencia renal ">insuficiencia renal</effect>
  y son reversibles con la retirada del fármaco. - Cardiopatías: se puede producir una
  <effect gate:gateId="1036" rule="Effect" Simplification="presión arterial baja">hipotensión</effect>
  grave tras iniciar el tratamiento o aumentar la dosis en ciertos grupos de riesgo. Junto con la
  <effect gate:gateId="1037" rule="Effect" Simplification="presión arterial baja">hipotensión</effect>
  pueden sobrevenir síntomas como
  <effect gate:gateId="1038" rule="Effect" Simplification="mareo y vértigo">vértigo</effect>
  ,
  <effect gate:gateId="1039" rule="Effect" Simplification="sensación de debilidad">sensación de debilidad</effect>
  , alteraciones de la visión y rara vez trastornos de la conciencia (
  <effect gate:gateId="1040" rule="Effect" Simplification="desmayo">síncope</effect>
  ). Se han notificado casos individuales de
  <effect gate:gateId="1041" rule="Effect" Simplification="alteración del ritmo cardíaco">taquicardia</effect>
  ,
  <effect gate:gateId="1042" rule="Effect" Simplification="palpitaciones">palpitaciones</effect>
  , arritmias,
  <effect gate:gateId="1043" rule="Effect" Simplification="dolor en el pecho">angina de pecho</effect>
  ,
  <effect gate:gateId="1044" rule="Effect" Simplification="infarto">infarto de miocardio</effect>
  ,
  <effect gate:gateId="1045" rule="Effect" Simplification="pequeño derrame cerebral">accidentes isquémicos transitorios</effect>
  y
  <effect gate:gateId="1046" rule="Effect" Simplification="hemorragia cerebral">hemorragia cerebral</effect>
  con inhibidores de la ECA, todo ello, en asociación a la
  <effect gate:gateId="1047" rule="Effect" Simplification="presión arterial baja">hipotensión</effect>
  producida. - Trastornos de la sangre y del sistema linfático: Rara vez, se han notificado
  <effect gate:gateId="1048" rule="Effect" Simplification="problemas en la sangre">neutropenia</effect>
  /
  <effect gate:gateId="1049" rule="Effect" Simplification="poca producción de defensas en la sangre">agranulocitosis</effect>
  ,
  <effect gate:gateId="1050" rule="Effect" Simplification="problemas de coagulación">trombocitopenia</effect>
  ,
  <effect gate:gateId="1051" rule="Effect" Simplification="problemas en la sangre">pancitopenia</effect>
  y
  <effect gate:gateId="1052" rule="Effect" Simplification="anemia">anemia</effect>
  en pacientes que recibían inhibidores de la ECA. En pacientes con un déficit
  <effect gate:gateId="1053" rule="Effect" Simplification="congénito">congénito</effect>
  de G-6-PDH, y en tratamiento con otros inhibidores de la ECA, se han notificado casos individuales de
  <effect gate:gateId="1054" rule="Effect" Simplification="anemia">anemia hemolítica</effect>
  . - Trastornos del sistema
  <effect gate:gateId="1055" rule="Effect" Simplification="nervioso">nervioso</effect>
  : Ocasionalmente se han notificado
  <effect gate:gateId="1056" rule="Effect" Simplification="mareo">mareos</effect>
  ,
  <effect gate:gateId="1057" rule="Effect" Simplification="fatiga">cansancio</effect>
  y
  <effect gate:gateId="1058" rule="Effect" Simplification="___">fatiga.</effect>
  Rara vez pueden producirse depresiones, trastornos del sueño,
  <effect gate:gateId="1059" rule="Effect" Simplification="cosquilleo">parestesias</effect>
  ,
  <effect gate:gateId="1060" rule="Effect" Simplification="impotencia">impotencia</effect>
  , trastornos del equilibrio,
  <effect gate:gateId="1061" rule="Effect" Simplification="confusión">confusión</effect>
  , zumbidos de oídos,
  <effect gate:gateId="1062" rule="Effect" Simplification="visión borrosa">visión borrosa</effect>
  ,
  <effect gate:gateId="1063" rule="Effect" Simplification="dolor de cabeza">cefalea</effect>
  y alteraciones del gusto. - Trastornos respiratorios, torácicos y mediastínicos: se ha comprobado que los inhibidores de la ECA inducen
  <effect gate:gateId="1064" rule="Effect" Simplification="tos">tos</effect>
  en un número importante de pacientes. Rara vez se produce
  <effect gate:gateId="1065" rule="Effect" Simplification="jadeo">disnea</effect>
  ,
  <effect gate:gateId="1066" rule="Effect" Simplification="inflamación nasal">sinusitis</effect>
  ,
  <effect gate:gateId="1067" rule="Effect" Simplification="inflamación en las fosas nasales">rinitis</effect>
  ,
  <effect gate:gateId="1068" rule="Effect" Simplification="inflamación de la lengua">glositis</effect>
  ,
  <effect gate:gateId="1069" rule="Effect" Simplification="bronquitis">bronquitis</effect>
  ,
  <effect gate:gateId="1070" rule="Effect" Simplification="trastornos de los bronquios">broncoespasmo</effect>
  y
  <effect gate:gateId="1071" rule="Effect" Simplification="hinchazón debajo de la piel">angioedema</effect>
  en las vías respiratorias superiores, y muy raramente puede producirse
  <effect gate:gateId="1072" rule="Effect" Simplification="alergia">alveolitis alérgica</effect>
  /
  <effect gate:gateId="1073" rule="Effect" Simplification="enfermedad pulmonar inducida por fármacos">neumonía eosinofílica</effect>
  . - Trastornos gastrointestinales: en ocasiones puede aparecer
  <effect gate:gateId="1074" rule="Effect" Simplification="diarrea">diarrea</effect>
  ,
  <effect gate:gateId="1075" rule="Effect" Simplification="náusea">náusea</effect>
  ,
  <effect gate:gateId="1076" rule="Effect" Simplification="vómitos">vómitos</effect>
  ,
  <effect gate:gateId="1077" rule="Effect" Simplification="enfermedades del estómago">gastritis</effect>
  ,
  <effect gate:gateId="1078" rule="Effect" Simplification="dolor abdominal">dolor abdominal</effect>
  ,
  <effect gate:gateId="1079" rule="Effect" Simplification="estreñimiento">estreñimiento</effect>
  ,
  <effect gate:gateId="1080" rule="Effect" Simplification="sequedad de boca">sequedad de boca</effect>
  ,
  <effect gate:gateId="1081" rule="Effect" Simplification="problemas en los conductos biliares">ictericia colestática</effect>
  ,
  <effect gate:gateId="1082" rule="Effect" Simplification="hepatitis">hepatitis</effect>
  ,
  <effect gate:gateId="1083" rule="Effect" Simplification="pancreatitis">pancreatitis</effect>
  ,
  <effect gate:gateId="1084" rule="Effect" Simplification="obstrucción intestinal">íleo</effect>
  , asociados a los inhibidores de la ECA. Rara vez, se ha notificado
  <effect gate:gateId="1085" rule="Effect" Simplification="hinchazón debajo de la piel">angioedema</effect>
  intestinal en pacientes tratados con inhibidores de la ECA. Los síntomas fueron
  <effect gate:gateId="1086" rule="Effect" Simplification="dolor abdominal">dolor abdominal</effect>
  con o sin
  <effect gate:gateId="1087" rule="Effect" Simplification="náusea">náusea</effect>
  o
  <effect gate:gateId="1088" rule="Effect" Simplification="vómito">vómito</effect>
  . - Trastornos renales y urinarios: Rara vez aparece o se intensifica una
  <effect gate:gateId="1089" rule="Effect" Simplification="insuficiencia renal ">insuficiencia renal</effect>
  . Se ha notificado
  <effect gate:gateId="1090" rule="Effect" Simplification="insuficiencia renal">insuficiencia renal aguda</effect>
  con otros inhibidores de la ECA. - Trastornos de la piel y del tejido subcutáneo: Rara vez se presentan reacciones alérgicas y de
  <effect gate:gateId="1091" rule="Effect" Simplification="alergia">hipersensibilidad</effect>
  , como
  <effect gate:gateId="1092" rule="Effect" Simplification="picazón">prurito</effect>
  ,
  <effect gate:gateId="1093" rule="Effect" Simplification="erupción">exantema</effect>
  y
  <effect gate:gateId="1094" rule="Effect" Simplification="___">urticaria.</effect>
  Los inhibidores de la ECA fueron asociados con el inicio de un
  <effect gate:gateId="1095" rule="Effect" Simplification="hinchazón en la piel">edema angioneurótico</effect>
  que afecta a la cara y los tejidos bucofaríngeos. Con otros inhibidores de la ECA se han notificado casos de
  <effect gate:gateId="1096" rule="Effect" Simplification="múltiples manchas rojas">eritema multiforme</effect>
  , síndrome de Steven-Johnson,
  <effect gate:gateId="1097" rule="Effect" Simplification="enfermedad de la piel">necrólisis epidérmica</effect>
  tóxica, eflorescencias de tipo
  <effect gate:gateId="1098" rule="Effect" Simplification="enfermedad de la piel">psoriasis</effect>
  y
  <effect gate:gateId="1099" rule="Effect" Simplification="pérdida de cabello ">alopecia</effect>
  . Los síntomas cutáneos pueden acompañarse de
  <effect gate:gateId="1100" rule="Effect" Simplification="fiebre">fiebre</effect>
  , mialgias, artralgias,
  <effect gate:gateId="1101" rule="Effect" Simplification="problemas en la sangre">eosinofilia</effect>
  y/o aumento de los niveles de ANA. - Trastornos hepatobiliares: Los pacientes que tomaron inhibidores de la ECA desarrollaron
  <effect gate:gateId="1102" rule="Effect" Simplification="piel amarrilla">ictericia</effect>
  o presentaron aumentos importantes de las enzimas hepáticas.
</paragraph>
