<?xml version="1.0" encoding="UTF-8"?>
<paragraph xmlns:gate="http://www.gate.ac.uk" gate:gateId="0" gate:annotMaxId="1931">
  Ensayos clínicos Humira se ha estudiado en 6422 pacientes en ensayos controlados y abiertos durante un máximo de 60 meses. Estos ensayos clínicos incluyeron pacientes con
  <effect gate:gateId="1832" rule="Effect" Simplification="inflamación de las articulaciones">artritis reumatoide</effect>
  reciente o de larga duración, así como con
  <effect gate:gateId="1833" rule="Effect" Simplification="inflamación de las articulaciones">artritis psoriásica</effect>
  ,
  <effect gate:gateId="1834" rule="Effect" Simplification="dolores en articulaciones">espondilitis anquilosante</effect>
  ,
  <effect gate:gateId="1835" rule="Effect" Simplification="enfermedad">enfermedad</effect>
  de Crohn y
  <effect gate:gateId="1836" rule="Effect" Simplification="enfermedad de la piel">psoriasis</effect>
  . Los datos de la Tabla 1 se basan en ensayos controlados pivotales que abarcan 4287 pacientes tratados con Humira y 2422 pacientes con placebo o comparador activo durante el periodo controlado. La proporción de pacientes que interrumpió el tratamiento debido a reacciones adversas durante la fase doble
  <effect gate:gateId="1837" rule="Effect" Simplification="ciego">ciego</effect>
  y controlada de los ensayos pivotales fue 4,6 % para los pacientes tratados con Humira y 4,6 % para el grupo control. Las reacciones adversas con al menos una posible relación causal con adalimumab notificadas en los ensayos pivotales tanto con alteraciones clínicas como parámetros de laboratorio, se enumeran según el sistema MedDRA de clasificación de órganos y frecuencia (muy frecuentes 1/10; frecuentes1/100 a &lt;1/10; poco frecuentes 1/1.000 a &lt;1/100 y raras 1/10.000 a &lt;1/1.000) en la Tabla 1. Las reacciones adversas se enumeran en orden decreciente de gravedad dentro de cada intervalo de frecuencia. Tabla 1 Clasificación por Órganos y Frecuencia Reacciones adversas Sistemas Infecciones e infestaciones Frecuentes Sepsis,
  <effect gate:gateId="1838" rule="Effect" Simplification="infecciones">infecciones</effect>
  oportunistas (incluyendo Fascitis necrotizante,
  <effect gate:gateId="1839" rule="Effect" Simplification="meningitis">meningitis viral</effect>
  , Neoplasias benignas, malignas y no especificadas (incl quistes y
  <effect gate:gateId="1840" rule="Effect" Simplification="tejido extra en el cuerpo">pólipos</effect>
  ) Trastornos de la sangre y del Poco sistema linfático frecuentes Pancitopenia,
  <effect gate:gateId="1841" rule="Effect" Simplification="problemas de coagulación">trombocitopenia idiopática</effect>
  9 Trastornos del sistema Poco inmunológico frecuentes Enfermedad del suero,
  <effect gate:gateId="1842" rule="Effect" Simplification="alergia estacional">alergia estacional</effect>
  Trastornos endocrinos Raras Trastornos tiroideos (incluyendo
  <effect gate:gateId="1843" rule="Effect" Simplification="enfermedades de la tiroides">bocio</effect>
  ) Trastornos del metabolismo y Poco de la nutrición frecuentes Hipercalcemia,
  <effect gate:gateId="1844" rule="Effect" Simplification="bajo nivel de calcio en la sangre">hipocalcemia</effect>
  . Trastornos psiquiátricos Poco Trastornos afectivos,
  <effect gate:gateId="1845" rule="Effect" Simplification="ansiedad">ansiedad</effect>
  (incluyendo Trastornos del sistema
  <effect gate:gateId="1846" rule="Effect" Simplification="nervioso">nervioso</effect>
  Frecuentes Síncope,
  <effect gate:gateId="1847" rule="Effect" Simplification="migraña">migraña</effect>
  ,
  <effect gate:gateId="1848" rule="Effect" Simplification="temblor">temblor</effect>
  , trastornos del sueño. Esclerosis múltiple,
  <effect gate:gateId="1849" rule="Effect" Simplification="parálisis facial">parálisis facial</effect>
  . Trastornos oculares Poco Visión borrosa, trastornos de la sensibilidad Trastornos del oído y del Poco Molestias en el oído (incluyendo
  <effect gate:gateId="1850" rule="Effect" Simplification="dolor">dolor</effect>
  e laberinto frecuentes
  <effect gate:gateId="1851" rule="Effect" Simplification="hinchazón">hinchazón</effect>
  ) Raros Pérdida de capacidad auditiva, tinnitus,. Trastornos cardiacos Poco Paro cardiacos, insuficiencia de las arterias Trastornos vasculares Poco Hipertensión,
  <effect gate:gateId="1852" rule="Effect" Simplification="rubor">rubor</effect>
  , hematomas. Oclusión vascular, estenosis aórtica, Trastornos respiratorios, Frecuentes Tos,
  <effect gate:gateId="1853" rule="Effect" Simplification="dolor">dolor</effect>
  nasofaríngeo. torácicos y mediastínicos Raras Edema pulmonar,
  <effect gate:gateId="1854" rule="Effect" Simplification="hinchazón en la faringe">edema faríngeo</effect>
  , efusión Trastornos gastrointestinales Frecuentes Hemorragia rectal,
  <effect gate:gateId="1855" rule="Effect" Simplification="vómitos">vómitos</effect>
  ,
  <effect gate:gateId="1856" rule="Effect" Simplification="enfermedades del estómago ">dispepsia</effect>
  , Pancreatitis,
  <effect gate:gateId="1857" rule="Effect" Simplification="estrechamiento del intestino">estenosis intestinal</effect>
  ,
  <effect gate:gateId="1858" rule="Effect" Simplification="inflamación en el colon">colitis</effect>
  , 10 Trastornos hepatobiliares Frecuentes Incremento de enzimas hepáticas. Raras Necrosis hepática,
  <effect gate:gateId="1859" rule="Effect" Simplification="hepatitis">hepatitis</effect>
  ,
  <effect gate:gateId="1860" rule="Effect" Simplification="hígado graso">esteatosis hepática</effect>
  , Trastornos de la piel y del tejido Frecuentes subcutáneo Trastornos musculoesqueléticos y del tejido conjuntivo Trastornos renales y urinarios Poco Hematuria,
  <effect gate:gateId="1861" rule="Effect" Simplification="insuficiencia renal ">insuficiencia renal</effect>
  , síntomas en la Raras Proteinuria,
  <effect gate:gateId="1862" rule="Effect" Simplification="dolor renal">dolor renal</effect>
  Trastornos del aparato reproductor y de la mama Reacción en el lugar de inyección (incluyendo Trastornos generales y alteraciones en el lugar de administración Dolor de pecho,
  <effect gate:gateId="1863" rule="Effect" Simplification="hinchazón">edema</effect>
  ,
  <effect gate:gateId="1864" rule="Effect" Simplification="enfermedad">enfermedad</effect>
  de tipo Exploraciones complementarias Poco Aumento de la creatina fosfoquinasa (CPK) Lesiones traumáticas, intoxicaciones y complicaciones de procedimientos terapéuticos Reacciones en el sitio de inyección En los ensayos controlados pivotales, el 14 % de los pacientes tratados con Humira desarrollaron reacciones en el lugar de inyección (
  <effect gate:gateId="1865" rule="Effect" Simplification="enrojecimiento">eritema</effect>
  y/o picores,
  <effect gate:gateId="1866" rule="Effect" Simplification="sangrado ">hemorragia</effect>
  ,
  <effect gate:gateId="1867" rule="Effect" Simplification="dolor">dolor</effect>
  o
  <effect gate:gateId="1868" rule="Effect" Simplification="hinchazón">hinchazón</effect>
  ), comparado con el 8 % de los pacientes tratados con placebo o control activo. No se consideró necesario interrumpir el medicamento debido a las reacciones en el lugar de administración. Infecciones En los ensayos controlados pivotales, la incidencia de
  <effect gate:gateId="1869" rule="Effect" Simplification="infecciones">infecciones</effect>
  fue de 1,56 por paciente-año en los pacientes tratados con Humira y 1,32 por paciente/año en los pacientes tratados con placebo y control activo. Las
  <effect gate:gateId="1870" rule="Effect" Simplification="infecciones">infecciones</effect>
  consistieron fundamentalmente en
  <effect gate:gateId="1871" rule="Effect" Simplification="resfriado">nasofaringitis</effect>
  ,
  <effect gate:gateId="1872" rule="Effect" Simplification="infecciones">infecciones</effect>
  del tracto respiratorio superior y
  <effect gate:gateId="1873" rule="Effect" Simplification="inflamación nasal">sinusitis</effect>
  . La mayoría de los pacientes continuaron con Humira tras resolverse la
  <effect gate:gateId="1874" rule="Effect" Simplification="infección">infección</effect>
  . 11 La incidencia de
  <effect gate:gateId="1875" rule="Effect" Simplification="infecciones">infecciones</effect>
  graves fue de 0,03 por paciente/año en los pacientes tratados con Humira y 0,03 por paciente/año en los pacientes tratados con placebo y control activo. En ensayos controlados abiertos con Humira, se han notificado
  <effect gate:gateId="1876" rule="Effect" Simplification="infecciones">infecciones</effect>
  graves (incluyendo las fatales, que han ocurrido en casos raros), entre las que se incluyen notificaciones de
  <effect gate:gateId="1877" rule="Effect" Simplification="tuberculosis">tuberculosis</effect>
  (incluida la miliar y la localización extra-pulmonar) e
  <effect gate:gateId="1878" rule="Effect" Simplification="infecciones">infecciones</effect>
  oportunistas invasivas (por ejemplo:
  <effect gate:gateId="1879" rule="Effect" Simplification="infección por hongos">histoplasmosis diseminada</effect>
  ,
  <effect gate:gateId="1880" rule="Effect" Simplification="neumonía">neumonía</effect>
  por Pneumocistis carinii,
  <effect gate:gateId="1881" rule="Effect" Simplification="infección por hongos">aspergilosis</effect>
  y
  <effect gate:gateId="1882" rule="Effect" Simplification="infección por bacteria">listeriosis</effect>
  ). La mayoría de los casos de
  <effect gate:gateId="1883" rule="Effect" Simplification="tuberculosis">tuberculosis</effect>
  tuvieron lugar durante los primeros ocho meses de la terapia y reflejan la exacerbación de una
  <effect gate:gateId="1884" rule="Effect" Simplification="enfermedad">enfermedad</effect>
  latente. Enfermedades malignas y trastornos linfoproliferativos Durante las fases controladas de los ensayos clínicos pivotales con Humira que duraron un mínimo 12 semanas en pacientes con
  <effect gate:gateId="1885" rule="Effect" Simplification="inflamación de las articulaciones">artritis reumatoide</effect>
  ,
  <effect gate:gateId="1886" rule="Effect" Simplification="inflamación de las articulaciones">artritis psoriásica</effect>
  ,
  <effect gate:gateId="1887" rule="Effect" Simplification="dolores en articulaciones">espondilitis anquilosante</effect>
  ,
  <effect gate:gateId="1888" rule="Effect" Simplification="enfermedad">enfermedad</effect>
  de Crohn y
  <effect gate:gateId="1889" rule="Effect" Simplification="enfermedad de la piel">psoriasis</effect>
  de moderada a gravemente activas, se observaron enfermedades malignas, diferentes a
  <effect gate:gateId="1890" rule="Effect" Simplification="tumor maligno">linfoma</effect>
  y
  <effect gate:gateId="1891" rule="Effect" Simplification="cáncer de piel">cáncer de piel</effect>
  (tipo no
  <effect gate:gateId="1892" rule="Effect" Simplification="cáncer en la piel">melanoma</effect>
  ), en una incidencia de 5,9 (3,5 ­ 9,9)por 1.000 pacientes/año (intervalo de confianza del 95 %) en los 3.853 pacientes tratados con Humira, frente a una incidencia de 4,3 (1,8 - 10,4) por 1.000 pacientes/año en los 2.183 pacientes del grupo control (la duración media del tratamiento con Humira fue de 5,5 meses para los pacientes tratados con Humira y de 3,9 meses para los pacientes tratados del grupo control). La incidencia de
  <effect gate:gateId="1893" rule="Effect" Simplification="cáncer de piel">cáncer de piel</effect>
  (tipo no
  <effect gate:gateId="1894" rule="Effect" Simplification="cáncer en la piel">melanoma</effect>
  ) fue de 8,8 (5,7 ­ 13,5) por 1.000 pacientes/año (intervalo de confianza del 95 %) en los pacientes tratados con Humira y 2,6 (0,8 ­ 8,0) por 1.000 pacientes/año en los pacientes control. De estos casos de
  <effect gate:gateId="1895" rule="Effect" Simplification="cáncer de piel">cáncer de piel</effect>
  , el
  <effect gate:gateId="1896" rule="Effect" Simplification="cáncer">carcinoma de células escamosas</effect>
  se produjo con una incidencia de 2,5 (1,1 ­ 5,6) por 1.000 pacientes/año (intervalo de confianza del 95 %) entre los pacientes tratados con Humira y de un 0 por 1.000 pacientes/año en los pacientes del grupo control. La incidencia de linfomas fue de 0,8 (0,2 ­ 3,3) por 1.000 pacientes/año (intervalo de confianza del 95 %) entre los pacientes tratados con Humira y de 0,9 (0,1 ­ 6,1) por 1.000 pacientes/año en los pacientes del grupo control. Cuando se combinan los datos obtenidos en las fases controladas de estos ensayos clínicos y los ensayos de extensión abiertos en curso, con una duración media aproximada de 1,7 años, que incluyen 6.539 pacientes y más de 16.000 pacientes/año de terapia, la incidencia observada de enfermedades malignas, excluyendo linfomas y
  <effect gate:gateId="1897" rule="Effect" Simplification="cáncer de piel">cáncer de piel</effect>
  (tipo no
  <effect gate:gateId="1898" rule="Effect" Simplification="cáncer en la piel">melanoma</effect>
  ), es de aproximadamente 10, 1 por 1000 pacientes/año. La incidencia observada de
  <effect gate:gateId="1899" rule="Effect" Simplification="cáncer de piel">cáncer de piel</effect>
  (tipo no
  <effect gate:gateId="1900" rule="Effect" Simplification="cáncer en la piel">melanoma</effect>
  ) es de aproximadamente un 9,0 por 1.000 pacientes/año. La incidencia observada de linfomas es de aproximadamente 1,1 por 1.000 pacientes/año. En la experiencia post-comercialización desde enero de 2003, principalmente en pacientes con
  <effect gate:gateId="1901" rule="Effect" Simplification="inflamación de las articulaciones">artritis reumatoide</effect>
  , la incidencia registrada de enfermedades malignas diferentes a
  <effect gate:gateId="1902" rule="Effect" Simplification="tumor maligno">linfoma</effect>
  y
  <effect gate:gateId="1903" rule="Effect" Simplification="cáncer de piel">cáncer de piel</effect>
  (tipo no
  <effect gate:gateId="1904" rule="Effect" Simplification="cáncer en la piel">melanoma</effect>
  ) es aproximadamente de 1,7 por 1.000 pacientes/año. La frecuencia registrada para
  <effect gate:gateId="1905" rule="Effect" Simplification="cáncer de piel">cáncer de piel</effect>
  (tipo no
  <effect gate:gateId="1906" rule="Effect" Simplification="cáncer en la piel">melanoma</effect>
  ) y linfomas es de aproximadamente 0,2 y 0,4 por 1.000 pacientes/año, respectivamente (ver sección 4.4). Autoanticuerpos Se analizaron muestras séricas a distintos tiempos de los pacientes para la detección de autoanticuerpos en los ensayos I-V de
  <effect gate:gateId="1907" rule="Effect" Simplification="inflamación de las articulaciones">artritis reumatoide</effect>
  . En dichos ensayos, el 11,9 % de los pacientes tratados con Humira y el 8,1 % de los pacientes tratados con placebo y control activo que tuvieron títulos de anticuerpos anti-nucleares basales negativos dieron títulos positivos en la semana 24. Dos pacientes de los 3.441 tratados con Humira en todos los ensayos de
  <effect gate:gateId="1908" rule="Effect" Simplification="inflamación de las articulaciones">artritis reumatoide</effect>
  y
  <effect gate:gateId="1909" rule="Effect" Simplification="inflamación de las articulaciones">artritis psoriásica</effect>
  desarrollaron signos clínicos que sugerían un
  <effect gate:gateId="1910" rule="Effect" Simplification="trastorno sistema inmunitario">síndrome tipo lupus</effect>
  de reciente aparición. Los pacientes mejoraron tras interrumpir el tratamiento. Ningún paciente desarrolló lupus,
  <effect gate:gateId="1911" rule="Effect" Simplification="inflamación en el riñón">nefritis</effect>
  o síntomas a nivel del sistema
  <effect gate:gateId="1912" rule="Effect" Simplification="nervioso">nervioso</effect>
  central. Aumento de las enzimas hepáticas 12 Ensayos clínicos en
  <effect gate:gateId="1913" rule="Effect" Simplification="inflamación de las articulaciones">artritis reumatoide</effect>
  : en los ensayos clínicos controlados en
  <effect gate:gateId="1914" rule="Effect" Simplification="inflamación de las articulaciones">artritis reumatoide</effect>
  (ensayos I-IV), el aumento de ALT fue similar en los pacientes que recibieron adalimumab o placebo. En pacientes con
  <effect gate:gateId="1915" rule="Effect" Simplification="inflamación de las articulaciones">artritis reumatoide</effect>
  reciente (duración de la
  <effect gate:gateId="1916" rule="Effect" Simplification="enfermedad">enfermedad</effect>
  menor de 3 años) (ensayo V), el aumento de ALT fue más común en el grupo tratado con la combinación (Humira/
  <drug gate:gateId="1917" rule="Drug">metotrexato</drug>
  ) en comparación con los grupos tratados con monoterapia de
  <drug gate:gateId="1918" rule="Drug">metotrexato</drug>
  o de Humira. Ensayos clínicos en
  <effect gate:gateId="1919" rule="Effect" Simplification="inflamación de las articulaciones">artritis psoriásica</effect>
  : el aumento de ALT fue más común en los pacientes de
  <effect gate:gateId="1920" rule="Effect" Simplification="inflamación de las articulaciones">artritis psoriásica</effect>
  (ensayos VI-VII) en comparación con los pacientes de los ensayos clínicos de
  <effect gate:gateId="1921" rule="Effect" Simplification="inflamación de las articulaciones">artritis reumatoide</effect>
  . En todos los ensayos para
  <effect gate:gateId="1922" rule="Effect" Simplification="inflamación de las articulaciones">artritis reumatoide</effect>
  y
  <effect gate:gateId="1923" rule="Effect" Simplification="inflamación de las articulaciones">artritis psoriásica</effect>
  (I-VII) los pacientes con ALT elevada fueron asintomáticos y en la mayoría de los casos estos aumentos fueron transitorios y se resolvieron en el curso del tratamiento. Ensayos clínicos en
  <effect gate:gateId="1924" rule="Effect" Simplification="enfermedad">enfermedad</effect>
  de Crohn: en los ensayos clínicos, el aumento de ALT fue similar en los pacientes tratados con adalimumab o placebo. Ensayos clínicos en
  <effect gate:gateId="1925" rule="Effect" Simplification="enfermedad de la piel">psoriasis</effect>
  : en los ensayos clínicos en
  <effect gate:gateId="1926" rule="Effect" Simplification="enfermedad de la piel">psoriasis</effect>
  , el aumento de ALT fue similar en pacientes tratados con adalimumab o placebo. Reacciones adversas adicionales en la farmacovigilancia post-comercialización o en los ensayos clínicos de fase IV Las reacciones adversas adicionales de la Tabla 2 se han descrito en los ensayos de farmacovigilancia o ensayos clínicos de fase IV. Tabla 2 Reacciones adversas en los estudios de farmacovigilancia y en ensayos clínicos de fase IV Sistema Reacciones adversas Trastornos gastrointestinales Perforación intestinal Trastornos hepatobiliares Reactivación de
  <effect gate:gateId="1927" rule="Effect" Simplification="hepatitis">hepatitis</effect>
  B Trastornos del sistema
  <effect gate:gateId="1928" rule="Effect" Simplification="nervioso">nervioso</effect>
  Trastornos desmielinizantes (ej.
  <effect gate:gateId="1929" rule="Effect" Simplification="inflamación en el nervio óptico">neuritis óptica</effect>
  , Trastornos respiratorios, Enfermedad pulmonar intersticial, incluyendo torácicos y del mediastino
  <effect gate:gateId="1930" rule="Effect" Simplification="exceso de tejido en los pulmones">fibrosis pulmonar</effect>
  Trastornos de la piel y del tejido Vasculitis cutánea subcutáneo Trastornos del sistema Anafilaxia inmunológico
</paragraph>
