<?xml version="1.0" encoding="UTF-8"?>
<paragraph xmlns:gate="http://www.gate.ac.uk" gate:gateId="0" gate:annotMaxId="600">
  4.5. Interacciones con otros medicamentos y otras formas de
  <effect gate:gateId="583" rule="Effect" Simplification="interacción">interacción</effect>
  Los fármacos neurolépticos, opioides, sedantes y el alcohol potencian el efecto hipnótico del etomidato. 4.6. Embarazo y lactancia No se ha establecido la seguridad del uso de HYPNOMIDATE durante el
  <effect gate:gateId="584" rule="Effect" Simplification="embarazo">embarazo</effect>
  . La información disponible de experimentos en animales es insuficiente para evaluar posibles riesgos. El etomidato atraviesa la placenta cuando se usa para
  <effect gate:gateId="585" rule="Effect" Simplification="anestesia">anestesia</effect>
  obstétrica. La puntuación Apgar de neonatos cuyas madres habían recibido etomidato fue comparable a la de los recién nacidos tras el uso de otros agentes hipnóticos. No se conocen la magnitud y efectos clínicos de la inhibición de la síntesis de esteroides en la corteza adrenal infantil. Por lo tanto, HYPNOMIDATE debe administrarse a mujeres embarazadas únicamente en casos excepcionales y cuando no exista otra alternativa. El etomidato se excreta con la leche materna. Si debe administrarse HYPNOMIDATE durante la lactancia, debe interrumpirse la lactancia y no debe reiniciarse hasta 24 horas después de la administración. La leche materna excretada durante este periodo debe ser desechada. 4.7 Efectos sobre la capacidad para conducir y utilizar maquinaria Tras intervenciones quirúrgicas cortas (hasta 15 minutos) el paciente recupera su capacidad de alerta normal a los 30 ó 60 minutos después de despertar. Sin embargo, se recomienda no conducir ni utilizar maquinaria hasta 24 horas tras la administración de HYPNOMIDATE. 4.8 Reacciones adversas Después de la administración de etomidato el paciente puede experimentar nauseas y/o
  <effect gate:gateId="586" rule="Effect" Simplification="vómitos">vómitos</effect>
  (causados principalmente por el uso concomitante de opioides), o
  <effect gate:gateId="587" rule="Effect" Simplification="tos">tos</effect>
  ,
  <effect gate:gateId="588" rule="Effect" Simplification="hipotermia">hipo</effect>
  , y/o tiritonas. Pueden presentarse
  <effect gate:gateId="589" rule="Effect" Simplification="depresión respiratoria">depresión respiratoria</effect>
  y
  <effect gate:gateId="590" rule="Effect" Simplification="interrupción de la respiración">apnea</effect>
  , especialmente después de la administración de altas dosis de etomidato combinadas con fármacos depresores centrales. Esto hace necesaria la disponibilidad de un equipo de reanimación cardio-pulmonar. Raramente se han comunicado reacciones alérgicas, incluyendo casos muy raros de
  <effect gate:gateId="591" rule="Effect" Simplification="trastornos de los bronquios">broncoespasmo</effect>
  y reacciones anafilácticas. Algunas comunicaciones espontáneas post- comercialización incluyeron casos de
  <effect gate:gateId="592" rule="Effect" Simplification="espasmos en la garganta">laringoespasmo</effect>
  , arritmias cardiacas y
  <effect gate:gateId="593" rule="Effect" Simplification="___">convulsiones.</effect>
  Pueden producirse movimientos espontáneos en uno o más grupos de músculos (mioclonía), particularmente cuando no se ha administrado premedicación. Estos movimientos se han atribuido a una
  <effect gate:gateId="594" rule="Effect" Simplification="sin reservas">desinhibición</effect>
  subcortical. Se pueden prevenir en gran medida premedicando al paciente con analgésicos narcóticos o benzodiazepinas (
  <drug gate:gateId="595" rule="Drug">diazepam</drug>
  ), 1 ó 2 minutos antes de la inducción con HYPNOMIDATE. Algunas veces, durante la inyección de HYPNOMIDATE, se produce
  <effect gate:gateId="596" rule="Effect" Simplification="dolor venoso">dolor venoso</effect>
  , especialmente cuando se inyecta en una vena pequeña. Para minimizar el
  <effect gate:gateId="597" rule="Effect" Simplification="dolor">dolor</effect>
  local se debe inyectar en venas grandes. Esto también se puede prevenir en gran parte inyectando una dosis pequeña de
  <drug gate:gateId="598" rule="Drug">fentanilo</drug>
  . El etomidato inhibe la biosíntesis adrenocortical de esteroides. Las dosis de inducción de etomidato se han asociado con niveles bajos de cortisol en plasma que no responden a la inyección de ACTH. Estos no han sido asociados con cambios en los signos vitales o evidencia de un aumento de morbilidad. La inducción con HYPNOMIDATE puede estar acompañada de una disminución ligera y transitoria de la
  <effect gate:gateId="599" rule="Effect" Simplification="presión">presión</effect>
  sanguínea debida a la reducción de la resistencia vascular periférica.
</paragraph>
