<?xml version="1.0" encoding="UTF-8"?>
<paragraph xmlns:gate="http://www.gate.ac.uk" gate:gateId="0" gate:annotMaxId="363">
  Se listan a continuación, reacciones que pueden ocurrir en pacientes tratados con Icodial según estudios clínicos realizados: Reacciones adversas a medicamentos Frecuencia (*) Cuerpo en general Dolor abdominal Común Sistema cardiovascular Hipertensión Común Metabolismo y nutrición Hipovolemia y
  <effect gate:gateId="328" rule="Effect" Simplification="deshidratación">deshidratación</effect>
  Común Sistema
  <effect gate:gateId="329" rule="Effect" Simplification="nervioso">nervioso</effect>
  Vértigos Común Cutáneo Erupción Común (*) El término "común" hace referencia a una frecuencia entre un 1 y un 10% Se indican a continuación otros efectos no deseados debido a la diálisis peritoneal, estos efectos están relacionados con el procedimiento y/o la solución y están a menudos reportados espontáneamente y en literatura. Los efectos relacionados con el procedimiento incluyen
  <effect gate:gateId="330" rule="Effect" Simplification="apendicitis aguda">peritonitis</effect>
  , que puede continuar con
  <effect gate:gateId="331" rule="Effect" Simplification="dolor abdominal">dolor abdominal</effect>
  , líquido de drenaje turbio y en algunas ocasiones
  <effect gate:gateId="332" rule="Effect" Simplification="fiebre">fiebre</effect>
  , hemorragias,
  <effect gate:gateId="333" rule="Effect" Simplification="obstrucción">obstrucción</effect>
  del catéter,
  <effect gate:gateId="334" rule="Effect" Simplification="infección">infección</effect>
  alrededor del catéter (signos de
  <effect gate:gateId="335" rule="Effect" Simplification="inflamación">inflamación</effect>
  ,
  <effect gate:gateId="336" rule="Effect" Simplification="enrojecimiento">enrojecimiento</effect>
  y secreción),
  <effect gate:gateId="337" rule="Effect" Simplification="aumento de plasma en la sangre">hipervolemia</effect>
  ,
  <effect gate:gateId="338" rule="Effect" Simplification="disminución de sangre">hipovolemia</effect>
  ,
  <effect gate:gateId="339" rule="Effect" Simplification="presión arterial alta">hipertensión</effect>
  ,
  <effect gate:gateId="340" rule="Effect" Simplification="presión arterial baja">hipotensión</effect>
  ,
  <effect gate:gateId="341" rule="Effect" Simplification="deshidratación">deshidratación</effect>
  ,
  <effect gate:gateId="342" rule="Effect" Simplification="hinchazón">edema</effect>
  ,
  <effect gate:gateId="343" rule="Effect" Simplification="estreñimiento">estreñimiento</effect>
  ,
  <effect gate:gateId="344" rule="Effect" Simplification="hernia">hernia</effect>
  de la
  <effect gate:gateId="345" rule="Effect" Simplification="cavidad">cavidad</effect>
  abdominal,
  <effect gate:gateId="346" rule="Effect" Simplification="cólico">cólico</effect>
  ,
  <effect gate:gateId="347" rule="Effect" Simplification="pérdida de apetito">pérdida de apetito</effect>
  ,
  <effect gate:gateId="348" rule="Effect" Simplification="enfermedades del estómago ">dispepsia</effect>
  , nauseas y
  <effect gate:gateId="349" rule="Effect" Simplification="vómitos">vómitos</effect>
  , vértigos,
  <effect gate:gateId="350" rule="Effect" Simplification="fatiga ">fatiga</effect>
  ,
  <effect gate:gateId="351" rule="Effect" Simplification="dolor de cabeza">dolor de cabeza</effect>
  ,
  <effect gate:gateId="352" rule="Effect" Simplification="dolor">dolor</effect>
  en el hombro,
  <effect gate:gateId="353" rule="Effect" Simplification="picazón">prurito</effect>
  y resultados de ensayo de laboratorio anormales. Los que están relacionados con la solución de diálisis peritoneal son menos frecuentes que los relacionados con el procedimientos e incluyen alteraciones electrolíticas (p.e.
  <effect gate:gateId="354" rule="Effect" Simplification="bajo nivel de potasio en la sangre">hipocaliemia</effect>
  ,
  <effect gate:gateId="355" rule="Effect" Simplification="bajo nivel de calcio en la sangre">hipocalcemia</effect>
  y
  <effect gate:gateId="356" rule="Effect" Simplification="aumento de calcio en la sangre">hipercalcemia</effect>
  ),
  <effect gate:gateId="357" rule="Effect" Simplification="mareo">mareos</effect>
  ,
  <effect gate:gateId="358" rule="Effect" Simplification="calambres musculares">calambres musculares</effect>
  , síntomas respiratorios asociados con
  <effect gate:gateId="359" rule="Effect" Simplification="fatiga ">fatiga</effect>
  y
  <effect gate:gateId="360" rule="Effect" Simplification="___">debilidad.</effect>
  Además, se han producido comunicados frecuentes de reacciones de la piel, que incluyen exantemas y
  <effect gate:gateId="361" rule="Effect" Simplification="picazón">prurito</effect>
  , en pacientes tratados con Icodial. Ocasionalmente, estos exantemas se han asociado a
  <effect gate:gateId="362" rule="Effect" Simplification="exfoliación">exfoliación</effect>
  .
</paragraph>
