<?xml version="1.0" encoding="UTF-8"?>
<paragraph xmlns:gate="http://www.gate.ac.uk" gate:gateId="0" gate:annotMaxId="703">
  La incidencia de reacciones adversas en pacientes hipertensos tratados con imidapril ha sido del 34%, y con placebo del 36%. En el grupo de imidapril fueron más frecuentes la
  <effect gate:gateId="637" rule="Effect" Simplification="tos">tos</effect>
  , los
  <effect gate:gateId="638" rule="Effect" Simplification="mareo">mareos</effect>
  , la
  <effect gate:gateId="639" rule="Effect" Simplification="fatiga ">fatiga</effect>
  /
  <effect gate:gateId="640" rule="Effect" Simplification="somnolencia">somnolencia</effect>
  , la
  <effect gate:gateId="641" rule="Effect" Simplification="enfermedades del estómago ">dispepsia</effect>
  y los
  <effect gate:gateId="642" rule="Effect" Simplification="___">vómitos.</effect>
  Más en concreto se han observado las siguientes reacciones adversas en asociación con el tratamiento con imidapril o con otros inhibidores de la ECA: - Aparato cardiovascular: se puede producir una
  <effect gate:gateId="643" rule="Effect" Simplification="presión arterial baja">hipotensión</effect>
  grave tras iniciar el tratamiento o aumentar la dosis en algunos grupos de riesgo. Junto con la
  <effect gate:gateId="644" rule="Effect" Simplification="presión arterial baja">hipotensión</effect>
  pueden sobrevenir síntomas como
  <effect gate:gateId="645" rule="Effect" Simplification="mareo">mareos</effect>
  ,
  <effect gate:gateId="646" rule="Effect" Simplification="sensación de debilidad">sensación de debilidad</effect>
  , alteraciones de la visión y rara vez trastornos de la conciencia (
  <effect gate:gateId="647" rule="Effect" Simplification="desmayo">síncope</effect>
  ). Se han descrito casos individuales de
  <effect gate:gateId="648" rule="Effect" Simplification="alteración del ritmo cardíaco">taquicardia</effect>
  ,
  <effect gate:gateId="649" rule="Effect" Simplification="palpitaciones">palpitaciones</effect>
  , arritmias,
  <effect gate:gateId="650" rule="Effect" Simplification="dolor en el pecho">angina de pecho</effect>
  ,
  <effect gate:gateId="651" rule="Effect" Simplification="infarto">infarto de miocardio</effect>
  ,
  <effect gate:gateId="652" rule="Effect" Simplification="pequeño derrame cerebral">accidentes isquémicos transitorios</effect>
  y
  <effect gate:gateId="653" rule="Effect" Simplification="hemorragia cerebral">hemorragia cerebral</effect>
  con inhibidores de la ECA en asociación con
  <effect gate:gateId="654" rule="Effect" Simplification="presión arterial baja">hipotensión</effect>
  . MINISTERIO - Sistema renal: rara vez aparece o se intensifica una
  <effect gate:gateId="655" rule="Effect" Simplification="insuficiencia renal ">insuficiencia renal</effect>
  . Se ha descrito
  <effect gate:gateId="656" rule="Effect" Simplification="insuficiencia renal">insuficiencia renal aguda</effect>
  con otros inhibidores de la ECA. - Aparato respiratorio: se ha comprobado que los inhibidores de la ECA inducen
  <effect gate:gateId="657" rule="Effect" Simplification="tos">tos</effect>
  en un número importante de pacientes. Rara vez se pueden producir,
  <effect gate:gateId="658" rule="Effect" Simplification="jadeo">disnea</effect>
  ,
  <effect gate:gateId="659" rule="Effect" Simplification="inflamación nasal">sinusitis</effect>
  ,
  <effect gate:gateId="660" rule="Effect" Simplification="inflamación en las fosas nasales">rinitis</effect>
  ,
  <effect gate:gateId="661" rule="Effect" Simplification="inflamación de la lengua">glositis</effect>
  ,
  <effect gate:gateId="662" rule="Effect" Simplification="bronquitis">bronquitis</effect>
  ,
  <effect gate:gateId="663" rule="Effect" Simplification="trastornos de los bronquios">broncoespasmo</effect>
  y
  <effect gate:gateId="664" rule="Effect" Simplification="hinchazón debajo de la piel">angioedema</effect>
  en las vías respiratorias superiores. - Aparato digestivo: en ocasiones se han descrito
  <effect gate:gateId="665" rule="Effect" Simplification="náuseas">náuseas</effect>
  y
  <effect gate:gateId="666" rule="Effect" Simplification="___">diarrea.</effect>
  Rara vez, pueden aparecer
  <effect gate:gateId="667" rule="Effect" Simplification="vómitos">vómitos</effect>
  ,
  <effect gate:gateId="668" rule="Effect" Simplification="enfermedades del estómago">gastritis</effect>
  ,
  <effect gate:gateId="669" rule="Effect" Simplification="dolor abdominal">dolor abdominal</effect>
  ,
  <effect gate:gateId="670" rule="Effect" Simplification="estreñimiento">estreñimiento</effect>
  ,
  <effect gate:gateId="671" rule="Effect" Simplification="sequedad de boca">sequedad de boca</effect>
  ,
  <effect gate:gateId="672" rule="Effect" Simplification="piel amarrilla">ictericia</effect>
  colestásica,
  <effect gate:gateId="673" rule="Effect" Simplification="hepatitis">hepatitis</effect>
  ,
  <effect gate:gateId="674" rule="Effect" Simplification="pancreatitis">pancreatitis</effect>
  e
  <effect gate:gateId="675" rule="Effect" Simplification="obstrucción intestinal">íleo</effect>
  . - Piel y vasos sanguíneos: rara vez se han descrito reacciones alérgicas y de
  <effect gate:gateId="676" rule="Effect" Simplification="alergia">hipersensibilidad</effect>
  , como
  <effect gate:gateId="677" rule="Effect" Simplification="erupción">exantema</effect>
  ,
  <effect gate:gateId="678" rule="Effect" Simplification="picazón">prurito</effect>
  ,
  <effect gate:gateId="679" rule="Effect" Simplification="inflamación">erupción cutánea</effect>
  y
  <effect gate:gateId="680" rule="Effect" Simplification="___">urticaria.</effect>
  Con otros inhibidores de la ECA se han registrado casos de
  <effect gate:gateId="681" rule="Effect" Simplification="múltiples manchas rojas">eritema multiforme</effect>
  , síndrome de Steven- Johnson,
  <effect gate:gateId="682" rule="Effect" Simplification="enfermedad de la piel">necrólisis epidérmica</effect>
  tóxica, eflorescencias de tipo
  <effect gate:gateId="683" rule="Effect" Simplification="enfermedad de la piel">psoriasis</effect>
  y
  <effect gate:gateId="684" rule="Effect" Simplification="pérdida de cabello ">alopecia</effect>
  . Los síntomas cutáneos puede acompañarse de
  <effect gate:gateId="685" rule="Effect" Simplification="fiebre">fiebre</effect>
  , mialgias, artralgias,
  <effect gate:gateId="686" rule="Effect" Simplification="problemas en la sangre">eosinofilia</effect>
  y/o aumento de los niveles de ANA. Como ocurre con otros inhibidores de la ECA, el imidapril puede asociarse con un
  <effect gate:gateId="687" rule="Effect" Simplification="hinchazón en la piel">edema angioneurótico</effect>
  que afecta a la cara y los tejidos bucofaríngeos. - Sistema
  <effect gate:gateId="688" rule="Effect" Simplification="nervioso">nervioso</effect>
  : ocasionalmente se han descrito
  <effect gate:gateId="689" rule="Effect" Simplification="mareo">mareos</effect>
  ,
  <effect gate:gateId="690" rule="Effect" Simplification="fatiga">cansancio</effect>
  y
  <effect gate:gateId="691" rule="Effect" Simplification="___">fatiga.</effect>
  Rara vez pueden producirse depresiones, trastornos del sueño,
  <effect gate:gateId="692" rule="Effect" Simplification="cosquilleo">parestesias</effect>
  ,
  <effect gate:gateId="693" rule="Effect" Simplification="impotencia">impotencia</effect>
  , trastornos del equilibrio,
  <effect gate:gateId="694" rule="Effect" Simplification="confusión">confusión</effect>
  , zumbidos de oídos,
  <effect gate:gateId="695" rule="Effect" Simplification="visión borrosa">visión borrosa</effect>
  ,
  <effect gate:gateId="696" rule="Effect" Simplification="dolor de cabeza">cefalea</effect>
  y alteraciones del gusto. - Parámetros de laboratorio: se pueden producir aumentos en las concentraciones sanguíneas de urea y las concentraciones plasmáticas de creatinina, que se corrigen al suspender el tratamiento, sobre todo en presencia de
  <effect gate:gateId="697" rule="Effect" Simplification="insuficiencia renal ">insuficiencia renal</effect>
  . Puede elevarse el
  <drug gate:gateId="698" rule="Drug">potasio</drug>
  sérico, pues el imidapril disminuye la secreción de aldosterona. En algunos pacientes se ha descrito disminución de la hemoglobina, el hematócrito, las plaquetas y el recuento leucocitario, así como aumento de las enzimas hepáticas y de la bilirrubina sérica y de la creatinfosfocinasa. En casos individuales puede aparecer
  <effect gate:gateId="699" rule="Effect" Simplification="poca producción de defensas en la sangre">agranulocitosis</effect>
  o
  <effect gate:gateId="700" rule="Effect" Simplification="problemas en la sangre">pancitopenia</effect>
  . En pacientes con un déficit
  <effect gate:gateId="701" rule="Effect" Simplification="congénito">congénito</effect>
  de G-6-PDH se han descrito casos individuales de
  <effect gate:gateId="702" rule="Effect" Simplification="anemia">anemia hemolítica</effect>
  con otros inhibidores de la ECA.
</paragraph>
