<?xml version="1.0" encoding="UTF-8"?>
<paragraph xmlns:gate="http://www.gate.ac.uk" gate:gateId="0" gate:annotMaxId="565">
  Se han evaluado unos 1490 pacientes en ensayos clínicos, de los cuales más de 955 recibieron tratamiento con InductOs. En los estudios de fracturas de huesos largos, unos 418 pacientes recibieron InductOs. En los estudios de fusión vertebral lumbar anterior, unos 288 pacientes recibieron InductOs. Ha habido informes post comercialización de
  <effect gate:gateId="551" rule="Effect" Simplification="hinchazón en una zona del cuerpo">edema localizado</effect>
  en pacientes que han experimentado una cirugía de la columna cervical asociados al uso de InductOs. La aparición del
  <effect gate:gateId="552" rule="Effect" Simplification="hinchazón">edema</effect>
  se retrasó y, en algunos casos, fue lo suficientemente grave para comprometer la vía aérea (ver sección 4.4). Existen notificaciones del periodo postautorización del producto, sobre la formación de acumulaciones líquidas (pseudoquistes,
  <effect gate:gateId="553" rule="Effect" Simplification="hinchazón en una zona del cuerpo">edema localizado</effect>
  , liberación de líquido procedente del lugar de implantación), en determinadas ocasiones encapsuladas, que, en algunos casos, podrían producir compresión del nervio y
  <effect gate:gateId="554" rule="Effect" Simplification="dolor">dolor</effect>
  , en los pacientes sometidos a cirugía de la columna vertebral, asociada a la utilización de InductOs (ver sección 4.4). Se han notificado casos de compresión del nervio asociados a la formación ósea ectópica, en pacientes sometidos a cirugía de la columna en tratamiento con InductOs (ver sección 4.4). La implantación de InductOs puede causar inicialmente una reabsorción del hueso trabecular (ver sección 4.4 y sección 5.1). Efectos adversos específicos al uso en fusión vertebral lumbar anterior Los efectos adversos observados en los pacientes con fusión vertebral lumbar anterior fueron generalmente representativos de la morbilidad asociada a la fusión de la columna utilizando un injerto óseo autógeno tomado de la cresta ilíaca. Los efectos adversos muy frecuentes ( 1/10):
  <effect gate:gateId="555" rule="Effect" Simplification="lesión">lesión</effect>
  accidental,
  <effect gate:gateId="556" rule="Effect" Simplification="fallo en el sistema nervioso">neuralgia</effect>
  ,
  <effect gate:gateId="557" rule="Effect" Simplification="dolor de espalda">dolor de espalda</effect>
  y trastorno óseo, fueron similares tanto en el grupo de control como en el grupo de tratamiento con InductOs. Efectos adversos específicos del uso en fracturas de tibia Los efectos adversos observados en los pacientes con fracturas de huesos largos fueron generalmente representativos de la morbilidad asociada tanto con trauma ortopédico como con un proceso quirúrgico. Se produjo
  <effect gate:gateId="558" rule="Effect" Simplification="infección localizada">infección localizada</effect>
  específica en la extremidad fracturada en &gt;1/10 pacientes en un estudio clínico en el que se implantó en el canal intramedular hasta el contacto cortical. Se observó un aumento de la tasa de
  <effect gate:gateId="559" rule="Effect" Simplification="infección">infección</effect>
  en el grupo tratado con InductOs frente al grupo control con tratamiento estándar (el 19% frente al 9%, respectivamente, ver sección 4.4). Para el uso con clavos no implantados, las tasas estimadas de
  <effect gate:gateId="560" rule="Effect" Simplification="infección">infección</effect>
  fueron similares entre los grupos de tratamiento en un ensayo (21% frente a 23%) Las reacciones adversas frecuentes (1/100 , &lt;1/10) se observaron con igual incidencia en los grupos control y de tratamiento con InductOs, con las cuatro siguientes excepciones las cuales fueron significativamente observadas con más frecuencia en el grupo de tratamiento con InductOs que en el grupo control: · incremento en los niveles de amilasa plasmática (sin señales claras de
  <effect gate:gateId="561" rule="Effect" Simplification="pancreatitis">pancreatitis</effect>
  en pacientes tratados con InductOs), ·
  <effect gate:gateId="562" rule="Effect" Simplification="alteración del ritmo cardíaco">taquicardia</effect>
  ·
  <effect gate:gateId="563" rule="Effect" Simplification="nivel alto de magnesio">hipomagnesemia</effect>
  , ·
  <effect gate:gateId="564" rule="Effect" Simplification="dolor de cabeza">cefalea</effect>
  .
</paragraph>
