<?xml version="1.0" encoding="UTF-8"?>
<paragraph xmlns:gate="http://www.gate.ac.uk" gate:gateId="0" gate:annotMaxId="946">
  4.5 Interacciones con otros medicamentos y otras formas de
  <effect gate:gateId="903" rule="Effect" Simplification="interacción">interacción</effect>
  Los antiinflamatorios no esteroideos reducen el efecto antihipertensivo de Inocar en algunos pacientes, cuando se administra este preparado de forma concomitante. No se observaron interacciones farmacocinéticas significativas entre Inocar y
  <drug gate:gateId="904" rule="Drug">furosemida</drug>
  o tiazidas. Diuréticos Los diuréticos ahorradores de
  <drug gate:gateId="905" rule="Drug">potasio</drug>
  o los suplementos de
  <drug gate:gateId="906" rule="Drug">potasio</drug>
  administrados junto con Inocar pueden producir
  <effect gate:gateId="907" rule="Effect" Simplification="aumento de hormonas de lactancia">hiperpotasemia</effect>
  especialmente en pacientes con
  <effect gate:gateId="908" rule="Effect" Simplification="insuficiencia renal ">insuficiencia renal</effect>
  . Por tanto, se desaconseja el uso concomitante de diuréticos ahorradores de
  <drug gate:gateId="909" rule="Drug">potasio</drug>
  , o suplementos de
  <drug gate:gateId="910" rule="Drug">potasio</drug>
  y cilazapril (Véase apartado 4.4 "Advertencias y precauciones especiales de empleo" y apartado 5.1 "Propiedades farmacodinámicas"). Puede observarse un efecto aditivo al administrar Inocar combinado con otros antihipertensivos. Vasodilatadores y anticoagulantes Inocar se ha administrado al mismo tiempo que digoxina, nitratos, anticoagulantes cumarínicos y bloqueadores de los receptores H . No hubo ningún aumento de las concentraciones plasmáticas de digoxina ni otras interacciones importantes en clínica. Litio La administración concomitante de inhibidores de la ECA con
  <drug gate:gateId="911" rule="Drug">litio</drug>
  puede reducir la excreción de éste, por lo que se recomienda controlar los niveles plasmáticos de
  <drug gate:gateId="912" rule="Drug">litio</drug>
  . 4.6 Embarazo y lactancia Embarazo Inocar está contraindicado en el
  <effect gate:gateId="913" rule="Effect" Simplification="embarazo">embarazo</effect>
  . Los IECA atraviesan la placenta y probablemente alteran los mecanismos de regulación de la
  <effect gate:gateId="914" rule="Effect" Simplification="presión">presión</effect>
  arterial del feto. Se han descrito casos de
  <effect gate:gateId="915" rule="Effect" Simplification="poco líquido amniótico">oligohidramnios</effect>
  , así como de
  <effect gate:gateId="916" rule="Effect" Simplification="presión arterial baja">hipotensión</effect>
  y
  <effect gate:gateId="917" rule="Effect" Simplification="poca o nula producción de orina">anuria</effect>
  /
  <effect gate:gateId="918" rule="Effect" Simplification="disminución de orina">oliguria</effect>
  en los neonatos. Por otra parte, se han notificado esporádicamente defectos de la osificación craneal. Uso en la lactancia No se sabe si el cilazaprilato se excreta en la leche materna humana, aunque los estudios realizados en la rata indican que la concentración de cilazaprilato en la leche materna se MINISTERIO parece a la del plasma. Debido a los potenciales efectos adversos para el lactante, Inocar está contraindicado durante la lactancia. 4.7 Efectos sobre la capacidad para conducir y utilizar maquinaría Como ocurre con otros IECA, Inocar no altera, en principio, las actividades que exigen un estado de alerta como conducir un vehículo o manejar maquinarias. 4.8 Reacciones Adversas La frecuencia de las reacciones adversas se describe utilizando la convención: Muy frecuentes (&gt;1/10) Frecuentes (&gt;1/100, &lt;1/10) Poco frecuentes (&gt;1/1.000, &lt;1/100) Raras (&gt;1/10.000, &lt; 1/1.000) Muy raras (&lt;1/10.000, incluyendo informes aislados) A continuación se relacionan las reacciones adversas observadas en los ensayos clínicos: - Con una frecuencia 2%: Trastornos del sistema
  <effect gate:gateId="919" rule="Effect" Simplification="nervioso">nervioso</effect>
  : Cefalea y
  <effect gate:gateId="920" rule="Effect" Simplification="mareo">mareo</effect>
  . - Con una frecuencia &lt; 2%: Trastornos generales: Fatiga. Trastornos respiratorios: Tos. Trastornos de la piel: Dermatitis. Trastornos gastrointestinales: Náuseas y
  <effect gate:gateId="921" rule="Effect" Simplification="enfermedades del estómago ">dispepsia</effect>
  . Trastornos cardíacos y vasculares: Hipotensión. En los programas postcomercialización se han observado las siguientes reacciones adversas con una frecuencia &lt;1/10.000 (muy raras): Trastornos del tejido de la piel: Dermatitis (
  <effect gate:gateId="922" rule="Effect" Simplification="inflamación">erupción cutánea</effect>
  ) y
  <effect gate:gateId="923" rule="Effect" Simplification="hinchazón debajo de la piel">angioedema</effect>
  . Trastornos del sistema
  <effect gate:gateId="924" rule="Effect" Simplification="nervioso">nervioso</effect>
  : Cefalea y
  <effect gate:gateId="925" rule="Effect" Simplification="mareo">mareo</effect>
  . Trastornos gastrointestinales: Pancreatitis, nauseas,
  <effect gate:gateId="926" rule="Effect" Simplification="enfermedades del estómago ">dispepsia</effect>
  y
  <effect gate:gateId="927" rule="Effect" Simplification="hinchazón">edema</effect>
  lingual. Trastornos hepatobiliares: Aumento de los valores de la función hepática (bilirrubina, gamma GT, GOT y GPT),
  <effect gate:gateId="928" rule="Effect" Simplification="hepatitis">hepatitis colestásica</effect>
  ,
  <effect gate:gateId="929" rule="Effect" Simplification="hepatitis">hepatitis</effect>
  (incluyendo
  <effect gate:gateId="930" rule="Effect" Simplification="hepatitis">hepatitis fulminante</effect>
  ),
  <effect gate:gateId="931" rule="Effect" Simplification="daño en el hígado">necrosis hepática</effect>
  fulminante,
  <effect gate:gateId="932" rule="Effect" Simplification="piel amarrilla">ictericia</effect>
  ,
  <effect gate:gateId="933" rule="Effect" Simplification="coma hepático">coma hepático</effect>
  . Trastornos del metabolismo y nutrición: Hiperpotasemia, hipoglicemia, aumento de creatinina sérica, urea y fosfatasa alcalina. Trastornos cardiacos y vasculares: Hipotensión e
  <effect gate:gateId="934" rule="Effect" Simplification="presión sanguínea baja">hipotensión postural</effect>
  . Trastornos respiratorios, torácicos y mediastínicos: Tos,
  <effect gate:gateId="935" rule="Effect" Simplification="hinchazón en la laringe">edema de la laringe</effect>
  (incluyendo la glotis). Trastornos renales y urinarios: Fallo agudo renal, trastornos renales,
  <effect gate:gateId="936" rule="Effect" Simplification="fallo renal">albuminuria</effect>
  . Trastornos generales: Reacción alérgica,
  <effect gate:gateId="937" rule="Effect" Simplification="reacción alérgica">reacción anafilactoide</effect>
  ,
  <effect gate:gateId="938" rule="Effect" Simplification="reacción alérgica mortal">shock anafiláctico</effect>
  ,
  <effect gate:gateId="939" rule="Effect" Simplification="fatiga ">fatiga</effect>
  ,
  <effect gate:gateId="940" rule="Effect" Simplification="hinchazón">edema</effect>
  de la cara (incluyendo labios). Asimismo, se han descrito casos aislados de
  <effect gate:gateId="941" rule="Effect" Simplification="insuficiencia renal">insuficiencia renal aguda</effect>
  en pacientes con insuficiencia cardíaca grave,
  <effect gate:gateId="942" rule="Effect" Simplification="problemas en los riñones">estenosis de la arteria renal</effect>
  o trastornos renales (Véase apartado 4.4: Advertencias y precauciones especiales de empleo). MINISTERIO Al igual que ocurre con otros IECA, se ha descrito
  <effect gate:gateId="943" rule="Effect" Simplification="hinchazón en la piel">edema angioneurótico</effect>
  , aunque con una incidencia rara entre los pacientes tratados con cilazapril. (Véase apartado. 4.4: Advertencias y precauciones especiales de empleo). En pacientes tratados con Inocar, se han registrado aumentos pequeños, reversibles casi siempre, de la creatinina sérica y urea. Estas alteraciones suelen presentarse en enfermos con
  <effect gate:gateId="944" rule="Effect" Simplification="problemas en los riñones">estenosis de la arteria renal</effect>
  o
  <effect gate:gateId="945" rule="Effect" Simplification="insuficiencia renal ">insuficiencia renal</effect>
  (Ver Advertencias), aunque también se han visto en sujetos con función renal normal, especialmente los medicados concomitantemente con diuréticos En algunos pacientes se ha observado también un descenso de la hemoglobina, el hematocrito y/o los leucocitos; sin embargo, no ha podido establecerse nunca una relación causal segura con el Inocar.
</paragraph>
