<?xml version="1.0" encoding="UTF-8"?>
<paragraph xmlns:gate="http://www.gate.ac.uk" gate:gateId="0" gate:annotMaxId="423">
  Los acontecimientos adversos que se describen a continuación, son aquellos observados en el estudio EPHESUS para los que se sospechó una relación causal con el tratamiento y que superaron a los del grupo tratado con placebo o que fueron graves y significativamente más frecuentes que en el grupo tratado con placebo, junto a los observados durante la experiencia postcomercialización. Los acontecimientos adversos se clasifican por sistema corporal y según su frecuencia absoluta. Las frecuencias se definen como: frecuente &gt; 1/100, &lt; 1/10; poco frecuente &gt; 1/1.000, &lt; 1/100. Infecciones e infestaciones Poco frecuente:
  <effect gate:gateId="389" rule="Effect" Simplification="infección en el riñón">pielonefritis</effect>
  Trastornos de la sangre y del sistema linfático Poco frecuente:
  <effect gate:gateId="390" rule="Effect" Simplification="problemas en la sangre">eosinofilia</effect>
  Trastornos del metabolismo y de la nutrición Frecuente:
  <effect gate:gateId="391" rule="Effect" Simplification="aumento de hormonas de lactancia">hiperpotasemia</effect>
  Poco frecuente:
  <effect gate:gateId="392" rule="Effect" Simplification="problemas en la sangre">hiponatremia</effect>
  ,
  <effect gate:gateId="393" rule="Effect" Simplification="deshidratación">deshidratación</effect>
  ,
  <effect gate:gateId="394" rule="Effect" Simplification="aumento de colesterol en la sangre">hipercolesterolemia</effect>
  ,
  <effect gate:gateId="395" rule="Effect" Simplification="aumento de grasa en la sangre">hipertrigliceridemia</effect>
  Trastornos psiquiátricos Poco frecuente:
  <effect gate:gateId="396" rule="Effect" Simplification="insomnio">insomnio</effect>
  Trastornos del sistema
  <effect gate:gateId="397" rule="Effect" Simplification="nervioso">nervioso</effect>
  Frecuente:
  <effect gate:gateId="398" rule="Effect" Simplification="mareo">mareos</effect>
  Poco frecuente:
  <effect gate:gateId="399" rule="Effect" Simplification="dolor de cabeza">cefalea</effect>
  Trastornos cardíacos Poco frecuente:
  <effect gate:gateId="400" rule="Effect" Simplification="infarto">infarto de miocardio</effect>
  , insuficiencia cardíaca izquierda,
  <effect gate:gateId="401" rule="Effect" Simplification="alteración en el ritmo cardiaco">fibrilación auricular</effect>
  Trastornos vasculares Frecuente:
  <effect gate:gateId="402" rule="Effect" Simplification="presión arterial baja">hipotensión</effect>
  Poco frecuente:
  <effect gate:gateId="403" rule="Effect" Simplification="coagulo en una arteria">trombosis arterial</effect>
  de miembros inferiores,
  <effect gate:gateId="404" rule="Effect" Simplification="presión sanguínea baja">hipotensión postural</effect>
  Trastornos respiratorios, torácicos y mediastínicos Poco frecuente:
  <effect gate:gateId="405" rule="Effect" Simplification="faringitis">faringitis</effect>
  Trastornos gastrointestinales Frecuente:
  <effect gate:gateId="406" rule="Effect" Simplification="diarrea">diarrea</effect>
  ,
  <effect gate:gateId="407" rule="Effect" Simplification="náuseas">náuseas</effect>
  Poco frecuente:
  <effect gate:gateId="408" rule="Effect" Simplification="vómitos">vómitos</effect>
  ,
  <effect gate:gateId="409" rule="Effect" Simplification="flatulencia">flatulencia</effect>
  Trastornos de la piel y del tejido subcutáneo Frecuente:
  <effect gate:gateId="410" rule="Effect" Simplification="erupción">exantema</effect>
  Poco frecuente:
  <effect gate:gateId="411" rule="Effect" Simplification="picazón">prurito</effect>
  , aumento de
  <effect gate:gateId="412" rule="Effect" Simplification=" sudoración ">sudoración</effect>
  Frecuencia no conocida:
  <effect gate:gateId="413" rule="Effect" Simplification="hinchazón en la piel">edema angioneurótico</effect>
  Trastornos musculoesqueléticos y del tejido conjuntivo Poco frecuente:
  <effect gate:gateId="414" rule="Effect" Simplification="dolor de espalda">dolor de espalda</effect>
  ,
  <effect gate:gateId="415" rule="Effect" Simplification="calambres">calambres</effect>
  en los miembros inferiores Trastornos renales y urinarios Frecuente:
  <effect gate:gateId="416" rule="Effect" Simplification="alteración renal">función renal anormal</effect>
  Trastornos del aparato reproductor y de la mama Poco frecuente:
  <effect gate:gateId="417" rule="Effect" Simplification="enfermedades del seno">ginecomastia</effect>
  Trastornos generales y alteraciones en el lugar de administración Poco frecuente:
  <effect gate:gateId="418" rule="Effect" Simplification="fatiga">astenia</effect>
  ,
  <effect gate:gateId="419" rule="Effect" Simplification="malestar">malestar</effect>
  Exploraciones complementarias Poco frecuente: aumento de BUN, aumento de creatinina En el estudio EPHESUS, hubo numéricamente más casos de
  <effect gate:gateId="420" rule="Effect" Simplification="trastorno de la circulación cerebral">ictus</effect>
  en el grupo de pacientes ancianos (&gt;75 años). Sin embargo, no hubo diferencias estadísticamente significativas entre la existencia de
  <effect gate:gateId="421" rule="Effect" Simplification="trastorno de la circulación cerebral">ictus</effect>
  en el grupo de pacientes tratados con
  <drug gate:gateId="422" rule="Drug">eplerenona</drug>
  (30) frente al grupo placebo (22).
</paragraph>
