<?xml version="1.0" encoding="UTF-8"?>
<paragraph xmlns:gate="http://www.gate.ac.uk" gate:gateId="0" gate:annotMaxId="906">
  Las siguientes reacciones adversas, con al menos una posible relación con
  <drug gate:gateId="860" rule="Drug">saquinavir</drug>
  potenciado con
  <drug gate:gateId="861" rule="Drug">ritonavir</drug>
  , fueron notificadas con más frecuencia: nauseas,
  <effect gate:gateId="862" rule="Effect" Simplification="diarrea">diarrea</effect>
  ,
  <effect gate:gateId="863" rule="Effect" Simplification="fatiga ">fatiga</effect>
  ,
  <effect gate:gateId="864" rule="Effect" Simplification="vómitos">vómitos</effect>
  , flatulencias y
  <effect gate:gateId="865" rule="Effect" Simplification="dolor abdominal">dolor abdominal</effect>
  . Con el fin de conocer las recomendaciones detalladas relativas a los ajustes de dosis y las reacciones adversas relacionadas con cada fármaco, para
  <drug gate:gateId="866" rule="Drug">ritonavir</drug>
  y otros medicamentos usados en combinación con
  <drug gate:gateId="867" rule="Drug">saquinavir</drug>
  , los médicos deben consultar la Ficha Técnica o Resumen de las Características del Producto de los mismos. 16 Las reacciones adversas se enumeran en orden decreciente de gravedad dentro de cada intervalo de frecuencia. Reacciones adversas notificadas en los ensayos clínicos de
  <drug gate:gateId="868" rule="Drug">saquinavir</drug>
  potenciado con
  <drug gate:gateId="869" rule="Drug">ritonavir</drug>
  Se dispone de datos limitados, obtenidos de dos ensayos en los que se evaluaba, en 311 pacientes, la seguridad de
  <drug gate:gateId="870" rule="Drug">saquinavir</drug>
  en cápsulas blandas (1000 mg, dos veces al día) usado en combinación con dosis bajas de
  <drug gate:gateId="871" rule="Drug">ritonavir</drug>
  (100 mg, dos veces al día) durante 48 semanas como mínimo. En la Tabla 2 se resumen las reacciones adversas en estos dos ensayos pivotales. La lista incluye también anomalías de laboratorio destacables que se han observado con
  <drug gate:gateId="872" rule="Drug">saquinavir</drug>
  en cápsulas blandas en combinación con
  <drug gate:gateId="873" rule="Drug">ritonavir</drug>
  (a las 48 semanas). Tabla 2: Incidencia de las reacciones adversas y anomalías de laboratorio destacables, observadas en los ensayos MaxCmin1 y MaxCmin2 (Muy frecuentes ( 10 %); frecuentes ( 1 % a &lt; 10 %)) Reacciones Adversas Sistema Corporal Frecuencia de la reacción Trastornos de la sangre y del sistema linfático Frecuentes Anemia Anemia Trastornos del sistema inmunológico Frecuentes Hipersensibilidad Trastornos del metabolismo y de la nutrición Frecuentes Diabetes mellitus Diabetes mellitus,
  <effect gate:gateId="874" rule="Effect" Simplification="trastornos de la alimentación ">anorexia</effect>
  , aumento Trastornos psiquiátricos Frecuentes Disminución de la libido, trastorno del Trastornos del sistema
  <effect gate:gateId="875" rule="Effect" Simplification="nervioso">nervioso</effect>
  Frecuentes Parestesia,
  <effect gate:gateId="876" rule="Effect" Simplification="insuficiencia en los nervios del cerebro">neuropatía periférica</effect>
  , Trastornos respiratorios, torácicos y mediastínicos Frecuentes Disnea Trastornos gastrointestinales Muy frecuentes Diarrea,
  <effect gate:gateId="877" rule="Effect" Simplification="náuseas">náuseas</effect>
  Frecuentes Diarrea,
  <effect gate:gateId="878" rule="Effect" Simplification="náuseas">náuseas</effect>
  , Vómitos,
  <effect gate:gateId="879" rule="Effect" Simplification="abdomen prominente">distensión abdominal</effect>
  ,
  <effect gate:gateId="880" rule="Effect" Simplification="dolor">dolor</effect>
  Trastornos de la piel y del tejido subcutáneo Frecuentes Lipodistrofia adquirida Lipodistrofia adquirida,
  <effect gate:gateId="881" rule="Effect" Simplification="pérdida de cabello ">alopecia</effect>
  , piel Trastornos musculoesqueléticos y del tejido conjutivo Frecuentes Espasmos musculares Trastornos generales y alteraciones en el lugar de administración Frecuentes Fatiga Astenia,
  <effect gate:gateId="882" rule="Effect" Simplification="fatiga ">fatiga</effect>
  , aumento del tejido Exploraciones complementarias Muy frecuentes Aumento de alanina aminotransferasa, Frecuentes Aumento de amilasa en sangre, Experiencia post-comercialización con
  <drug gate:gateId="883" rule="Drug">saquinavir</drug>
  A continuación se resumen las reacciones adversas graves y no graves obtenidas de notificaciones espontáneas en la fase de comercialización (en las que
  <drug gate:gateId="884" rule="Drug">saquinavir</drug>
  se usó como único inhibidor de la proteasa o en combinación con
  <drug gate:gateId="885" rule="Drug">ritonavir</drug>
  ), y no mencionadas anteriormente en la sección 4.8, para las cuales no se puede excluir una relación causal con
  <drug gate:gateId="886" rule="Drug">saquinavir</drug>
  : Como estos datos se obtienen de notificaciones espontáneas, se desconoce la frecuencia de estas reacciones adversas. · Trastornos del sistema inmunológico: Hipersensibilidad · Trastornos del metabolismo y de la nutrición: - Diabetes mellitus o
  <effect gate:gateId="887" rule="Effect" Simplification="alto nivel de azucar">hiperglucemia</effect>
  , algunas veces asociada con
  <effect gate:gateId="888" rule="Effect" Simplification="sangre acida">cetoacidosis</effect>
  (ver sección 4.4). - Lipodistrofia: La terapia antirretroviral combinada se ha asociado con una redistribución de la grasa corporal (
  <effect gate:gateId="889" rule="Effect" Simplification="cambios en la forma del cuerpo">lipodistrofia</effect>
  ) en pacientes infectados por VIH, que incluye pérdida de grasa subcutánea periférica y facial, aumento de la grasa intra-abdominal y visceral,
  <effect gate:gateId="890" rule="Effect" Simplification="hinchazón de músculos">hipertrofia</effect>
  de las mamas y acumulación de la grasa dorsocervical (
  <effect gate:gateId="891" rule="Effect" Simplification="joroba de búfalo">joroba de búfalo</effect>
  ). - La terapia antirretroviral combinada se ha asociado con anomalías metabólicas tales como
  <effect gate:gateId="892" rule="Effect" Simplification="aumento de grasa en la sangre">hipertrigliceridemia</effect>
  ,
  <effect gate:gateId="893" rule="Effect" Simplification="aumento de colesterol en la sangre">hipercolesterolemia</effect>
  ,
  <effect gate:gateId="894" rule="Effect" Simplification="resistencia a la insulina">resistencia a la insulina</effect>
  ,
  <effect gate:gateId="895" rule="Effect" Simplification="alto nivel de azucar">hiperglucemia</effect>
  e
  <effect gate:gateId="896" rule="Effect" Simplification="problemas en la sangre">hiperlactacidemia</effect>
  ( ver sección 4.4). · Trastornos del sistema
  <effect gate:gateId="897" rule="Effect" Simplification="nervioso">nervioso</effect>
  : Somnolencia,
  <effect gate:gateId="898" rule="Effect" Simplification="___">convulsiones.</effect>
  · Trastornos vasculares: Se han notificado casos de aumento de hemorragias que incluyen hematomas cutáneos espontáneos y
  <effect gate:gateId="899" rule="Effect" Simplification="hemorragia en la rodilla">hemartrosis</effect>
  , en pacientes hemofílicos tipo A y B tratados con inhibidores de la proteasa ( ver sección 4.4). · Trastornos hepatobiliares: Hepatitis. · Trastornos musculoesqueléticos y del tejido conjuntivo: Se han noticado casos de aumento de la CPK,
  <effect gate:gateId="900" rule="Effect" Simplification="dolor muscular">mialgia</effect>
  ,
  <effect gate:gateId="901" rule="Effect" Simplification="inflamación de músculos">miositis</effect>
  y raramente rabdomiólisis con inhibidores de la proteasa, particularmente en combinación con análogos de nucleósidos. Se han notificado casos de
  <effect gate:gateId="902" rule="Effect" Simplification="problemas en los huesos">osteonecrosis</effect>
  , especialmente en pacientes con factores de riesgo generalmente reconocidos,
  <effect gate:gateId="903" rule="Effect" Simplification="enfermedad">enfermedad</effect>
  avanzada por VIH o exposición prolongada al tratamiento antirretroviral combinado (TARC). Se desconoce la frecuencia de esta
  <effect gate:gateId="904" rule="Effect" Simplification="alergia ">reacción adversa</effect>
  (ver sección 4.4). · Trastornos renales y urinarios: Insuficiencia renal. · Al inicio de la terapia antirretroviral combinada, en los pacientes infectados por el VIH con deficiencia inmune grave, puede aparecer una respuesta inflamatoria frente a
  <effect gate:gateId="905" rule="Effect" Simplification="infecciones">infecciones</effect>
  oportunistas latentes o asintomáticas (ver sección 4.4).
</paragraph>
