<?xml version="1.0" encoding="UTF-8"?>
<paragraph xmlns:gate="http://www.gate.ac.uk" gate:gateId="0" gate:annotMaxId="534">
  Durante el tratamiento con IRICIL y otros inhibidores del ECA se han observado y comunicado las siguientes reacciones adversas con las frecuencias indicadas a continuación: Muy frecuentes ( 10%), frecuentes (1%, &lt;10%), poco frecuentes (0,1, &lt;1%), raras (0,0
  <effect gate:gateId="482" rule="Effect" Simplification="..">l</effect>
  , &lt;0,1%), muy raras {&lt;0,01%) incluyendo informes de casos aislados. Trastornos de la sangre y sistema linfático: raros: disminución de la hemoglobina, disminución del hematocrito. muy raros:
  <effect gate:gateId="483" rule="Effect" Simplification="insuficiencia de médula ósea">depresión de la médula ósea</effect>
  ,
  <effect gate:gateId="484" rule="Effect" Simplification="anemia">anemia</effect>
  ,
  <effect gate:gateId="485" rule="Effect" Simplification="problemas de coagulación">trombocitopenia</effect>
  , Trastornos del metabolismo y nutricionales: muy raros: hipoglucernia. Trastornos del sistema
  <effect gate:gateId="486" rule="Effect" Simplification="nervioso">nervioso</effect>
  y psiquiátricos: frecuentes:
  <effect gate:gateId="487" rule="Effect" Simplification="mareo">mareo</effect>
  ,
  <effect gate:gateId="488" rule="Effect" Simplification="dolor de cabeza">cefalea</effect>
  . poco frecuentes: alteraciones del estado de ánimo,
  <effect gate:gateId="489" rule="Effect" Simplification="cosquilleo">parestesia</effect>
  ,
  <effect gate:gateId="490" rule="Effect" Simplification="mareo y vértigo">vértigo</effect>
  , raros:
  <effect gate:gateId="491" rule="Effect" Simplification="confusión mental">confusión mental</effect>
  . Trastornos cardiacos y vasculares: frecuentes: efectos ortostáticos (incluida
  <effect gate:gateId="492" rule="Effect" Simplification="presión arterial baja">hipotensión</effect>
  ). poco frecuentes:
  <effect gate:gateId="493" rule="Effect" Simplification="infarto">infarto de miocardio</effect>
  o
  <effect gate:gateId="494" rule="Effect" Simplification="infarto cerebral">accidente cerebrovascular</effect>
  , posiblemente secundario a Trastornos respiratorios, torácicos y mediastínicos: frecuentes:
  <effect gate:gateId="495" rule="Effect" Simplification="___">tos.</effect>
  poco frecuentes:
  <effect gate:gateId="496" rule="Effect" Simplification="inflamación en las fosas nasales">rinitis</effect>
  . muy raros: broncospasmo,
  <effect gate:gateId="497" rule="Effect" Simplification="inflamación nasal">sinusitis</effect>
  ,
  <effect gate:gateId="498" rule="Effect" Simplification="alergia">alveolitis alérgica</effect>
  /
  <effect gate:gateId="499" rule="Effect" Simplification="neumonía">neumonía</effect>
  eosinofilica. Trastornos digestivos: frecuentes:
  <effect gate:gateId="500" rule="Effect" Simplification="diarrea">diarrea</effect>
  ,
  <effect gate:gateId="501" rule="Effect" Simplification="___">vómitos.</effect>
  poco frecuentes:
  <effect gate:gateId="502" rule="Effect" Simplification="náuseas">náuseas</effect>
  ,
  <effect gate:gateId="503" rule="Effect" Simplification="dolor abdominal">dolor abdominal</effect>
  e
  <effect gate:gateId="504" rule="Effect" Simplification="___">indigestión.</effect>
  raros:
  <effect gate:gateId="505" rule="Effect" Simplification="sequedad de boca">sequedad de boca</effect>
  . muy raros:
  <effect gate:gateId="506" rule="Effect" Simplification="pancreatitis">pancreatitis</effect>
  ,
  <effect gate:gateId="507" rule="Effect" Simplification="hinchazón debajo de la piel">angioedema</effect>
  intestinal,
  <effect gate:gateId="508" rule="Effect" Simplification="hepatitis">hepatitis</effect>
  (hepatocelular o colestásica), Trastornos cutáneos y del tejido subcutáneo: Poco frecuentes:
  <effect gate:gateId="509" rule="Effect" Simplification="inflamación">erupción</effect>
  ,
  <effect gate:gateId="510" rule="Effect" Simplification="picazón">prurito</effect>
  . raros:
  <effect gate:gateId="511" rule="Effect" Simplification="alergia">hipersensibilidad</effect>
  /
  <effect gate:gateId="512" rule="Effect" Simplification="hinchazón en la piel">edema angioneurótico</effect>
  :
  <effect gate:gateId="513" rule="Effect" Simplification="hinchazón en la piel">edema angioneurótico</effect>
  de la cara, muy raros:
  <effect gate:gateId="514" rule="Effect" Simplification="sudoración">diaforesis</effect>
  ,
  <effect gate:gateId="515" rule="Effect" Simplification="enfermedad de la piel">pénfigo</effect>
  ,
  <effect gate:gateId="516" rule="Effect" Simplification="enfermedad de la piel">necrólisis epidérmica</effect>
  tóxica, síndrome de Stevens- Se ha comunicado un complejo sintomático que puede incluir una o más de las siguientes situaciones:
  <effect gate:gateId="517" rule="Effect" Simplification="fiebre">fiebre</effect>
  , vasculitis,
  <effect gate:gateId="518" rule="Effect" Simplification="dolor muscular">mialgia</effect>
  ,
  <effect gate:gateId="519" rule="Effect" Simplification="dolor articular">artralgia</effect>
  /
  <effect gate:gateId="520" rule="Effect" Simplification="artritis">artritis</effect>
  , anticuerpos antinucleares (ANA) positivos, velocidad de sedimentación globular (VSG) elevada,
  <effect gate:gateId="521" rule="Effect" Simplification="problemas en la sangre">eosinofilia</effect>
  y
  <effect gate:gateId="522" rule="Effect" Simplification="problema en la sangre">leucocitosis</effect>
  ,
  <effect gate:gateId="523" rule="Effect" Simplification="inflamación">erupción cutánea</effect>
  ,
  <effect gate:gateId="524" rule="Effect" Simplification="intolerancia a la luz">fotosensibilidad</effect>
  u otras manifestaciones dermatológicas. Trastornos renales y urinarios: frecuentes: disfunción -renal. raros:
  <effect gate:gateId="525" rule="Effect" Simplification="urea en la sangre">uremia</effect>
  ,
  <effect gate:gateId="526" rule="Effect" Simplification="insuficiencia renal">insuficiencia renal aguda</effect>
  . muy raros:
  <effect gate:gateId="527" rule="Effect" Simplification="disminución de orina">oliguria</effect>
  /
  <effect gate:gateId="528" rule="Effect" Simplification="poca o nula producción de orina">anuria</effect>
  . Trastornos del sistema reproductor y mama: poco frecuentes:
  <effect gate:gateId="529" rule="Effect" Simplification="impotencia">impotencia</effect>
  . raros:
  <effect gate:gateId="530" rule="Effect" Simplification="enfermedades del seno">ginecomastia</effect>
  . Trastornos generales y del lugar de administración: poco frecuentes:
  <effect gate:gateId="531" rule="Effect" Simplification="fatiga ">fatiga</effect>
  ,
  <effect gate:gateId="532" rule="Effect" Simplification="fatiga">astenia</effect>
  . Determínaciones de laboratorio: poco frecuentes: aumento de la urea sanguínea, aumento de la creatinina sérica, aumento raros: aumento de la bilirrubina sérica,
  <effect gate:gateId="533" rule="Effect" Simplification="problemas en la sangre">hiponatremia</effect>
  .
</paragraph>
