<?xml version="1.0" encoding="UTF-8"?>
<paragraph xmlns:gate="http://www.gate.ac.uk" gate:gateId="0" gate:annotMaxId="188">
  · Trastornos metabólicos y nutricionales Muy raros:
  <effect gate:gateId="167" rule="Effect" Simplification="trastorno del metabolismo">hipopotasemia</effect>
  · Trastornos del Sistema Nervioso Central Muy raros:
  <effect gate:gateId="168" rule="Effect" Simplification="insuficiencia en los nervios del cerebro">neuropatía periférica</effect>
  ,
  <effect gate:gateId="169" rule="Effect" Simplification="dolor de cabeza">dolor de cabeza</effect>
  , y
  <effect gate:gateId="170" rule="Effect" Simplification="mareo">mareos</effect>
  · Trastornos cardíacos Muy raros:
  <effect gate:gateId="171" rule="Effect" Simplification="insuficiencia cardiaca">insuficiencia cardiaca congestiva</effect>
  · Trastornos respiratorios, torácicos y mediastínicos Muy raros:
  <effect gate:gateId="172" rule="Effect" Simplification="hinchazón en los pulmones">edema pulmonar</effect>
  · Trastornos gastrointestinales Muy raros:
  <effect gate:gateId="173" rule="Effect" Simplification="dolor abdominal">dolor abdominal</effect>
  ,
  <effect gate:gateId="174" rule="Effect" Simplification="vómitos">vómitos</effect>
  ,
  <effect gate:gateId="175" rule="Effect" Simplification="enfermedades del estómago ">dispepsia</effect>
  ,
  <effect gate:gateId="176" rule="Effect" Simplification="náusea">náusea</effect>
  ,
  <effect gate:gateId="177" rule="Effect" Simplification="diarrea">diarrea</effect>
  y
  <effect gate:gateId="178" rule="Effect" Simplification="estreñimiento">estreñimiento</effect>
  · Trastornos hepatobiliares Muy raros:
  <effect gate:gateId="179" rule="Effect" Simplification="insuficiencia en el hígado">insuficiencia hepática aguda</effect>
  muy grave,
  <effect gate:gateId="180" rule="Effect" Simplification="hepatitis aguda">hepatotoxicidad</effect>
  grave,
  <effect gate:gateId="181" rule="Effect" Simplification="hepatitis">hepatitis</effect>
  y aumento reversible en los enzimas hepáticos · Trastornos de los tejidos epidérmicos y subcutáneos Muy raros: síndrome de Stevens-Johnson,
  <effect gate:gateId="182" rule="Effect" Simplification="hinchazón debajo de la piel">angioedema</effect>
  ,
  <effect gate:gateId="183" rule="Effect" Simplification="urticaria">urticaria</effect>
  ,
  <effect gate:gateId="184" rule="Effect" Simplification="pérdida de cabello ">alopecia</effect>
  ,
  <effect gate:gateId="185" rule="Effect" Simplification="alteración de la piel">rash</effect>
  , y
  <effect gate:gateId="186" rule="Effect" Simplification="picazón">prurito</effect>
  · Sistema reproductivo y trastornos de las mamas Muy raros: trastornos menstruales · Trastornos generales y afecciones del lugar de administración Muy raros: reacciones alérgicas y
  <effect gate:gateId="187" rule="Effect" Simplification="hinchazón">edema</effect>
  .
</paragraph>
