<?xml version="1.0" encoding="UTF-8"?>
<paragraph xmlns:gate="http://www.gate.ac.uk" gate:gateId="0" gate:annotMaxId="490">
  Estimación de frecuencias: Muy frecuentes (&gt;1/10); frecuentes (&gt;1/100, &lt;1/10); poco frecuentes (&gt;1/1.000, &lt;1/100); raras (&gt;1/10.000, &lt;1/1.000); muy raras (&lt;1/10.000), casos aislados. Trastornos gastrointestinales Frecuente:
  <effect gate:gateId="444" rule="Effect" Simplification="náuseas">náuseas</effect>
  ,
  <effect gate:gateId="445" rule="Effect" Simplification="diarrea">diarrea</effect>
  ,
  <effect gate:gateId="446" rule="Effect" Simplification="dolor abdominal">dolor abdominal</effect>
  Poco frecuente:
  <effect gate:gateId="447" rule="Effect" Simplification="vómitos">vómitos</effect>
  Trastornos vasculares Frecuente:
  <effect gate:gateId="448" rule="Effect" Simplification="rubor">rubor</effect>
  Poco frecuente:
  <effect gate:gateId="449" rule="Effect" Simplification="presión arterial alta">hipertensión</effect>
  Trastornos respiratorios Muy frecuente:
  <effect gate:gateId="450" rule="Effect" Simplification="inflamación en las fosas nasales">rinitis</effect>
  (incluyendo
  <effect gate:gateId="451" rule="Effect" Simplification="sequedad nasal">sequedad nasal</effect>
  ,
  <effect gate:gateId="452" rule="Effect" Simplification="hinchazón en la nariz">edema nasal</effect>
  ,
  <effect gate:gateId="453" rule="Effect" Simplification="congestión nasal">congestión nasal</effect>
  ,
  <effect gate:gateId="454" rule="Effect" Simplification="estornudos">estornudos</effect>
  ,
  <effect gate:gateId="455" rule="Effect" Simplification="alergia">rinitis alérgica</effect>
  ), síntomas nasales inespecíficos (p.ej.
  <effect gate:gateId="456" rule="Effect" Simplification="irritación">irritación</effect>
  del conducto nasal,
  <effect gate:gateId="457" rule="Effect" Simplification="alteración de la piel">rash</effect>
  papular,
  <effect gate:gateId="458" rule="Effect" Simplification="parosmia">parosmia</effect>
  ,
  <effect gate:gateId="459" rule="Effect" Simplification="enrojecimiento">eritema</effect>
  , abrasión). Frecuente:
  <effect gate:gateId="460" rule="Effect" Simplification="inflamación en las fosas nasales">rinitis</effect>
  ulcerativa,
  <effect gate:gateId="461" rule="Effect" Simplification="inflamación nasal">sinusitis</effect>
  ,
  <effect gate:gateId="462" rule="Effect" Simplification="sangrado nasal">epistaxis</effect>
  ,
  <effect gate:gateId="463" rule="Effect" Simplification="faringitis">faringitis</effect>
  . Poco frecuente:
  <effect gate:gateId="464" rule="Effect" Simplification="tos">tos</effect>
  Estos efectos son generalmente moderados (en aprox. 80% de los informes) y requieren la interrupción del tratamiento en menos del 5% de los casos. Trastornos del sistema
  <effect gate:gateId="465" rule="Effect" Simplification="nervioso">nervioso</effect>
  Frecuente: vértigos,
  <effect gate:gateId="466" rule="Effect" Simplification="dolor de cabeza">cefalea</effect>
  ,
  <effect gate:gateId="467" rule="Effect" Simplification="mal sabor">disgeusia</effect>
  . Trastornos de los sentidos Poco frecuente: alteración de la visión Trastornos del tejido de la piel y subcutáneos Poco frecuente:
  <effect gate:gateId="468" rule="Effect" Simplification="hinchazón">edema</effect>
  (
  <effect gate:gateId="469" rule="Effect" Simplification="hinchazón">edema</effect>
  facial,
  <effect gate:gateId="470" rule="Effect" Simplification="hinchazón en la pierna">edema periférico</effect>
  y
  <effect gate:gateId="471" rule="Effect" Simplification="hinchazón generalizada">anasarca</effect>
  ) Trastornos musculoesqueléticos Frecuente:
  <effect gate:gateId="472" rule="Effect" Simplification="dolor musculoesquelético">dolor musculoesquelético</effect>
  Poco frecuente:
  <effect gate:gateId="473" rule="Effect" Simplification="dolor articular">artralgia</effect>
  Trastornos del sistema inmunitario Poco frecuente: reacciones de
  <effect gate:gateId="474" rule="Effect" Simplification="alergia">hipersensibilidad</effect>
  tales como reacciones cutáneas generalizadas,
  <effect gate:gateId="475" rule="Effect" Simplification="rubor">rubor</effect>
  ,
  <effect gate:gateId="476" rule="Effect" Simplification="hinchazón">edema</effect>
  (
  <effect gate:gateId="477" rule="Effect" Simplification="hinchazón">edema</effect>
  facial,
  <effect gate:gateId="478" rule="Effect" Simplification="hinchazón en la pierna">edema periférico</effect>
  y
  <effect gate:gateId="479" rule="Effect" Simplification="hinchazón generalizada">anasarca</effect>
  ),
  <effect gate:gateId="480" rule="Effect" Simplification="presión arterial alta">hipertensión</effect>
  ,
  <effect gate:gateId="481" rule="Effect" Simplification="dolor articular">artralgia</effect>
  y
  <effect gate:gateId="482" rule="Effect" Simplification="picazón">prurito</effect>
  . Muy raras: reacciones alérgicas y reacciones de tipo anafilactoide tales como
  <effect gate:gateId="483" rule="Effect" Simplification="alteración del ritmo cardíaco">taquicardia</effect>
  ,
  <effect gate:gateId="484" rule="Effect" Simplification="presión arterial baja">hipotensión</effect>
  ,
  <effect gate:gateId="485" rule="Effect" Simplification="colapso">colapso circulatorio</effect>
  y
  <effect gate:gateId="486" rule="Effect" Simplification="reacción alérgica mortal">shock anafiláctico</effect>
  . Investigaciones Raras: desarrollo de anticuerpos neutralizadores de la calcitonina. El desarrollo de estos anticuerpos no está por lo general relacionado con la pérdida de eficacia clínica, aunque su presencia en un pequeño porcentaje de pacientes tras una terapia a largo plazo con dosis altas de calcitonina podría dar como resultado una respuesta reducida al producto. La presencia de anticuerpos parece no tener relación con las reacciones alérgicas, que son raras. El descenso de regulación del receptor de calcitonina podría dar como resultado una respuesta clínica reducida en un pequeño porcentaje de pacientes tras una terapia a largo plazo con dosis altas. Trastornos generales Frecuente:
  <effect gate:gateId="487" rule="Effect" Simplification="fatiga ">fatiga</effect>
  Poco frecuente:
  <effect gate:gateId="488" rule="Effect" Simplification="enfermedad">enfermedad</effect>
  que se asemeja al
  <effect gate:gateId="489" rule="Effect" Simplification="gripe">síndrome gripal</effect>
</paragraph>
