<?xml version="1.0" encoding="UTF-8"?>
<paragraph xmlns:gate="http://www.gate.ac.uk" gate:gateId="0" gate:annotMaxId="510">
  En los 2461 pacientes tratados con Ketek en ensayos clínicos de fase III, se han notificado las siguientes reacciones adversas posible o probablemente relacionadas con
  <drug gate:gateId="491" rule="Drug">telitromicina</drug>
  . Esto se muestra a continuación. En cada uno de los grupos de frecuencia presentados, los efectos adversos se presentan en orden decreciente de gravedad. Sistema Muy frecuentes Frecuentes Poco frecuentes Raras Muy raras organo-clase (&lt;1/10.000) Trastornos de la Eosinofília sangre y del sistema linfático Trastornos del Mareo,
  <effect gate:gateId="492" rule="Effect" Simplification="dolor">dolor</effect>
  de Vértigo, Pérdida Parosmia sistema
  <effect gate:gateId="493" rule="Effect" Simplification="nervioso">nervioso</effect>
  cabeza,
  <effect gate:gateId="494" rule="Effect" Simplification="somnolencia">somnolencia</effect>
  , transitoria de la Trastornos Visión borrosa Diplopía oculares Sistema Muy frecuentes Frecuentes Poco frecuentes Raras Muy raras organo-clase (&lt;1/10.000) Trastornos Sofocos Arritmia cardiovasculares Palpitaciones auricular, Trastornos Diarrea Nauseas, Candidiasis oral, Colitis gastrointestinale
  <effect gate:gateId="495" rule="Effect" Simplification="vómitos">vómitos</effect>
  ,
  <effect gate:gateId="496" rule="Effect" Simplification="dolor">dolor</effect>
  <effect gate:gateId="497" rule="Effect" Simplification="inflamación en la boca">estomatitis</effect>
  , pseudomembr s gastrointestinal,
  <effect gate:gateId="498" rule="Effect" Simplification="trastornos de la alimentación ">anorexia</effect>
  , anosa Trastornos Incremento de Hepatitis Ictericia hepatobiliares las enzimas colestásica Trastornos de la Rash,
  <effect gate:gateId="499" rule="Effect" Simplification="urticaria">urticaria</effect>
  , Eczema Eritema piel y del tejido
  <effect gate:gateId="500" rule="Effect" Simplification="picazón">prurito</effect>
  multiforme subcutáneo Trastornos Calambres músculo musculares esqueléticos y del tejido conectivo Trastornos del Candidiasis aparato vaginal reproductor y de la mama Los
  <effect gate:gateId="501" rule="Effect" Simplification="trastornos visuales">trastornos visuales</effect>
  (&lt;1%) asociados con el uso de Ketek, incluyendo
  <effect gate:gateId="502" rule="Effect" Simplification="visión borrosa">visión borrosa</effect>
  , dificultades para enfocar y diplopia, fueron en su mayor parte leves a moderados. Estos aparecieron normalmente a las pocas horas de la primera o segunda toma, y volvieron a aparecer con las siguientes dosis, se prolongaron varias horas y remitieron por completo, bien durante el tratamiento, o tras finalizar el mismo. Estas reacciones no se han asociado con signos de
  <effect gate:gateId="503" rule="Effect" Simplification="anormalidad ocular">anormalidad ocular</effect>
  (ver secciones 4.4 y 4.7). En ensayos clínicos el efecto sobre el QTc fue pequeño (media de aproximadamente 1 mseg). En ensayos comparativos se vieron efectos similares a los observados con
  <drug gate:gateId="504" rule="Drug">claritromicina</drug>
  con un QTc &gt; 30 mseg en tratamiento en el 7,6 % y en el 7,0 % de los casos respectivamente. Ningún paciente de ningún grupo desarrolló un QTc &gt; 60 mseg. No hubo informes de TdP u otras arritmias ventriculares graves o
  <effect gate:gateId="505" rule="Effect" Simplification="desmayo">síncope</effect>
  relacionado, en el programa clínico, y no se identificaron subgrupos de riesgo. Durante la experiencia post-comercialización se han notificado las siguientes reacciones (frecuencia desconocida): - Trastornos cardiacos: Prolongación del intervalo QT/QTc. - Trastornos del sistema inmunológico: Edema angioneurótico, reacciones anafilácticas incluyendo
  <effect gate:gateId="506" rule="Effect" Simplification="reacción alérgica mortal">shock anafiláctico</effect>
  . - Trastornos gastrointestinales: Pancreatitis. - Trastornos hepato-biliares: Hepatitis severa y
  <effect gate:gateId="507" rule="Effect" Simplification="insuficiencia hepática">fallo hepático</effect>
  (ver sección 4.4). - Trastornos del sistema
  <effect gate:gateId="508" rule="Effect" Simplification="nervioso">nervioso</effect>
  : Se han notificado casos de aparición rápida de exacerbación de
  <effect gate:gateId="509" rule="Effect" Simplification="enfermedad en músculos">miastenia gravis</effect>
  (ver secciones 4.3 y 4.4).
</paragraph>
