<?xml version="1.0" encoding="UTF-8"?>
<paragraph xmlns:gate="http://www.gate.ac.uk" gate:gateId="0" gate:annotMaxId="68">
  Ocasionalmente, han sido descritas molestias gastrointestinales (
  <effect gate:gateId="63" rule="Effect" Simplification="dolor en el estomago">dolor epigástrico</effect>
  ,
  <effect gate:gateId="64" rule="Effect" Simplification="náuseas">náuseas</effect>
  ,
  <effect gate:gateId="65" rule="Effect" Simplification="estreñimiento">estreñimiento</effect>
  o
  <effect gate:gateId="66" rule="Effect" Simplification="diarrea">diarrea</effect>
  ), que suelen remitir al disminuir la dosis administrada o, en su caso, tras la suspensión del tratamiento. Deposiciones con
  <effect gate:gateId="67" rule="Effect" Simplification="pigmentación">pigmentación</effect>
  negra. Se ha descrito un único caso de elevación de enzimas hepáticos.
</paragraph>
