<?xml version="1.0" encoding="UTF-8"?>
<paragraph xmlns:gate="http://www.gate.ac.uk" gate:gateId="0" gate:annotMaxId="892">
  En todos los estudios controlados con placebo, el
  <effect gate:gateId="868" rule="Effect" Simplification="acontecimiento adverso">acontecimiento adverso</effect>
  comunicados con mayor frecuencia durante el tratamiento con Kineret fue la reacción en el lugar de la inyección (RLI), que fue leve o moderada en la mayoría de los pacientes. Esta reacción fue la causa más frecuente de abandono del estudio entre los pacientes tratados con Kineret. La incidencia de acontecimientos adversos graves en los sujetos tratados con la dosis recomendada de Kineret (100 mg/día) es comparable a la del placebo (7,1% frente a un 6,5% en el grupo placebo). La incidencia de
  <effect gate:gateId="869" rule="Effect" Simplification="infección">infección</effect>
  grave fue mayor en los pacientes tratados con Kineret, comparados con los pacientes tratados con placebo (1,8% frente a 0,7%). El descenso de neutrófilos se produjo con mayor frecuencia entre los pacientes tratados con Kineret comparados con placebo. Clasificación Órgano/Sistema Frecuencia Reacción Adversa (MedDRA) Trastornos de la sangre y del Frecuentes ( 1/100, &lt; 1/10) Neutropenia sistema linfático Trastornos del sistema
  <effect gate:gateId="870" rule="Effect" Simplification="nervioso">nervioso</effect>
  Muy frecuentes ( 1/10) Dolor de cabeza Trastornos de la piel y del tejido Muy frecuentes ( 1/10) Reacción en el lugar de la subcutáneo inyección Infecciones e infestaciones Frecuentes ( 1/100, &lt; 1/10) Infecciones graves que Reacciones en el lugar de la inyección Los acontecimientos adversos más frecuentemente comunicados como asociados con la administración de Kineret fueron las RLI. La mayoría de ellas (95%) se describieron como leves o moderadas y se caracterizaron típicamente por 1 o más de los siguientes signos o síntomas:
  <effect gate:gateId="871" rule="Effect" Simplification="enrojecimiento">eritema</effect>
  ,
  <effect gate:gateId="872" rule="Effect" Simplification="moretones ">equimosis</effect>
  ,
  <effect gate:gateId="873" rule="Effect" Simplification="inflamación">inflamación</effect>
  y
  <effect gate:gateId="874" rule="Effect" Simplification="dolor">dolor</effect>
  . A la dosis de 100 mg/día, el 71% de los pacientes desarrolló una RLI, comparado con el 28% entre los pacientes tratados con placebo y normalmente se comunicaba en las primeras 4 semanas de tratamiento. La mediana de la duración de la sintomatología típica anteriormente mencionada fue de 14 a 28 días. El desarrollo de RLI en pacientes que previamente no la habían experimentado fue infrecuente después del primer mes de tratamiento. Infecciones graves La incidencia de
  <effect gate:gateId="875" rule="Effect" Simplification="infecciones">infecciones</effect>
  graves en los estudios realizados con la dosis recomendada (100 mg/día) fue del 1,8% entre los pacientes tratados con Kineret y del 0,7% entre los pacientes tratados con placebo. En estudios hasta 3 años, la tasa de
  <effect gate:gateId="876" rule="Effect" Simplification="infecciones">infecciones</effect>
  graves se mantuvo estable en el tiempo. Las
  <effect gate:gateId="877" rule="Effect" Simplification="infecciones">infecciones</effect>
  observadas consistieron, principalmente, en afecciones bacterianas, como
  <effect gate:gateId="878" rule="Effect" Simplification="celulitis">celulitis</effect>
  ,
  <effect gate:gateId="879" rule="Effect" Simplification="neumonía">neumonía</effect>
  e
  <effect gate:gateId="880" rule="Effect" Simplification="infecciones">infecciones</effect>
  óseas y articulares. La mayoría de los pacientes continuó recibiendo el fármaco en estudio después de que se resolviera la
  <effect gate:gateId="881" rule="Effect" Simplification="infección">infección</effect>
  . No se produjeron muertes durante los estudios debido a episodios infecciosos graves. En estudios clínicos y en la experiencia tras la comercialización, raramente se han observado casos de
  <effect gate:gateId="882" rule="Effect" Simplification="infecciones">infecciones</effect>
  de patógenos oportunistas incluyendo hongos, micobacterias, bacterias y virus. Las
  <effect gate:gateId="883" rule="Effect" Simplification="infecciones">infecciones</effect>
  aparecieron en todos los sistemas corporales y en pacientes que recibieron Kineret solo o en combinación con agentes inmunosupresores. Neutropenia En los estudios controlados con placebo realizados con Kineret, el tratamiento se asoció con pequeñas reducciones en la media del recuento total de leucocitos y en el recuento absoluto de neutrófilos (RAN). Se comunicó
  <effect gate:gateId="884" rule="Effect" Simplification="problemas en la sangre">neutropenia</effect>
  (RAN &lt; 1,5 x 109/
  <effect gate:gateId="885" rule="Effect" Simplification="..">l</effect>
  ) en el 2,4% de los pacientes tratados con Kineret comparados con el 0,4% de los tratados con placebo. Neoplasias malignas Los pacientes con
  <effect gate:gateId="886" rule="Effect" Simplification="inflamación de las articulaciones">artritis reumatoide</effect>
  pueden tener un mayor riesgo (una media de 2 a 3 veces superior) de desarrollar
  <effect gate:gateId="887" rule="Effect" Simplification="tumor maligno">linfoma</effect>
  . En ensayos clínicos, los pacientes tratados con Kineret presentaron una mayor incidencia de
  <effect gate:gateId="888" rule="Effect" Simplification="tumor maligno">linfoma</effect>
  respecto a la tasa esperada en la población general, dicha tasa es coherente con las tasas comunicadas generalmente en pacientes con
  <effect gate:gateId="889" rule="Effect" Simplification="inflamación de las articulaciones">artritis reumatoide</effect>
  . En ensayos clínicos, la tasa bruta de incidencia de neoplasias malignas fue la misma entre los pacientes tratados con Kineret y los pacientes tratados con placebo, y no fue diferente de la observada en la población general. Además, la incidencia total de neoplasias no se incrementó en 3 años de exposición de pacientes a Kineret. Inmunogenicidad En ensayos clínicos, alrededor de un 3% de pacientes adultos dieron un resultado positivo, al menos en una ocasión, en el test de detección de anticuerpos con capacidad de neutralizar los efectos biológicos de
  <drug gate:gateId="890" rule="Drug">anakinra</drug>
  . La aparición de anticuerpos fue generalmente transitoria y no se asoció con reacciones adversas o con una disminución de la eficacia. Adicionalmente en un ensayo clínico, el 6% de los pacientes pediátricos dieron un resultado positivo, al menos en una ocasión, en el test de detección de anticuerpos con capacidad de neutralizar los efectos biológicos de
  <drug gate:gateId="891" rule="Drug">anakinra</drug>
  .
</paragraph>
