<?xml version="1.0" encoding="UTF-8"?>
<paragraph xmlns:gate="http://www.gate.ac.uk" gate:gateId="0" gate:annotMaxId="312">
  Las reacciones adversas descritas a continuación se han clasificado por órgano, sistemas y frecuencias. Las frecuencias se han definido de la siguiente forma: muy frecuentes (&gt;1/10), frecuentes (&gt;1/100), &lt;1/10), poco frecuentes (&gt;1/1.000, &lt;1/100), raras (&gt;1/10.000, &lt;1/1.000), muy raras (&lt;1/10.000), incluyendo notificaciones aisladas. Se han utilizado datos de ensayos clínicos (internos y publicados) para determinar la frecuencia de las reacciones adversas clasificadas de muy frecuentes a poco frecuentes. Las reacciones adversas con un asterisco son generalmente transitorias y suelen desaparecer con la administración continuada de Lacidipino a la misma dosis. Lacidipino se tolera bien generalmente. Algunas personas pueden experimentar efectos secundarios menores, que están asociados a su acción farmacológica conocida de
  <effect gate:gateId="301" rule="Effect" Simplification="venas dilatadas">vasodilatación periférica</effect>
  . Trastornos del sistema
  <effect gate:gateId="302" rule="Effect" Simplification="nervioso">nervioso</effect>
  Frecuentes: Dolor de cabeza* y
  <effect gate:gateId="303" rule="Effect" Simplification="mareo y vértigo">vértigo</effect>
  * Trastornos cardíacos Frecuentes: Palpitaciones* Poco frecuentes: Empeoramiento de la
  <effect gate:gateId="304" rule="Effect" Simplification="dolor en la garganta">angina</effect>
  subyacente Como con otras dihidropiridinas, se ha descrito
  <effect gate:gateId="305" rule="Effect" Simplification="empeoramiento de la angina">empeoramiento de la angina</effect>
  subyacente en un pequeño número de individuos, especialmente después de comenzar el tratamiento. Esto es más probable que suceda en pacientes con
  <effect gate:gateId="306" rule="Effect" Simplification="disminución de flujo de sangre">isquemia</effect>
  cardíaca sintomática. Trastornos vasculares Frecuentes:
  <effect gate:gateId="307" rule="Effect" Simplification="rubor">rubor</effect>
  * Trastornos gastrointestinales Frecuentes: Trastornos gástricos, nauseas. Poco frecuentes: Hiperplasia gingival Trastornos de la piel y del tejido subcutáneo Frecuentes: "Rash cutáneo" (incluyendo
  <effect gate:gateId="308" rule="Effect" Simplification="enrojecimiento">eritema</effect>
  y
  <effect gate:gateId="309" rule="Effect" Simplification="picor">picor</effect>
  ) Trastornos renales y urinarios Frecuentes: Poliuria Trastornos generales y alteraciones en el lugar de adminstración Frecuentes:
  <effect gate:gateId="310" rule="Effect" Simplification="fatiga">astenia</effect>
  ,
  <effect gate:gateId="311" rule="Effect" Simplification="hinchazón">edema</effect>
  * Exploraciones complementarias Frecuentes. Aumento reversible de la fosfatasa alcalina (Es poco
</paragraph>
