<?xml version="1.0" encoding="UTF-8"?>
<paragraph xmlns:gate="http://www.gate.ac.uk" gate:gateId="0" gate:annotMaxId="267">
  Reacciones de
  <effect gate:gateId="233" rule="Effect" Simplification="alergia">hipersensibilidad</effect>
  : Poco frecuentes:
  <effect gate:gateId="234" rule="Effect" Simplification="picazón">prurito</effect>
  ,
  <effect gate:gateId="235" rule="Effect" Simplification="alteración de la piel">rash</effect>
  . Raras:
  <effect gate:gateId="236" rule="Effect" Simplification="urticaria">urticaria</effect>
  ,
  <effect gate:gateId="237" rule="Effect" Simplification="trastornos de los bronquios">broncoespasmo</effect>
  /
  <effect gate:gateId="238" rule="Effect" Simplification="jadeo">disnea</effect>
  . Muy raras:
  <effect gate:gateId="239" rule="Effect" Simplification="hinchazón debajo de la piel">angioedema</effect>
  ,
  <effect gate:gateId="240" rule="Effect" Simplification="presión arterial baja">hipotensión</effect>
  ,
  <effect gate:gateId="241" rule="Effect" Simplification="shock">shock</effect>
  de tipo anafiláctico, fotosensibilización. Casos aislados: erupciones bullosas graves, como síndrome de Stevens-Johnson, necrólisis Las reacciones muco-cutáneas, anafilácticas/anafilactoides en ocasiones pueden producirse incluso tras la primera dosis. Trastornos gastrointestinales y metabólicos: Frecuentes:
  <effect gate:gateId="242" rule="Effect" Simplification="náuseas">náuseas</effect>
  ,
  <effect gate:gateId="243" rule="Effect" Simplification="___">diarrea.</effect>
  Poco frecuentes:
  <effect gate:gateId="244" rule="Effect" Simplification="trastornos de la alimentación ">anorexia</effect>
  ,
  <effect gate:gateId="245" rule="Effect" Simplification="vómitos">vómitos</effect>
  ,
  <effect gate:gateId="246" rule="Effect" Simplification="dolor abdominal">dolor abdominal</effect>
  ,
  <effect gate:gateId="247" rule="Effect" Simplification="enfermedades del estómago ">dispepsia</effect>
  . Raros:
  <effect gate:gateId="248" rule="Effect" Simplification="diarrea sanguinolenta">diarrea sanguinolenta</effect>
  que, en casos muy raros, puede ser indicativa de Muy raros:
  <effect gate:gateId="249" rule="Effect" Simplification="poca azúcar en la sangre">hipoglucemia</effect>
  , particularmente en pacientes diabéticos. Trastornos neurológicos: Poco frecuentes:
  <effect gate:gateId="250" rule="Effect" Simplification="dolor de cabeza">cefalea</effect>
  ,
  <effect gate:gateId="251" rule="Effect" Simplification="mareo">mareos</effect>
  /
  <effect gate:gateId="252" rule="Effect" Simplification="mareo y vértigo">vértigo</effect>
  ,
  <effect gate:gateId="253" rule="Effect" Simplification="somnolencia">somnolencia</effect>
  ,
  <effect gate:gateId="254" rule="Effect" Simplification="insomnio">insomnio</effect>
  . Raros:
  <effect gate:gateId="255" rule="Effect" Simplification="cosquilleo">parestesias</effect>
  ,
  <effect gate:gateId="256" rule="Effect" Simplification="temblor">temblor</effect>
  ,
  <effect gate:gateId="257" rule="Effect" Simplification="ansiedad">ansiedad</effect>
  ,
  <effect gate:gateId="258" rule="Effect" Simplification="depresión">depresión</effect>
  , reacciones psicóticas,
  <effect gate:gateId="259" rule="Effect" Simplification="agitación">agitación</effect>
  , Muy raros: hipoestesias,
  <effect gate:gateId="260" rule="Effect" Simplification="trastornos visuales">trastornos visuales</effect>
  y auditivos, trastornos del gusto y del olfato, Trastornos psiquiátricos: Raros:
  <effect gate:gateId="261" rule="Effect" Simplification="ansiedad">ansiedad</effect>
  ,
  <effect gate:gateId="262" rule="Effect" Simplification="depresión">depresión</effect>
  , reacciones psicóticas,
  <effect gate:gateId="263" rule="Effect" Simplification="agitación">agitación</effect>
  Muy raros:
  <effect gate:gateId="264" rule="Effect" Simplification="alucinaciones">alucinaciones</effect>
  , reacciones psicóticas con
  <effect gate:gateId="265" rule="Effect" Simplification="comportamiento autolesivo">comportamiento autolesivo</effect>
  , incluyendo ideas suicidas o intentos de
  <effect gate:gateId="266" rule="Effect" Simplification="suicidio">suicidio</effect>
  (ver sección 4.4).
</paragraph>
