<?xml version="1.0" encoding="UTF-8"?>
<paragraph xmlns:gate="http://www.gate.ac.uk" gate:gateId="0" gate:annotMaxId="2245">
  El fármaco debe usarse con precaución en pacientes con una historia pasada de
  <effect gate:gateId="2119" rule="Effect" Simplification="enfermedad en el hígado">enfermedad hepática</effect>
  . La
  <effect gate:gateId="2120" rule="Effect" Simplification="enfermedad en el hígado">enfermedad hepática</effect>
  activa es una contraindicación para el uso de Lovastatina (véase 4.3 Contraindicaciones). EVALUACIONES OFTALMOLÓGICAS En
  <effect gate:gateId="2121" rule="Effect" Simplification="ausencia">ausencia</effect>
  de cualquier tratamiento farmacológico, es de esperar que la frecuencia de opacidades del cristalino aumente al paso del tiempo, como resultado del envejecimiento. Los datos actuales a largo plazo de los estudios clínicos no indican ningún efecto adverso de
  <drug gate:gateId="2122" rule="Drug">lovastatina</drug>
  sobre el cristalino humano. USO PEDIÁTRICO No se ha establecido la seguridad y la eficacia en niños. PACIENTES DE EDAD AVANZADA En un estudio controlado en pacientes mayores de 60 años, la eficacia de Lovastatina fue similar a la observada en el total de pacientes tratados y no hubo ningún aumento apreciable de la frecuencia de efectos adversos clínicos o de laboratorio. HIPERCOLESTEROLEMIA FAMILIAR HOMOZIGÓTICA En pacientes con
  <effect gate:gateId="2123" rule="Effect" Simplification="aumento de colesterol en la sangre">hipercolesterolemia familiar</effect>
  homozigótica, Lovastatina ha sido menos efectivo, posiblemente debido a que estos pacientes no tienen receptores para LDL funcionantes. Lovastatina parece causar, probablemente, más aumento de las transaminasas séricas (véase 4.8 Reacciones adversas) en estos pacientes homozigóticos. HIPERTRIGLICERIDEMIA Lovastatina tiene sólo un moderado efecto hipotrigliceridemiante y no está indicado cuando la
  <effect gate:gateId="2124" rule="Effect" Simplification="aumento de grasa en la sangre">hipertrigliceridemia</effect>
  es la anomalía de más importancia (por ejemplo, hiperlipemias tipos I, IV y V). Advertencias sobre excipientes Por contener butilhidroxianisol (E-320) como excipiente puede ser irritante de ojos, piel y mucosas. 4.5. Interacción con otros medicamentos y otras formas de
  <effect gate:gateId="2125" rule="Effect" Simplification="interacción">interacción</effect>
  Interacciones farmacodinámicas Interacciones con especialidades farmacéuticas hipolipemiantes que pueden producir
  <effect gate:gateId="2126" rule="Effect" Simplification="enfermedad muscular">miopatía</effect>
  cuando se administran solas El riesgo de
  <effect gate:gateId="2127" rule="Effect" Simplification="enfermedad muscular">miopatía</effect>
  , incluyendo rabdomiólisis, aumenta con la administración concomitante de
  <drug gate:gateId="2128" rule="Drug">lovastatina</drug>
  con gemfibrozilo, fibratos y
  <drug gate:gateId="2129" rule="Drug">niacina</drug>
  (ácido nicotínico) ( 1 g/día). Interaciones farmacocinéticas Efectos de otras especialidades farmacéuticas sobre
  <drug gate:gateId="2130" rule="Drug">lovastatina</drug>
  lnteracciones que afectan a la CYP3A4 Los inhibidores potentes del citocromo P450 3A4 aumentan el riesgo de
  <effect gate:gateId="2131" rule="Effect" Simplification="enfermedad muscular">miopatía</effect>
  y rabdomiólisis por aumento de la concentración plasmática de
  <drug gate:gateId="2132" rule="Drug">lovastatina</drug>
  . Tales inhibidores incluyen
  <drug gate:gateId="2133" rule="Drug">itraconazol</drug>
  ,
  <drug gate:gateId="2134" rule="Drug">ketoconazol</drug>
  ,
  <drug gate:gateId="2135" rule="Drug">eritromicina</drug>
  ,
  <drug gate:gateId="2136" rule="Drug">claritromicina</drug>
  ,
  <drug gate:gateId="2137" rule="Drug">telitromicina</drug>
  , inhibidores de la proteasa del HIV y
  <drug gate:gateId="2138" rule="Drug">nefazodona</drug>
  . Por tanto, la combinación con
  <drug gate:gateId="2139" rule="Drug">itraconazol</drug>
  ,
  <drug gate:gateId="2140" rule="Drug">ketoconazol</drug>
  , inhibidores de la proteasa del HIV,
  <drug gate:gateId="2141" rule="Drug">eritromicina</drug>
  ,
  <drug gate:gateId="2142" rule="Drug">claritromicina</drug>
  ,
  <drug gate:gateId="2143" rule="Drug">telitromicina</drug>
  y
  <drug gate:gateId="2144" rule="Drug">nefazodona</drug>
  está contraindicada. Si el tratamiento con
  <drug gate:gateId="2145" rule="Drug">itraconazol</drug>
  ,
  <drug gate:gateId="2146" rule="Drug">ketoconazol</drug>
  ,
  <drug gate:gateId="2147" rule="Drug">eritromicina</drug>
  ,
  <drug gate:gateId="2148" rule="Drug">claritromicina</drug>
  o
  <drug gate:gateId="2149" rule="Drug">telitromicina</drug>
  es ineludible, el tratamiento con
  <drug gate:gateId="2150" rule="Drug">lovastatina</drug>
  debe suspenderse durante el curso del tratamiento. Se debe terner precaución cuando se combina
  <drug gate:gateId="2151" rule="Drug">lovastatina</drug>
  con otros inhibidores menos potentes de la CYP3A4:
  <drug gate:gateId="2152" rule="Drug">ciclosporina</drug>
  , MINISTERIO
  <drug gate:gateId="2153" rule="Drug">verapamilo</drug>
  (véanse las secciones 4.2 Posología y forma de administración y 4.4 Advertencias y precauciones especiales de empleo). Ciclosporina El riesgo de
  <effect gate:gateId="2154" rule="Effect" Simplification="enfermedad muscular">miopatía</effect>
  / rabdomiólisis aumenta con la administración concomitante de
  <drug gate:gateId="2155" rule="Drug">ciclosporina</drug>
  , especialmente con dosis elevadas de
  <drug gate:gateId="2156" rule="Drug">lovastatina</drug>
  (véanse las secciones 4.2 Posología y forma readministración y 4.4 Advertencias y precauciones especiales de empleo). Por tanto, la dosis de
  <drug gate:gateId="2157" rule="Drug">lovastatina</drug>
  no debe superar los 20 mg al día en pacientes que reciben medicación concomitante con
  <drug gate:gateId="2158" rule="Drug">ciclosporina</drug>
  . Aunque no se conoce completamente el mecanismo,
  <drug gate:gateId="2159" rule="Drug">ciclosporina</drug>
  aumenta el AUC de
  <drug gate:gateId="2160" rule="Drug">lovastatina</drug>
  ácida, probablemente debido, en parte, a la inhibición de la CYP3A4. Danazol El riesgo de
  <effect gate:gateId="2161" rule="Effect" Simplification="enfermedad muscular">miopatía</effect>
  / rabdomiólisis aumenta con la administración concomitante de
  <drug gate:gateId="2162" rule="Drug">danazol</drug>
  con dosis elevadas de
  <drug gate:gateId="2163" rule="Drug">lovastatina</drug>
  (véase la sección 4.4 Advertencias y precauciones especiales de empleo). Amiodarona y
  <drug gate:gateId="2164" rule="Drug">verapamilo</drug>
  El riesgo de
  <effect gate:gateId="2165" rule="Effect" Simplification="enfermedad muscular">miopatía</effect>
  / rabdomiólisis aumenta cuando
  <drug gate:gateId="2166" rule="Drug">amiodarona</drug>
  o
  <drug gate:gateId="2167" rule="Drug">verapamilo</drug>
  se administran concomitantemente con dosis elevadas de un miembro estrechamente relacionado de la clase de los inhibidores de la HMG-CoA reductasa (véase la sección 4.4 Advertencias y precauciones especiales de empleo). Por tanto, el uso combinado de
  <drug gate:gateId="2168" rule="Drug">lovastatina</drug>
  no debe superar los 40 mg al día en pacientes que reciben medicación concomitante con
  <drug gate:gateId="2169" rule="Drug">amiodarona</drug>
  o
  <drug gate:gateId="2170" rule="Drug">verapamilo</drug>
  , a menos que sea posible que el beneficio clínico supere el aumento del riesgo de
  <effect gate:gateId="2171" rule="Effect" Simplification="enfermedad muscular">miopatía</effect>
  y rabdomiólisis. Zumo de pomelo El zumo de pomelo inhibe el citocromo P450 3A4. El consumo concomitante de grandes cantidades de zumo de pomelo (más de un litro al día) y
  <drug gate:gateId="2172" rule="Drug">lovastatina</drug>
  causó un aumento significativo en la actividad inhibidora de la HMG-CoA reductasa activa en plasma, determinada por la curva AUC-tiempo. Por tanto, debe evitarse el consumo de pomelo durante el tratamiento con
  <drug gate:gateId="2173" rule="Drug">lovastatina</drug>
  . Derivados cumarínicos Cuando se administran concomitantemente
  <drug gate:gateId="2174" rule="Drug">lovastatina</drug>
  y anticoagulantes cumarínicos el tiempo de protrombina puede aumentar en algunos pacientes. Se recomienda determinar el tiempo de protrombina en pacientes que toman anticoagulantes antes de comenzar el tratamiento con
  <drug gate:gateId="2175" rule="Drug">lovastatina</drug>
  y con la frecuencia suficiente durante el inicio del tratamiento para asegurar que no se produce ninguna alteración importante en el tiempo de protrombina. Después de documentar un tiempo de protrombina estable, los tiempos de protrombina pueden vigilarse a los intervalos recomendados habitualmente para los pacientes en tratamiento con anticoagulantes cumarínicos. Si se modifica la dosis de
  <drug gate:gateId="2176" rule="Drug">lovastatina</drug>
  , debe repetirse el mismo procedimiento. El tratamiento con
  <drug gate:gateId="2177" rule="Drug">lovastatina</drug>
  no se ha asociado a hemorragias ni a cambios en el tiempo de protrombina en pacientes que no reciben anticoagulantes. Propranolol En voluntarios normales, no se presentaron interacciones farmacodinámicas ni farmacocinéticas clínicamente significativas con la administración concomitante de dosis únicas de
  <drug gate:gateId="2178" rule="Drug">lovastatina</drug>
  y propranolol. Digoxina En pacientes con
  <effect gate:gateId="2179" rule="Effect" Simplification="aumento de colesterol en la sangre">hipercolesterolemia</effect>
  , la administración concomitante de
  <drug gate:gateId="2180" rule="Drug">lovastatina</drug>
  y digoxina no tuvo efectos sobre la concentración plasmática de digoxina. Otros tratamientos concomitantes En estudios clínicos,
  <drug gate:gateId="2181" rule="Drug">lovastatina</drug>
  se administró conjuntamente con inhibidores de la enzima convertidota de angiotensina (ECA), beta-bloqueantes, antagonistas del calcio (excepto
  <drug gate:gateId="2182" rule="Drug">verapamilo</drug>
  ), diuréticos y antiinflamatorios no esteroideos, fármacos hipoglucemientes (cloropropamida,
  <drug gate:gateId="2183" rule="Drug">glipizida</drug>
  ,
  <drug gate:gateId="2184" rule="Drug">gliburida</drug>
  , insulina), sin evidencia de interacciones adversas clínicamente significativas. 4.6. Embarazo y lactancia Embarazo Lovastatina está contraindicada durante el
  <effect gate:gateId="2185" rule="Effect" Simplification="embarazo">embarazo</effect>
  (véase 4.3 Contraindicaciones). No se ha establecido la seguridad en mujeres embarazadas. No se han realizado ensayos clínicos controlados con
  <drug gate:gateId="2186" rule="Drug">lovastatina</drug>
  en mujeres embarazadas. Se han recibido escasos informes de anomalías congénitas tras la exposición intrauterina a inhibidores de la HMG-CoA reductasa. Sin embargo, en un análisis de aproximadamente 200 embarazos seguidos prospectivamente expuestos durante el primer trimestre a
  <drug gate:gateId="2187" rule="Drug">lovastatina</drug>
  o a otro inhibidor de la HMG-CoA reductasa estrechamente relacionado, la incidencia de anomalias congénitas fue comparable a la observada en la población general. Este número de embarazos fue estadísticamente suficiente para excluir un aumento de 2,5 veces o más en las anomalías congénitas sobre la incidencia histórica. Aunque no hay evidencia de que la incidencia de anomalías congénitas en la descendencia de pacientes que toman
  <drug gate:gateId="2188" rule="Drug">lovastatina</drug>
  u otro inhibidor de la HMG-CoA reductasa estrechamente relacionado difiera de la observada en la población general, el tratamiento materno con
  <drug gate:gateId="2189" rule="Drug">lovastatina</drug>
  puede reducir los niveles fetales de mevalonato que es un precursor de la biosíntesis del colesterol. La aterosclerosis es un proceso crónico, y normalmente la interrupción de los fármacos hipolipemiantes durante el
  <effect gate:gateId="2190" rule="Effect" Simplification="embarazo">embarazo</effect>
  debería tener poco impacto sobre el riesgo a largo plazo asociado a la
  <effect gate:gateId="2191" rule="Effect" Simplification="aumento de colesterol en la sangre">hipercolesterolemia</effect>
  primaria. Por estas razones, las mujeres que estén embarazadas, intenten quedarse embarazadas o sospechen que están embarazadas no deben tomar Lovastatina. El tratamiento con Lovastatina debe suspenderse durante la duración del
  <effect gate:gateId="2192" rule="Effect" Simplification="embarazo">embarazo</effect>
  o hasta que se haya determinado que la mujer no está
  <effect gate:gateId="2193" rule="Effect" Simplification="embarazada">embarazada</effect>
  . (Véase 4.3 Contraindicaciones). Lactancia No se sabe si Lovastatina, o sus metabolitos, se excreta en la leche materna. Puesto que muchas especialidades farmacéuticas se excretan en la leche humana y debido al peligro de reacciones adversas graves las mujeres que tomen Lovastatina no deben dar el pecho a sus hijos (véase 4.3 Contraindicaciones). 4.7. Efectos sobre la capacidad para conducir y utilizar maquinaria MINISTERIO Lovastatina no tiene influencia o es insignificante sobre la capacidad para conducir y utilizar máquinas. Sin embargo, cuando se conduzcan vehículos o se utilicen máquinas, debe tenerse en cuenta que raramente se han comunicado
  <effect gate:gateId="2194" rule="Effect" Simplification="mareo">mareos</effect>
  después de la administración de
  <drug gate:gateId="2195" rule="Drug">lovastatina</drug>
  . 4.8 Reacciones adversas Las frecuencias de los siguientes acontecimientos adversas, que se han comunicado durante los estudios clínicos y/o el uso después de la comercialización, se clasifican basándose en una evaluación de sus índices de incidencia en dos estudios clínicos extensos, de larga duración y controlados con placebo, EXCEL y AFCAPS/TexCAPS, con 8.245 y 6.605 pacientes, respectivamente. La duración de los estudios AFCAPS/TexCAPS y EXCEL fue de una media de 5,2 años y 48 semanas, respectivamente. Para AFCAPS/TexCAPS, solo se registraron acontecimientos adversos graves, acontecimientos adversos relacionados con el fármaco, acontecimientos adversos que llevaron a la interrupción del tratamiento. Además se registraron aumentos de las transaminasas séricas y la CK. Para EXCEL, se registraron todos los acontecimientos adversos. Si los índices de incidencia de
  <drug gate:gateId="2196" rule="Drug">lovastatina</drug>
  eran inferiores o similares a los de placebo en estos estudios, y había acontecimientos similares comunicados espontáneamente, estos acontecimientos adversos se clasificaban como "raros". Las frecuencias de acontecimientos adversos se ordenan según lo siguiente: Muy frecuentes (&gt;1/10), Frecuentes ( 1/100, &lt;1/10), Poco frecuentes ( 1/1000, &lt; 1/100), Raras ( 1/10.000, &lt;1/1000), Muy raras (&lt; 1/10.000). Trastornos oculares Raras:
  <effect gate:gateId="2197" rule="Effect" Simplification="___">visión borrosa.</effect>
  Trastornos gastrointestinales: Frecuentes:
  <effect gate:gateId="2198" rule="Effect" Simplification="estreñimiento">estreñimiento</effect>
  ,
  <effect gate:gateId="2199" rule="Effect" Simplification="enfermedades del estómago ">dispepsia</effect>
  . Raras:
  <effect gate:gateId="2200" rule="Effect" Simplification="dolor abdominal">dolor abdominal</effect>
  ,
  <effect gate:gateId="2201" rule="Effect" Simplification="diarrea">diarrea</effect>
  ,
  <effect gate:gateId="2202" rule="Effect" Simplification="boca seca">boca seca</effect>
  ,
  <effect gate:gateId="2203" rule="Effect" Simplification="flatulencia">flatulencia</effect>
  ,
  <effect gate:gateId="2204" rule="Effect" Simplification="náuseas">náuseas</effect>
  ,
  <effect gate:gateId="2205" rule="Effect" Simplification="___">vómitos.</effect>
  Trastornos generales y alteraciones en el lugar de administración: Raras:
  <effect gate:gateId="2206" rule="Effect" Simplification="fatiga ">fatiga</effect>
  Trastornos hepáticos: Raras:
  <effect gate:gateId="2207" rule="Effect" Simplification="piel amarrilla">ictericia</effect>
  colestásica,
  <effect gate:gateId="2208" rule="Effect" Simplification="hepatitis">hepatitis</effect>
  . Trastornos del metabolismo y de la nutrición: Raras:
  <effect gate:gateId="2209" rule="Effect" Simplification="trastornos de la alimentación ">anorexia</effect>
  Trastornos musculoesqueléticos, del tejido conjuntivo y óseos: Raras:
  <effect gate:gateId="2210" rule="Effect" Simplification="enfermedad muscular">miopatía</effect>
  , rabdomiólisis (véase la sección 4.4 Advertencias y precauciones especiales de empleo),
  <effect gate:gateId="2211" rule="Effect" Simplification="dolor muscular">mialgia</effect>
  ,
  <effect gate:gateId="2212" rule="Effect" Simplification="calambres musculares">calambres musculares</effect>
  . Trastornos del sistema
  <effect gate:gateId="2213" rule="Effect" Simplification="nervioso">nervioso</effect>
  : Raras:
  <effect gate:gateId="2214" rule="Effect" Simplification="mareo">mareos</effect>
  ,
  <effect gate:gateId="2215" rule="Effect" Simplification="mal sabor">disgeusia</effect>
  ,
  <effect gate:gateId="2216" rule="Effect" Simplification="dolor de cabeza">cefalea</effect>
  ,
  <effect gate:gateId="2217" rule="Effect" Simplification="cosquilleo">parestesia</effect>
  ,
  <effect gate:gateId="2218" rule="Effect" Simplification="insuficiencia en los nervios del cerebro">neuropatía periférica</effect>
  . Trastornos psiquiátricos: Raras:
  <effect gate:gateId="2219" rule="Effect" Simplification="insomnio">insomnio</effect>
  , trastornos psíquicos incluyendo
  <effect gate:gateId="2220" rule="Effect" Simplification="ansiedad">ansiedad</effect>
  , trastornos del sueño Trastornos de la piel y del tejido subcutáneo: Poco frecuentes:
  <effect gate:gateId="2221" rule="Effect" Simplification="picazón">prurito</effect>
  Raras:
  <effect gate:gateId="2222" rule="Effect" Simplification="pérdida de cabello ">alopecia</effect>
  ,
  <effect gate:gateId="2223" rule="Effect" Simplification="múltiples manchas rojas">eritema multiforme</effect>
  incluyendo síndrome de Stevens-Johnson,
  <effect gate:gateId="2224" rule="Effect" Simplification="inflamación">erupción cutánea</effect>
  ,
  <effect gate:gateId="2225" rule="Effect" Simplification="enfermedad de la piel">necrólisis epidérmica</effect>
  tóxica. Raramente se ha comunicado un
  <effect gate:gateId="2226" rule="Effect" Simplification="sensibilidad">síndrome de hipersensibilidad</effect>
  aparente que ha incluido una o más de las siguientes características:
  <effect gate:gateId="2227" rule="Effect" Simplification="anafilaxia">anafilaxia</effect>
  ,
  <effect gate:gateId="2228" rule="Effect" Simplification="hinchazón debajo de la piel">angioedema</effect>
  , síndrome seudolúpico,
  <effect gate:gateId="2229" rule="Effect" Simplification="dolor muscular">polimialgia reumática</effect>
  ,
  <effect gate:gateId="2230" rule="Effect" Simplification="inflamación en la piel">dermatomiositis</effect>
  , vasculitis,
  <effect gate:gateId="2231" rule="Effect" Simplification="problemas de coagulación">trombocitopenia</effect>
  ,
  <effect gate:gateId="2232" rule="Effect" Simplification="disminución de leucocitos en la sangre">leucopenia</effect>
  ,
  <effect gate:gateId="2233" rule="Effect" Simplification="problemas en la sangre">eosinofilia</effect>
  ,
  <effect gate:gateId="2234" rule="Effect" Simplification="anemia">anemia hemolítica</effect>
  , positividad de los anticuerpos antinucleares (ANA), aumento de la velocidad de sedimentación globular,
  <effect gate:gateId="2235" rule="Effect" Simplification="artritis">artritis</effect>
  ,
  <effect gate:gateId="2236" rule="Effect" Simplification="dolor articular">artralgia</effect>
  ,
  <effect gate:gateId="2237" rule="Effect" Simplification="urticaria">urticaria</effect>
  ,
  <effect gate:gateId="2238" rule="Effect" Simplification="fatiga">astenia</effect>
  ,
  <effect gate:gateId="2239" rule="Effect" Simplification="intolerancia a la luz">fotosensibilidad</effect>
  ,
  <effect gate:gateId="2240" rule="Effect" Simplification="fiebre">fiebre</effect>
  ,
  <effect gate:gateId="2241" rule="Effect" Simplification="enrojecimiento de la piel">rubefacción</effect>
  ,
  <effect gate:gateId="2242" rule="Effect" Simplification="escalofríos">escalofríos</effect>
  ,
  <effect gate:gateId="2243" rule="Effect" Simplification="jadeo">disnea</effect>
  y
  <effect gate:gateId="2244" rule="Effect" Simplification="malestar general">malestar general</effect>
  . Exploraciones complementarias: Poco frecuentes: aumentos de las transaminasas (&gt;3 x LSN confirmado por pruebas repetidas) (véase 4.4 Advertencias y precauciones especiales de empleo). Raras: otras anomalías en las pruebas de función hepática, incluyendo elevación de la fosfatasa alcalina y bilirrubina; incrementos de los niveles de la CK sérica (atribuibles a la fracción no cardíaca de la CK). (Véase 4.4 Advertencias y precauciones especiales de empleo, Miopatía/ Rabdomiólisis).
</paragraph>
