<?xml version="1.0" encoding="UTF-8"?>
<paragraph xmlns:gate="http://www.gate.ac.uk" gate:gateId="0" gate:annotMaxId="1708">
  Riesgos cardiovasculares y cerebrovasculares: Se debe tener una precaución especial en pacientes con antecedentes de
  <effect gate:gateId="1627" rule="Effect" Simplification="presión arterial alta">hipertensión</effect>
  y/o
  <effect gate:gateId="1628" rule="Effect" Simplification="insuficiencia cardiaca">insuficiencia cardiaca</effect>
  , ya que se ha notificado
  <effect gate:gateId="1629" rule="Effect" Simplification="retención de líquidos">retención de líquidos</effect>
  y
  <effect gate:gateId="1630" rule="Effect" Simplification="hinchazón">edema</effect>
  en asociación con el tratamiento con AINE. Datos procedentes de ensayos clínicos y de estudios epidemiológicos sugieren que el empleo de algunos AINE (especialmente en dosis altas y en tratamientos de larga duración) se puede asociar con un moderado aumento del riesgo de acontecimientos aterotrombóticos (por ejemplo
  <effect gate:gateId="1631" rule="Effect" Simplification="infarto">infarto de miocardio</effect>
  o
  <effect gate:gateId="1632" rule="Effect" Simplification="trastorno de la circulación cerebral">ictus</effect>
  ). No existen datos suficientes para poder confirmar o excluir dicho riesgo en el caso de
  <drug gate:gateId="1633" rule="Drug">nabumetona</drug>
  . En consecuencia, los pacientes que presenten
  <effect gate:gateId="1634" rule="Effect" Simplification="presión arterial alta">hipertensión</effect>
  ,
  <effect gate:gateId="1635" rule="Effect" Simplification="insuficiencia cardiaca">insuficiencia cardiaca congestiva</effect>
  ,
  <effect gate:gateId="1636" rule="Effect" Simplification="enfermedad cardiaca">enfermedad coronaria</effect>
  establecida,
  <effect gate:gateId="1637" rule="Effect" Simplification="enfermedad en las arterias">arteriopatía</effect>
  periférica y/o
  <effect gate:gateId="1638" rule="Effect" Simplification="enfermedad">enfermedad</effect>
  cerebrovascular no controladas sólo deberían recibir tratamiento con LISTRAN si el médico juzga que la relación beneficio-riesgo para el paciente es favorable. Esta misma valoración debería realizarse antes de iniciar un tratamiento de larga duración en pacientes con factores de riesgo cardiovascular conocidos (p.ej.
  <effect gate:gateId="1639" rule="Effect" Simplification="presión arterial alta">hipertensión</effect>
  ,
  <effect gate:gateId="1640" rule="Effect" Simplification="colesterol">hiperlipidemia</effect>
  ,
  <effect gate:gateId="1641" rule="Effect" Simplification="diabetes">diabetes mellitus</effect>
  , fumadores). Riesgo de reacciones cutáneas graves: Se han descrito reacciones cutáneas graves, algunas mortales, incluyendo
  <effect gate:gateId="1642" rule="Effect" Simplification="inflamación en la piel">dermatitis exfoliativa</effect>
  , síndrome de Stevens-Johnson, y necrolisis epidermica tóxica con una frecuencia muy rara, menor de 1 caso cada 10.000 pacientes, en asociación con la utilización de AINE (ver sección 4.8). Parece que los pacientes tienen mayor riesgo de sufrir estas reacciones al comienzo del tratamiento: la aparición de dicha
  <effect gate:gateId="1643" rule="Effect" Simplification="alergia ">reacción adversa</effect>
  ocurre en la mayoría de los casos durante el primer mes de tratamiento. Debe suspenderse inmediatamente la administración de LISTRAN ante los primeros síntomas de
  <effect gate:gateId="1644" rule="Effect" Simplification="enrojecimiento">eritema cutáneo</effect>
  , lesiones mucosas u otros signos de
  <effect gate:gateId="1645" rule="Effect" Simplification="alergia">hipersensibilidad</effect>
  . Al igual que con todos los AINE, debe tenerse precaución en pacientes con
  <effect gate:gateId="1646" rule="Effect" Simplification="insuficiencia renal ">insuficiencia renal</effect>
  grave (aclaramiento de creatinina 30 ml/min/1,73 m2). En pacientes con procesos inflamatorios crónicos, pueden aparecer anomalías en la función hepática (concretamente, fluctuaciones en la fosfatasa alcalina). A pesar de que no se ha comprobado que
  <drug gate:gateId="1647" rule="Drug">nabumetona</drug>
  acentúe estos cambios, en caso de que se observen síntomas y/o signos que indiquen una disfunción hepática o resultados anómalos de las pruebas hepáticas, debe controlarse el posible desarrollo de una reacción hepática más grave durante el tratamiento con este fármaco, debiendo interrumpirse éste, si aparece una reacción de este tipo. Se han descrito casos de
  <effect gate:gateId="1648" rule="Effect" Simplification="visión borrosa">visión borrosa</effect>
  y/o disminuida con fármacos antiinflamatorios no esteroideos, incluyendo
  <drug gate:gateId="1649" rule="Drug">nabumetona</drug>
  . Se recomienda que los pacientes con este tipo de problemas sean revisados por un oftalmólogo. Se debe evitar la administración concomitante de LISTRAN con otros AINE, incluyendo los inhibidores selectivos de la ciclo-oxigenasa-2 (Coxib). Las reacciones adversas pueden reducirse si se utiliza la menor dosis eficaz durante el menor tiempo posible para controlar los síntomas. Uso en ancianos: los ancianos sufren una mayor incidencia de reacciones adversas a los AINE, y concretamente hemorragias y perforación gastrointestinales, que pueden ser mortales (ver sección 4.2). 4.5.- Interacciones con otros medicamentos y otras formas de
  <effect gate:gateId="1650" rule="Effect" Simplification="interacción">interacción</effect>
  Los ensayos in vitro demostraron que, debido a su afinidad por las proteínas, el metabolito activo de
  <drug gate:gateId="1651" rule="Drug">nabumetona</drug>
  puede desplazar a otros fármacos unidos a proteínas de su lugar de unión. La administración simultánea de un antiácido conteniendo aluminio no afectó de manera importante a la biodisponibilidad del metabolito activo de
  <drug gate:gateId="1652" rule="Drug">nabumetona</drug>
  . Cuando se administra con leche o alimentos, la absorción se produce de forma más rápida; sin embargo, la cantidad total del metabolito activo de
  <drug gate:gateId="1653" rule="Drug">nabumetona</drug>
  en el plasma permanece inalterada. Dos ensayos clínicos farmacológicos demostraron que no se producía una
  <effect gate:gateId="1654" rule="Effect" Simplification="interacción">interacción</effect>
  significativa in vivo entre
  <drug gate:gateId="1655" rule="Drug">warfarina</drug>
  y
  <drug gate:gateId="1656" rule="Drug">nabumetona</drug>
  . No obstante, deberá tenerse cuidado cuando se recete
  <drug gate:gateId="1657" rule="Drug">nabumetona</drug>
  con éste u otros fármacos con gran unión a proteínas. La administración simultánea de paracetamol,
  <drug gate:gateId="1658" rule="Drug">aspirina</drug>
  o
  <drug gate:gateId="1659" rule="Drug">cimetidina</drug>
  no afecta a la biodisponibilidad del principal metabolito circulante en voluntarios sanos. MINISTERIO Los AINE que aumentan las concentraciones plasmáticas de glicósidos cardioactivos,
  <drug gate:gateId="1660" rule="Drug">litio</drug>
  y
  <drug gate:gateId="1661" rule="Drug">metotrexato</drug>
  , pueden disminuir la eficacia terapéutica de los diuréticos y antihipertensivos y podrían inducir hiperkalemia cuando se administran con diuréticos ahorradores de
  <drug gate:gateId="1662" rule="Drug">potasio</drug>
  . No se han realizado estudios de
  <effect gate:gateId="1663" rule="Effect" Simplification="interacción">interacción</effect>
  entre
  <drug gate:gateId="1664" rule="Drug">nabumetona</drug>
  y estos fármacos; por tanto, se recomienda precaución en la administración simultánea de ambos. Anticoagulantes: Los AINE pueden aumentar los efectos de los anticoagulantes tipo dicumarínico (ver sección 4.4). Los antiagregantes plaquetarios aumentan el riesgo de
  <effect gate:gateId="1665" rule="Effect" Simplification="hemorragia gastrointestinal">hemorragia gastrointestinal</effect>
  (ver sección 4.4). Los corticoides pueden también aumentar el riesgo de
  <effect gate:gateId="1666" rule="Effect" Simplification="úlcera">úlcera</effect>
  o
  <effect gate:gateId="1667" rule="Effect" Simplification="sangrado">sangrado</effect>
  gastrointestinales (ver sección 4.4). Los inhibidores selectivos de la recaptación de serotonina (ISRS) pueden también aumentar el riesgo de
  <effect gate:gateId="1668" rule="Effect" Simplification="sangrado">sangrado</effect>
  gastrointestinales (ver sección 4.4). 4.6.- Embarazo y lactancia 1) Primer y segundo trimestre de la gestación: La inhibición de la síntesis de prostaglandinas puede afectar negativamente la gestación y/o el desarrollo del embrión/feto. Datos procedentes de estudios epidemiológicos sugieren un aumento del riesgo de
  <effect gate:gateId="1669" rule="Effect" Simplification="aborto">aborto</effect>
  y de malformaciones cardiacas y
  <effect gate:gateId="1670" rule="Effect" Simplification="problemas en el feto">gastrosquisis</effect>
  tras el uso de un inhibidor de la síntesis de prostaglandinas en etapas tempranas de la gestación. El riesgo absoluto de malformaciones cardiacas se incrementó desde menos del 1% hasta aproximadamente el 1,5%. Parece que el riesgo aumenta con la dosis y la duración del tratamiento. Durante el primer y segundo trimestres de la gestación, LISTRAN no debe administrarse a no ser que se considere estrictamente necesario. Si utiliza LISTRAN una mujer que intenta quedarse
  <effect gate:gateId="1671" rule="Effect" Simplification="embarazada">embarazada</effect>
  , o durante el primer y segundo trimestres de la gestación, la dosis y la duración del tratamiento deben reducirse lo máximo posible. 2) Tercer trimestre de la gestación: Durante el tercer trimestre de la gestación, todos los inhibidores de la síntesis de prostaglandinas pueden exponer al feto a: - Toxicidad cardio-pulmonar (con cierre prematuro del ductus arteriosus e
  <effect gate:gateId="1672" rule="Effect" Simplification="incremento presión pulmonar">hipertensión pulmonar</effect>
  ) - Disfunción renal, que puede progresar a
  <effect gate:gateId="1673" rule="Effect" Simplification="fallo renal">fallo renal</effect>
  con oligo-hidroamniosis. - Posible prolongación del tiempo de
  <effect gate:gateId="1674" rule="Effect" Simplification="sangrado ">hemorragia</effect>
  , debido a un efecto de tipo antiagregante que puede ocurrir incluso a dosis muy bajas. - Inhibición de las
  <effect gate:gateId="1675" rule="Effect" Simplification="contracciones uterinas">contracciones uterinas</effect>
  , que puede producir retraso o prolongación del
  <effect gate:gateId="1676" rule="Effect" Simplification="parto">parto</effect>
  . Consecuentemente, LISTRAN está contraindicado durante el tercer trimestre de
  <effect gate:gateId="1677" rule="Effect" Simplification="embarazo">embarazo</effect>
  (ver sección 4.3). 3) Fertilidad: El uso de LISTRAN puede alterar la fertilidad femenina y no se recomienda en mujeres que están intentando concebir. En mujeres con dificultades para concebir o que están siendo sometidas a una investigación de fertilidad, se debería considerar la suspensión de este medicamento 4) Lactancia: El desarrollo postnatal no se vio afectado, aún cuando el metabolito activo de
  <drug gate:gateId="1678" rule="Drug">nabumetona</drug>
  (6MNA) se detecta en la leche de las ratas lactantes. Debido a la falta de experiencia con el uso de
  <drug gate:gateId="1679" rule="Drug">nabumetona</drug>
  durante la lactancia en humanos, su uso deberá restringirse a aquellos casos en los que el posible beneficio para las madres justifique el riesgo potencial para el lactante. 4.7.- Efectos sobre la capacidad para conducir y utilizar máquinas Existe un riesgo de que aparezcan vértigos u otros trastornos del sistema
  <effect gate:gateId="1680" rule="Effect" Simplification="nervioso">nervioso</effect>
  central tras la administración de
  <drug gate:gateId="1681" rule="Drug">nabumetona</drug>
  . En tales casos, el paciente no debe conducir o utilizar maquinaria. 4.8.- Reacciones adversas Las reacciones adversas que se observan con mayor frecuencia son de naturaleza gastrointestinal. Pueden producirse úlceras pépticas, perforación o
  <effect gate:gateId="1682" rule="Effect" Simplification="hemorragia gastrointestinal">hemorragia gastrointestinal</effect>
  , en algunos casos mortales, especialmente en los ancianos (ver sección 4.4). También se han notificado
  <effect gate:gateId="1683" rule="Effect" Simplification="náuseas">naúseas</effect>
  ,
  <effect gate:gateId="1684" rule="Effect" Simplification="vómitos">vómitos</effect>
  ,
  <effect gate:gateId="1685" rule="Effect" Simplification="diarrea">diarrea</effect>
  ,
  <effect gate:gateId="1686" rule="Effect" Simplification="flatulencia">flatulencia</effect>
  ,
  <effect gate:gateId="1687" rule="Effect" Simplification="estreñimiento">constipación</effect>
  ,
  <effect gate:gateId="1688" rule="Effect" Simplification="enfermedades del estómago ">dispepsia</effect>
  ,
  <effect gate:gateId="1689" rule="Effect" Simplification="dolor abdominal">dolor abdominal</effect>
  , melena,
  <effect gate:gateId="1690" rule="Effect" Simplification="vomito con sangre">hematemesis</effect>
  ,
  <effect gate:gateId="1691" rule="Effect" Simplification="ulceración de la boca">estomatitis ulcerosa</effect>
  , exacerbación de
  <effect gate:gateId="1692" rule="Effect" Simplification="inflamación en el colon">colitis</effect>
  y
  <effect gate:gateId="1693" rule="Effect" Simplification="enfermedad">enfermedad</effect>
  de Crohn (ver sección 4.4 Advertencias y precauciones especiales de empleo). Se ha observado menos frecuentemente la aparición de
  <effect gate:gateId="1694" rule="Effect" Simplification="enfermedades del estómago">gastritis</effect>
  . Otras reacciones adversas descritas frecuentemente son: SISTEMA NERVIOSO CENTRAL:
  <effect gate:gateId="1695" rule="Effect" Simplification="dolor de cabeza">cefalea</effect>
  ,
  <effect gate:gateId="1696" rule="Effect" Simplification="mareo y vértigo">vértigo</effect>
  ,
  <effect gate:gateId="1697" rule="Effect" Simplification="fatiga ">fatiga</effect>
  ,
  <effect gate:gateId="1698" rule="Effect" Simplification="somnolencia">somnolencia</effect>
  e
  <effect gate:gateId="1699" rule="Effect" Simplification="insomnio">insomnio</effect>
  . CARDIOVASCULARES: Se han notificado
  <effect gate:gateId="1700" rule="Effect" Simplification="hinchazón">edema</effect>
  ,
  <effect gate:gateId="1701" rule="Effect" Simplification="presión arterial alta">hipertensión arterial</effect>
  e
  <effect gate:gateId="1702" rule="Effect" Simplification="insuficiencia cardiaca">insuficiencia cardiaca</effect>
  en asociación con el tratamiento con AINE. Datos procedentes de ensayos clínicos y de estudios epidemiológicos sugieren que el empleo de algunos AINE (especialmente en dosis altas y en tratamientos de larga duración) puede asociarse con un moderado aumento del riesgo de acontecimientos aterotrombóticos (por ejemplo
  <effect gate:gateId="1703" rule="Effect" Simplification="infarto">infarto de miocardio</effect>
  o
  <effect gate:gateId="1704" rule="Effect" Simplification="trastorno de la circulación cerebral">ictus</effect>
  ; ver sección 4.4). CUTÁNEOS:
  <effect gate:gateId="1705" rule="Effect" Simplification="inflamación">erupción cutánea</effect>
  y
  <effect gate:gateId="1706" rule="Effect" Simplification="picazón">prurito</effect>
  , reacciones ampollosas incluyendo el Síndrome de Stevens Johnson y la Necrolisis Epidérmica Tóxica (muy raros). SENSORIALES: tinnitus y
  <effect gate:gateId="1707" rule="Effect" Simplification="___">visión anormal.</effect>
  HEPATOBILIARES: Lesión hepática (rara).
</paragraph>
