<?xml version="1.0" encoding="UTF-8"?>
<paragraph xmlns:gate="http://www.gate.ac.uk" gate:gateId="0" gate:annotMaxId="2834">
  MINISTERIO Las benzodiazepinas pueden producir reacciones tales como
  <effect gate:gateId="2729" rule="Effect" Simplification="intranquilidad">intranquilidad</effect>
  ,
  <effect gate:gateId="2730" rule="Effect" Simplification="agitación">agitación</effect>
  ,
  <effect gate:gateId="2731" rule="Effect" Simplification="irritabilidad">irritabilidad</effect>
  ,
  <effect gate:gateId="2732" rule="Effect" Simplification="agresividad">agresividad</effect>
  , delirios, ataques de
  <effect gate:gateId="2733" rule="Effect" Simplification="ira">ira</effect>
  ,
  <effect gate:gateId="2734" rule="Effect" Simplification="pesadillas">pesadillas</effect>
  ,
  <effect gate:gateId="2735" rule="Effect" Simplification="alucinaciones">alucinaciones</effect>
  ,
  <effect gate:gateId="2736" rule="Effect" Simplification="psicótico">psicosis</effect>
  , comportamiento inadecuado y otros efectos adversos sobre la conducta. En caso de que esto ocurriera, se deberá suspender el tratamiento. Estas reacciones son más frecuentes en niños y ancianos. Grupos especiales de pacientes Uso en niños, ancianos y pacientes debilitados: Las benzodiazepinas no deben administrarse a niños a no ser que sea estrictamente necesario; la duración del tratamiento debe ser la mínima posible. Los ancianos y pacientes debilitados deben recibir una dosis menor dado que son más susceptibles a los efectos del fármaco. La monitorización de estos pacientes debe realizarse frecuentemente, con el fin de ajustar en cada caso la dosis conforme con la respuesta del paciente. Uso en pacientes con
  <effect gate:gateId="2737" rule="Effect" Simplification="insuficiencia respiratoria">insuficiencia respiratoria</effect>
  : La dosis a utilizar en pacientes con
  <effect gate:gateId="2738" rule="Effect" Simplification="insuficiencia respiratoria">insuficiencia respiratoria</effect>
  leve o moderada deberá ser menor por el riesgo asociado de
  <effect gate:gateId="2739" rule="Effect" Simplification="depresión respiratoria">depresión respiratoria</effect>
  , como por ejemplo en pacientes con
  <effect gate:gateId="2740" rule="Effect" Simplification="dificultad para respirar">enfermedad pulmonar obstructiva crónica</effect>
  (EPOC) . El uso de benzodiazepinas, incluyendo Lormetazepam, puede potencialmente conducir a una
  <effect gate:gateId="2741" rule="Effect" Simplification="depresión respiratoria">depresión respiratoria</effect>
  mortal. Uso en pacientes con
  <effect gate:gateId="2742" rule="Effect" Simplification="insuficiencia hepática">insuficiencia hepática</effect>
  : Al igual que con todas las benzodiazepinas, el uso de lormetazepam puede empeorar la
  <effect gate:gateId="2743" rule="Effect" Simplification="enfermedad mental">encefalopatía hepática</effect>
  . Lormetazepam deberá ser usado con precaución en pacientes con
  <effect gate:gateId="2744" rule="Effect" Simplification="insuficiencia hepática">insuficiencia hepática</effect>
  grave y/o
  <effect gate:gateId="2745" rule="Effect" Simplification="enfermedad en el cerebro">encefalopatía</effect>
  . Las benzodiazepinas no están recomendadas para el tratamiento de primera línea de la
  <effect gate:gateId="2746" rule="Effect" Simplification="enfermedad">enfermedad</effect>
  psicótica. Las benzodiazepinas no deben usarse solas para el tratamiento de la
  <effect gate:gateId="2747" rule="Effect" Simplification="ansiedad">ansiedad</effect>
  asociada a
  <effect gate:gateId="2748" rule="Effect" Simplification="depresión">depresión</effect>
  (riesgo de
  <effect gate:gateId="2749" rule="Effect" Simplification="suicidio">suicidio</effect>
  ). Las benzodiacepinas deben utilizarse con precaución extrema en aquellos pacientes con antecedentes de consumo de drogas o alcohol o pacientes con
  <effect gate:gateId="2750" rule="Effect" Simplification="perdida de la visión">glaucoma de ángulo cerrado</effect>
  . Interacción con otros medicamentos y otras formas de
  <effect gate:gateId="2751" rule="Effect" Simplification="interacción">interacción</effect>
  El efecto sedante puede potenciarse cuando se administra el producto en combinación con alcohol, lo que puede afectar a la capacidad de conducir o utilizar maquinaria. A tener en cuenta: Combinación con depresores del SNC. Se puede producir una potenciación del efecto depresor sobre el SNC al administrar concomitantemente con barbitúricos, antipsicóticos (neurolépticos), hipnóticos, ansiolíticos/sedantes, antidepresivos, analgésicos narcóticos, antiepilépticos/ anticonvulsivantes, anestésicos y antihistamínicos sedantes. La administración de
  <drug gate:gateId="2752" rule="Drug">teofilina</drug>
  o
  <drug gate:gateId="2753" rule="Drug">aminofilina</drug>
  puede reducir los efectos sedantes de las benzodiazepinas incluído Lormetazepam. En el caso de los analgésicos narcóticos también se puede producir un aumento de la sensación de
  <effect gate:gateId="2754" rule="Effect" Simplification="euforia">euforia</effect>
  , lo que puede incrementar la
  <effect gate:gateId="2755" rule="Effect" Simplification="dependencia">dependencia</effect>
  psíquica. Los compuestos que inhiben ciertos enzimas hepáticos (particularmente el citocromo P450) pueden potenciar la actividad de las benzodiazepinas. En menor grado, esto también es aplicable a aquellas benzodiazepinas que se metabolizan exclusivamente por conjugación. Embarazo y lactancia Uso durante el
  <effect gate:gateId="2756" rule="Effect" Simplification="embarazo">embarazo</effect>
  Loramet no deberá ser usado durante el
  <effect gate:gateId="2757" rule="Effect" Simplification="embarazo">embarazo</effect>
  . Si el producto se prescribe a una mujer que pudiera quedarse
  <effect gate:gateId="2758" rule="Effect" Simplification="embarazada">embarazada</effect>
  durante el tratamiento, se le recomendará que a la hora de planificar un
  <effect gate:gateId="2759" rule="Effect" Simplification="embarazo">embarazo</effect>
  o de detectar que está
  <effect gate:gateId="2760" rule="Effect" Simplification="embarazada">embarazada</effect>
  , contacte con su médico para proceder a la retirada del tratamiento. El uso de benzodiazepinas parece estar relacionado a un posible aumento del riesgo
  <effect gate:gateId="2761" rule="Effect" Simplification="congénito">congénito</effect>
  de malformaciones en el
  <effect gate:gateId="2762" rule="Effect" Simplification="primer trimestre de embarazo">primer trimestre de embarazo</effect>
  . Se ha detectado la presencia en sangre del cordón umbilical de humanos de benzodiazepinas y metabolitos glucurónicos, indicando este hecho el paso de este fármaco a través de la placenta. Si por estricta exigencia médica, se administra el producto durante una fase tardía del
  <effect gate:gateId="2763" rule="Effect" Simplification="embarazo">embarazo</effect>
  , o a altas dosis durante el
  <effect gate:gateId="2764" rule="Effect" Simplification="parto">parto</effect>
  , es previsible que puedan aparecer síntomas de retirada en el
  <effect gate:gateId="2765" rule="Effect" Simplification="recién nacido">neonato</effect>
  como
  <effect gate:gateId="2766" rule="Effect" Simplification="mal funcionamiento de un órgano">hipoactividad</effect>
  ,
  <effect gate:gateId="2767" rule="Effect" Simplification="hipotermia">hipotermia</effect>
  ,
  <effect gate:gateId="2768" rule="Effect" Simplification="disminución de tensión muscular">hipotonía</effect>
  ,
  <effect gate:gateId="2769" rule="Effect" Simplification="interrupción de la respiración">apnea</effect>
  ,
  <effect gate:gateId="2770" rule="Effect" Simplification="depresión respiratoria">depresión respiratoria</effect>
  , problemas en la alimentación y
  <effect gate:gateId="2771" rule="Effect" Simplification="desequilibrio">desequilibrio</effect>
  en la respuesta metabólica al stress por frío. Los niños nacidos de madres que toman benzodiazepinas de forma crónica durante varias semanas del
  <effect gate:gateId="2772" rule="Effect" Simplification="embarazo">embarazo</effect>
  o durante el último periodo del mismo, pueden desarrollar
  <effect gate:gateId="2773" rule="Effect" Simplification="dependencia">dependencia</effect>
  física y desencadenar
  <effect gate:gateId="2774" rule="Effect" Simplification="síndrome de abstinencia">síndrome de abstinencia</effect>
  en el periodo postnatal. Uso durante la lactancia Debido a que las benzodiacepinas se excretan por la leche materna, su uso está contraindicado en madres lactantes, a menos que el beneficio real en la mujer supere el riesgo potencial en el niño. Se han detectado casos de
  <effect gate:gateId="2775" rule="Effect" Simplification="sedación">sedación</effect>
  e incapacidad de mamar en neonatos cuyas madres se encontraban bajo tratamiento con benzodiazepinas. Estos recién nacidos deberán ser vigilados para detectar alguno de los efectos farmacológicos mencionados (incluyendo
  <effect gate:gateId="2776" rule="Effect" Simplification="sedación">sedación</effect>
  e
  <effect gate:gateId="2777" rule="Effect" Simplification="irritabilidad">irritabilidad</effect>
  ). Efectos sobre la capacidad para conducir vehículos y utilizar maquinaria Tal y como ocurre con pacientes en tratamiento con otros fármacos que actúan sobre el SNC, los pacientes en tratamiento con Loramet (Lormetazepam), deberán ser advertidos del peligro de trabajar con maquinaria o de conducir vehículos. La capacidad para conducir vehículos y utilizar maquinaria puede verse negativamente afectada por la
  <effect gate:gateId="2778" rule="Effect" Simplification="sedación">sedación</effect>
  ,
  <effect gate:gateId="2779" rule="Effect" Simplification="amnesia">amnesia</effect>
  , dificultad en la concentración y deterioro de la función muscular que pueden aparecer como consecuencia del tratamiento. Además, los periodos de sueño insuficientes pueden incrementar el deterioro del estado de alerta (ver apartado 4.5 Interacciones). Reacciones adversas A continuación se describen las reacciones adversas medicamentosas en relación a su frecuencia de aparición: Muy frecuentes Frecuentes Poco frecuentes Raras Muy raras Reacciones adversas generales Frecuentes: Astenia y
  <effect gate:gateId="2780" rule="Effect" Simplification="debilidad muscular">debilidad muscular</effect>
  . Muy raras: Reacciones de
  <effect gate:gateId="2781" rule="Effect" Simplification="alergia">hipersensibilidad</effect>
  y Sistema Cardiovascular Muy raras: Hipotensión, disminución de la
  <effect gate:gateId="2782" rule="Effect" Simplification="presión">presión</effect>
  sanguínea. Aparato digestivo Poco frecuentes: Nauseas. Muy raras: Estreñimiento, aumento de la bilirrubina, Trastornos del sistema linfático y sanguíneo Muy raras: Trombocitopenia,
  <effect gate:gateId="2783" rule="Effect" Simplification="poca producción de defensas en la sangre">agranulocitosis</effect>
  y Sistema
  <effect gate:gateId="2784" rule="Effect" Simplification="nervioso">nervioso</effect>
  y sensorial Muy frecuentes: Sedación,
  <effect gate:gateId="2785" rule="Effect" Simplification="fatiga">cansancio</effect>
  ,
  <effect gate:gateId="2786" rule="Effect" Simplification="___">somnolencia.</effect>
  Frecuentes: Ataxia,
  <effect gate:gateId="2787" rule="Effect" Simplification="confusión">confusión</effect>
  ,
  <effect gate:gateId="2788" rule="Effect" Simplification="depresión">depresión</effect>
  , Poco frecuentes: Cambio de la líbido,
  <effect gate:gateId="2789" rule="Effect" Simplification="impotencia">impotencia</effect>
  , disminución Muy raras: El efecto de las benzodiazepinas sobre el Amnesia Puede desarrollarse una
  <effect gate:gateId="2790" rule="Effect" Simplification="tipo de pérdida de memoria">amnesia anterógrada</effect>
  al utilizar dosis terapéuticas, siendo mayor el riesgo al incrementar la dosis. Los efectos amnésicos pueden asociarse a conductas inadecuadas (ver apartado 4.4 Advertencias y precauciones). Depresión La utilización de benzodiazepinas puede desenmascarar una
  <effect gate:gateId="2791" rule="Effect" Simplification="depresión">depresión</effect>
  pre-existente. MINISTERIO Reacciones psiquiátricas y paradójicas Al utilizar benzodiazepinas o compuestos similares, pueden aparecer reacciones tales como
  <effect gate:gateId="2792" rule="Effect" Simplification="intranquilidad">intranquilidad</effect>
  ,
  <effect gate:gateId="2793" rule="Effect" Simplification="agitación">agitación</effect>
  ,
  <effect gate:gateId="2794" rule="Effect" Simplification="irritabilidad">irritabilidad</effect>
  ,
  <effect gate:gateId="2795" rule="Effect" Simplification="agresividad">agresividad</effect>
  ,
  <effect gate:gateId="2796" rule="Effect" Simplification="delirio">delirio</effect>
  , ataques de
  <effect gate:gateId="2797" rule="Effect" Simplification="ira">ira</effect>
  ,
  <effect gate:gateId="2798" rule="Effect" Simplification="pesadillas">pesadillas</effect>
  ,
  <effect gate:gateId="2799" rule="Effect" Simplification="alucinaciones">alucinaciones</effect>
  ,
  <effect gate:gateId="2800" rule="Effect" Simplification="psicótico">psicosis</effect>
  , comportamiento inadecuado y otras alteraciones de la conducta. Dichas reacciones pueden ser severas y aparecen más frecuentemente en niños y ancianos. En caso de producirse, el fármaco debe ser discontinuado. Dependencia La administración del producto (incluso a dosis terapéuticas) puede conducir al desarrollo de
  <effect gate:gateId="2801" rule="Effect" Simplification="dependencia">dependencia</effect>
  física y psíquica. La supresión del tratamiento puede conducir al desarrollo de fenómenos de retirada o rebote (ver aparatado 4.4 Advertencias y Precauciones). Se han comunicado casos de
  <effect gate:gateId="2802" rule="Effect" Simplification="abuso">abuso</effect>
  . Sistema respiratorio Muy raras: Insuficiencia respiratoria,
  <effect gate:gateId="2803" rule="Effect" Simplification="interrupción de la respiración">apnea</effect>
  , empeoramiento de la Piel y anejos Muy raras: Reacciones alérgicas cutáneas,
  <effect gate:gateId="2804" rule="Effect" Simplification="pérdida de cabello ">alopecia</effect>
  . Sobredosificación Al igual que ocurre con otras benzodiazepinas, la sobredosis no representa una amenaza vital a no ser que su administración se combine con otros fármacos depresores del sistema nevioso central (SNC) o si se combina con alcohol. En estudios post autorización se ha observado que los casos de sobredosis con Loramet (Lormetazepam) han sido relacionados predominantemente por su combinación con alcohol y/o drogas. Tratamiento de la sobredosis El manejo clínico de la sobredosis de cualquier medicamento, siempre debe tener en cuenta la posibilidad de que el paciente haya ingerido múltiples productos. Tras una sobredosis de benzodiazepinas, debe inducirse el
  <effect gate:gateId="2805" rule="Effect" Simplification="vómito">vómito</effect>
  (antes de una hora) si el paciente conserva la consciencia. No se recomienda inducir el
  <effect gate:gateId="2806" rule="Effect" Simplification="vómito">vómito</effect>
  si existe riesgo de
  <effect gate:gateId="2807" rule="Effect" Simplification="aspiración">aspiración</effect>
  . Si el paciente está
  <effect gate:gateId="2808" rule="Effect" Simplification="inconsciente">inconsciente</effect>
  deberá realizarse un lavado gástrico con conservación de la vía aérea . Si el vaciado gástrico no aporta ninguna ventaja, deberá administrarse carbón activado para reducir la absorción. Deberá prestarse especial atención a las funciones respiratoria y cardiovascular si el paciente requiere ingreso en una unidad de cuidados intensivos para su monitorización. Lormetazepam es poco dializable, su metabolito inactivo glucurónido puede ser dializable. Uso de antídoto en casos de sobredosis En pacientes hospitalizados puede usarse flumazenilo (antagonista de benzodiazepinas) como método coadyuvante en el tratamiento de la sobredosis pero nunca como sustituto del método descrito anteriormente. En los pacientes que toman benzodiazepinas de forma crónica o en casos de sobredosisficación por antiderpresivos cíclicos, debe tenerse especial cuidado al administrarles flumazenilo ya que dicha asociación de fármacos puede aumentar el riesgo de
  <effect gate:gateId="2809" rule="Effect" Simplification="___">convulsiones.</effect>
  Síntomas de la sobredosis La
  <effect gate:gateId="2810" rule="Effect" Simplification="sobredosis">sobredosificación</effect>
  con benzodiacepinas se manifiesta generalmente por distintos grados de
  <effect gate:gateId="2811" rule="Effect" Simplification="depresión del sistema nervioso central">depresión del sistema nervioso central</effect>
  , que pueden ir desde
  <effect gate:gateId="2812" rule="Effect" Simplification="somnolencia">somnolencia</effect>
  hasta
  <effect gate:gateId="2813" rule="Effect" Simplification="coma">coma</effect>
  . En casos moderados, los síntomas incluyen
  <effect gate:gateId="2814" rule="Effect" Simplification="somnolencia">somnolencia</effect>
  ,
  <effect gate:gateId="2815" rule="Effect" Simplification="confusión">confusión</effect>
  y
  <effect gate:gateId="2816" rule="Effect" Simplification="letargico">letargia</effect>
  ;
  <effect gate:gateId="2817" rule="Effect" Simplification="dificultad para hablar">disartria</effect>
  en casos más serios, pueden aparecer
  <effect gate:gateId="2818" rule="Effect" Simplification="descoordinación muscular">ataxia</effect>
  , reacciones paradójicas,
  <effect gate:gateId="2819" rule="Effect" Simplification="depresión">depresión</effect>
  del SNC,
  <effect gate:gateId="2820" rule="Effect" Simplification="disminución de tensión muscular">hipotonía</effect>
  ,
  <effect gate:gateId="2821" rule="Effect" Simplification="presión arterial baja">hipotensión</effect>
  ,
  <effect gate:gateId="2822" rule="Effect" Simplification="depresión respiratoria">depresión respiratoria</effect>
  ,
  <effect gate:gateId="2823" rule="Effect" Simplification="depresión">depresión</effect>
  cardiaca,
  <effect gate:gateId="2824" rule="Effect" Simplification="coma">coma</effect>
  y
  <effect gate:gateId="2825" rule="Effect" Simplification="muerte">muerte</effect>
  . PROPIEDADES FARMACOLOGICAS LORAMET (Lormetazepam) posee propiedades sedantes y relajantes, actuando a través del sistema
  <effect gate:gateId="2826" rule="Effect" Simplification="nervioso">nervioso</effect>
  central; presenta también una acción estimuladora del sueño, de rápida actuación. Propiedades farmacodinámicas El mecanismo exacto de la acción de las benzodiacepinas no ha sido todavía dilucidado; sin embargo parece que las benzodiacepinas trabajan a través de varios mecanismos. Presumiblemente las benzodiacepinas ejercen sus efectos mediante su unión a receptores específicos en varios lugares en el sistema
  <effect gate:gateId="2827" rule="Effect" Simplification="nervioso">nervioso</effect>
  central, potenciando los efectos de inhibición sináptica o presináptica mediada por el ácido gamma-aminobutírico o afectando directamente la acción potencial de los mecanismos de generación. Propiedades farmacocinéticas El lormetazepam es una 3-hidroxibenzodiacepina que se absorbe rápidamente a partir del tracto gastrointestinal tras su administración oral. En el hígado, es sometida a un metabolismo de primer paso, en el que el 20% se conjuga con ácido glucurónico. El 80% restante está biodisponible. Debido a la escasa magnitud del metabolismo de primer paso, el lormetazepam no se ve afectado significativamente por la administración concomitante de fármacos que alteran el
  <effect gate:gateId="2828" rule="Effect" Simplification="flujo">flujo</effect>
  hepático o la extracción hepática de fármacos. El lormetazepam es extraído de la sangre por su distribución a los tejidos y por eliminación. La vida media de distribución es de aproximadamente 2 horas y la de eliminación es de aproximadamente 10 horas. La estructura química del lormetazepam incluye un grupo hidroxilo en posición 3 de la molécula original. Esto permite que el fármaco sufra un metabolismo de Fase II, sin que requiera una transformación de Fase I previa. La reacción de Fase II implicada en el metabolismo del lormetazepam es la conjugación con ácido glucurónico para producir un glucurónido farmacologicamente inactivo. Esto representa la principal vía metabólica del lormetazepam. Una pequeña cantidad de lormetazepam (&lt;6%) se desmetila para producir
  <drug gate:gateId="2829" rule="Drug">lorazepam</drug>
  . Este
  <drug gate:gateId="2830" rule="Drug">lorazepam</drug>
  se conjuga inmediatamente con ácido glucurónico y es excretado por el riñón. Como no se requieren reacciones de Fase I para la transformación metabólica del lormetazepam, el sistema de citocromo P-450 no desempeña ningún papel. A las concentraciones terapéuticas, alrededor del 85% del fármaco inalterado se une a las proteínas plasmáticas. En un estudio de farmacocinética comparativo con lormetazepam, los sujetos de edad avanzada mostraron áreas bajo la curva superiores y valores de aclaramiento plasmático total más bajos que los de los sujetos más jóvenes. Hubo una tendencia hacia una semivida de eliminación en los sujetos de edad avanzada, pero este hecho no llegó a alcanzar una significación estadística. La semivida plasmática terminal del glucurónido resultó significativamente más larga en sujetos de edad avanzada (aproximadamente unas 20 horas) que en sujetos jóvenes (12-13 horas). La farmacocinética del lormetazepam se evaluó en 5 pacientes (de edades comprendidas entre 40- 64 años) con
  <effect gate:gateId="2831" rule="Effect" Simplification="daño hepático">daño hepático</effect>
  de leve a moderado secundario a una
  <effect gate:gateId="2832" rule="Effect" Simplification="enfermedad en el hígado">cirrosis hepática</effect>
  . Después de una dosis oral de 0,03 mg/kg peso corporal, los pacientes cirróticos tuvieron niveles plasmáticos pico más altos (11-43 ng/ml) y áreas bajo la curva (83-188 ng.hr/ml) del fármaco inalterado comparado con los valores obtenidos para los voluntarios jóvenes (11-16 ng/ml y 74-113 ng.hr/ml, respectivamente). El aclaramiento plasmático total en el grupo cirrótico se encontró en el rango previamente descrito para los sujetos no cirróticos de edad avanzada. Después de la administración de una dosis de lormetazepam a pacientes urémicos, las concentraciones plasmáticas máximas y las áreas bajo la curva eran reducidas pero la distribución y la semivida de eliminación (13,7 horas) del fármaco no fue significativamente diferente de la de los sujetos sanos. Se retrasó la eliminación del metabolito glucurónido (31 ml/min/1,73 m2 vs 0,5 ml/min/1,73 m2). La hemodiálisis no tuvo ningún efecto significativo sobre la farmacocinética del lormetazepam pero eliminó sustancialmente el metabolismo glucurónido inactivo del plasma. Datos preclínicos sobre seguridad La DL50 de Lormetazepam en el ratón macho fue de 1,4 81,1-1,8) g/kg, en el ratón hembra de 2,0 (0,87-4,3) g/kg, en ratas macho y hembras &gt;5 g/kg, en perros macho y hembra, 2 g/kg y en mono macho, 2 g/kg. Los estudios realizados en diversas especies animales, no mostraron evidencia de que Lormetazepam ejerza una acción embriotóxica y en particular teratógena. Los estudios de carcinogénesis realizados con ratones y ratas no revelaron tendencias patológicas evidentes que sugirieran reacciones relacionadas con el fármaco. DATOS FARMACEUTICOS Lista de excipientes LORAMET 1 mg: Lactosa, almidón de maíz, polivinilpirrolidona K-25 y estearato magnésico. LORAMET 2 mg: Lactosa, amberlita, celulosa microcristalina y estearato magnésico. Incompatibilidades No tomar al mismo tiempo que depresores centrales intensos. Período de validez Cinco años. Precauciones especiales de conservación Conservar a temperatura ambiente (15°-30°C) Naturaleza y contenido del recipiente Los comprimidos se presentan envasados en
  <effect gate:gateId="2833" rule="Effect" Simplification="ampollas">blisters</effect>
  de PVC/aluminio. El contenido de los envases es: LORAMET 1 mg: 30 Y 500 comprimidos LORAMET 2 mg: 20 Y 500 comprimidos Instrucciones de uso/manipulación No requiere instrucciones especiales. TITULAR DE LA AUTORIZACIÓN DE COMERCIALIZACIÓN MEDA PHARMA S.A. Avda. de Castilla, 2. (P.E. San Fernando, Edif. Berlin) San Fernando de Henares NUMERO(S) DE AUTORIZACION DE COMERCIALIZACIÓN Loramet 1 mg Nº Registro: 56.293 Loramet 2 mg Nº Registro: 58.639 FECHA DE LA PRIMERA AUTORIZACIÓN/RENOVACIÓN DE LA AUTORIZACIÓN Loramet 1 mg 19 de abril de 1984 Loramet 2 mg 26 de noviembre de 1990 FECHA DE LA REVISIÓN DEL TEXTO ENERO 2004
</paragraph>
