<?xml version="1.0" encoding="UTF-8"?>
<paragraph xmlns:gate="http://www.gate.ac.uk" gate:gateId="0" gate:annotMaxId="208">
  En ensayos clínicos en una población pediátrica, niños de 2 a 12 años de edad, las reacciones adversas frecuentes comunicadas con una incidencia superior al grupo placebo fueron
  <effect gate:gateId="197" rule="Effect" Simplification="dolor de cabeza">cefalea</effect>
  (2,7%),
  <effect gate:gateId="198" rule="Effect" Simplification=" nerviosismo ">nerviosismo</effect>
  (2,3%) y
  <effect gate:gateId="199" rule="Effect" Simplification="fatiga">cansancio</effect>
  (1%). En ensayos clínicos en adultos y adolescentes en un intervalo de indicaciones que incluyen
  <effect gate:gateId="200" rule="Effect" Simplification="alergia">rinitis alérgica</effect>
  y
  <effect gate:gateId="201" rule="Effect" Simplification="ronchas">urticaria idiopática crónica</effect>
  , a la dosis recomendada de 10 mg diarios, se comunicaron reacciones adversas con
  <drug gate:gateId="202" rule="Drug">loratadina</drug>
  en un 2% de pacientes más que en los tratados con placebo. Las reacciones adversas más frecuentes comunicadas con una incidencia superior al grupo placebo fueron
  <effect gate:gateId="203" rule="Effect" Simplification="somnolencia">somnolencia</effect>
  (1,2%),
  <effect gate:gateId="204" rule="Effect" Simplification="dolor de cabeza">cefalea</effect>
  (0,6%),
  <effect gate:gateId="205" rule="Effect" Simplification="aumento del apetito">aumento del apetito</effect>
  (0,5%) e
  <effect gate:gateId="206" rule="Effect" Simplification="insomnio">insomnio</effect>
  (0,1%). Otras reacciones adversas comunicadas muy raramente durante el periodo de poscomercialización se presentan en la siguiente tabla. Trastornos del sistema inmunológico Trastornos del sistema
  <effect gate:gateId="207" rule="Effect" Simplification="nervioso">nervioso</effect>
  Trastornos cardíacos Trastornos gastrointestinales Trastornos hepatobiliares Trastornos de la piel y del tejido subcutáneo Trastornos generales y alteraciones en el lugar de administración Cansancio
</paragraph>
