<?xml version="1.0" encoding="UTF-8"?>
<paragraph xmlns:gate="http://www.gate.ac.uk" gate:gateId="0" gate:annotMaxId="1632">
  Insuficiencia Hepática Dado que los datos farmacocinéticos existentes demuestran un aumento importante de las concentraciones plasmáticas de
  <drug gate:gateId="1559" rule="Drug">losartán</drug>
  en los pacientes cirróticos, debe considerarse el uso de una dosis menor en los pacientes con historia de
  <effect gate:gateId="1560" rule="Effect" Simplification="daño hepático">afectación hepática</effect>
  (ver 4.2 Posología y forma de administración). Insuficiencia Renal Como consecuencia de la inhibición del sistema renina-angiotensina, se ha informado de cambios de la función renal, incluida
  <effect gate:gateId="1561" rule="Effect" Simplification="insuficiencia renal ">insuficiencia renal</effect>
  , en individuos susceptibles; estos cambios de la función renal pueden ser reversibles al suspender el medicamento. Otros fármacos que afectan al sistema renina-angiotensina pueden aumentar la urea en sangre y la creatinina sérica en los pacientes con
  <effect gate:gateId="1562" rule="Effect" Simplification="problemas en los riñones">estenosis bilateral de la arteria renal</effect>
  o estenosis de la arteria de un riñón único. Se han comunicado efectos similares con LOSARTÁN; estos cambios de la función renal pueden ser reversibles al suspenderse el tratamiento. Pacientes con Insuficiencia Cardíaca No se ha estudiado adecuadamente la sustitución de un inhibidor de la ECA por LOSARTÁN en pacientes con insuficiencia cardíaca estable. No se ha estudiado adecuadamente el uso concomitante de LOSARTÁN e inhibidores de la ECA. Niños: LOSARTÁN ACOST no ha sido estudiado en niños. No se debe usar LOSARTÁN con diuréticos ahorradores de
  <drug gate:gateId="1563" rule="Drug">potasio</drug>
  . Este medicamento contiene lactosa. Los pacientes con intolerancia hereditaria a galactosa, insuficiencia de lactasa de Lapp o problemas de absorción de glucosa o galactosa no deben tomar este medicamento. 4.5 Interacción con otros medicamentos y otras formas de
  <effect gate:gateId="1564" rule="Effect" Simplification="interacción">interacción</effect>
  No se han identificado interacciones farmacológicas de importancia clínica. Los compuestos estudiados en los ensayos farmacocinéticos clínicos incluyen:
  <drug gate:gateId="1565" rule="Drug">hidroclorotiazida</drug>
  , digoxina,
  <drug gate:gateId="1566" rule="Drug">warfarina</drug>
  ,
  <drug gate:gateId="1567" rule="Drug">cimetidina</drug>
  ,
  <drug gate:gateId="1568" rule="Drug">fenobarbital</drug>
  y
  <drug gate:gateId="1569" rule="Drug">ketoconazol</drug>
  . Diuréticos y otros agentes antihipertensivos: no se han observado interacciones al administrar LOSARTÁN con otros antihipertensivos. El tratamiento con dosis elevadas de diuréticos puede causar
  <effect gate:gateId="1570" rule="Effect" Simplification="disminución de volumen">depleción de volumen</effect>
  y riesgo de
  <effect gate:gateId="1571" rule="Effect" Simplification="presión arterial baja">hipotensión</effect>
  al iniciar el tratamiento con LOSARTÁN. Suplementos de
  <drug gate:gateId="1572" rule="Drug">potasio</drug>
  y diuréticos ahorradores de
  <drug gate:gateId="1573" rule="Drug">potasio</drug>
  : dado que los medicamentos que actúan sobre el sistema renina-angiotensina-aldosterona pueden producir
  <effect gate:gateId="1574" rule="Effect" Simplification="nivel alto de potasio">hipercaliemia</effect>
  , el uso concomitante de diuréticos ahorradores de
  <drug gate:gateId="1575" rule="Drug">potasio</drug>
  , de sustitutos de la sal que contengan
  <drug gate:gateId="1576" rule="Drug">potasio</drug>
  o de otros medicamentos susceptibles de incrementar los niveles séricos de
  <drug gate:gateId="1577" rule="Drug">potasio</drug>
  no se recomienda (ver 4.4 Advertencias y precauciones especiales de empleo). Como otros agentes antihipertensivos, el efecto antihipertensivo de
  <drug gate:gateId="1578" rule="Drug">losartán</drug>
  puede atenuarse con el fármaco antiinflamatorio no esteroideo
  <drug gate:gateId="1579" rule="Drug">indometacina</drug>
  . 4.6 Embarazo y lactancia Uso durante el
  <effect gate:gateId="1580" rule="Effect" Simplification="embarazo">embarazo</effect>
  Se ha demostrado que
  <drug gate:gateId="1581" rule="Drug">losartán</drug>
  potásico produce efectos adversos en los fetos y los recién nacidos de la rata. Los efectos consisten en disminución del peso corporal, mortalidad y/o
  <effect gate:gateId="1582" rule="Effect" Simplification="toxicidad renal">toxicidad renal</effect>
  . Además, se demostró que había concentraciones importantes de
  <drug gate:gateId="1583" rule="Drug">losartán</drug>
  y de su metabolito activo en la leche de la rata. Basándose en los datos farmacocinéticos, estos hallazgos se atribuyen a la exposición al fármaco durante el final de la gestación y la lactancia. Aunque no hay experiencia del uso de LOSARTÁN en mujeres gestantes, los estudios con
  <drug gate:gateId="1584" rule="Drug">losartán</drug>
  potásico en animales han demostrado lesiones y
  <effect gate:gateId="1585" rule="Effect" Simplification="muerte fetal">muerte fetal</effect>
  y neonatal, cuyo mecanismo se cree que está mediado farmacológicamente por los efectos sobre el sistema renina-angiotensina. En el hombre, la perfusión renal fetal, que depende del desarrollo del sistema renina-angiotensina, empieza en el segundo trimestre; por tanto, el riesgo para el feto aumenta si se administra LOSARTÁN durante el segundo o tercer trimestre de la gestación. Cuando se administran durante el segundo y tercer trimestre de la gestación, los fármacos que actúan directamente sobre el sistema renina-angiotensina pueden producir lesiones e incluso la
  <effect gate:gateId="1586" rule="Effect" Simplification="muerte">muerte</effect>
  del feto en desarrollo. Cuando se detecte un
  <effect gate:gateId="1587" rule="Effect" Simplification="embarazo">embarazo</effect>
  , debe suspenderse LOSARTÁN ACOST lo antes posible. Uso durante la lactancia Se desconoce si
  <drug gate:gateId="1588" rule="Drug">losartán</drug>
  se excreta en la leche humana. Sin embargo, se ha demostrado que en la leche de rata hay niveles importantes de
  <drug gate:gateId="1589" rule="Drug">losartán</drug>
  y de su metabolito activo. Debido a la posibilidad de efectos adversos en el lactante, debe decidirse si hay que interrumpir la lactancia o suprimir el fármaco, teniendo en cuenta la importancia del fármaco para la madre. 4.7 Efectos sobre la capacidad para conducir y utilizar maquinaria No hay datos que indiquen que LOSARTÁN afecta a la capacidad para conducir vehículos y utilizar maquinaria. Sin embargo, al conducir o manejar maquinaria debe tenerse en cuenta que durante el tratamiento con LOSARTÁN ACOST pueden aparecer
  <effect gate:gateId="1590" rule="Effect" Simplification="___">mareos.</effect>
  4.8 Reacciones adversas Las reacciones adversas observadas en los pacientes tratados con LOSARTÁN fueron, en general, leves y transitorias. Hipertensión: En estudios clínicos, controlados, de
  <effect gate:gateId="1591" rule="Effect" Simplification="incremento de presión">hipertensión esencial</effect>
  , los
  <effect gate:gateId="1592" rule="Effect" Simplification="mareo">mareos</effect>
  fueron la única
  <effect gate:gateId="1593" rule="Effect" Simplification="alergia ">reacción adversa</effect>
  comunicada en relación con el fármaco que apareció con frecuencia mayor que con el placebo en el 1% o más de los pacientes tratados con LOSARTÁN. Además, se observaron efectos ortostáticos proporcionales a la dosis en menos del 1% de los pacientes. En raras ocasiones se comunicaron exantemas, aunque su incidencia en los ensayos clínicos controlados fue menor que con placebo. En estos ensayos clínicos controlados doble
  <effect gate:gateId="1594" rule="Effect" Simplification="ciego">ciego</effect>
  de
  <effect gate:gateId="1595" rule="Effect" Simplification="incremento de presión">hipertensión esencial</effect>
  , los siguientes acontecimientos adversos comunicados con LOSARTÁN ocurrieron en &gt;1% de los pacientes, sin considerar su relación con el fármaco: Sistémicos Dolor 1.7 1.7 abdominal Astenia/fati 3.8 3.9 ga Dolor 1.1 2.6 torácico Edema/Hin 1.7 1.9 chazón Cardiovascular es Palpitación 1.0 0.4 Taquicardi 1.0 1.7 a Digestivos Diarrea 1.9 1.9 Dispepsia 1.1 1.5 Náuseas 1.8 2.8 Músculoesquel éticos Dolor de 1.6 1.1 espalda Calambres 1.0 1.1 musculares Nervioso/Psiqu iátricos Mareos 4.1 2.4 Cefaleas 14.1 17.2 Insomnio 1.1 0.7 Respiratorios Tos 3.1 2.6 Congestión 1.3 1.1 nasal Faringitis 1.5 2.6 Alteracione 1.0 1.3 s sinusales Infección 6.5 5.6 respiratoria alta LOSARTÁN fue normalmente bien tolerado en un estudio clínico controlado en pacientes hipertensos con
  <effect gate:gateId="1596" rule="Effect" Simplification="enfermedad cardiaca">hipertrofia ventricular izquierda</effect>
  . Los efectos adversos más frecuentes relacionados con el fármaco fueron
  <effect gate:gateId="1597" rule="Effect" Simplification="mareo">mareos</effect>
  ,
  <effect gate:gateId="1598" rule="Effect" Simplification="fatiga">astenia</effect>
  /
  <effect gate:gateId="1599" rule="Effect" Simplification="fatiga ">fatiga</effect>
  y
  <effect gate:gateId="1600" rule="Effect" Simplification="mareo y vértigo">vértigo</effect>
  . En el estudio LIFE, entre pacientes sin
  <effect gate:gateId="1601" rule="Effect" Simplification="diabetes">diabetes</effect>
  antes de iniciar el estudio, hubo una incidencia más baja de nuevos casos de
  <effect gate:gateId="1602" rule="Effect" Simplification="diabetes">diabetes mellitus</effect>
  con LOSARTÁN en comparación a
  <drug gate:gateId="1603" rule="Drug">atenolol</drug>
  (242 pacientes frente a 320 pacientes, respectivamente, p&lt;0,001). Debido a que no se incluyó grupo placebo en el estudio, se desconoce si esto representa un
  <effect gate:gateId="1604" rule="Effect" Simplification="efecto beneficioso">efecto beneficioso</effect>
  de LOSARTÁN o un efecto adverso de
  <drug gate:gateId="1605" rule="Drug">atenolol</drug>
  . Enfermedad renal en pacientes con
  <effect gate:gateId="1606" rule="Effect" Simplification="diabetes">diabetes</effect>
  tipo 2 con
  <effect gate:gateId="1607" rule="Effect" Simplification="exceso de proteína en la orina">proteinuria</effect>
  e
  <effect gate:gateId="1608" rule="Effect" Simplification="presión arterial alta">hipertensión</effect>
  : En un ensayo clínico controlado frente a placebo en el que se incluyeron 1.513 pacientes, las reacciones adversas más frecuentes relacionados con el fármaco fueron
  <effect gate:gateId="1609" rule="Effect" Simplification="fatiga">astenia</effect>
  /
  <effect gate:gateId="1610" rule="Effect" Simplification="fatiga ">fatiga</effect>
  ,
  <effect gate:gateId="1611" rule="Effect" Simplification="mareo">mareos</effect>
  ,
  <effect gate:gateId="1612" rule="Effect" Simplification="presión arterial baja">hipotensión</effect>
  e
  <effect gate:gateId="1613" rule="Effect" Simplification="aumento de hormonas de lactancia">hiperpotasemia</effect>
  (ver 4.4 Advertencias y precauciones especiales de empleo). Insuficiencia cardiaca: Las reacciones adversas más frecuentes, relacionadas con el fármaco, fueron
  <effect gate:gateId="1614" rule="Effect" Simplification="mareo">mareos</effect>
  e
  <effect gate:gateId="1615" rule="Effect" Simplification="presión arterial baja">hipotensión</effect>
  . Las siguientes reacciones adversas adicionales han sido comunicadas en incidentes después de su comercialización: Hipersensibilidad: Reacciones anafilácticas,
  <effect gate:gateId="1616" rule="Effect" Simplification="hinchazón debajo de la piel">angioedema</effect>
  incluyendo
  <effect gate:gateId="1617" rule="Effect" Simplification="hinchazón">hinchazón</effect>
  de la laringe y glotis que causa
  <effect gate:gateId="1618" rule="Effect" Simplification="obstrucción">obstrucción</effect>
  de la vía aérea y/o
  <effect gate:gateId="1619" rule="Effect" Simplification="hinchazón de la cara">hinchazón de la cara</effect>
  , labios, faringe y/o lengua ha sido comunicada raramente en pacientes tratados con
  <drug gate:gateId="1620" rule="Drug">losartán</drug>
  ; algunos de estos pacientes experimentaron previamente
  <effect gate:gateId="1621" rule="Effect" Simplification="hinchazón debajo de la piel">angioedema</effect>
  con otros fármacos incluyendo IECA's. Se ha comunicado vasculitis, incluyendo púrpura de Schoenlein Henoch. Gastrointestinales: Hepatitis (raramente comunicada),
  <effect gate:gateId="1622" rule="Effect" Simplification="diarrea">diarrea</effect>
  , anormalidades de la función hepática; Hematológicas: Anemia; Musculoesqueléticas: Mialgia; Sistema Nervioso/Psiquiátricas: Migraña; Respiratorio: Tos; Piel: Urticaria,
  <effect gate:gateId="1623" rule="Effect" Simplification="picazón">prurito</effect>
  . Hallazgos en las pruebas de laboratorio En estudios clínicos controlados sobre
  <effect gate:gateId="1624" rule="Effect" Simplification="incremento de presión">hipertensión esencial</effect>
  , rara vez se asociaron alteraciones clínicamente importantes de los parámetros de laboratorio habituales con la administración de LOSARTÁN. En los estudios clínicos de
  <effect gate:gateId="1625" rule="Effect" Simplification="presión arterial alta">hipertensión</effect>
  , el 1,5% de los pacientes presentaba
  <effect gate:gateId="1626" rule="Effect" Simplification="aumento de hormonas de lactancia">hiperpotasemia</effect>
  (
  <drug gate:gateId="1627" rule="Drug">potasio</drug>
  sérico &gt;5,5 mEq/L). En el ensayo clínico realizado en pacientes hipertensos con
  <effect gate:gateId="1628" rule="Effect" Simplification="diabetes">diabetes</effect>
  tipo 2 con
  <effect gate:gateId="1629" rule="Effect" Simplification="exceso de proteína en la orina">proteinuria</effect>
  , los acontecimientos adversos fueron similares a los encontrados previamente, salvo en el caso de la
  <effect gate:gateId="1630" rule="Effect" Simplification="nivel alto de potasio">hipercaliemia</effect>
  (
  <drug gate:gateId="1631" rule="Drug">potasio</drug>
  sérico&gt;5.5 mEq/L), que se encontró en el 9,9% de los pacientes tratados con LOSARTÁN y en el 3,4% de los controles (ver 4.4 Advertencias y precauciones especiales de empleo). Las elevaciones de la ALT (SGPT) fueron raras, y por lo general se resolvieron al suspender el tratamiento.
</paragraph>
