<?xml version="1.0" encoding="UTF-8"?>
<paragraph xmlns:gate="http://www.gate.ac.uk" gate:gateId="0" gate:annotMaxId="983">
  En los ensayos clínicos con Lotreve (n=1006), las reacciones adversas se debieron principalmente a los efectos anticolinérgicos de
  <drug gate:gateId="876" rule="Drug">oxibutinina</drug>
  . Al igual que otras formulaciones de
  <drug gate:gateId="877" rule="Drug">oxibutinina</drug>
  , la
  <effect gate:gateId="878" rule="Effect" Simplification="sequedad de boca">sequedad de boca</effect>
  ha sido el efecto adverso notificado con más frecuencia. Estimación de frecuencias: Muy frecuente 10 %; frecuente 1 % a &lt;10 %; infrecuente 0,1 % a &lt;1 %; raro 0,01 % a &lt;0,1 %; muy raro &lt;0,01 %. Trastornos del sistema linfático y sanguíneo: Raro:
  <effect gate:gateId="879" rule="Effect" Simplification="disminución de leucocitos en la sangre">leucopenia</effect>
  ,
  <effect gate:gateId="880" rule="Effect" Simplification="problemas de coagulación">trombocitopenia</effect>
  . Trastornos cardiacos: Frecuente:
  <effect gate:gateId="881" rule="Effect" Simplification="palpitaciones">palpitaciones</effect>
  . Infrecuente:
  <effect gate:gateId="882" rule="Effect" Simplification="arritmia">arritmia</effect>
  ,
  <effect gate:gateId="883" rule="Effect" Simplification="arritmia">arritmia</effect>
  atrial,
  <effect gate:gateId="884" rule="Effect" Simplification="anomalía cardiaca">bradicardia</effect>
  ,
  <effect gate:gateId="885" rule="Effect" Simplification="bloqueo cardiaco">bloqueo de rama</effect>
  ,
  <effect gate:gateId="886" rule="Effect" Simplification="alteración del ritmo cardiaco">arritmia nodal</effect>
  , extrasístole supraventricular. Trastornos de los ojos: Frecuentes:
  <effect gate:gateId="887" rule="Effect" Simplification="visión borrosa">visión borrosa</effect>
  ,
  <effect gate:gateId="888" rule="Effect" Simplification="sequedad">sequedad</effect>
  ocular. Infrecuentes: Conjuntivitis. Raro: Diplopia,
  <effect gate:gateId="889" rule="Effect" Simplification="perdida de la visión">glaucoma</effect>
  ,
  <effect gate:gateId="890" rule="Effect" Simplification="intolerancia a la luz">fotofobia</effect>
  . Trastornos gastrointestinales: Muy Frecuente: Sequedad de boca. Frecuentes: Estreñimiento,
  <effect gate:gateId="891" rule="Effect" Simplification="diarrea">diarrea</effect>
  , nauseas,
  <effect gate:gateId="892" rule="Effect" Simplification="enfermedades del estómago ">dispepsia</effect>
  ,
  <effect gate:gateId="893" rule="Effect" Simplification="dolor abdominal">dolor abdominal</effect>
  ,
  <effect gate:gateId="894" rule="Effect" Simplification="mal sabor">disgeusia</effect>
  ,
  <effect gate:gateId="895" rule="Effect" Simplification="flatulencia">flatulencia</effect>
  ,
  <effect gate:gateId="896" rule="Effect" Simplification="reflujo gástrico">reflujo gastroesofágico</effect>
  . Infrecuente:
  <effect gate:gateId="897" rule="Effect" Simplification="problemas para tragar">disfagia</effect>
  ,
  <effect gate:gateId="898" rule="Effect" Simplification="vómitos">vómitos</effect>
  , ulceraciones de la boca,
  <effect gate:gateId="899" rule="Effect" Simplification="abdomen prominente">distensión abdominal</effect>
  ,
  <effect gate:gateId="900" rule="Effect" Simplification="inflamación de la lengua">glositis</effect>
  ,
  <effect gate:gateId="901" rule="Effect" Simplification="inflamación en la boca">estomatitis</effect>
  . Raro: anormalidades de la defecación,
  <effect gate:gateId="902" rule="Effect" Simplification="estrechamiento del esófago">estenosis esofágica adquirida</effect>
  ,
  <effect gate:gateId="903" rule="Effect" Simplification="enfermedades del estómago">gastritis</effect>
  ,
  <effect gate:gateId="904" rule="Effect" Simplification="inflamación en el estomago">gastroenteritis viral</effect>
  ,
  <effect gate:gateId="905" rule="Effect" Simplification="hernia">hernia</effect>
  , trastornos rectales,
  <effect gate:gateId="906" rule="Effect" Simplification="trastorno estomacal">atonía gástrica</effect>
  , trastornos de la lengua,
  <effect gate:gateId="907" rule="Effect" Simplification="hinchazón en la lengua">edema de lengua</effect>
  . Generales: Frecuente: Astenia,
  <effect gate:gateId="908" rule="Effect" Simplification="sequedad">sequedad</effect>
  de las mucosas. Infrecuentes:
  <effect gate:gateId="909" rule="Effect" Simplification="dolor torácico">dolor torácico</effect>
  ,
  <effect gate:gateId="910" rule="Effect" Simplification="dolor">dolor</effect>
  , sensación de necesidad de beber. Raro: rigor,
  <effect gate:gateId="911" rule="Effect" Simplification="fiebre">fiebre</effect>
  , síntomas gripales,
  <effect gate:gateId="912" rule="Effect" Simplification="indisposición">indisposición</effect>
  ,
  <effect gate:gateId="913" rule="Effect" Simplification="dolor pélvico">dolor pélvico</effect>
  . Trastornos del sistema inmune: Raro:
  <effect gate:gateId="914" rule="Effect" Simplification="alergia">hipersensibilidad</effect>
  . Hallazgos: Infrecuente: electrocardiograma alterado, aumento de urea en sangre, aumento de la creatinina sérica. Raro: aumento de la fosfatasa alcalina sérica, aumento de la lactasa deshidrogenasa sérica, aumento de la aspartato-aminotransferasa sérica, aumento de la alanina aminotrasferasa sérica. Trastornos metabólicos y de la nutrición: Frecuente: Edema periférico. Infrecuentes: Anorexia,
  <effect gate:gateId="915" rule="Effect" Simplification="hinchazón">edema</effect>
  ,
  <effect gate:gateId="916" rule="Effect" Simplification="deshidratación">deshidratación</effect>
  ,
  <effect gate:gateId="917" rule="Effect" Simplification="alto nivel de azucar">hiperglucemia</effect>
  . Raro:
  <effect gate:gateId="918" rule="Effect" Simplification="aumento del apetito">aumento del apetito</effect>
  . Trastornos de tejido conectivo y musculoesquelético: Infrecuente:
  <effect gate:gateId="919" rule="Effect" Simplification="calambre muscular">calambre muscular</effect>
  ,
  <effect gate:gateId="920" rule="Effect" Simplification="dolor de espalda">dolor de espalda</effect>
  ,
  <effect gate:gateId="921" rule="Effect" Simplification="dolor muscular">mialgia</effect>
  . Raro: Artralgia,
  <effect gate:gateId="922" rule="Effect" Simplification="artritis">artritis</effect>
  . Trastornos del sistema
  <effect gate:gateId="923" rule="Effect" Simplification="nervioso">nervioso</effect>
  : Frecuente:
  <effect gate:gateId="924" rule="Effect" Simplification="somnolencia">somnolencia</effect>
  , jaquecas,
  <effect gate:gateId="925" rule="Effect" Simplification="mareo">mareos</effect>
  ,
  <effect gate:gateId="926" rule="Effect" Simplification="insomnio">insomnio</effect>
  ,
  <effect gate:gateId="927" rule="Effect" Simplification=" nerviosismo ">nerviosismo</effect>
  ,
  <effect gate:gateId="928" rule="Effect" Simplification="___">confusión.</effect>
  Infrecuente:
  <effect gate:gateId="929" rule="Effect" Simplification="pesadillas">pesadillas</effect>
  ,
  <effect gate:gateId="930" rule="Effect" Simplification="cosquilleo">parestesia</effect>
  ,
  <effect gate:gateId="931" rule="Effect" Simplification="mareo y vértigo">vértigo</effect>
  . Raro:
  <effect gate:gateId="932" rule="Effect" Simplification="tensión">hipertonía</effect>
  ,
  <effect gate:gateId="933" rule="Effect" Simplification="temblor">temblores</effect>
  , tinitus. Trastornos psiquiátricos: Infrecuentes:
  <effect gate:gateId="934" rule="Effect" Simplification="ansiedad">ansiedad</effect>
  ,
  <effect gate:gateId="935" rule="Effect" Simplification="___">depresión.</effect>
  Trastornos renales y urinarios: Frecuentes: trastornos de la micción, volumen urinario residual,
  <effect gate:gateId="936" rule="Effect" Simplification="retención urinaria">retención urinaria</effect>
  ,
  <effect gate:gateId="937" rule="Effect" Simplification="infección del tracto urinario">infección del tracto urinario</effect>
  ,
  <effect gate:gateId="938" rule="Effect" Simplification="orina y micción">hematuria</effect>
  ,
  <effect gate:gateId="939" rule="Effect" Simplification="micción involuntaria">nicturia</effect>
  ,
  <effect gate:gateId="940" rule="Effect" Simplification="pus en la orina">piuria</effect>
  , urgencia en la micción. Raro:
  <effect gate:gateId="941" rule="Effect" Simplification="incontinencia urinaria">incontinencia urinaria</effect>
  , orina anormal,
  <effect gate:gateId="942" rule="Effect" Simplification="trastornos en el desarrollo del aparato reproductivo">trastorno urogenital</effect>
  . Trastornos de las mamas y el sistema reproductivo: Infrecuente:
  <effect gate:gateId="943" rule="Effect" Simplification="dolor de pecho">dolor pectoral</effect>
  ,
  <effect gate:gateId="944" rule="Effect" Simplification="vaginitis">vaginitis</effect>
  . Raro:
  <effect gate:gateId="945" rule="Effect" Simplification="trastornos en el desarrollo del aparato reproductivo">trastorno vulvovaginal</effect>
  , trastorno cervical uterino,
  <effect gate:gateId="946" rule="Effect" Simplification="secreción genital">secreción genital</effect>
  . Trastornos mediastínicos, torácicos y respiratorios: Frecuente:
  <effect gate:gateId="947" rule="Effect" Simplification="faringitis">faringitis</effect>
  . Infrecuentes:
  <effect gate:gateId="948" rule="Effect" Simplification="tos">tos</effect>
  ,
  <effect gate:gateId="949" rule="Effect" Simplification="inflamación en las fosas nasales">rinitis</effect>
  ,
  <effect gate:gateId="950" rule="Effect" Simplification="ronquera">ronquera</effect>
  , epístaxis,
  <effect gate:gateId="951" rule="Effect" Simplification="infecciones">infecciones</effect>
  del tracto respiratorio alto,
  <effect gate:gateId="952" rule="Effect" Simplification="jadeo">disnea</effect>
  ,
  <effect gate:gateId="953" rule="Effect" Simplification="inflamación nasal">sinusitis</effect>
  . Raro:
  <effect gate:gateId="954" rule="Effect" Simplification="bronquitis">bronquitis</effect>
  ,
  <effect gate:gateId="955" rule="Effect" Simplification="infecciones virales">laringitis</effect>
  ,
  <effect gate:gateId="956" rule="Effect" Simplification="hinchazón">edema</effect>
  laríngeo,
  <effect gate:gateId="957" rule="Effect" Simplification="trastorno respiratorio">trastorno respiratorio</effect>
  , aumento de la producción de esputos. Trastorno del tejido subcutáneo y piel: Frecuente:
  <effect gate:gateId="958" rule="Effect" Simplification="___">piel seca.</effect>
  Infrecuente; Prurito,
  <effect gate:gateId="959" rule="Effect" Simplification="alteración de la piel">rash</effect>
  ,
  <effect gate:gateId="960" rule="Effect" Simplification="acné">acné</effect>
  ,
  <effect gate:gateId="961" rule="Effect" Simplification="urticaria">urticaria</effect>
  ,
  <effect gate:gateId="962" rule="Effect" Simplification="hinchazón">edema</effect>
  facial,
  <effect gate:gateId="963" rule="Effect" Simplification="pérdida de cabello ">alopecia</effect>
  ,
  <effect gate:gateId="964" rule="Effect" Simplification="enfermedad de la piel">eczema</effect>
  , trastornos de las uñas,
  <effect gate:gateId="965" rule="Effect" Simplification="decoloración de la piel">decoloración de la piel</effect>
  ,
  <effect gate:gateId="966" rule="Effect" Simplification="ausencia de sudoración">anhidrosis</effect>
  . Raro: trastornos del cabello,
  <effect gate:gateId="967" rule="Effect" Simplification="alteración de la piel">rash</effect>
  maculo-papular,
  <effect gate:gateId="968" rule="Effect" Simplification="masa de células">granuloma</effect>
  ,
  <effect gate:gateId="969" rule="Effect" Simplification="aumento de la sudoración">aumento de la sudoración</effect>
  , reacciones de
  <effect gate:gateId="970" rule="Effect" Simplification="intolerancia a la luz">fotosensibilidad</effect>
  . Trastornos vasculares: Infrecuente: Hipertensión,
  <effect gate:gateId="971" rule="Effect" Simplification="venas dilatadas">vasodilatación</effect>
  ,
  <effect gate:gateId="972" rule="Effect" Simplification="migraña">migraña</effect>
  . Raro:
  <effect gate:gateId="973" rule="Effect" Simplification="presión arterial baja">hipotensión</effect>
  ,
  <effect gate:gateId="974" rule="Effect" Simplification="inflamación de una vena">flebitis</effect>
  ,
  <effect gate:gateId="975" rule="Effect" Simplification="moretones ">equimosis</effect>
  . En estudios clínicos, la
  <effect gate:gateId="976" rule="Effect" Simplification="sequedad de boca">sequedad de boca</effect>
  se ha notificado con menos frecuencia con Lotreve que con formulaciones de
  <drug gate:gateId="977" rule="Drug">oxibutinina</drug>
  de liberación inmediata. Las reacciones adversas fueron por lo general proporcionales a la dosis. En pacientes que precisaban dosis finales de 5 ó 10 mg de Lotreve, la incidencia relativa de
  <effect gate:gateId="978" rule="Effect" Simplification="sequedad de boca">sequedad de boca</effect>
  aparecida con cualquier nivel de dosis fue 1,8 veces menor que en los pacientes que necesitaron dosis finales &gt;10 mg. Experiencia post-comercialización Tras la comercialización de clorhidrato de
  <drug gate:gateId="979" rule="Drug">oxibutinina</drug>
  se han notificado raramente efectos adversos tales como
  <effect gate:gateId="980" rule="Effect" Simplification="alucinaciones">alucinaciones</effect>
  ,
  <effect gate:gateId="981" rule="Effect" Simplification="ataque">convulsiones</effect>
  y
  <effect gate:gateId="982" rule="Effect" Simplification="impotencia">disfunción eréctil</effect>
  .
</paragraph>
