<?xml version="1.0" encoding="UTF-8"?>
<paragraph xmlns:gate="http://www.gate.ac.uk" gate:gateId="0" gate:annotMaxId="1045">
  El programa clínico de
  <drug gate:gateId="953" rule="Drug">pregabalina</drug>
  incluyó a más de 9.000 pacientes que fueron expuestos a
  <drug gate:gateId="954" rule="Drug">pregabalina</drug>
  , de los que más de 5.000 participaron en ensayos doble
  <effect gate:gateId="955" rule="Effect" Simplification="ciego">ciego</effect>
  controlados con placebo. Las reacciones adversas comunicadas con más frecuencia fueron
  <effect gate:gateId="956" rule="Effect" Simplification="mareo">mareos</effect>
  y
  <effect gate:gateId="957" rule="Effect" Simplification="___">somnolencia.</effect>
  Generalmente, las reacciones adversas fueron de intensidad de leve a moderada. En todos los estudios controlados, la tasa de abandono a causa de reacciones adversas fue del 13% para pacientes que estaban recibiendo
  <drug gate:gateId="958" rule="Drug">pregabalina</drug>
  y del 7% para pacientes que recibieron placebo. Las reacciones adversas que con más frecuencia dieron lugar a una interrupción del tratamiento en los grupos tratados con
  <drug gate:gateId="959" rule="Drug">pregabalina</drug>
  fueron
  <effect gate:gateId="960" rule="Effect" Simplification="mareo">mareos</effect>
  y
  <effect gate:gateId="961" rule="Effect" Simplification="___">somnolencia.</effect>
  En la tabla siguiente se relacionan todas las reacciones adversas, que tuvieron lugar con una incidencia superior a la detectada con placebo y en más de un paciente, ordenadas por sistema y frecuencia [muy frecuentes (&gt;1/10), frecuentes (&gt;1/100, &lt;1/10), poco frecuentes (&gt;1/1.000 y &lt;1/100) y raras (&lt;1/1.000)]. Las reacciones adversas se enumeran en orden decreciente de gravedad dentro de cada intervalo de frecuencia. Las reacciones adversas enumeradas también pueden estar relacionadas con la
  <effect gate:gateId="962" rule="Effect" Simplification="enfermedad">enfermedad</effect>
  subyacente y/o con la medicación que se administra al mismo tiempo. En el tratamiento del
  <effect gate:gateId="963" rule="Effect" Simplification="dolor por lesión en sistema nervioso">dolor neuropático</effect>
  central debido a
  <effect gate:gateId="964" rule="Effect" Simplification="lesión">lesión</effect>
  de la médula espinal se incrementó la incidencia de efectos adversos en general, efectos adversos a nivel del SNC y especialmente
  <effect gate:gateId="965" rule="Effect" Simplification="somnolencia">somnolencia</effect>
  (Ver sección 4.4). Las reacciones adversas adicionales notificadas durante la experiencia post-comercialización se incluyen en la siguiente tabla como "Frecuencia no conocida" y en cursiva. Sistema Reacciones adversas del fármaco Trastornos del sistema inmunológico Frecuencia no conocida Hipersensibilidad,
  <effect gate:gateId="966" rule="Effect" Simplification="hinchazón debajo de la piel">angioedema</effect>
  ,
  <effect gate:gateId="967" rule="Effect" Simplification="alergia">reacción alérgica</effect>
  Trastornos de la sangre y del sistema linfático Raras Neutropenia Trastornos del metabolismo y de la nutrición Frecuentes Aumento del apetito Poco frecuentes Anorexia Raras Hipoglucemia Trastornos psiquiátricos Frecuentes Estado de ánimo
  <effect gate:gateId="968" rule="Effect" Simplification="eufórico">eufórico</effect>
  ,
  <effect gate:gateId="969" rule="Effect" Simplification="confusión">confusión</effect>
  ,
  <effect gate:gateId="970" rule="Effect" Simplification="irritabilidad">irritabilidad</effect>
  , líbido Poco frecuentes Alucinaciones,
  <effect gate:gateId="971" rule="Effect" Simplification="crisis de angustia">crisis de angustia</effect>
  ,
  <effect gate:gateId="972" rule="Effect" Simplification="inquietud">inquietud</effect>
  ,
  <effect gate:gateId="973" rule="Effect" Simplification="agitación">agitación</effect>
  ,
  <effect gate:gateId="974" rule="Effect" Simplification="depresión">depresión</effect>
  , Raras Desinhibición,
  <effect gate:gateId="975" rule="Effect" Simplification="estado de ánimo elevado">estado de ánimo elevado</effect>
  Trastornos del sistema
  <effect gate:gateId="976" rule="Effect" Simplification="nervioso">nervioso</effect>
  Muy frecuentes Mareos,
  <effect gate:gateId="977" rule="Effect" Simplification="somnolencia">somnolencia</effect>
  Frecuentes Ataxia,
  <effect gate:gateId="978" rule="Effect" Simplification="coordinación anormal">coordinación anormal</effect>
  ,
  <effect gate:gateId="979" rule="Effect" Simplification="temblor">temblor</effect>
  ,
  <effect gate:gateId="980" rule="Effect" Simplification="dificultad para hablar">disartria</effect>
  , alteración de la Poco frecuentes Síncope,
  <effect gate:gateId="981" rule="Effect" Simplification="estupor">estupor</effect>
  ,
  <effect gate:gateId="982" rule="Effect" Simplification="trastornos del movimiento">mioclono</effect>
  ,
  <effect gate:gateId="983" rule="Effect" Simplification="inquietud">hiperactividad psicomotora</effect>
  ,
  <effect gate:gateId="984" rule="Effect" Simplification="pérdida del sentido del gusto">ageusia</effect>
  , Raras Hipocinesia,
  <effect gate:gateId="985" rule="Effect" Simplification="parosmia">parosmia</effect>
  , disgrafía Frecuencia no conocida Pérdida de conciencia,
  <effect gate:gateId="986" rule="Effect" Simplification="daño mental progresivo">daño mental progresivo</effect>
  ,
  <effect gate:gateId="987" rule="Effect" Simplification="dolor de cabeza">dolor de cabeza</effect>
  Trastornos oculares Frecuentes Visión borrosa,
  <effect gate:gateId="988" rule="Effect" Simplification="visión doble">diplopía</effect>
  Poco frecuentes Alteración de la visión,
  <effect gate:gateId="989" rule="Effect" Simplification="hinchazón ocular">hinchazón ocular</effect>
  ,
  <effect gate:gateId="990" rule="Effect" Simplification="defecto del campo visual">defecto del campo visual</effect>
  , Raras Pérdida de la visión periférica,
  <effect gate:gateId="991" rule="Effect" Simplification="sensación de movimiento">oscilopsia</effect>
  ,
  <effect gate:gateId="992" rule="Effect" Simplification="alteración visual">alteración visual</effect>
  de la Frecuencia no conocida Queratitis Trastornos del oído y del laberinto Frecuentes Vértigo Raras Hiperacusia Trastornos cardíacos Poco frecuentes Taquicardia Raras Bloqueo auriculoventricular de primer grado,
  <effect gate:gateId="993" rule="Effect" Simplification="alteración del ritmo cardiaco">taquicardia sinusal</effect>
  , Frecuencia no conocida Insuficiencia cardiaca congestiva Trastornos vasculares Poco frecuentes Rubefacción,
  <effect gate:gateId="994" rule="Effect" Simplification="sofoco">sofocos</effect>
  Raras Hipotensión,
  <effect gate:gateId="995" rule="Effect" Simplification="presión arterial alta">hipertensión</effect>
  ,
  <effect gate:gateId="996" rule="Effect" Simplification="problemas de presión">frialdad periférica</effect>
  Trastornos respiratorios, torácicos y mediastínicos Poco frecuentes Disnea,
  <effect gate:gateId="997" rule="Effect" Simplification="sequedad nasal">sequedad nasal</effect>
  Raras Epistaxis,
  <effect gate:gateId="998" rule="Effect" Simplification="sensación de opresión en la garganta">sensación de opresión en la garganta</effect>
  ,
  <effect gate:gateId="999" rule="Effect" Simplification="resfriado">nasofaringitis</effect>
  ,
  <effect gate:gateId="1000" rule="Effect" Simplification="tos">tos</effect>
  , Trastornos gastrointestinales Frecuentes Vómitos,
  <effect gate:gateId="1001" rule="Effect" Simplification="sequedad de boca">sequedad de boca</effect>
  ,
  <effect gate:gateId="1002" rule="Effect" Simplification="estreñimiento">estreñimiento</effect>
  ,
  <effect gate:gateId="1003" rule="Effect" Simplification="flatulencia">flatulencia</effect>
  Poco frecuentes Distensión abdominal,
  <effect gate:gateId="1004" rule="Effect" Simplification="enfermedad del estomago">enfermedad por reflujo gastroesofágico</effect>
  , Raras Ascitis,
  <effect gate:gateId="1005" rule="Effect" Simplification="pancreatitis">pancreatitis</effect>
  ,
  <effect gate:gateId="1006" rule="Effect" Simplification="problemas para tragar">disfagia</effect>
  Frecuencia no conocida Lengua hinchada,
  <effect gate:gateId="1007" rule="Effect" Simplification="diarrea">diarrea</effect>
  ,
  <effect gate:gateId="1008" rule="Effect" Simplification="náuseas">náuseas</effect>
  Trastornos de la piel y del tejido subcutáneo Poco frecuentes Erupción papular,
  <effect gate:gateId="1009" rule="Effect" Simplification=" sudoración ">sudoración</effect>
  Raras Urticaria,
  <effect gate:gateId="1010" rule="Effect" Simplification="sudor frío">sudor frío</effect>
  Frecuencia no conocida Síndrome de Stevens Johnson,
  <effect gate:gateId="1011" rule="Effect" Simplification="picazón">prurito</effect>
  Trastornos musculoesqueléticos y del tejido conjuntivo Poco frecuentes Sacudidas musculares,
  <effect gate:gateId="1012" rule="Effect" Simplification="hinchazón articular">hinchazón articular</effect>
  ,
  <effect gate:gateId="1013" rule="Effect" Simplification="calambres musculares">calambres musculares</effect>
  , Raras Rabdomiolisis,
  <effect gate:gateId="1014" rule="Effect" Simplification="espasmos">espasmo cervical</effect>
  ,
  <effect gate:gateId="1015" rule="Effect" Simplification="dolor de cuello">dolor de cuello</effect>
  Trastornos renales y urinarios Poco frecuentes Incontinencia urinaria,
  <effect gate:gateId="1016" rule="Effect" Simplification="dolor al orinar">disuria</effect>
  Raras Insuficiencia renal,
  <effect gate:gateId="1017" rule="Effect" Simplification="disminución de orina">oliguria</effect>
  Frecuencia no conocida Retención urinaria Trastornos del aparato reproductor y de la mama Frecuentes Disfunción eréctil Poco frecuentes Eyaculación retardada,
  <effect gate:gateId="1018" rule="Effect" Simplification="disfunción sexual">disfunción sexual</effect>
  Raras Amenorrea,
  <effect gate:gateId="1019" rule="Effect" Simplification="secreción mamaria">secreción mamaria</effect>
  ,
  <effect gate:gateId="1020" rule="Effect" Simplification="dolor de mama">dolor de mama</effect>
  ,
  <effect gate:gateId="1021" rule="Effect" Simplification="período">dismenorrea</effect>
  , Trastornos generales y alteraciones en el lugar de administración Frecuentes Marcha anormal,
  <effect gate:gateId="1022" rule="Effect" Simplification="sensación de embriaguez">sensación de embriaguez</effect>
  ,
  <effect gate:gateId="1023" rule="Effect" Simplification="fatiga ">fatiga</effect>
  ,
  <effect gate:gateId="1024" rule="Effect" Simplification="hinchazón en la pierna">edema periférico</effect>
  , Poco frecuentes Caídas,
  <effect gate:gateId="1025" rule="Effect" Simplification="opresión en el pecho">opresión en el pecho</effect>
  ,
  <effect gate:gateId="1026" rule="Effect" Simplification="fatiga">astenia</effect>
  ,
  <effect gate:gateId="1027" rule="Effect" Simplification="sed">sed</effect>
  Raras Anasarca,
  <effect gate:gateId="1028" rule="Effect" Simplification="fiebre">pirexia</effect>
  ,
  <effect gate:gateId="1029" rule="Effect" Simplification="escalofríos">escalofríos</effect>
  ,
  <effect gate:gateId="1030" rule="Effect" Simplification="dolor">dolor exacerbado</effect>
  Frecuencia no conocida Edema facial Exploraciones complementarias Frecuentes Aumento de peso Poco frecuentes Creatinfosfoquinasa elevada en sangre, alanina aminotransferasa Raras Glucosa elevada en sangre,
  <drug gate:gateId="1031" rule="Drug">potasio</drug>
  disminuido en sangre, recuento En algunos pacientes se han observado síntomas de retirada tras la interrupción del tratamiento con
  <drug gate:gateId="1032" rule="Drug">pregabalina</drug>
  tanto a corto como a largo plazo. Se han mencionado los siguientes acontecimientos:
  <effect gate:gateId="1033" rule="Effect" Simplification="insomnio">insomnio</effect>
  ,
  <effect gate:gateId="1034" rule="Effect" Simplification="dolor de cabeza">dolor de cabeza</effect>
  ,
  <effect gate:gateId="1035" rule="Effect" Simplification="náuseas">náuseas</effect>
  ,
  <effect gate:gateId="1036" rule="Effect" Simplification="diarrea">diarrea</effect>
  ,
  <effect gate:gateId="1037" rule="Effect" Simplification="gripe">síndrome gripal</effect>
  ,
  <effect gate:gateId="1038" rule="Effect" Simplification=" nerviosismo ">nerviosismo</effect>
  ,
  <effect gate:gateId="1039" rule="Effect" Simplification="depresión">depresión</effect>
  ,
  <effect gate:gateId="1040" rule="Effect" Simplification="dolor">dolor</effect>
  ,
  <effect gate:gateId="1041" rule="Effect" Simplification=" sudoración ">sudoración</effect>
  y
  <effect gate:gateId="1042" rule="Effect" Simplification="___">mareos.</effect>
  Se debe informar al paciente sobre esto al inicio del tratamiento. Con respecto a la interrupción del tratamiento de
  <drug gate:gateId="1043" rule="Drug">pregabalina</drug>
  a largo plazo no hay datos sobre la incidencia y gravedad de los síntomas de retirada en relación a la duración del tratamiento y a la dosis de
  <drug gate:gateId="1044" rule="Drug">pregabalina</drug>
  .
</paragraph>
