<?xml version="1.0" encoding="UTF-8"?>
<paragraph xmlns:gate="http://www.gate.ac.uk" gate:gateId="0" gate:annotMaxId="293">
  - Trastornos gastrointestinales:
  <effect gate:gateId="274" rule="Effect" Simplification="náuseas">náuseas</effect>
  ,
  <effect gate:gateId="275" rule="Effect" Simplification="vómitos">vómitos</effect>
  , dolores abdominales (relativamente más frecuentes con el empleo de los comprimidos de 300 mg),
  <effect gate:gateId="276" rule="Effect" Simplification="diarreas">diarreas</effect>
  , muy raramente con
  <effect gate:gateId="277" rule="Effect" Simplification="sangrado">sangrado</effect>
  . - Al igual que con otros antibióticos de amplio espectro se ha descrito la aparición de
  <effect gate:gateId="278" rule="Effect" Simplification="inflamación en el colon">colitis</effect>
  pseudomenbranosa en pacientes tratados con macrólidos - En casos aislados, se han observado síntomas de
  <effect gate:gateId="279" rule="Effect" Simplification="pancreatitis">pancreatitis</effect>
  ; la mayoría de los pacientes habían recibido otros medicamentos para los cuales la
  <effect gate:gateId="280" rule="Effect" Simplification="pancreatitis">pancreatitis</effect>
  era una
  <effect gate:gateId="281" rule="Effect" Simplification="alergia ">reacción adversa</effect>
  conocida. - Reacciones de
  <effect gate:gateId="282" rule="Effect" Simplification="alergia">hipersensibilidad</effect>
  : como con otros antibióticos macrólidos,
  <effect gate:gateId="283" rule="Effect" Simplification="inflamación">erupción cutánea</effect>
  ,
  <effect gate:gateId="284" rule="Effect" Simplification="urticaria">urticaria</effect>
  ,
  <effect gate:gateId="285" rule="Effect" Simplification="hinchazón debajo de la piel">angioedema</effect>
  ; excepcionalmente, púrpura,
  <effect gate:gateId="286" rule="Effect" Simplification="trastornos de los bronquios">broncoespasmo</effect>
  ,
  <effect gate:gateId="287" rule="Effect" Simplification="reacción alérgica mortal">shock anafiláctico</effect>
  . Se han observado
  <effect gate:gateId="288" rule="Effect" Simplification="múltiples manchas rojas">eritema multiforme</effect>
  , síndrome de Stevens Johnson y necrolisis epidérmica durante el tratamiento con roxitromicina. - Sensaciones de
  <effect gate:gateId="289" rule="Effect" Simplification="mareo">mareo</effect>
  , cefaleas,
  <effect gate:gateId="290" rule="Effect" Simplification="cosquilleo">parestesias</effect>
  . - Incrementos moderados en las transaminasas hepáticas (ASAT, ALAT y/o fosfatasa alcalina). Afectación hepática colestática o, más raramente, daño agudo hepatocelular. - Posible
  <effect gate:gateId="291" rule="Effect" Simplification="infecciones">infecciones</effect>
  por micetos. - Como con otros macrólidos, se han observado alteraciones del gusto y/u olfato. - Sobreinfección: al igual que con otros antibióticos, el uso de roxitromicina, especialmente si es prolongado, puede provocar un crecimiento de organismos no sensibles. Es esencial la evaluación repetida del estado del paciente. Si aparece
  <effect gate:gateId="292" rule="Effect" Simplification="sobreinfección">sobreinfección</effect>
  durante el tratamiento, deberán tomarse las medidas oportunas.
</paragraph>
