<?xml version="1.0" encoding="UTF-8"?>
<paragraph xmlns:gate="http://www.gate.ac.uk" gate:gateId="0" gate:annotMaxId="388">
  4.6. Embarazo y lactancia Los estudios de reproducción en animales no han determinado ningún riesgo para el feto, pero todavía no se ha demostrado la inocuidad de moclobemida en las mujeres embarazadas. Por lo tanto, deben sopesarse cuidadosamente los beneficios del tratamiento durante el
  <effect gate:gateId="375" rule="Effect" Simplification="embarazo">embarazo</effect>
  y los posibles riesgos para el feto. Aun cuando la moclobemida pasa tan sólo en pequeña cantidad a la leche materna (aprox. 1/30 de la dosis materna corregida para el peso), los beneficios de mantener el tratamiento en la madre lactante deben sopesarse frente a los posibles riesgos para el niño. 4.7 Efectos sobre la capacidad para conducir vehículos y utilizar maquinaria Por lo general, no es de esperar con Manerix una disminución del rendimiento en las actividades que requieren alerta mental completa (p.ej.: conducción de vehículos automóviles). No obstante, durante la primera fase del tratamiento debe vigilarse la reacción individual de cada paciente. MINISTERIO 4.8 Reacciones adversas Las reacciones adversas observadas con una frecuencia &lt;1/10.000 (muy raras) han sido(1): Trastornos psiquiátricos: Agitación, trastornos del sueño, sentimientos de
  <effect gate:gateId="376" rule="Effect" Simplification="ansiedad">ansiedad</effect>
  ,
  <effect gate:gateId="377" rule="Effect" Simplification="irritabilidad">irritabilidad</effect>
  ,
  <effect gate:gateId="378" rule="Effect" Simplification="___">confusión.</effect>
  Trastornos del sistema
  <effect gate:gateId="379" rule="Effect" Simplification="nervioso">nervioso</effect>
  : Mareos, cefaleas,
  <effect gate:gateId="380" rule="Effect" Simplification="cosquilleo">parestesia</effect>
  ,
  <effect gate:gateId="381" rule="Effect" Simplification="mareo y vértigo">vértigo</effect>
  . (Véase apartado 4.5 Interacción con otros medicamentos y otras formas de
  <effect gate:gateId="382" rule="Effect" Simplification="interacción">interacción</effect>
  ). Trastornos oculares: Trastornos visuales. Trastornos vasculares: Rubor. Trastornos gastrointestinales: Molestias gastrointestinales incluyendo
  <effect gate:gateId="383" rule="Effect" Simplification="náuseas">náuseas</effect>
  ,
  <effect gate:gateId="384" rule="Effect" Simplification="sequedad de boca">sequedad de boca</effect>
  . Trastornos hepatobiliares: Aumento de las enzimas hepáticas. Trastornos del tejido de la piel y subcutáneos: Rash,
  <effect gate:gateId="385" rule="Effect" Simplification="picazón">prurito</effect>
  ,
  <effect gate:gateId="386" rule="Effect" Simplification="___">urticaria.</effect>
  Se han descrito casos aislados de
  <effect gate:gateId="387" rule="Effect" Simplification="confusión">confusión</effect>
  , los cuales se han resuelto rápidamente al discontinuar la terapia. (1) La frecuencia de los efectos adversos se describe utilizando la convención: Muy frecuentes (&gt;1/10) Frecuentes (&gt;1/100, &lt;1/10) Poco frecuentes (&gt;1/1.000, &lt;1/100) Raras (&gt;1/10.000, &lt; 1/1.000) Muy raras (&lt;1/10.000, incluyendo informes aislados)
</paragraph>
