<?xml version="1.0" encoding="UTF-8"?>
<paragraph xmlns:gate="http://www.gate.ac.uk" gate:gateId="0" gate:annotMaxId="460">
  MAXALT se valoró hasta un año en más de 3.600 pacientes en estudios clínicos controlados. Los efectos adversos más frecuentes evaluados en estudios clínicos fueron
  <effect gate:gateId="409" rule="Effect" Simplification="mareo">mareo</effect>
  ,
  <effect gate:gateId="410" rule="Effect" Simplification="somnolencia">somnolencia</effect>
  y
  <effect gate:gateId="411" rule="Effect" Simplification="fatiga">astenia</effect>
  /
  <effect gate:gateId="412" rule="Effect" Simplification="___">fatiga.</effect>
  Los efectos adversos adicionales evaluados en estudios clínicos y comunicados en la experiencia tras la comercialización incluyen: [Frecuentes (&gt;1/100, &lt;1/10), Poco frecuentes (&gt;1/1.000, &lt;1/100) y Raros (&gt;1/10.000, &lt;1/1.000)] Trastornos psiqiátricos: Poco frecuentes:
  <effect gate:gateId="413" rule="Effect" Simplification="desorientación">desorientación</effect>
  ,
  <effect gate:gateId="414" rule="Effect" Simplification="insomnio">insomnio</effect>
  ,
  <effect gate:gateId="415" rule="Effect" Simplification=" nerviosismo ">nerviosismo</effect>
  Trastornos del sistema
  <effect gate:gateId="416" rule="Effect" Simplification="nervioso">nervioso</effect>
  : Frecuentes:
  <effect gate:gateId="417" rule="Effect" Simplification="cosquilleo">parestesia</effect>
  ,
  <effect gate:gateId="418" rule="Effect" Simplification="dolor de cabeza">cefalea</effect>
  ,
  <effect gate:gateId="419" rule="Effect" Simplification="entumecimiento">hipoestesia</effect>
  , disminución de la agudeza mental,
  <effect gate:gateId="420" rule="Effect" Simplification="temblor">temblor</effect>
  . Poco frecuentes:
  <effect gate:gateId="421" rule="Effect" Simplification="descoordinación muscular">ataxia</effect>
  , ,
  <effect gate:gateId="422" rule="Effect" Simplification="mareo y vértigo">vértigo</effect>
  . Raros:
  <effect gate:gateId="423" rule="Effect" Simplification="desmayo">síncope</effect>
  ,
  <effect gate:gateId="424" rule="Effect" Simplification="mal sabor">disgeusia</effect>
  /
  <effect gate:gateId="425" rule="Effect" Simplification="mal sabor">mal sabor</effect>
  , síndrome sertoninérgico. Trastornos oculares: Poco frecuentes:
  <effect gate:gateId="426" rule="Effect" Simplification="___">visión borrosa.</effect>
  Trastornos cardíacos: Frecuentes:
  <effect gate:gateId="427" rule="Effect" Simplification="palpitaciones">palpitaciones</effect>
  ,
  <effect gate:gateId="428" rule="Effect" Simplification="alteración del ritmo cardíaco">taquicardia</effect>
  . Raros:
  <effect gate:gateId="429" rule="Effect" Simplification="disminución de flujo de sangre">isquemia</effect>
  o
  <effect gate:gateId="430" rule="Effect" Simplification="infarto">infarto de miocardio</effect>
  ,
  <effect gate:gateId="431" rule="Effect" Simplification="infarto cerebral">accidente cerebrovascular</effect>
  . La mayoría de estas reacciones adversas se han comunicado en pacientes con factores de riesgo que predisponen a la
  <effect gate:gateId="432" rule="Effect" Simplification="enfermedad en las arterias">arteriopatía</effect>
  coronaria. Trastornos vasculares: Frecuentes:
  <effect gate:gateId="433" rule="Effect" Simplification="rubor">rubor</effect>
  /
  <effect gate:gateId="434" rule="Effect" Simplification="sofoco">sofocos</effect>
  . Poco frecuentes:
  <effect gate:gateId="435" rule="Effect" Simplification="presión arterial alta">hipertensión</effect>
  . Trastornos respiratorios, torácicos y mediastínicos: Frecuentes:
  <effect gate:gateId="436" rule="Effect" Simplification="molestia">molestia</effect>
  faríngea,
  <effect gate:gateId="437" rule="Effect" Simplification="jadeo">disnea</effect>
  . Raros: sibilancias. Trastornos gastrointestinaless: Frecuentes: nauseas,
  <effect gate:gateId="438" rule="Effect" Simplification="boca seca">boca seca</effect>
  ,
  <effect gate:gateId="439" rule="Effect" Simplification="vómitos">vómitos</effect>
  ,
  <effect gate:gateId="440" rule="Effect" Simplification="___">diarrea.</effect>
  Poco frecuentes:
  <effect gate:gateId="441" rule="Effect" Simplification="sed">sed</effect>
  ,
  <effect gate:gateId="442" rule="Effect" Simplification="enfermedades del estómago ">dispepsia</effect>
  . Trastornos de la piel y del tejido subcutáneo: Frecuentes:
  <effect gate:gateId="443" rule="Effect" Simplification="rubor">rubor</effect>
  ,
  <effect gate:gateId="444" rule="Effect" Simplification="sudor">sudor</effect>
  . Poco frecuentes:
  <effect gate:gateId="445" rule="Effect" Simplification="picazón">prurito</effect>
  ,
  <effect gate:gateId="446" rule="Effect" Simplification="___">urticaria.</effect>
  Raros:
  <effect gate:gateId="447" rule="Effect" Simplification="hinchazón debajo de la piel">angioedema</effect>
  (p. ej.,
  <effect gate:gateId="448" rule="Effect" Simplification="hinchazón">edema</effect>
  facial,
  <effect gate:gateId="449" rule="Effect" Simplification="hinchazón de la lengua">hinchazón de la lengua</effect>
  ,
  <effect gate:gateId="450" rule="Effect" Simplification="hinchazón en la faringe">edema faríngeo</effect>
  ),
  <effect gate:gateId="451" rule="Effect" Simplification="inflamación">erupción cutánea</effect>
  ,
  <effect gate:gateId="452" rule="Effect" Simplification="enfermedad de la piel">necrólisis epidérmica</effect>
  tóxica (para el
  <effect gate:gateId="453" rule="Effect" Simplification="hinchazón debajo de la piel">angioedema</effect>
  véase también la sección 4.4). Trastornos musculoesqueléticos y del tejido conjuntivo: Frecuentes: pesadez regional. Poco frecuentes:
  <effect gate:gateId="454" rule="Effect" Simplification="dolor de cuello">dolor de cuello</effect>
  ,
  <effect gate:gateId="455" rule="Effect" Simplification="tensión">tensión</effect>
  regional,
  <effect gate:gateId="456" rule="Effect" Simplification="rigidez">rigidez</effect>
  ,
  <effect gate:gateId="457" rule="Effect" Simplification="debilidad muscular">debilidad muscular</effect>
  . Raros:
  <effect gate:gateId="458" rule="Effect" Simplification="dolor facial">dolor facial</effect>
  . Trastornos generales y alteraciones en el lugar de administración: Frecuentes:
  <effect gate:gateId="459" rule="Effect" Simplification="dolor">dolor</effect>
  en el abdomen o en el pecho.
</paragraph>
