<?xml version="1.0" encoding="UTF-8"?>
<paragraph xmlns:gate="http://www.gate.ac.uk" gate:gateId="0" gate:annotMaxId="1003">
  Debe valorarse cuidadosamente la función renal en pacientes que estén recibiendo tratamiento concomitante con medicamentos potencialmente nefrotóxicos, como aminoglucósidos y diuréticos potentes. Ancianos: Cuando se administró a pacientes ancianos la dosis habitual recomendada para pacientes adultos, la eficacia y seguridad clínica fueron comparables a la eficacia y seguridad clínica mostrada en los pacientes adultos. Hubo un aumento ligero de la vida media de eliminación y los valores de aclaramiento renal fueron inferiores a los mostrados en sujetos más jóvenes. Se recomienda realizar ajustes de dosis en pacientes ancianos que presenten alteración de la función renal (ver 4.2. Posología y Forma de Administración). 4.5 Interacción con otros medicamentos y otras formas de
  <effect gate:gateId="947" rule="Effect" Simplification="interacción">interacción</effect>
  Se han descrito test de Coombs positivos, sin evidencia de
  <effect gate:gateId="948" rule="Effect" Simplification="problemas en la sangre">hemólisis</effect>
  , en pacientes tratados con MAXCEF ® BID (cada 12 horas). Es preferible utilizar el método analítico de la glucosa oxidasa ya que pueden aparecer falsos positivos al determinar la glucosa en orina. 4.6 Embarazo y lactancia MAXCEF (CEFEPIME). FICHA TECNICA. Noviembre 2002 4 No se ha establecido la seguridad de MAXCEF ® en mujeres embarazadas. Estudios reproductivos realizados en animales no han mostrado evidencia de
  <effect gate:gateId="949" rule="Effect" Simplification="lesión fetal">daño fetal</effect>
  , sin embargo, no hay estudios adecuados y bien controlados en mujeres embarazadas. Ya que los estudios de reproducción en animales no son siempre predictivos de la respuesta en humanos, sólo se administrará MAXCEF ® durante el
  <effect gate:gateId="950" rule="Effect" Simplification="embarazo">embarazo</effect>
  si los beneficios esperados justifican los posibles riesgos. MAXCEF ® se excreta en cantidades muy pequeñas en la leche humana. En consecuencia, debe tenerse precaución cuando se administre a mujeres lactantes. 4.7 Efectos sobre la capacidad para conducir y utilizar maquinaria No se dispone de datos acerca del efecto de MAXCEF ® sobre la capacidad para conducir . 4.8 Reacciones adversas Generalmente MAXCEF ® es bien tolerado. En los ensayos clínicos (N=5598) las reacciones adversas más comunes fueron síntomas gastrointestinales y reacciones de
  <effect gate:gateId="951" rule="Effect" Simplification="alergia">hipersensibilidad</effect>
  . Las reacciones adversas relacionadas, probable o posiblemente relacionadas con MAXCEF ® son: Infecciones: Poco frecuentemente puede aparecer
  <effect gate:gateId="952" rule="Effect" Simplification="infección en la boca">candidiasis oral</effect>
  y raramente
  <effect gate:gateId="953" rule="Effect" Simplification="infección en la piel">candidiasis</effect>
  inespecífica Trastornos del Sistema Nervioso Central: con poca frecuencia se ha descrito
  <effect gate:gateId="954" rule="Effect" Simplification="dolor de cabeza">cefalea</effect>
  y raramente,
  <effect gate:gateId="955" rule="Effect" Simplification="___">desvanecimiento.</effect>
  Muy raramente pueden aparecer
  <effect gate:gateId="956" rule="Effect" Simplification="confusión">confusión</effect>
  ,
  <effect gate:gateId="957" rule="Effect" Simplification="mareo y vértigo">vértigo</effect>
  y tinnitus. Trastornos vasculares: raramente puede aparecer
  <effect gate:gateId="958" rule="Effect" Simplification="venas dilatadas">vasodilatación</effect>
  y muy raramente
  <effect gate:gateId="959" rule="Effect" Simplification="presión arterial baja">hipotensión</effect>
  . Trastornos respiratorios: raramente puede aparecer
  <effect gate:gateId="960" rule="Effect" Simplification="jadeo">disnea</effect>
  Trastornos gastrointestinales: Frecuentemente puede aparecer
  <effect gate:gateId="961" rule="Effect" Simplification="___">diarrea.</effect>
  Con poca frecuencia pueden aparecer
  <effect gate:gateId="962" rule="Effect" Simplification="náuseas">náuseas</effect>
  ,
  <effect gate:gateId="963" rule="Effect" Simplification="vómitos">vómitos</effect>
  y
  <effect gate:gateId="964" rule="Effect" Simplification="inflamación en el colon">colitis</effect>
  (incluyendo
  <effect gate:gateId="965" rule="Effect" Simplification="infección en el colon">colitis pseudomembranosa</effect>
  ). Raramente aparece
  <effect gate:gateId="966" rule="Effect" Simplification="dolor abdominal">dolor abdominal</effect>
  ,
  <effect gate:gateId="967" rule="Effect" Simplification="estreñimiento">estreñimiento</effect>
  y
  <effect gate:gateId="968" rule="Effect" Simplification="alteración del gusto">alteración del gusto</effect>
  . Muy raramente se han descrito
  <effect gate:gateId="969" rule="Effect" Simplification="úlceras bucales">úlceras bucales</effect>
  . Trastornos alérgicos y dermatológicos: con frecuencia puede aparecer
  <effect gate:gateId="970" rule="Effect" Simplification="alteración de la piel">rash</effect>
  . Con poca frecuencia,
  <effect gate:gateId="971" rule="Effect" Simplification="picazón">prurito</effect>
  ,
  <effect gate:gateId="972" rule="Effect" Simplification="urticaria">urticaria</effect>
  y
  <effect gate:gateId="973" rule="Effect" Simplification="enrojecimiento">eritema</effect>
  y raramente
  <effect gate:gateId="974" rule="Effect" Simplification="anafilaxia">anafilaxia</effect>
  . Trastornos musculoesqueléticos: raramente pueden aparecer
  <effect gate:gateId="975" rule="Effect" Simplification="cosquilleo">parestesia</effect>
  y
  <effect gate:gateId="976" rule="Effect" Simplification="escalofríos">escalofríos</effect>
  . Raramente,
  <effect gate:gateId="977" rule="Effect" Simplification="ataque">convulsiones</effect>
  y muy raramente pueden aparecer
  <effect gate:gateId="978" rule="Effect" Simplification="dolor articular">artralgia</effect>
  y tinnitus. Trastornos del aparato genital: Con poca frecuencia puede aparecer
  <effect gate:gateId="979" rule="Effect" Simplification="vaginitis">vaginitis</effect>
  y raramente
  <effect gate:gateId="980" rule="Effect" Simplification="picazón en los genitales">prurito genital</effect>
  . Otros trastornos generales que pueden aparecer con poca frecuencia son
  <effect gate:gateId="981" rule="Effect" Simplification="fiebre">fiebre</effect>
  y muy raramente
  <effect gate:gateId="982" rule="Effect" Simplification="hinchazón">edema</effect>
  . Reacciones en el lugar de la inyección: El 5,2% de los pacientes presentaron reacciones locales en el lugar de inyección IV que incluyeron
  <effect gate:gateId="983" rule="Effect" Simplification="inflamación de una vena">flebitis</effect>
  (2,9%) e
  <effect gate:gateId="984" rule="Effect" Simplification="inflamación">inflamación</effect>
  (0,1%). La administración intramuscular de MAXCEF ® fue bien tolerada, sólo un 2,6% de los pacientes experimentaron
  <effect gate:gateId="985" rule="Effect" Simplification="inflamación">inflamación</effect>
  o
  <effect gate:gateId="986" rule="Effect" Simplification="dolor en el lugar de la inyección">dolor en el lugar de la inyección</effect>
  . Alteraciones en las pruebas analíticas: Las anormalidades de los parámetros de laboratorio que se han desarrollado durante los ensayos clínicos en pacientes con valores normales han sido transitorias. Las ocurridas con una frecuencia entre el 1% y el 2% (excepto cuando aparezca de otra forma) fueron: elevaciones en alanina aminotransferasa (3,6%), aspartato aminotransferasa (2,5%), alcalino fosfatasa, bilirubina total,
  <effect gate:gateId="987" rule="Effect" Simplification="anemia">anemia</effect>
  ,
  <effect gate:gateId="988" rule="Effect" Simplification="problemas en la sangre">eosinofilia</effect>
  , prolongación del tiempo de protrombina, tiempo de tromboplastina parcial (2,8%), y test de Coombs positivo sin
  <effect gate:gateId="989" rule="Effect" Simplification="problemas en la sangre">hemólisis</effect>
  (18,7%). En el 0,5% - 1% de los pacientes se observaron elevaciones transitorias de urea en sangre y/o creatinina sérica y
  <effect gate:gateId="990" rule="Effect" Simplification="problemas de coagulación">trombocitopenia</effect>
  transitoria. También se observó
  <effect gate:gateId="991" rule="Effect" Simplification="disminución de leucocitos en la sangre">leucopenia</effect>
  y
  <effect gate:gateId="992" rule="Effect" Simplification="problemas en la sangre">neutropenia</effect>
  transitorias (&lt; 0,5%). Durante la experiencia post- comercialización se comunicaron raros casos de
  <effect gate:gateId="993" rule="Effect" Simplification="poca producción de defensas en la sangre">agranulocitosis</effect>
  . MAXCEF (CEFEPIME). FICHA TECNICA. Noviembre 2002 5 Durante la experiencia post-comercialización, se han comunicados casos de
  <effect gate:gateId="994" rule="Effect" Simplification="enfermedad en el cerebro">encefalopatía</effect>
  ,
  <effect gate:gateId="995" rule="Effect" Simplification="ataque">convulsiones</effect>
  , mioclonías y/o
  <effect gate:gateId="996" rule="Effect" Simplification="fallo renal">fallo renal</effect>
  en pacientes con
  <effect gate:gateId="997" rule="Effect" Simplification="insuficiencia renal ">insuficiencia renal</effect>
  que recibieron dosis de cefepima no ajustadas (Ver 4.4 Advertencias y precauciones especiales de empleo). Las siguientes reacciones adversas y pruebas de laboratorio alteradas se han descrito con antibióticos cefalosporínicos: síndrome de Stevens-Johnson,
  <effect gate:gateId="998" rule="Effect" Simplification="múltiples manchas rojas">eritema multiforme</effect>
  , necrolisis tóxica epidérmica,
  <effect gate:gateId="999" rule="Effect" Simplification="mal funcionamiento del riñón">nefropatía tóxica</effect>
  ,
  <effect gate:gateId="1000" rule="Effect" Simplification="anemia">anemia aplásica</effect>
  ,
  <effect gate:gateId="1001" rule="Effect" Simplification="anemia">anemia hemolítica</effect>
  ,
  <effect gate:gateId="1002" rule="Effect" Simplification="sangrado ">hemorragia</effect>
  , falsos positivos en el test de glucosa urinaria.
</paragraph>
