<?xml version="1.0" encoding="UTF-8"?>
<paragraph xmlns:gate="http://www.gate.ac.uk" gate:gateId="0" gate:annotMaxId="1362">
  Debe valorarse cuidadosamente la función renal en pacientes que estén recibiendo tratamiento concomitante con medicamentos potencialmente nefrotóxicos, como aminoglucósidos y diuréticos potentes. Ancianos: De los más de 6400 adultos tratados con MAXIPIME® en los estudios clínicos, un 35% eran mayores de 65 años y un 16% eran mayores de 75 años. Cuando se administró a pacientes ancianos la dosis habitual recomendada para pacientes adultos, la eficacia y seguridad clínica fueron comparables a la eficacia y seguridad clínica mostrada en los pacientes adultos, a menos que los pacientes presentasen
  <effect gate:gateId="1285" rule="Effect" Simplification="insuficiencia renal ">insuficiencia renal</effect>
  . Hubo un aumento ligero de la vida media de eliminación y los valores de aclaramiento renal fueron inferiores a los mostrados en sujetos más jóvenes. Se recomienda realizar ajustes de dosis en pacientes ancianos que presenten alteración de la función renal (ver 4.2. Posología y Forma de Administración). Se sabe que cefepime se excreta principalmente por el riñón y el riesgo de reacciones tóxicas al fármaco puede aumentar en pacientes con
  <effect gate:gateId="1286" rule="Effect" Simplification="insuficiencia renal ">insuficiencia renal</effect>
  . Debido a que los ancianos tienen mayor probabilidad de tener la
  <effect gate:gateId="1287" rule="Effect" Simplification="alteración renal">función renal disminuida</effect>
  , debe tenerse cuidado al seleccionar la dosis y debe monitorizarse la función renal (ver 4.8. Reacciones Adversas y 5.2. Propiedades farmacocinéticas). En pacientes ancianos con
  <effect gate:gateId="1288" rule="Effect" Simplification="insuficiencia renal ">insuficiencia renal</effect>
  tratados a las dosis usuales de cefepima han aparecido reacciones adversas graves, como
  <effect gate:gateId="1289" rule="Effect" Simplification="enfermedad en el cerebro">encefalopatía</effect>
  reversible (trastornos de la consciencia que incluyen
  <effect gate:gateId="1290" rule="Effect" Simplification="confusión">confusión</effect>
  ,
  <effect gate:gateId="1291" rule="Effect" Simplification="alucinaciones">alucinaciones</effect>
  ,
  <effect gate:gateId="1292" rule="Effect" Simplification="estupor">estupor</effect>
  y
  <effect gate:gateId="1293" rule="Effect" Simplification="coma">coma</effect>
  ), mioclonías,
  <effect gate:gateId="1294" rule="Effect" Simplification="crisis">crisis</effect>
  epilépticas (incluyendo estados epilépticos no convulsivos) y/o
  <effect gate:gateId="1295" rule="Effect" Simplification="fallo renal">fallo renal</effect>
  (ver 4.8 Reacciones adversas). 4.5 Interacción con otros medicamentos y otras formas de
  <effect gate:gateId="1296" rule="Effect" Simplification="interacción">interacción</effect>
  Se han descrito test de Coombs positivos, sin evidencia de
  <effect gate:gateId="1297" rule="Effect" Simplification="problemas en la sangre">hemólisis</effect>
  , en pacientes tratados con MAXIPIME® BID (cada 12 horas). Es preferible utilizar el método analítico de la glucosa oxidasa ya que pueden aparecer falsos positivos al determinar la glucosa en orina. 4.6 Embarazo y lactancia No se ha establecido la seguridad de MAXIPIME® en mujeres embarazadas. Estudios reproductivos realizados en animales no han mostrado evidencia de
  <effect gate:gateId="1298" rule="Effect" Simplification="lesión fetal">daño fetal</effect>
  , sin embargo, no hay estudios adecuados y bien controlados en mujeres embarazadas. Ya que los estudios de reproducción en animales no son siempre predictivos de la respuesta en humanos, sólo se administrará MAXIPIME® durante el
  <effect gate:gateId="1299" rule="Effect" Simplification="embarazo">embarazo</effect>
  si los beneficios esperados justifican los posibles riesgos. MAXIPIME® se excreta en cantidades muy pequeñas en la leche humana. En consecuencia, debe tenerse precaución cuando se administre a mujeres lactantes. FTpediatría Enero04 5 4.7 Efectos sobre la capacidad para conducir y utilizar maquinaria No se dispone de datos acerca del efecto de MAXIPIME® sobre la capacidad para conducir . 4.8 Reacciones adversas Generalmente MAXIPIME® es bien tolerado. En los ensayos clínicos (N=5598) las reacciones adversas más comunes fueron síntomas gastrointestinales y reacciones de
  <effect gate:gateId="1300" rule="Effect" Simplification="alergia">hipersensibilidad</effect>
  . Las reacciones adversas relacionadas, probable o posiblemente relacionadas con MAXIPIME® se enumeran abajo clasificadas según su frecuencia de aparición en muy frecuentes (más del 10%), frecuentes (entre 1% y 10%), poco frecuentes (entre 0,1% y 1%), raras (entre 0,01% y 0,1%) y muy raras (entre 0,001% y 0,01% o casos aislados) son: Infecciones: Poco frecuentes:
  <effect gate:gateId="1301" rule="Effect" Simplification="infección en la boca">candidiasis oral</effect>
  Raras:
  <effect gate:gateId="1302" rule="Effect" Simplification="infección en la piel">candidiasis</effect>
  inespecífica Trastornos del Sistema Nervioso Central: Poco frecuentes:
  <effect gate:gateId="1303" rule="Effect" Simplification="dolor de cabeza">cefalea</effect>
  Raras:
  <effect gate:gateId="1304" rule="Effect" Simplification="desmayo">desvanecimiento</effect>
  ,
  <effect gate:gateId="1305" rule="Effect" Simplification="ataque">convulsiones</effect>
  Muy raras:
  <effect gate:gateId="1306" rule="Effect" Simplification="confusión">confusión</effect>
  ,
  <effect gate:gateId="1307" rule="Effect" Simplification="mareo y vértigo">vértigo</effect>
  y tinnitus. Se han comunicado casos de
  <effect gate:gateId="1308" rule="Effect" Simplification="enfermedad en el cerebro">encefalopatía</effect>
  (trastornos de la conciencia que incluyen
  <effect gate:gateId="1309" rule="Effect" Simplification="confusión">confusión</effect>
  ,
  <effect gate:gateId="1310" rule="Effect" Simplification="alucinaciones">alucinaciones</effect>
  ,
  <effect gate:gateId="1311" rule="Effect" Simplification="estupor">estupor</effect>
  y
  <effect gate:gateId="1312" rule="Effect" Simplification="coma">coma</effect>
  ), mioclonías,
  <effect gate:gateId="1313" rule="Effect" Simplification="crisis">crisis</effect>
  epilépticas (incluyendo estados epilépticos no convulsivos) (ver 4.4 Advertencias y Precauciones especiales de empleo). La mayoría de los casos se dieron en pacientes con
  <effect gate:gateId="1314" rule="Effect" Simplification="insuficiencia renal ">insuficiencia renal</effect>
  que recibieron dosis de MAXIPIME® superiores a las recomendadas. En general, los síntomas de
  <effect gate:gateId="1315" rule="Effect" Simplification="sistema nervioso alterado">neurotoxicidad</effect>
  se resolvieron tras la interrupción del tratamiento con cefepima y/o tras la hemodiálisis; sin embargo, algunos casos tuvieron un desenlace fatal. Trastornos vasculares: Raras:
  <effect gate:gateId="1316" rule="Effect" Simplification="venas dilatadas">vasodilatación</effect>
  Muy raras:
  <effect gate:gateId="1317" rule="Effect" Simplification="presión arterial baja">hipotensión</effect>
  . Trastornos respiratorios: Raras:
  <effect gate:gateId="1318" rule="Effect" Simplification="jadeo">disnea</effect>
  Trastornos gastrointestinales: Frecuentes:
  <effect gate:gateId="1319" rule="Effect" Simplification="diarrea">diarrea</effect>
  ,
  <effect gate:gateId="1320" rule="Effect" Simplification="náuseas">náuseas</effect>
  ,
  <effect gate:gateId="1321" rule="Effect" Simplification="vómitos">vómitos</effect>
  y
  <effect gate:gateId="1322" rule="Effect" Simplification="inflamación en el colon">colitis</effect>
  (incluyendo
  <effect gate:gateId="1323" rule="Effect" Simplification="infección en el colon">colitis pseudomembranosa</effect>
  ). Raras:
  <effect gate:gateId="1324" rule="Effect" Simplification="dolor abdominal">dolor abdominal</effect>
  ,
  <effect gate:gateId="1325" rule="Effect" Simplification="estreñimiento">estreñimiento</effect>
  y
  <effect gate:gateId="1326" rule="Effect" Simplification="alteración del gusto">alteración del gusto</effect>
  . Muy raras:
  <effect gate:gateId="1327" rule="Effect" Simplification="úlceras bucales">úlceras bucales</effect>
  . Trastornos alérgicos y de la piel y tejido subcutáneo: Frecuentes:
  <effect gate:gateId="1328" rule="Effect" Simplification="alteración de la piel">rash</effect>
  . Poco frecuentes:
  <effect gate:gateId="1329" rule="Effect" Simplification="picazón">prurito</effect>
  ,
  <effect gate:gateId="1330" rule="Effect" Simplification="urticaria">urticaria</effect>
  y
  <effect gate:gateId="1331" rule="Effect" Simplification="enrojecimiento">eritema</effect>
  . Raras:
  <effect gate:gateId="1332" rule="Effect" Simplification="reacción alérgica mortal">shock anafiláctico</effect>
  Trastornos del sistema linfático y sanguíneo: Raras:
  <effect gate:gateId="1333" rule="Effect" Simplification="problemas en la sangre">neutropenia</effect>
  ,
  <effect gate:gateId="1334" rule="Effect" Simplification="poca producción de defensas en la sangre">agranulocitosis</effect>
  Muy raras:
  <effect gate:gateId="1335" rule="Effect" Simplification="problemas de coagulación">trombocitopenia</effect>
  Trastornos musculoesqueléticos, óseos y del tejido conectivo: Raras:
  <effect gate:gateId="1336" rule="Effect" Simplification="cosquilleo">parestesia</effect>
  y
  <effect gate:gateId="1337" rule="Effect" Simplification="escalofríos">escalofríos</effect>
  . FTpediatría Enero04 6 Muy raras:
  <effect gate:gateId="1338" rule="Effect" Simplification="dolor articular">artralgia</effect>
  y tinnitus. Trastornos del aparato genito-urinario: Poco frecuentes:
  <effect gate:gateId="1339" rule="Effect" Simplification="vaginitis">vaginitis</effect>
  Raras:
  <effect gate:gateId="1340" rule="Effect" Simplification="picazón en los genitales">prurito genital</effect>
  . Se han notificado casos de
  <effect gate:gateId="1341" rule="Effect" Simplification="fallo renal">fallo renal</effect>
  , la mayoría de ellos en pacientes con
  <effect gate:gateId="1342" rule="Effect" Simplification="insuficiencia renal ">insuficiencia renal</effect>
  . Trastornos generales: Poco frecuentes:
  <effect gate:gateId="1343" rule="Effect" Simplification="fiebre">fiebre</effect>
  Muy raras:
  <effect gate:gateId="1344" rule="Effect" Simplification="hinchazón">edema</effect>
  . Reacciones en el lugar de la inyección: El 5,2% de los pacientes presentaron reacciones locales en el lugar de inyección IV que incluyeron
  <effect gate:gateId="1345" rule="Effect" Simplification="inflamación de una vena">flebitis</effect>
  (2,9%) e
  <effect gate:gateId="1346" rule="Effect" Simplification="inflamación">inflamación</effect>
  (0,1%). La administración intramuscular de MAXIPIME® fue bien tolerada, sólo un 2,6% de los pacientes experimentaron
  <effect gate:gateId="1347" rule="Effect" Simplification="inflamación">inflamación</effect>
  o
  <effect gate:gateId="1348" rule="Effect" Simplification="dolor en el lugar de la inyección">dolor en el lugar de la inyección</effect>
  . Alteraciones en las pruebas analíticas: Frecuentes: entre el 1% y 2% de los pacientes experimentaron elevaciones transitorias de la alanina aminotransferasa (3,6%), aspartato aminotransferasa (2,5%), alcalino fosfatasa, bilirubina total,
  <effect gate:gateId="1349" rule="Effect" Simplification="anemia">anemia</effect>
  ,
  <effect gate:gateId="1350" rule="Effect" Simplification="problemas en la sangre">eosinofilia</effect>
  , prolongación del tiempo de protrombina, tiempo de tromboplastina parcial (2,8%), y test de Coombs positivo sin
  <effect gate:gateId="1351" rule="Effect" Simplification="problemas en la sangre">hemólisis</effect>
  (18,7%). Poco frecuentes: en el 0,5% - 1% de los pacientes se observaron elevaciones transitorias de urea en sangre y/o creatinina sérica y
  <effect gate:gateId="1352" rule="Effect" Simplification="problemas de coagulación">trombocitopenia</effect>
  transitoria. También se observó
  <effect gate:gateId="1353" rule="Effect" Simplification="disminución de leucocitos en la sangre">leucopenia</effect>
  y
  <effect gate:gateId="1354" rule="Effect" Simplification="problemas en la sangre">neutropenia</effect>
  transitorias (&lt; 0,5%). En la experiencia post-comercialización, al igual que con otros antibióticos cefalosporínicos, se han recogido las siguientes reacciones adversas graves y pruebas de laboratorio alteradas: Trastornos del sistema linfático y sanguíneo: Raras:
  <effect gate:gateId="1355" rule="Effect" Simplification="anemia">anemia aplásica</effect>
  ,
  <effect gate:gateId="1356" rule="Effect" Simplification="anemia">anemia hemolítica</effect>
  ,
  <effect gate:gateId="1357" rule="Effect" Simplification="sangrado ">hemorragia</effect>
  Trastornos de la piel y tejido subcutáneo: Raras: síndrome de Stevens-Johnson,
  <effect gate:gateId="1358" rule="Effect" Simplification="múltiples manchas rojas">eritema multiforme</effect>
  , necrolisis tóxica epidérmica Trastornos renales y urinarios: Raras:
  <effect gate:gateId="1359" rule="Effect" Simplification="mal funcionamiento del riñón">nefropatía tóxica</effect>
  Alteraciones en las pruebas analíticas: Muy raras: falsos positivos en el test de glucosa urinaria. Pediatría: El perfil de seguridad de MAXIPIME en niños es similar al observado en los adultos. La
  <effect gate:gateId="1360" rule="Effect" Simplification="alergia ">reacción adversa</effect>
  notificada con más frecuencia, y considerada como relacionada con MAXIPIME en los ensayos clínicos, fue el
  <effect gate:gateId="1361" rule="Effect" Simplification="alteración de la piel">rash</effect>
  .
</paragraph>
