<?xml version="1.0" encoding="UTF-8"?>
<paragraph xmlns:gate="http://www.gate.ac.uk" gate:gateId="0" gate:annotMaxId="732">
  El uso de anticonceptivos orales se ha asociado con: - Incremento del riesgo de episodios trombóticos venosos y arteriales, así como tromboembólicos, incluyendo
  <effect gate:gateId="679" rule="Effect" Simplification="infarto">infarto de miocardio</effect>
  ,
  <effect gate:gateId="680" rule="Effect" Simplification="coagulo en una vena">trombosis venosa</effect>
  y embolismo pulmonar (véase el apartado 4.4 Advertencias y precauciones especiales de empleo). - Incremento del riesgo de
  <effect gate:gateId="681" rule="Effect" Simplification="enfermedades del sistema endocrino">neoplasia</effect>
  cervical intraepitelial y
  <effect gate:gateId="682" rule="Effect" Simplification="cáncer">cáncer</effect>
  cervical. - Incremento del riesgo de diagnóstico de
  <effect gate:gateId="683" rule="Effect" Simplification="cáncer de mama">cáncer de mama</effect>
  (véase el apartado 4.4 Advertencias y precauciones especiales de empleo). Las reacciones adversas se citan a continuación clasificadas según su frecuencia de acuerdo al siguiente criterio: Muy frecuentes: 10% Frecuentes: 1% y &lt;10% Poco frecuentes: 0,1% y &lt;1% Raras: 0,01% y &lt;0,1% Muy raras: &lt;0,01% 1. Infecciones comunes Frecuentes:
  <effect gate:gateId="684" rule="Effect" Simplification="vaginitis">vaginitis</effect>
  , incluyendo
  <effect gate:gateId="685" rule="Effect" Simplification="infección en la piel">candidiasis</effect>
  . 2. Trastornos del sistema inmune Raras: reacciones anafilácticas/anafilactoides, incluyendo casos muy raros de
  <effect gate:gateId="686" rule="Effect" Simplification="urticaria">urticaria</effect>
  ,
  <effect gate:gateId="687" rule="Effect" Simplification="hinchazón debajo de la piel">angioedema</effect>
  y reacciones graves con síntomas respiratorios y circulatorios. Muy raras: Exacerbación del
  <effect gate:gateId="688" rule="Effect" Simplification="enfermedad del sistema inmunitario">lupus eritematoso sistémico</effect>
  . 3. Trastornos metabólicos y nutricionales Poco frecuentes:
  <effect gate:gateId="689" rule="Effect" Simplification="cambios en el apetito">cambios en el apetito</effect>
  (aumento o disminución). Raras:
  <effect gate:gateId="690" rule="Effect" Simplification="intolerancia al azúcar">intolerancia a la glucosa</effect>
  . Muy raras: exacerbación de la
  <effect gate:gateId="691" rule="Effect" Simplification="grupo de enfermedades metabólicas">porfiria</effect>
  . 4. Trastornos psiquiátricos Frecuentes:
  <effect gate:gateId="692" rule="Effect" Simplification="cambios de humor">cambios de humor</effect>
  , incluyendo
  <effect gate:gateId="693" rule="Effect" Simplification="depresión">depresión</effect>
  ; cambios en la libido. 5. Trastornos del sistema
  <effect gate:gateId="694" rule="Effect" Simplification="nervioso">nervioso</effect>
  Muy frecuentes: cefaleas, incluyendo
  <effect gate:gateId="695" rule="Effect" Simplification="migrañas">migrañas</effect>
  . Frecuentes:
  <effect gate:gateId="696" rule="Effect" Simplification=" nerviosismo ">nerviosismo</effect>
  ,
  <effect gate:gateId="697" rule="Effect" Simplification="mareo y vértigo">vértigo</effect>
  . Muy raras: exacerbación de
  <effect gate:gateId="698" rule="Effect" Simplification="movimiento involuntario">corea</effect>
  . 6. Trastornos oculares Raras:
  <effect gate:gateId="699" rule="Effect" Simplification="intolerancia a las lentes de contacto">intolerancia a las lentes de contacto</effect>
  . Muy raras:
  <effect gate:gateId="700" rule="Effect" Simplification="inflamación en el nervio óptico">neuritis óptica</effect>
  *,
  <effect gate:gateId="701" rule="Effect" Simplification="coagulo">trombosis</effect>
  vascular retinal. 7. Trastornos vasculares Muy raras: agravamiento de varices. 8. Trastornos gastrointestinales Frecuentes:
  <effect gate:gateId="702" rule="Effect" Simplification="náuseas">náuseas</effect>
  ,
  <effect gate:gateId="703" rule="Effect" Simplification="vómitos">vómitos</effect>
  ,
  <effect gate:gateId="704" rule="Effect" Simplification="dolor abdominal">dolor abdominal</effect>
  . Poco frecuentes: cólicos,
  <effect gate:gateId="705" rule="Effect" Simplification="hinchazón">hinchazón</effect>
  . Muy raras:
  <effect gate:gateId="706" rule="Effect" Simplification="pancreatitis">pancreatitis</effect>
  , adenomas hepáticos,
  <effect gate:gateId="707" rule="Effect" Simplification="cáncer de hígado">carcinoma hepatocelular</effect>
  . 9. Trastornos hepatobiliares Raras:
  <effect gate:gateId="708" rule="Effect" Simplification="piel amarrilla">ictericia</effect>
  colestásica. Muy raras: colecistopatía incluyendo cálculos biliares**. 10. Trastornos de piel y anejos Frecuentes:
  <effect gate:gateId="709" rule="Effect" Simplification="acné">acné</effect>
  . Poco frecuentes:
  <effect gate:gateId="710" rule="Effect" Simplification="alteración de la piel">rash</effect>
  , reacciones de
  <effect gate:gateId="711" rule="Effect" Simplification="intolerancia a la luz">fotosensibilidad</effect>
  ,
  <effect gate:gateId="712" rule="Effect" Simplification="manchas cafés durante el embarazo">cloasma</effect>
  que puede persistir,
  <effect gate:gateId="713" rule="Effect" Simplification="vellosidad">hirsutismo</effect>
  ,
  <effect gate:gateId="714" rule="Effect" Simplification="pérdida de cabello ">alopecia</effect>
  . Raras:
  <effect gate:gateId="715" rule="Effect" Simplification="enrojecimiento">eritema</effect>
  nodoso. Muy raras:
  <effect gate:gateId="716" rule="Effect" Simplification="múltiples manchas rojas">eritema multiforme</effect>
  . 11. Trastornos renales y urinarios Muy raras:
  <effect gate:gateId="717" rule="Effect" Simplification="lesión en los riñones">síndrome hemolítico urémico</effect>
  . 12. Trastornos del sistema reproductor y de las mamas Muy frecuentes: sangrados, manchados. Frecuentes:
  <effect gate:gateId="718" rule="Effect" Simplification="dolor">dolor</effect>
  mamario,
  <effect gate:gateId="719" rule="Effect" Simplification="tensión mamaria">tensión mamaria</effect>
  , aumento mamario,
  <effect gate:gateId="720" rule="Effect" Simplification="secreción mamaria">secreción mamaria</effect>
  ,
  <effect gate:gateId="721" rule="Effect" Simplification="período">dismenorrea</effect>
  ,
  <effect gate:gateId="722" rule="Effect" Simplification="cambios en el flujo menstrual">cambios en el flujo menstrual</effect>
  , cambios en la
  <effect gate:gateId="723" rule="Effect" Simplification="secreción vaginal">secreción vaginal</effect>
  y ectropión cervical,
  <effect gate:gateId="724" rule="Effect" Simplification="ausencia de la menstruación">amenorrea</effect>
  . 13. Trastornos generales Frecuentes:
  <effect gate:gateId="725" rule="Effect" Simplification="retención de líquidos">retención de líquidos</effect>
  ,
  <effect gate:gateId="726" rule="Effect" Simplification="hinchazón">edema</effect>
  ,
  <effect gate:gateId="727" rule="Effect" Simplification="cambios de peso">cambios de peso</effect>
  (ganancia o pérdida). 14. Pruebas de laboratorio Poco frecuentes: aumento de la
  <effect gate:gateId="728" rule="Effect" Simplification="presión">presión</effect>
  sanguínea, cambios en los niveles lipídicos séricos, incluyendo
  <effect gate:gateId="729" rule="Effect" Simplification="aumento de grasa en la sangre">hipertrigliceridemia</effect>
  . Raras: disminución de los niveles séricos de folatos***. (*) La
  <effect gate:gateId="730" rule="Effect" Simplification="inflamación en el nervio óptico">neuritis óptica</effect>
  puede llevar a una
  <effect gate:gateId="731" rule="Effect" Simplification="pérdida de la visión">pérdida de la visión</effect>
  completa o parcial. (**) Los anticonceptivos orales pueden empeorar enfermedades vesiculares preexistentes y acelerar el desarrollo de éstas en mujeres previamente asintomáticas. (***) Los niveles de folato sérico pueden verse disminuidos por la terapia con anticonceptivos orales. Esto puede tener importancia clínica en mujeres que se queden embarazadas poco después de dejar de tomarlos.
</paragraph>
