<?xml version="1.0" encoding="UTF-8"?>
<paragraph xmlns:gate="http://www.gate.ac.uk" gate:gateId="0" gate:annotMaxId="798">
  a) Descripción general Las frecuencias de reacciones adversas a medicamentos dadas a continuación están basadas en los casos de efectos adversos notificados en los ensayos clínicos. La información se basa en ensayos clínicos en los que estaban incluidos 3750 pacientes los cuales han sido tratados con dosis orales diarias de 7,5 o 15 mg de
  <drug gate:gateId="762" rule="Drug">meloxicam</drug>
  en comprimidos o en cápsulas durante un periodo de hasta 18 meses (duración media del tratamiento 127 días). Se han incluido reacciones adversas a medicamentos descritas como consecuencia de los informes recibidos durante la comercialización del producto. Las reacciones adversas han sido clasificadas en apartados de frecuencias utilizando el siguiente convenio: Muy frecuentes ( 1/10); frecuentes (1/100, &lt;1/10); poco frecuentes ( 1/1.000, &lt;1/100); raras ( 1/10.000 ,&lt;1/1.000); muy raras(&lt;1/10.000). b) Tabla de reacciones adversas Trastornos de la sangre y del sistema linfático Frecuentes: Anemia. Poco frecuentes: Alteraciones del recuento celular sanguíneo:
  <effect gate:gateId="763" rule="Effect" Simplification="trastorno en la sangre">leucocitopenia</effect>
  ,
  <effect gate:gateId="764" rule="Effect" Simplification="problemas de coagulación">trombocitopenia</effect>
  ,
  <effect gate:gateId="765" rule="Effect" Simplification="poca producción de defensas en la sangre">agranulocitosis</effect>
  (ver apartado c). Trastornos en el sistema inmunológico: Raros: Reacciones anafilácticas/anafilactoides. Trastornos psiquiátricos: Raros: Alteraciones del estado de ánimo,
  <effect gate:gateId="766" rule="Effect" Simplification="insomnio">insomnio</effect>
  y
  <effect gate:gateId="767" rule="Effect" Simplification="pesadillas">pesadillas</effect>
  Trastornos del sistema
  <effect gate:gateId="768" rule="Effect" Simplification="nervioso">nervioso</effect>
  : Frecuentes: Sensación de
  <effect gate:gateId="769" rule="Effect" Simplification="mareo">aturdimiento</effect>
  , cefaleas. Poco frecuentes: Vértigos, tinitus,
  <effect gate:gateId="770" rule="Effect" Simplification="___">somnolencia.</effect>
  Raros: Confusión. Trastornos oculares. Raros: Alteraciones visuales incluyendo
  <effect gate:gateId="771" rule="Effect" Simplification="___">visión borrosa.</effect>
  Trastornos cardíacos: Poco frecuentes: Palpitaciones, insuficiencia cardíaca. Trastornos vasculares: Poco frecuentes: Aumento de la
  <effect gate:gateId="772" rule="Effect" Simplification="presión">presión</effect>
  arterial (ver sección 4.4),
  <effect gate:gateId="773" rule="Effect" Simplification="sofoco">sofocos</effect>
  . Trastornos respiratorios, torácicos y mediastínicos: Raros: Crisis asmáticas en determinados pacientes alérgicos al ácido acetilsalicílico (p. ej.
  <drug gate:gateId="774" rule="Drug">aspirina</drug>
  ) o a otros AINEs. Trastornos gastrointestinales: Frecuentes: Dispepsia, síntomas de
  <effect gate:gateId="775" rule="Effect" Simplification="vómitos">náuseas y vómitos</effect>
  , dolores abdominales,
  <effect gate:gateId="776" rule="Effect" Simplification="estreñimiento">estreñimiento</effect>
  ,
  <effect gate:gateId="777" rule="Effect" Simplification="flatulencia">flatulencia</effect>
  ,
  <effect gate:gateId="778" rule="Effect" Simplification="___">diarrea.</effect>
  Poco frecuentes: Hemorragias gastrointestinales, úlceras gastrointestinales,
  <effect gate:gateId="779" rule="Effect" Simplification="enfermedades del esófago">esofagitis</effect>
  ,
  <effect gate:gateId="780" rule="Effect" Simplification="inflamación en la boca">estomatitis</effect>
  . Raros: Perforación gastrointestinal,
  <effect gate:gateId="781" rule="Effect" Simplification="enfermedades del estómago">gastritis</effect>
  ,
  <effect gate:gateId="782" rule="Effect" Simplification="inflamación en el colon">colitis</effect>
  . Las úlceras pépticas, perforaciones o hemorragias gastrointestinales, que pueden ocurrir, a veces pueden ser graves, especialmente en pacientes ancianos. (ver sección 4.4). Trastornos hepatobiliares: Raros: Hepatitis. Trastornos de la piel y del tejido subcutáneo: Frecuentes: Prurito, erupciones. Poco frecuentes: Urticaria. Raros: Síndrome de Stevens-Johnson y
  <effect gate:gateId="783" rule="Effect" Simplification="enfermedad en la piel">necrosis epidérmica</effect>
  tóxica,
  <effect gate:gateId="784" rule="Effect" Simplification="hinchazón debajo de la piel">angioedema</effect>
  , reacciones vesiculares tales como
  <effect gate:gateId="785" rule="Effect" Simplification="múltiples manchas rojas">eritema multiforme</effect>
  , reacciones de
  <effect gate:gateId="786" rule="Effect" Simplification="intolerancia a la luz">fotosensibilidad</effect>
  . Trastornos renales y urinarios: Poco frecuentes: Retención de sodio y agua,
  <effect gate:gateId="787" rule="Effect" Simplification="aumento de hormonas de lactancia">hiperpotasemia</effect>
  , (ver sección 4.4 y sección 4.5.) Raros: Insuficiencia renal funcional aguda en pacientes con factores de riesgo (ver sección 4.4.) Trastornos generales y condiciones en el punto de administración: Frecuente: Edema incluyendo
  <effect gate:gateId="788" rule="Effect" Simplification="hinchazón">edema</effect>
  de los miembros inferiores. Exploraciones complementarias: Poco frecuentes: Alteraciones transitorias de las pruebas de la función hepática (p. ej. elevación de las transaminasas o de la bilirrubina) Poco frecuentes: Alteración de las pruebas destinadas a examinar la función renal (p. ej. incremento de la creatinina o urea) c) Información sobre reacciones adversas de carácter individual y/o de ocurrencia frecuente Se han reportado casos aislados de
  <effect gate:gateId="789" rule="Effect" Simplification="poca producción de defensas en la sangre">agranulocitosis</effect>
  en pacientes tratados con
  <drug gate:gateId="790" rule="Drug">meloxicam</drug>
  y otros medicamentos potencialmente mielotóxicos (ver sección 4.5). d) Reacciones adversas que todavía no se han observado en este producto pero que en general se pueden atribuir a otros compuestos de esta clase Resultados obtenidos de ensayos clínicos y epidemiológicos sugieren que el uso de algunos AINEs (particularmente a altas dosis y tratamientos prolongados) podrían asociarse con un leve incremento del riesgo de padecer
  <effect gate:gateId="791" rule="Effect" Simplification="coagulo en una arteria">trombosis arterial</effect>
  (por ejemplo
  <effect gate:gateId="792" rule="Effect" Simplification="infarto">infarto de miocardio</effect>
  o apoplejia) (ver sección 4.4). Lesión renal orgánica que suele resultar en
  <effect gate:gateId="793" rule="Effect" Simplification="insuficiencia renal">insuficiencia renal aguda</effect>
  : se han descrito casos aislados de
  <effect gate:gateId="794" rule="Effect" Simplification="problemas en los riñones">nefritis intersticial</effect>
  ,
  <effect gate:gateId="795" rule="Effect" Simplification="afección a los riñones">necrosis tubular aguda</effect>
  ,
  <effect gate:gateId="796" rule="Effect" Simplification="trastorno en los riñones">síndrome nefrótico</effect>
  y
  <effect gate:gateId="797" rule="Effect" Simplification="muerte de tejido">necrosis</effect>
  papilar (ver sección 4.4).
</paragraph>
