<?xml version="1.0" encoding="UTF-8"?>
<paragraph xmlns:gate="http://www.gate.ac.uk" gate:gateId="0" gate:annotMaxId="1009">
  Reacciones adversas observadas en los ensayos clínicos. A continuación se incluyen las reacciones adversas comunicadas en diferentes grupos de edad. Las frecuencias quedan definidas de las siguiente forma: Muy frecuentes ( 10%), frecuentes ( 1% y &lt;10%), infrecuentes ( 0,1% y &lt; 1%), raras (0,01% y &lt;0,1%) y muy raras (&lt; 0,01%). Las reacciones adversas fueron recogidas el día de la vacunación y en los días sucesivos durante al menos 3 y hasta 6 días tras la vacunación. La mayor parte de las reacciones adversas fueron autolimitadas y se resolvieron durante el período de seguimiento. En todos los grupos de edad, las reacciones en el lugar de la inyección (que incluyen
  <effect gate:gateId="937" rule="Effect" Simplification="enrojecimiento">enrojecimiento</effect>
  ,
  <effect gate:gateId="938" rule="Effect" Simplification="hinchazón">hinchazón</effect>
  y sensibilidad/
  <effect gate:gateId="939" rule="Effect" Simplification="dolor">dolor</effect>
  ) fueron muy frecuentes (oscilando entre 1 de cada 3 niños mayores de 1 año y 1 de cada 10 niños de edad preescolar). Sin embargo, habitualmente no fueron clínicamente significativas. El
  <effect gate:gateId="940" rule="Effect" Simplification="enrojecimiento">enrojecimiento</effect>
  o
  <effect gate:gateId="941" rule="Effect" Simplification="hinchazón">hinchazón</effect>
  de al menos 3 cm y sensibilidad que pudieran interferir con el movimiento durante más de 48 horas fue infrecuente. La
  <effect gate:gateId="942" rule="Effect" Simplification="fiebre">fiebre</effect>
  de al menos 38,0°C es frecuente (oscilando desde 1 por cada 20 en niños hasta 2 años hasta 1 por cada 10 niños de edad preescolar), pero habitualmente no excedió de 39,1°C, especialmente en los grupos de mayor edad. En niños hasta los 2 años de edad, síntomas como
  <effect gate:gateId="943" rule="Effect" Simplification="lloroso">llanto</effect>
  y
  <effect gate:gateId="944" rule="Effect" Simplification="vómitos">vómitos</effect>
  fueron frecuentes tras la vacunación. Después de la vacunación fueron frecuentes
  <effect gate:gateId="945" rule="Effect" Simplification="irritabilidad">irritabilidad</effect>
  ,
  <effect gate:gateId="946" rule="Effect" Simplification="somnolencia">somnolencia</effect>
  ,
  <effect gate:gateId="947" rule="Effect" Simplification="alteraciones del sueño">alteraciones del sueño</effect>
  ,
  <effect gate:gateId="948" rule="Effect" Simplification="trastornos de la alimentación ">anorexia</effect>
  ,
  <effect gate:gateId="949" rule="Effect" Simplification="diarrea">diarrea</effect>
  y
  <effect gate:gateId="950" rule="Effect" Simplification="vómitos">vómitos</effect>
  (menores de 1 año). No hay evidencia de que estos síntomas estuvieran causados por Menjugate Kit sino por otras vacunas administradas concomitantemente, especialmente DTP. Las reacciones adversas más frecuentes en adultos incluyen
  <effect gate:gateId="951" rule="Effect" Simplification="dolor muscular">mialgia</effect>
  y
  <effect gate:gateId="952" rule="Effect" Simplification="dolor articular">artralgia</effect>
  . Se comunicó frecuentemente
  <effect gate:gateId="953" rule="Effect" Simplification="somnolencia">somnolencia</effect>
  en niños pequeños. La
  <effect gate:gateId="954" rule="Effect" Simplification="dolor de cabeza">cefalea</effect>
  fue muy frecuente en escolares de secundaria y frecuente en escolares de primaria. A continuación se incluyen las reacciones adversas recogidas en diferentes grupos de edad. Trastornos generales Frecuentes (1% y &lt; 10%) Reacciones en el lugar de inyección Muy frecuentes (10%)
  <effect gate:gateId="955" rule="Effect" Simplification="enrojecimiento">enrojecimiento</effect>
  ,
  <effect gate:gateId="956" rule="Effect" Simplification="hinchazón">hinchazón</effect>
  y sensibilidad/
  <effect gate:gateId="957" rule="Effect" Simplification="dolor">dolor</effect>
  Reacciones adicionales comunicadas en el primer y segundo años de vida Trastornos generales Muy frecuentes (10%)
  <effect gate:gateId="958" rule="Effect" Simplification="irritabilidad">irritabilidad</effect>
  ,
  <effect gate:gateId="959" rule="Effect" Simplification="somnolencia">somnolencia</effect>
  y
  <effect gate:gateId="960" rule="Effect" Simplification="alteración del sueño">alteración del sueño</effect>
  Frecuentes (1% y &lt; 10%)
  <effect gate:gateId="961" rule="Effect" Simplification="lloroso">llanto</effect>
  Trastornos gastrointestinales Muy frecuentes (10%)
  <effect gate:gateId="962" rule="Effect" Simplification="diarrea">diarrea</effect>
  y
  <effect gate:gateId="963" rule="Effect" Simplification="trastornos de la alimentación ">anorexia</effect>
  Frecuentes (1% y &lt; 10%)
  <effect gate:gateId="964" rule="Effect" Simplification="vómitos">vómitos</effect>
  (niños en el segundo año de vida) Reacciones adicionales comunicadas en niños más mayores y adultos Trastornos generales Muy frecuentes (10%)
  <effect gate:gateId="965" rule="Effect" Simplification="malestar general">malestar general</effect>
  Frecuentes (1% y &lt; 10%) Cefalea (escolares de primaria) Trastornos músculo-esqueléticos, tejido conectivo y óseos Muy frecuentes (10%)
  <effect gate:gateId="966" rule="Effect" Simplification="dolor muscular">mialgia</effect>
  y
  <effect gate:gateId="967" rule="Effect" Simplification="dolor articular">artralgia</effect>
  Trastornos gastrointestinales Muy frecuentes (10%)
  <effect gate:gateId="968" rule="Effect" Simplification="náusea">náusea</effect>
  (adultos) Reacciones adversas comunicadas en la vigilancia post-comercialización (en todas las edades) Las reacciones sospechosas comunicadas con mayor frecuencia en la vigilancia post- comercialización incluyen
  <effect gate:gateId="969" rule="Effect" Simplification="mareo">mareos</effect>
  ,
  <effect gate:gateId="970" rule="Effect" Simplification="fiebre">hipertermia</effect>
  ,
  <effect gate:gateId="971" rule="Effect" Simplification="dolor de cabeza">cefalea</effect>
  , nauseas,
  <effect gate:gateId="972" rule="Effect" Simplification="vómitos">vómitos</effect>
  y
  <effect gate:gateId="973" rule="Effect" Simplification="desvanecimientos">desvanecimientos</effect>
  . Los datos que se incluyen a continuación, se refieren a las tasas de comunicaciones espontáneas comunicadas de ésta y otras vacunas conjugadas frente al meningococo del grupo C y se han calculado utilizando como numerador el número de comunicaciones recibidas y como denominador el número total de dosis distribuidas. Trastornos del sistema inmunitario: Muy raros (&lt;0,01%):
  <effect gate:gateId="974" rule="Effect" Simplification="trastorno en los ganglios">linfadenopatía</effect>
  ,
  <effect gate:gateId="975" rule="Effect" Simplification="anafilaxia">anafilaxia</effect>
  , reacciones de
  <effect gate:gateId="976" rule="Effect" Simplification="alergia">hipersensibilidad</effect>
  incluyendo broncoespasmos,
  <effect gate:gateId="977" rule="Effect" Simplification="hinchazón">edema</effect>
  facial y
  <effect gate:gateId="978" rule="Effect" Simplification="hinchazón debajo de la piel">angioedema</effect>
  . Trastornos del sistema
  <effect gate:gateId="979" rule="Effect" Simplification="nervioso">nervioso</effect>
  : Muy raros (&lt;0,01%):
  <effect gate:gateId="980" rule="Effect" Simplification="mareo">mareos</effect>
  ,
  <effect gate:gateId="981" rule="Effect" Simplification="ataque">convulsiones</effect>
  incluyendo las de tipo febril,
  <effect gate:gateId="982" rule="Effect" Simplification="desvanecimientos">desvanecimientos</effect>
  ,
  <effect gate:gateId="983" rule="Effect" Simplification="entumecimiento">hipoestesia</effect>
  y
  <effect gate:gateId="984" rule="Effect" Simplification="cosquilleo">parestesias</effect>
  , e
  <effect gate:gateId="985" rule="Effect" Simplification="disminución de tensión muscular">hipotonía</effect>
  . Se han notificado casos muy raros de
  <effect gate:gateId="986" rule="Effect" Simplification="ataque">convulsiones</effect>
  después de la vacunación con Menjugate Kit; en general, los individuos se recuperaron rápidamente. Algunas de las
  <effect gate:gateId="987" rule="Effect" Simplification="ataque">convulsiones</effect>
  comunicadas pudieron ser
  <effect gate:gateId="988" rule="Effect" Simplification="desvanecimientos">desvanecimientos</effect>
  . La tasa comunicada de
  <effect gate:gateId="989" rule="Effect" Simplification="ataque">convulsiones</effect>
  fue inferior a la tasa general de
  <effect gate:gateId="990" rule="Effect" Simplification="epilepsia">epilepsia</effect>
  en niños. En los niños menores de 1 año, las
  <effect gate:gateId="991" rule="Effect" Simplification="ataque">convulsiones</effect>
  estuvieron generalmente asociadas a
  <effect gate:gateId="992" rule="Effect" Simplification="fiebre">fiebre</effect>
  , tratándose probablemente de
  <effect gate:gateId="993" rule="Effect" Simplification="convulsiones por fiebre">convulsiones febriles</effect>
  . Se han notificado casos muy raros de
  <effect gate:gateId="994" rule="Effect" Simplification="alteraciones visuales">alteraciones visuales</effect>
  y
  <effect gate:gateId="995" rule="Effect" Simplification="intolerancia a la luz">fotofobia</effect>
  después de la vacunación con vacunas conjugadas frente al meningococo del grupo C, generalmente en combinación con otros
  <effect gate:gateId="996" rule="Effect" Simplification="síntomas neurológicos">síntomas neurológicos</effect>
  como
  <effect gate:gateId="997" rule="Effect" Simplification="dolor de cabeza">dolor de cabeza</effect>
  y
  <effect gate:gateId="998" rule="Effect" Simplification="___">mareos.</effect>
  Trastornos gastrointestinales: Muy raros (&lt;0,01%):
  <effect gate:gateId="999" rule="Effect" Simplification="vómitos">vómitos</effect>
  ,
  <effect gate:gateId="1000" rule="Effect" Simplification="náuseas">náuseas</effect>
  y
  <effect gate:gateId="1001" rule="Effect" Simplification="___">diarrea.</effect>
  Alteraciones cutáneas y del tejido subcutáneo: Muy raros (&lt;0,01%):
  <effect gate:gateId="1002" rule="Effect" Simplification="alteración de la piel">rash</effect>
  ,
  <effect gate:gateId="1003" rule="Effect" Simplification="urticaria">urticaria</effect>
  ,
  <effect gate:gateId="1004" rule="Effect" Simplification="picazón">prurito</effect>
  , púrpura,
  <effect gate:gateId="1005" rule="Effect" Simplification="múltiples manchas rojas">eritema multiforme</effect>
  y síndrome de Stevens- Johnson MINISTERIO Trastornos músculo-esqueléticos, del tejido conectivo y óseo: Muy raros (&lt;0,01%):
  <effect gate:gateId="1006" rule="Effect" Simplification="dolor muscular">mialgia</effect>
  y
  <effect gate:gateId="1007" rule="Effect" Simplification="dolor articular">artralgia</effect>
  . Se ha comunicado recaída del
  <effect gate:gateId="1008" rule="Effect" Simplification="trastorno en los riñones">síndrome nefrótico</effect>
  en asociación con las vacunas conjugadas de meningococo del grupo C.
</paragraph>
