<?xml version="1.0" encoding="UTF-8"?>
<paragraph xmlns:gate="http://www.gate.ac.uk" gate:gateId="0" gate:annotMaxId="248">
  Los posibles efectos secundarios tras la administración de mepivacaína son esencialmente los mismos que los producidos por otros anestésicos locales de tipo amida. Muy raramente pueden producirse reacciones alérgicas a anestésicos locales de tipo amida. Son esperables reacciones sistémicas tóxicas leves a concentraciones plasmáticas superiores a 5 - 6 mg/
  <effect gate:gateId="232" rule="Effect" Simplification="..">l</effect>
  , mientras que la concentración umbral para las
  <effect gate:gateId="233" rule="Effect" Simplification="ataque">convulsiones</effect>
  es mayor de 10 mg/
  <effect gate:gateId="234" rule="Effect" Simplification="..">l</effect>
  . Dichas concentraciones plasmáticas pueden aparecer con dosis excesivas ( concentración demasiado elevada o volumen demasiado grande), tras inyección intravascular inadvertida, o tras la administración de dosis estándar a pacientes en situación general deteriorada o con
  <effect gate:gateId="235" rule="Effect" Simplification="enfermedad en el hígado">enfermedad hepática</effect>
  o renal. La
  <effect gate:gateId="236" rule="Effect" Simplification="intoxicación">intoxicación</effect>
  afecta tanto al sistema
  <effect gate:gateId="237" rule="Effect" Simplification="nervioso">nervioso</effect>
  central (SNC) como al sistema cardiovascular (SCV). Pueden distinguirse dos fases: la
  <effect gate:gateId="238" rule="Effect" Simplification="intoxicación">intoxicación</effect>
  leve a moderadamente severa se caracteriza por estimulación, mientras que la
  <effect gate:gateId="239" rule="Effect" Simplification="intoxicación">intoxicación</effect>
  severa se caracteriza por
  <effect gate:gateId="240" rule="Effect" Simplification="sedación">sedación</effect>
  y
  <effect gate:gateId="241" rule="Effect" Simplification="parálisis">parálisis</effect>
  . Los síntomas son: Grado de importancia de las intoxicaciones : SNC SCV Síntomas de la fase de estimulación Intoxicación leve
  <effect gate:gateId="242" rule="Effect" Simplification="hormigueo en los labios">hormigueo en los labios</effect>
  ,
  <effect gate:gateId="243" rule="Effect" Simplification="palpitaciones">palpitaciones</effect>
  , Intoxicación moderadamente grave alteraciones del habla,
  <effect gate:gateId="244" rule="Effect" Simplification="alteración del ritmo cardíaco">taquicardia</effect>
  Grado de importancia de las intoxicaciones : SNC SCV Intoxicación grave
  <effect gate:gateId="245" rule="Effect" Simplification="somnolencia">somnolencia</effect>
  ,
  <effect gate:gateId="246" rule="Effect" Simplification="estupor">estupor</effect>
  <effect gate:gateId="247" rule="Effect" Simplification="coloración azul de la piel">cianosis</effect>
  severa
</paragraph>
