<?xml version="1.0" encoding="UTF-8"?>
<paragraph xmlns:gate="http://www.gate.ac.uk" gate:gateId="0" gate:annotMaxId="278">
  Trastornos del metabolismo y nutrición: Muy raras: Reducción de la absorción de la vitamina B12 con reducción de los niveles en suero en pacientes tratados con
  <drug gate:gateId="264" rule="Drug">metformina</drug>
  durante un periodo prolongado. Se recomienda considerar esta etiología en pacientes que presenten
  <effect gate:gateId="265" rule="Effect" Simplification="anemia">anemia megaloblástica</effect>
  . Muy raras: Acidosis láctica (Ver 4.4 Advertencias y precauciones especiales de empleo). Trastornos del sistema
  <effect gate:gateId="266" rule="Effect" Simplification="nervioso">nervioso</effect>
  : Frecuentes: alteraciones del gusto. Trastornos hepatobiliares: Comunicaciones aisladas: alteración de pruebas hepáticas o
  <effect gate:gateId="267" rule="Effect" Simplification="hepatitis">hepatitis</effect>
  , que se resuelven tras la discontinuación de
  <drug gate:gateId="268" rule="Drug">metformina</drug>
  . Trastornos gastrointestinales: Muy frecuentes: Trastornos gastrointestinales como
  <effect gate:gateId="269" rule="Effect" Simplification="náuseas">náuseas</effect>
  ,
  <effect gate:gateId="270" rule="Effect" Simplification="vómitos">vómitos</effect>
  ,
  <effect gate:gateId="271" rule="Effect" Simplification="diarreas">diarreas</effect>
  ,
  <effect gate:gateId="272" rule="Effect" Simplification="dolor abdominal">dolor abdominal</effect>
  y
  <effect gate:gateId="273" rule="Effect" Simplification="pérdida de apetito">pérdida de apetito</effect>
  . Estos trastornos aparecen con mayor frecuencia durante el inicio del tratamiento y desaparecen espontáneamente en la mayoría de los casos. Para prevenirlos se recomienda administrar la
  <drug gate:gateId="274" rule="Drug">metformina</drug>
  en 2 ó 3 dosis al día, durante o después de las comidas. Un lento incremento de la dosis puede también mejorar la tolerabilidad gastrointestinal. Trastornos de la piel y del tejido subcutáneo Muy raras: reacciones cutáneas tales como
  <effect gate:gateId="275" rule="Effect" Simplification="enrojecimiento">eritema</effect>
  ,
  <effect gate:gateId="276" rule="Effect" Simplification="picazón">prurito</effect>
  ,
  <effect gate:gateId="277" rule="Effect" Simplification="___">urticaria.</effect>
  En datos publicados, datos post-comercialización y en estudios clínicos controlados en una población pediátrica limitada con edades comprendidas entre 10-16 años y tratados durante un año, las reacciones adversas comunicadas fueron similares en naturaleza y gravedad a las observadas en adultos.
</paragraph>
