<?xml version="1.0" encoding="UTF-8"?>
<paragraph xmlns:gate="http://www.gate.ac.uk" gate:gateId="0" gate:annotMaxId="535">
  Los efectos adversos observados más frecuentemente son reacciones locales tales como
  <effect gate:gateId="504" rule="Effect" Simplification="inflamación en las fosas nasales">rinitis</effect>
  y
  <effect gate:gateId="505" rule="Effect" Simplification="molestia nasal">molestia nasal</effect>
  . En general son leves y en pocas ocasiones requieren discontinuar el tratamiento. Las reacciones adversas se presentan en orden decreciente de gravedad dentro de cada intervalo de frecuencia: muy frecuentes (1/10); frecuentes (1/100, &lt;1/10); poco frecuentes (1/1.000, &lt;1/100); raras (1/10.000, &lt;1/1.000); muy raras (&lt;1/10.000), frecuencia no conocida (no puede estimarse a partir de los datos disponibles). Investigaciones Raras: Desarrollo de anticuerpos neutralizadores de la calcitonina.1 Trastornos del sistema
  <effect gate:gateId="506" rule="Effect" Simplification="nervioso">nervioso</effect>
  Frecuente: Vértigos,
  <effect gate:gateId="507" rule="Effect" Simplification="dolor de cabeza">cefalea</effect>
  ,
  <effect gate:gateId="508" rule="Effect" Simplification="mal sabor">disgeusia</effect>
  . Trastornos oculares Poco frecuente: Trastorno de la visión Trastornos respiratorios,, torácicos y mediastínicos2 Muy frecuente: Rinitis (incluyendo
  <effect gate:gateId="509" rule="Effect" Simplification="sequedad nasal">sequedad nasal</effect>
  ,
  <effect gate:gateId="510" rule="Effect" Simplification="hinchazón en la nariz">edema nasal</effect>
  ,
  <effect gate:gateId="511" rule="Effect" Simplification="congestión nasal">congestión nasal</effect>
  ,
  <effect gate:gateId="512" rule="Effect" Simplification="estornudos">estornudos</effect>
  ,
  <effect gate:gateId="513" rule="Effect" Simplification="alergia">rinitis alérgica</effect>
  ),
  <effect gate:gateId="514" rule="Effect" Simplification="molestia nasal">molestia nasal</effect>
  (p.ej.
  <effect gate:gateId="515" rule="Effect" Simplification="irritación nasal">irritación nasal</effect>
  ,
  <effect gate:gateId="516" rule="Effect" Simplification="alteración del olfato">alteración del olfato</effect>
  ,
  <effect gate:gateId="517" rule="Effect" Simplification="alteración de la piel">rash</effect>
  papular,
  <effect gate:gateId="518" rule="Effect" Simplification="parosmia">parosmia</effect>
  ,
  <effect gate:gateId="519" rule="Effect" Simplification="alteración de la mucosa nasal">eritema de la mucosa nasal</effect>
  ,
  <effect gate:gateId="520" rule="Effect" Simplification="irritación de la piel">excoriación</effect>
  de la mucosa). Frecuente: Rinitis ulcerativa,
  <effect gate:gateId="521" rule="Effect" Simplification="inflamación nasal">sinusitis</effect>
  ,
  <effect gate:gateId="522" rule="Effect" Simplification="sangrado nasal">epistaxis</effect>
  ,
  <effect gate:gateId="523" rule="Effect" Simplification="faringitis">faringitis</effect>
  . Poco frecuente: Tos Trastornos gastrointestinales Frecuente: Náuseas,
  <effect gate:gateId="524" rule="Effect" Simplification="diarrea">diarrea</effect>
  ,
  <effect gate:gateId="525" rule="Effect" Simplification="dolor abdominal">dolor abdominal</effect>
  Poco frecuente: Vómitos Trastornos del tejido de la piel y subcutáneos Poco frecuente: Prurito Raro: Rash generalizado Trastornos musculoesqueléticos y del tejido conectivo Frecuente: Dolor musculoesquelético incluido
  <effect gate:gateId="526" rule="Effect" Simplification="dolor articular">artralgia</effect>
  Trastornos vasculares Frecuente: Rubor Poco frecuente:
  <effect gate:gateId="527" rule="Effect" Simplification="presión arterial alta">hipertensión</effect>
  Trastornos generales y condiciones en el punto de administración Frecuente: Fatiga Poco frecuente: Enfermedad que se asemeja al
  <effect gate:gateId="528" rule="Effect" Simplification="gripe">síndrome gripal</effect>
  ,
  <effect gate:gateId="529" rule="Effect" Simplification="hinchazón">edema</effect>
  (facial, de las extremidades y generalizado) Trastornos del sistema inmunitario Poco frecuente: Reacciones de
  <effect gate:gateId="530" rule="Effect" Simplification="alergia">hipersensibilidad</effect>
  . Muy raras: Reacciones alérgicas y reacciones anafilactoides tales como
  <effect gate:gateId="531" rule="Effect" Simplification="alteración del ritmo cardíaco">taquicardia</effect>
  ,
  <effect gate:gateId="532" rule="Effect" Simplification="presión arterial baja">hipotensión</effect>
  ,
  <effect gate:gateId="533" rule="Effect" Simplification="colapso">colapso circulatorio</effect>
  y
  <effect gate:gateId="534" rule="Effect" Simplification="reacción alérgica mortal">shock anafiláctico</effect>
  . 1 Desarrollo de anticuerpos neutralizadores de la calcitonina. El desarrollo de estos anticuerpos no está por lo general relacionado con la pérdida de eficacia clínica, aunque su presencia en un pequeño porcentaje de pacientes tras una terapia a largo plazo con dosis altas de calcitonina podría dar como resultado una respuesta reducida al producto. La presencia de anticuerpos parece no tener relación con las reacciones alérgicas, que son raras. El descenso de regulación del receptor de calcitonina podría dar como resultado una respuesta clínica reducida en un pequeño porcentaje de pacientes tras una terapia a largo plazo con dosis altas. 2 Los trastornos respiratorios,, torácicos y mediastínicos son generalmente moderados (en aprox. 80% de los informes) y requieren la interrupción del tratamiento en menos del 5% de los casos.
</paragraph>
