<?xml version="1.0" encoding="UTF-8"?>
<paragraph xmlns:gate="http://www.gate.ac.uk" gate:gateId="0" gate:annotMaxId="652">
  Precauciones especiales de uso: Se debe tener especial cuidado para evitar la
  <effect gate:gateId="627" rule="Effect" Simplification="problemas en la sangre">hiponatremia</effect>
  en los siguientes casos: condiciones caracterizadas por un
  <effect gate:gateId="628" rule="Effect" Simplification="desequilibrio">desequilibrio</effect>
  líquido y/o de electrolitos (tales como
  <effect gate:gateId="629" rule="Effect" Simplification="infecciones">infecciones</effect>
  sistémicas,
  <effect gate:gateId="630" rule="Effect" Simplification="fiebre">fiebre</effect>
  , y SIADH (síndrome de secreción inapropiada de ADH), condiciones que requieren tratamiento concomitante con agentes diuréticos, tratamiento concomitante con fármacos, conocidos de inducir SIADH, es decir, antidepresivos tricíclicos, inhibidores selectivos de la reabsorción de serotonina,
  <drug gate:gateId="631" rule="Drug">clorpromazina</drug>
  y carbamacepina, tratamiento concomitante con AINEs. MINISTERIO 4.5. Interacción con otros medicamentos y otras formas de
  <effect gate:gateId="632" rule="Effect" Simplification="interacción">interacción</effect>
  Aquellas sustancias de acción conocida de inducir SIADH, es decir, antidepresivos tricíclicos, inhibidores selectivos de la reabsorción de serotonina,
  <drug gate:gateId="633" rule="Drug">clorpromazina</drug>
  y
  <drug gate:gateId="634" rule="Drug">carbamazepina</drug>
  , pueden potenciar el efecto antidiurético y aumentar el riesgo de retención hídrica/
  <effect gate:gateId="635" rule="Effect" Simplification="problemas en la sangre">hiponatremia</effect>
  (ver sección 4.4.). AINEs pueden inducir la retención hídrica/
  <effect gate:gateId="636" rule="Effect" Simplification="problemas en la sangre">hiponatremia</effect>
  (ver sección 4.4.). El tratamiento concomitante con
  <drug gate:gateId="637" rule="Drug">loperamida</drug>
  puede incrementar en tres veces la concentración plasmática de desmopresina, lo que puede provocar un aumento del riesgo de retención hídrica/
  <effect gate:gateId="638" rule="Effect" Simplification="problemas en la sangre">hiponatremia</effect>
  . Es improbable que la desmopresina interaccione con otros fármacos que afectan al metabolismo hepático, puesto que se conoce a través de estudios "in vitro" con microsomas humanos que la desmopresina no experimenta un metabolismo hepático significativo. Sin embargo, no se han realizado estudios formales de
  <effect gate:gateId="639" rule="Effect" Simplification="interacción">interacción</effect>
  "in vivo". Una comida rica en un 27% en grasas disminuye significativamente la absorción de la
  <drug gate:gateId="640" rule="Drug">desmopresina oral</drug>
  (en velocidad y volumen). No se observó ningún efecto significativo sobre la farmacodinamia (producción de orina y osmolalidad), por lo que se recomienda ingerir algún alimento al mismo tiempo que se toma la desmopresina. 4.6. Embarazo y lactancia Embarazo Los estudios de reproducción realizados en ratas y conejos con dosis superiores a 100 veces la dosis humana no han revelado evidencia de una acción dañina de la desmopresina sobre el feto. se han comunicado casos de malformaciones en recién nacidos de madres tratadas para la
  <effect gate:gateId="641" rule="Effect" Simplification="diabetes">diabetes insípida</effect>
  durante la gestación. Sin embargo, una revisión de los datos disponibles sugiere que no se ha incrementado el rango de malformaciones en niños expuestos a la desmopresina durante todo el
  <effect gate:gateId="642" rule="Effect" Simplification="embarazo">embarazo</effect>
  . Minurin® comprimidos debe administrarse con precaución en pacientes embarazadas, se deberá sopesar los beneficios y potenciales riesgos para el feto. Lactancia Los resultados de los análisis realizados en la leche de madres que recibieron grandes dosis de desmopresina (300 µg intranasalmente), indican que las cantidades de desmopresina que pueden pasar al lactante son inferiores a las necesarias para ejercer una acción sobre la
  <effect gate:gateId="643" rule="Effect" Simplification="cantidad de orina">diuresis</effect>
  . 4.7. Efectos sobre la capacidad para conducir vehículos y utilizar maquinaria MINURIN® comprimidos no afecta a la capacidad de conducir y utilizar maquinaria. 4.8. Reacciones adversas Común General:
  <effect gate:gateId="644" rule="Effect" Simplification="dolor de cabeza">dolor de cabeza</effect>
  (&gt; 1/100) GI:
  <effect gate:gateId="645" rule="Effect" Simplification="dolor abdominal">dolor de estómago</effect>
  ,
  <effect gate:gateId="646" rule="Effect" Simplification="náusea">náusea</effect>
  Las siguientes reacciones adversas se pueden producir si existe una
  <effect gate:gateId="647" rule="Effect" Simplification="problemas en la sangre">hiponatremia</effect>
  por
  <effect gate:gateId="648" rule="Effect" Simplification="retención de agua">retención de agua</effect>
  como consecuencia del tratamiento con reducción concomitante de ingesta de líquidos: Cefalea,
  <effect gate:gateId="649" rule="Effect" Simplification="náuseas">náuseas</effect>
  ,
  <effect gate:gateId="650" rule="Effect" Simplification="vómitos">vómitos</effect>
  , ganancia de peso y en casos graves
  <effect gate:gateId="651" rule="Effect" Simplification="___">convulsiones.</effect>
  Experiencia después de la comercialización: - Muy raramente se han comunicado casos de trastornos emocionales en niños. - Se han comunicado casos aislados de reacciones alérgicas dermatológicas y reacciones alérgicas generales más graves.
</paragraph>
