<?xml version="1.0" encoding="UTF-8"?>
<paragraph xmlns:gate="http://www.gate.ac.uk" gate:gateId="0" gate:annotMaxId="743">
  Cabe esperar las siguientes reacciones adversas durante el tratamiento con MIRAPEXIN:
  <effect gate:gateId="694" rule="Effect" Simplification="sueños anormales">sueños anormales</effect>
  ,
  <effect gate:gateId="695" rule="Effect" Simplification="confusión">confusión</effect>
  ,
  <effect gate:gateId="696" rule="Effect" Simplification="estreñimiento">estreñimiento</effect>
  ,
  <effect gate:gateId="697" rule="Effect" Simplification="delirio">delirio</effect>
  ,
  <effect gate:gateId="698" rule="Effect" Simplification="mareo">mareo</effect>
  ,
  <effect gate:gateId="699" rule="Effect" Simplification="movimientos anormales">discinesia</effect>
  ,
  <effect gate:gateId="700" rule="Effect" Simplification="fatiga ">fatiga</effect>
  ,
  <effect gate:gateId="701" rule="Effect" Simplification="alucinaciones">alucinaciones</effect>
  ,
  <effect gate:gateId="702" rule="Effect" Simplification="dolor de cabeza">dolor de cabeza</effect>
  ,
  <effect gate:gateId="703" rule="Effect" Simplification="enfermedad del sistema nervioso">hipercinesia</effect>
  ,
  <effect gate:gateId="704" rule="Effect" Simplification="presión arterial baja">hipotensión</effect>
  , aumento de la ingesta (ingesta compulsiva,
  <effect gate:gateId="705" rule="Effect" Simplification="apetito">hiperfagia</effect>
  ),
  <effect gate:gateId="706" rule="Effect" Simplification="insomnio">insomnio</effect>
  , trastornos de la libido,
  <effect gate:gateId="707" rule="Effect" Simplification="náuseas">náuseas</effect>
  ,
  <effect gate:gateId="708" rule="Effect" Simplification="hinchazón en la pierna">edema periférico</effect>
  ,
  <effect gate:gateId="709" rule="Effect" Simplification="trastorno delirante">paranoia</effect>
  , ludopatía,
  <effect gate:gateId="710" rule="Effect" Simplification="hipersexualidad">hipersexualidad</effect>
  y otros comportamientos anormales,
  <effect gate:gateId="711" rule="Effect" Simplification="somnolencia">somnolencia</effect>
  ,
  <effect gate:gateId="712" rule="Effect" Simplification="aumento de peso">aumento de peso</effect>
  , episodios de sueño repentino,
  <effect gate:gateId="713" rule="Effect" Simplification="picazón">prurito</effect>
  ,
  <effect gate:gateId="714" rule="Effect" Simplification="erupción">exantema</effect>
  y otras manifestaciones de
  <effect gate:gateId="715" rule="Effect" Simplification="alergia">hipersensibilidad</effect>
  . En base al análisis agrupado de los ensayos controlados con placebo, que incluyen un total de 1.923 pacientes tratados con MIRAPEXIN y 1.354 pacientes con placebo, se notificaron reacciones adversas frecuentes en ambos grupos. El 63% de los pacientes con MIRAPEXIN y el 52% de los pacientes con placebo presentaron como mínimo una
  <effect gate:gateId="716" rule="Effect" Simplification="alergia ">reacción adversa</effect>
  . Las reacciones adversas más frecuentemente notificadas ( 5%) en pacientes con
  <effect gate:gateId="717" rule="Effect" Simplification="enfermedad">enfermedad</effect>
  de Parkinson, más frecuentes con tratamiento con MIRAPEXIN que con placebo, fueron
  <effect gate:gateId="718" rule="Effect" Simplification="náuseas">náuseas</effect>
  ,
  <effect gate:gateId="719" rule="Effect" Simplification="movimientos anormales">discinesia</effect>
  ,
  <effect gate:gateId="720" rule="Effect" Simplification="presión arterial baja">hipotensión</effect>
  ,
  <effect gate:gateId="721" rule="Effect" Simplification="mareo">mareo</effect>
  ,
  <effect gate:gateId="722" rule="Effect" Simplification="somnolencia">somnolencia</effect>
  ,
  <effect gate:gateId="723" rule="Effect" Simplification="insomnio">insomnio</effect>
  ,
  <effect gate:gateId="724" rule="Effect" Simplification="estreñimiento">estreñimiento</effect>
  ,
  <effect gate:gateId="725" rule="Effect" Simplification="alucinaciones">alucinaciones</effect>
  ,
  <effect gate:gateId="726" rule="Effect" Simplification="dolor de cabeza">dolor de cabeza</effect>
  y
  <effect gate:gateId="727" rule="Effect" Simplification="___">fatiga.</effect>
  La incidencia de
  <effect gate:gateId="728" rule="Effect" Simplification="somnolencia">somnolencia</effect>
  se incrementa a dosis superiores a 1,5 mg/día (ver sección 4.2). Las reacciones adversas más frecuentes en combinación con levodopa fueron discinesias. La
  <effect gate:gateId="729" rule="Effect" Simplification="presión arterial baja">hipotensión</effect>
  puede producirse al inicio del tratamiento, especialmente si la dosis de MIRAPEXIN se titula demasiado rápido. Las reacciones adversas más frecuentemente notificadas ( 5%) en pacientes con Síndrome de Piernas Inquietas tratados con MIRAPEXIN fueron
  <effect gate:gateId="730" rule="Effect" Simplification="náuseas">náuseas</effect>
  ,
  <effect gate:gateId="731" rule="Effect" Simplification="dolor de cabeza">dolor de cabeza</effect>
  ,
  <effect gate:gateId="732" rule="Effect" Simplification="mareo">mareo</effect>
  y
  <effect gate:gateId="733" rule="Effect" Simplification="___">fatiga.</effect>
  Las
  <effect gate:gateId="734" rule="Effect" Simplification="náuseas">náuseas</effect>
  y la
  <effect gate:gateId="735" rule="Effect" Simplification="fatiga ">fatiga</effect>
  se notificaron con más frecuencia en mujeres tratadas con MIRAPEXIN (20,8% y 10,5%, respectivamente) que en hombres (6,7% y 7,3%, respectivamente). Las Tablas 1 y 2 muestran la frecuencia de reacciones adversas de los ensayos clínicos controlados con placebo en la
  <effect gate:gateId="736" rule="Effect" Simplification="enfermedad">enfermedad</effect>
  de Parkinson y en el Síndrome de Piernas Inquietas. Las reacciones adversas mostradas en estas tablas son aquellas que se notificaron en un 1% o más de pacientes tratados con MIRAPEXIN y con una frecuencia significativamente superior en pacientes tratados con MIRAPEXIN que con placebo, o cuando el acontecimiento se consideró relevante desde el punto de vista clínico. Sin embargo, la mayoría de las reacciones adversas frecuentes fueron de leves a moderadas, normalmente comenzaron al inicio de la terapia, y la mayoría tendieron a desaparecer en el transcurso del tratamiento. Tabla 1: Reacciones adversas muy frecuentes (1/10) Clasificación por órganos y Reacción adversa Pramipexol sistemas N=1.923 Trastornos del sistema Mareo 15,5
  <effect gate:gateId="737" rule="Effect" Simplification="nervioso">nervioso</effect>
  Discinesia 12,9 Trastornos gastrointestinales Náuseas 17,2 Trastornos vasculares Hipotensión 12,6 Tabla 2: Reacciones adversas frecuentes (1/100, &lt;1/10) Clasificación por órganos y Reacción adversa Pramipexol sistemas N=1.923 Trastornos psiquiátricos Sueños anormales 3,5 Trastornos del sistema Somnolencia 8,6
  <effect gate:gateId="738" rule="Effect" Simplification="nervioso">nervioso</effect>
  Dolor de cabeza 6,5 Trastornos gastrointestinales Estreñimiento 5,5 Trastornos generales y Fatiga 6,1 alteraciones en el lugar de Edema periférico 1,9 administración MIRAPEXIN se asocia a
  <effect gate:gateId="739" rule="Effect" Simplification="somnolencia">somnolencia</effect>
  (8,6%), y se ha asociado con casos poco frecuentes de
  <effect gate:gateId="740" rule="Effect" Simplification="somnolencia excesiva durante el día">somnolencia excesiva durante el día</effect>
  y episodios de sueño repentino (0,1%). Ver sección 4.4. MIRAPEXIN puede estar asociado a trastornos de la libido, ya sea aumento (0,1%) o disminución (0,4%). En pacientes tratados con agonistas dopaminérgicos para el tratamiento de la
  <effect gate:gateId="741" rule="Effect" Simplification="enfermedad">enfermedad</effect>
  de Parkinson incluyendo MIRAPEXIN, especialmente con dosis altas, se han observado signos de ludopatía, aumento de la libido e
  <effect gate:gateId="742" rule="Effect" Simplification="hipersexualidad">hipersexualidad</effect>
  , generalmente reversibles al disminuir la dosis o interrumpir el tratamiento.
</paragraph>
