<?xml version="1.0" encoding="UTF-8"?>
<paragraph xmlns:gate="http://www.gate.ac.uk" gate:gateId="0" gate:annotMaxId="124">
  MINISTERIO Los pacientes con
  <effect gate:gateId="118" rule="Effect" Simplification="depresión">depresión</effect>
  presentan varios síntomas relacionados con la
  <effect gate:gateId="119" rule="Effect" Simplification="enfermedad">enfermedad</effect>
  misma. Por tanto, a veces es difícil diferenciar los síntomas que son resultado de la
  <effect gate:gateId="120" rule="Effect" Simplification="enfermedad">enfermedad</effect>
  o debidos al tratamiento con
  <drug gate:gateId="121" rule="Drug">mirtazapina</drug>
  . Las reacciones adversas que se informan más frecuentemente durante el tratamiento con
  <drug gate:gateId="122" rule="Drug">mirtazapina</drug>
  son: Sistema orgánico Frecuentes Poco frecuentes Raras Trastornos Depresión aguda de la hematológicos médula ósea Trastornos Aumento de apetito y metabólicos y
  <effect gate:gateId="123" rule="Effect" Simplification="aumento de peso">aumento de peso</effect>
  nutricionales Trastornos del sistema Somnolencia (que puede Convulsiones nerviosos afectar negativamente a la (ataques) Trastornos vasculares Hipotensión Trastornos Aumento en las hepatobiliares actividades de las Trastornos generales Edema generalizado o
</paragraph>
