<?xml version="1.0" encoding="UTF-8"?>
<paragraph xmlns:gate="http://www.gate.ac.uk" gate:gateId="0" gate:annotMaxId="360">
  Efectos sobre la madre Los efectos adversos de Misofar 25 son, en general, una prolongación de la acción farmacológica. Las reacciones adversas más frecuentes son: - Trastornos gastrointestinales:
  <effect gate:gateId="321" rule="Effect" Simplification="náuseas">náuseas</effect>
  ,
  <effect gate:gateId="322" rule="Effect" Simplification="vómitos">vómitos</effect>
  ,
  <effect gate:gateId="323" rule="Effect" Simplification="diarrea">diarrea</effect>
  y
  <effect gate:gateId="324" rule="Effect" Simplification="dolor abdominal">dolor abdominal</effect>
  Algunos de los siguientes efectos adversos han sido descritos de forma ocasional.: - Trastornos cardiovasculares:
  <effect gate:gateId="325" rule="Effect" Simplification="presión arterial alta">hipertensión</effect>
  ,
  <effect gate:gateId="326" rule="Effect" Simplification="presión arterial baja">hipotensión</effect>
  ,
  <effect gate:gateId="327" rule="Effect" Simplification="arritmia">arritmia</effect>
  ,
  <effect gate:gateId="328" rule="Effect" Simplification="inflamación de una vena">flebitis</effect>
  ,
  <effect gate:gateId="329" rule="Effect" Simplification="hinchazón">edema</effect>
  ,
  <effect gate:gateId="330" rule="Effect" Simplification="dolor de pecho">dolor pectoral</effect>
  . - Trastornos del sistema
  <effect gate:gateId="331" rule="Effect" Simplification="nervioso">nervioso</effect>
  /psiquiátrico:
  <effect gate:gateId="332" rule="Effect" Simplification="mareo">mareo</effect>
  ,
  <effect gate:gateId="333" rule="Effect" Simplification="confusión">confusión</effect>
  ,
  <effect gate:gateId="334" rule="Effect" Simplification="somnolencia">somnolencia</effect>
  ,
  <effect gate:gateId="335" rule="Effect" Simplification="desmayo">síncope</effect>
  ,
  <effect gate:gateId="336" rule="Effect" Simplification="dolor de cabeza">cefalea</effect>
  ,
  <effect gate:gateId="337" rule="Effect" Simplification="temblor">temblores</effect>
  ,
  <effect gate:gateId="338" rule="Effect" Simplification="ansiedad">ansiedad</effect>
  ,
  <effect gate:gateId="339" rule="Effect" Simplification="trastornos nerviosos">neurosis</effect>
  . - Trastornos respiratorios, torácicos y mediastínicos:
  <effect gate:gateId="340" rule="Effect" Simplification="tos">tos</effect>
  ,
  <effect gate:gateId="341" rule="Effect" Simplification="jadeo">disnea</effect>
  ,
  <effect gate:gateId="342" rule="Effect" Simplification="bronquitis">bronquitis</effect>
  ,
  <effect gate:gateId="343" rule="Effect" Simplification="neumonía">neumonía</effect>
  . - Trastornos musculoesqueléticos:
  <effect gate:gateId="344" rule="Effect" Simplification="dolor articular">artralgia</effect>
  ,
  <effect gate:gateId="345" rule="Effect" Simplification="dolor muscular">mialgia</effect>
  ,
  <effect gate:gateId="346" rule="Effect" Simplification="calambres">calambres</effect>
  y agarrotamientos musculares,
  <effect gate:gateId="347" rule="Effect" Simplification="___">dolor de espalda.</effect>
  - Embarazo, puerperio y enfermedades perinatales: contractilidad uterina anormal (aumento de la frecuencia, tono o duración) con o sin
  <effect gate:gateId="348" rule="Effect" Simplification="anomalía cardiaca del feto">bradicardia fetal</effect>
  , ruptura uterina, ruptura prematura de membranas,
  <effect gate:gateId="349" rule="Effect" Simplification="desprendimiento prematuro de placenta">desprendimiento prematuro de placenta</effect>
  ,
  <effect gate:gateId="350" rule="Effect" Simplification="infección en la cavidad amniótica">amnionitis</effect>
  , embolismo pulmonar por líquido amniótico,
  <effect gate:gateId="351" rule="Effect" Simplification="hemorragia vaginal">hemorragia vaginal</effect>
  . - Trastornos del aparato reproductor: dilatación cervical rápida. - Trastornos generales y alteraciones en el lugar de administración:
  <effect gate:gateId="352" rule="Effect" Simplification="fiebre">hipertermia</effect>
  transitoria,
  <effect gate:gateId="353" rule="Effect" Simplification="escalofríos">escalofríos</effect>
  . - Trastornos del sistema inmunológico: reacciones de
  <effect gate:gateId="354" rule="Effect" Simplification="alergia">hipersensibilidad</effect>
  . - Trastornos de la piel:
  <effect gate:gateId="355" rule="Effect" Simplification="alteración de la piel">rash</effect>
  . Efectos sobre el feto: - Alteración del ritmo cardiaco fetal,
  <effect gate:gateId="356" rule="Effect" Simplification="problemas de oxigenación del feto">acidosis fetal</effect>
  (pH de la arteria umbilical por debajo de 7,15,
  <effect gate:gateId="357" rule="Effect" Simplification="enfermedad del sistema inmunológico">sepsis</effect>
  fetal intrauterina,
  <effect gate:gateId="358" rule="Effect" Simplification="sufrimiento fetal">sufrimiento fetal</effect>
  , síndrome de
  <effect gate:gateId="359" rule="Effect" Simplification="aspiración del líquido amniótico">aspiración de meconio</effect>
  , sufrimiento neonatal (valoración de Apgar baja).
</paragraph>
