<?xml version="1.0" encoding="UTF-8"?>
<paragraph xmlns:gate="http://www.gate.ac.uk" gate:gateId="0" gate:annotMaxId="300">
  - Gastrointestinales Frecuentes:
  <effect gate:gateId="273" rule="Effect" Simplification="sequedad de boca">sequedad de boca</effect>
  ,
  <effect gate:gateId="274" rule="Effect" Simplification="diarrea">diarrea</effect>
  ,
  <effect gate:gateId="275" rule="Effect" Simplification="dolor abdominal">dolor abdominal</effect>
  (incluyendo
  <effect gate:gateId="276" rule="Effect" Simplification="enfermedades del estómago ">dispepsia</effect>
  ),
  <effect gate:gateId="277" rule="Effect" Simplification="náuseas">náuseas</effect>
  - Sistema
  <effect gate:gateId="278" rule="Effect" Simplification="nervioso">nervioso</effect>
  central y psiquiátricos Frecuentes:
  <effect gate:gateId="279" rule="Effect" Simplification="somnolencia">somnolencia</effect>
  frecuentemente de carácter transitorio,
  <effect gate:gateId="280" rule="Effect" Simplification="dolor de cabeza">cefalea</effect>
  ,
  <effect gate:gateId="281" rule="Effect" Simplification="mareo">mareos</effect>
  Poco frecuentes:
  <effect gate:gateId="282" rule="Effect" Simplification="ansiedad">ansiedad</effect>
  y
  <effect gate:gateId="283" rule="Effect" Simplification="___">depresión.</effect>
  - Hepáticas Poco frecuentes: elevación de las enzimas hepáticas - Hematológicas Muy raras: descenso en el recuento de neutrófilos - Generales Frecuentes:
  <effect gate:gateId="284" rule="Effect" Simplification="fatiga">astenia</effect>
  frecuentemente de carácter transitorio,
  <effect gate:gateId="285" rule="Effect" Simplification="aumento del apetito">aumento del apetito</effect>
  asociado con incremento de peso Muy raras: reacciones alérgicas, incluyendo anafilaxis,
  <effect gate:gateId="286" rule="Effect" Simplification="hinchazón debajo de la piel">angioedema</effect>
  ,
  <effect gate:gateId="287" rule="Effect" Simplification="alteración de la piel">rash</effect>
  /
  <effect gate:gateId="288" rule="Effect" Simplification="urticaria">urticaria</effect>
  generalizadas,
  <effect gate:gateId="289" rule="Effect" Simplification="picazón">prurito</effect>
  e
  <effect gate:gateId="290" rule="Effect" Simplification="presión arterial baja">hipotensión</effect>
  - Cardiovasculares Poco frecuentes:
  <effect gate:gateId="291" rule="Effect" Simplification="presión arterial baja">hipotensión</effect>
  ,
  <effect gate:gateId="292" rule="Effect" Simplification="alteración del ritmo cardíaco">taquicardia</effect>
  ,
  <effect gate:gateId="293" rule="Effect" Simplification="palpitaciones">palpitaciones</effect>
  . Muy raras:
  <effect gate:gateId="294" rule="Effect" Simplification="ataque">ataque</effect>
  vasovagal MINISTERIO - Músculo-esqueléticas Poco frecuentes:
  <effect gate:gateId="295" rule="Effect" Simplification="dolor articular">artralgia</effect>
  y
  <effect gate:gateId="296" rule="Effect" Simplification="dolor muscular">mialgia</effect>
  Ha habido informes de broncospasmo y agravamiento del
  <effect gate:gateId="297" rule="Effect" Simplification="asma">asma</effect>
  pero a la vista de la alta frecuencia de
  <effect gate:gateId="298" rule="Effect" Simplification="asma">asma</effect>
  en la población de pacientes tratados, la relación causal sigue siendo incierta. El tratamiento con algunos antihistamínicos se ha asociado con la prolongación del intervalo QT, aumentando el riesgo de arritmias cardiacas graves en individuos propensos. Raramente se han observado cambios menores en el azúcar y electrolitos en sangre. Por otra parte, la significación clínica de estos cambios en voluntarios sanos, todavía no está clara. Debe hacerse un seguimiento periódico de los pacientes de riesgo (diabéticos, aquellos propensos a
  <effect gate:gateId="299" rule="Effect" Simplification="alteraciones en el agua del cuerpo">desequilibrio electrolítico</effect>
  y a arritmias cardiacas).
</paragraph>
