<?xml version="1.0" encoding="UTF-8"?>
<paragraph xmlns:gate="http://www.gate.ac.uk" gate:gateId="0" gate:annotMaxId="473">
  Tras el tratamiento con MONUROL, los síntomas clínicos desaparecen generalmente pasados 2 ó 3 días después del tratamiento. La eventual persistencia de algunos síntomas locales no es, necesariamente, un signo de fallo terapéutico, sino que puede ser debida a la
  <effect gate:gateId="458" rule="Effect" Simplification="inflamación">inflamación</effect>
  precedente. La ingestión de alimentos puede retrasar la absorción de la
  <drug gate:gateId="459" rule="Drug">fosfomicina</drug>
  trometamol, dando lugar a una leve disminución de los picos hemáticos y la concentración urinaria, respectivamente. Se recomienda por lo tanto administrar el fármaco con el estómago vacío o 1 hora antes de ingerir los alimentos, o bien 2 horas después de haberlos ingerido, y preferiblemente al acostarse después de haber vaciado la vejiga. MONUROL 3 g contiene 2,213 g y MONUROL 2 g contiene 2,100 g de sacarosa por sobre, respectivamente, lo que deberá ser tenido en cuenta por los enfermos diabéticos. 4.5. Interacciones con otros medicamentos y otras formas de
  <effect gate:gateId="460" rule="Effect" Simplification="interacción">interacción</effect>
  : La administración simultánea de MONUROL con metoclopramida reduce la absorción de la
  <drug gate:gateId="461" rule="Drug">fosfomicina</drug>
  . 4.6. Embarazo y Lactancia: Los diversos estudios llevados a cabo en animales con
  <drug gate:gateId="462" rule="Drug">fosfomicina</drug>
  trometamol, no han evidenciado efectos dañinos para el feto. Estudios previos llevados a cabo en ratas con las sales sódica y cálcica de
  <drug gate:gateId="463" rule="Drug">fosfomicina</drug>
  determinaron efectos tóxicos sobre el feto a dosis elevadas equivalentes a 25 veces la dosis terapéutica, y los estudios realizados en conejos con dosis inferiores del fármaco no manifestaron signos de toxicidad fetal. Aunque los estudios realizados en animales con
  <drug gate:gateId="464" rule="Drug">fosfomicina</drug>
  trometamol no han demostrado acción teratógena, y su administración en dosis única en el
  <effect gate:gateId="465" rule="Effect" Simplification="embarazo">embarazo</effect>
  reduce el riesgo para el feto, respecto a los tratamientos prolongados, se recomienda utilizarla en el
  <effect gate:gateId="466" rule="Effect" Simplification="embarazo">embarazo</effect>
  únicamente en aquellos casos en que se considere favorable el balance riesgo/beneficio. MINISTERIO La
  <drug gate:gateId="467" rule="Drug">fosfomicina</drug>
  trometamol puede pasar a la leche materna, por lo que se recomienda su administración durante la lactancia únicamente en aquellos casos en que se considere favorable el balance riesgo/beneficio. 4.7. Efectos sobre la capacidad de conducir vehículos y utilizar maquinaria: No se han descrito. 4.8. Reacciones adversas: De forma ocasional, se han observado
  <effect gate:gateId="468" rule="Effect" Simplification="náuseas">náuseas</effect>
  ,
  <effect gate:gateId="469" rule="Effect" Simplification="indigestión">pirosis</effect>
  y
  <effect gate:gateId="470" rule="Effect" Simplification="___">diarrea.</effect>
  Menos frecuentemente, se han observado reacciones alérgicas, con
  <effect gate:gateId="471" rule="Effect" Simplification="alteración de la piel">rash</effect>
  cutáneo. Estas reacciones por lo general remiten de forma espontánea y rápidamente, sin necesidad de administrar tratamiento sintomático. Raramente han sido notificadas reacciones de
  <effect gate:gateId="472" rule="Effect" Simplification="alergia">hipersensibilidad</effect>
  graves, incluida anafilaxis.
</paragraph>
