<?xml version="1.0" encoding="UTF-8"?>
<paragraph xmlns:gate="http://www.gate.ac.uk" gate:gateId="0" gate:annotMaxId="419">
  Generales El perfil de reacciones adversas de NAROPIN es similar al que presentan otros anestésicos locales tipo amida de acción prolongada. Las reacciones adversas deberán distinguirse de los efectos fisiológicos debidos al bloqueo
  <effect gate:gateId="397" rule="Effect" Simplification="nervioso">nervioso</effect>
  en sí, por ejemplo disminución en la
  <effect gate:gateId="398" rule="Effect" Simplification="presión">presión</effect>
  sanguínea y
  <effect gate:gateId="399" rule="Effect" Simplification="anomalía cardiaca">bradicardia</effect>
  durante la
  <effect gate:gateId="400" rule="Effect" Simplification="anestesia">anestesia</effect>
  intratecal y acontecimientos debidos a la punción con la aguja (por ej.
  <effect gate:gateId="401" rule="Effect" Simplification="hemorragia medula espinal">hematoma espinal</effect>
  ,
  <effect gate:gateId="402" rule="Effect" Simplification="dolor de cabeza">cefalea</effect>
  por punción post-dural,
  <effect gate:gateId="403" rule="Effect" Simplification="inflamación en la cabeza">meningitis</effect>
  y
  <effect gate:gateId="404" rule="Effect" Simplification="pus en la columna vertebral">absceso epidural</effect>
  ). Muchas de las reacciones adversas más frecuentemente comunicadas, tales como
  <effect gate:gateId="405" rule="Effect" Simplification="náuseas">náuseas</effect>
  ,
  <effect gate:gateId="406" rule="Effect" Simplification="vómitos">vómitos</effect>
  e
  <effect gate:gateId="407" rule="Effect" Simplification="presión arterial baja">hipotensión</effect>
  , son muy frecuentes durante la
  <effect gate:gateId="408" rule="Effect" Simplification="anestesia">anestesia</effect>
  y cirugía en general y no es MINISTERIO posible distinguir las producidas por la situación clínica de las causadas por el fármaco o el bloqueo. Con todos los anestésicos locales puede aparecer bloqueo espinal completo si se administra una dosis epidural accidentalmente vía intratecal o si se administra una dosis intratecal demasiado elevada. Las reacciones adversas sistémicas y localizadas de NAROPIN habitualmente aparecen debido a la dosificación excesiva, la absorción rápida o la inyección intravascular accidental. Sin embargo, debido a las bajas dosis empleadas en la
  <effect gate:gateId="409" rule="Effect" Simplification="anestesia">anestesia</effect>
  intratecal, no cabe esperar reacciones tóxicas a nivel sistémico. Tabla de reacciones adversas Dentro de cada clase del sistema orgánico, las reacciones adversas se han clasificado bajo el encabezado de frecuencia comenzando por las más frecuentes. Muy frecuentes Trastornos del sistema
  <effect gate:gateId="410" rule="Effect" Simplification="nervioso">nervioso</effect>
  : Cefalea (&gt;1/10) Trastornos cardíacos: Bradicardia Frecuentes Trastornos del sistema
  <effect gate:gateId="411" rule="Effect" Simplification="nervioso">nervioso</effect>
  : Parestesia,
  <effect gate:gateId="412" rule="Effect" Simplification="mareo">mareo</effect>
  ,
  <effect gate:gateId="413" rule="Effect" Simplification="entumecimiento">hipoestesia</effect>
  (&gt;1/100, &lt;1/10) Trastornos vasculares: Síncope Raros Trastornos generales y alteraciones en el lugar de administración: (&gt;1/10.000, &lt;1/1.000) Reacciones alérgicas (reacciones anafilácticas,
  <effect gate:gateId="414" rule="Effect" Simplification="hinchazón en la piel">edema angioneurótico</effect>
  y Reacciones adversas relacionadas con la clase Complicaciones neurológicas Se han asociado con la
  <effect gate:gateId="415" rule="Effect" Simplification="anestesia">anestesia</effect>
  regional, independientemente del anestésico local empleado,
  <effect gate:gateId="416" rule="Effect" Simplification="enfermedad en el sistema nervioso">neuropatía</effect>
  y disfunción de la médula espinal (por ej.
  <effect gate:gateId="417" rule="Effect" Simplification="trastorno en la medula espinal">síndrome de la arteria espinal anterior</effect>
  ,
  <effect gate:gateId="418" rule="Effect" Simplification="enfermedad neurológica, causa picazón">aracnoiditis</effect>
  , cola de caballo) las cuales raramente pueden ocasionar secuelas permanentes. Bloqueo espinal total Puede darse un bloqueo espinal total si se administra una dosis intratecal demasiado elevada.
</paragraph>
