<?xml version="1.0" encoding="UTF-8"?>
<paragraph xmlns:gate="http://www.gate.ac.uk" gate:gateId="0" gate:annotMaxId="1369">
  Uso en ancianos: Debe utilizarse con precaución en este tipo de población debido a una mayor sensibilidad a la
  <effect gate:gateId="1295" rule="Effect" Simplification="sedación">sedación</effect>
  y a la
  <effect gate:gateId="1296" rule="Effect" Simplification="incapacidad de quedarse quieto">hipotensión ortostática</effect>
  . Advertencia sobre excipientes: Nemactil 10: Este preparado contiene almidón de trigo, lo cual debe tenerse en cuenta en los enfermos celiacos. Nemactil 50: Este preparado contiene almidón de trigo, lo cual debe tenerse en cuenta en los enfermos celiacos. Nemactil gotas: contiene etanol como excipiente, por lo que debe administrarse con precaución en pacientes con
  <effect gate:gateId="1297" rule="Effect" Simplification="enfermedad en el hígado">enfermedad hepática</effect>
  ,
  <effect gate:gateId="1298" rule="Effect" Simplification="alcoholismo">alcoholismo</effect>
  ,
  <effect gate:gateId="1299" rule="Effect" Simplification="epilepsia">epilepsia</effect>
  , y en mujeres embarazadas. El preparado en gotas contiene además 250 mg/ml de sacarosa, lo que deberá tenerse en cuenta cuando se administre a enfermos diabéticos. Nemactil gotas por contener glicerol como excipiente puede ser perjudicial a dosis elevadas. Puede provocar
  <effect gate:gateId="1300" rule="Effect" Simplification="dolor de cabeza">dolor de cabeza</effect>
  , molestias de estomago y
  <effect gate:gateId="1301" rule="Effect" Simplification="___">diarrea.</effect>
  4.5. Interacción con otros medicamentos y otras formas de
  <effect gate:gateId="1302" rule="Effect" Simplification="interacción">interacción</effect>
  - Levodopa. La administración conjunta de levodopa con periciazina antagoniza los efectos de la levodopa, (véase apartado 4.3 Contraindicaciones). En el caso de aparición de
  <effect gate:gateId="1303" rule="Effect" Simplification="movimientos involuntarios">síndrome extrapiramidal</effect>
  inducido por la administración de neurolépticos no se utilizará levodopa sino que se utilizará un anticolinérgico. - Alcohol. La ingestión de alcohol aumenta el efecto sedante de los neurolépticos (véase apartados 4.3 Contraindicaciones y 4.7 Efectos sobre la capacidad para conducir vehículos y utilizar maquinaria). - Guanetidina. La administración conjunta de guanetidina con periciazina produce una disminución del efecto antihipertensivo de la guanetidina (véase apartado 4.3 Contraindicaciones). - Sultopride. La administración conjunta de sultopride con periciazina produce un aumento del riesgo de alteraciones del
  <effect gate:gateId="1304" rule="Effect" Simplification="ritmo ventricular">ritmo ventricular</effect>
  , especialmente "
  <effect gate:gateId="1305" rule="Effect" Simplification="arritmia">torsade de pointes</effect>
  " al haber adición de los efectos electrofisiológicos (véase apartado 4.3 Contraindicaciones). - Otros fármacos que pueden prolongar el intervalo QT: · Antiarrítmicos: quinidina, procainamida,
  <drug gate:gateId="1306" rule="Drug">amiodarona</drug>
  , mibefradil. · Antibióticos:
  <drug gate:gateId="1307" rule="Drug">eritromicina</drug>
  , cotrimazol, trimetroprim-sulfametoxazol,
  <drug gate:gateId="1308" rule="Drug">azitromicina</drug>
  ,
  <drug gate:gateId="1309" rule="Drug">ketoconazol</drug>
  , pentamidina. · Fármacos que actúan sobre la motilidad gastrointestinal:
  <drug gate:gateId="1310" rule="Drug">cisaprida</drug>
  . · Antihistamínicos: terfenadina · Hipolipemiantes: probucol. · Otros agentes psicotrópicos: antidepresivos tricíclicos y tetracíclicos,
  <drug gate:gateId="1311" rule="Drug">haloperidol</drug>
  y otras fenotiazinas. · Otros agentes: organofosforados y vasopresina. También hay que tener en cuenta las siguientes interacciones: - Sales, óxidos e hidróxidos de aluminio, magnesio y calcio: producen una disminución de la absorción digestiva de los neurolépticos fenotiazínicos. Se aconseja tomarlos al menos con 2 horas de diferencia. - Antihipertensivos: se produce un aumento de la actividad antihipertensiva y mayor riesgo de
  <effect gate:gateId="1312" rule="Effect" Simplification="incapacidad de quedarse quieto">hipotensión ortostática</effect>
  . MINISTERIO - Otros depresores del Sistema Nervioso Central: sedantes, derivados morfínicos (analgésicos y antitusígenos), barbitúricos, antihistamínicos H1, hipnóticos, ansiolíticos,
  <drug gate:gateId="1313" rule="Drug">clonidina</drug>
  y sustancias relacionadas,
  <drug gate:gateId="1314" rule="Drug">metadona</drug>
  y
  <drug gate:gateId="1315" rule="Drug">talidomida</drug>
  . Al administrar este tipo de productos concomitantemente con Nemactil se producirá un mayor efecto depresor del Sistema Nervioso Central. - Atropina y otras sustancias atropínicas: antidepresivos tipo
  <drug gate:gateId="1316" rule="Drug">imipramina</drug>
  , antihistaminicos H1, sedantes, antiparkinsonianos anticolinérgicos, antiespasmódicos atropínicos,
  <drug gate:gateId="1317" rule="Drug">disopiramida</drug>
  , producen una adición de las reacciones adversas de tipo atropínico (
  <effect gate:gateId="1318" rule="Effect" Simplification="retención urinaria">retención urinaria</effect>
  ,
  <effect gate:gateId="1319" rule="Effect" Simplification="sequedad de boca">sequedad de boca</effect>
  ). 4.6. Embarazo y lactancia Embarazo Los estudios experimentales en animales no han mostrado evidencias sobre una posible acción teratógena. En la especie humana no se ha evaluado el riesgo teratogénico de la periciazina por lo que, si es posible, se desaconseja su uso. Los datos obtenidos de diferentes estudios epidemiológicos prospectivos realizados con otras fenotiazinas son contradictorios con respecto al riesgo de malformaciones. En recién nacidos cuyas madres han sido tratadas con altas dosis de neurolépticos durante el
  <effect gate:gateId="1320" rule="Effect" Simplification="embarazo">embarazo</effect>
  se han comunicado raramente casos de: · Síntomas gastrointestinales relacionados con las propiedades atropínicas de las fenotiazinas (
  <effect gate:gateId="1321" rule="Effect" Simplification="abdomen prominente">distensión abdominal</effect>
  ,
  <effect gate:gateId="1322" rule="Effect" Simplification="obstrucción intestinal">íleo meconial</effect>
  , excreción retardada del meconio, dificultad en el inicio de la lactancia) · Otros síntomas relacionados con propiedades atropínicas:
  <effect gate:gateId="1323" rule="Effect" Simplification="alteración del ritmo cardíaco">taquicardia</effect>
  , trastornos neurológicos, etc. · Síndromes extrapiramidales. Si se considera necesario la continuación del tratamiento durante el
  <effect gate:gateId="1324" rule="Effect" Simplification="embarazo">embarazo</effect>
  sería conveniente: · limitar la duración del tratamiento durante el
  <effect gate:gateId="1325" rule="Effect" Simplification="embarazo">embarazo</effect>
  . · disminuir la dosis de neuroléptico lo máximo posible al final del
  <effect gate:gateId="1326" rule="Effect" Simplification="embarazo">embarazo</effect>
  . · establecer un periodo de vigilancia de las funciones neurológicas y digestivas del
  <effect gate:gateId="1327" rule="Effect" Simplification="recién nacido">recién nacido</effect>
  . Lactancia Se desaconseja su utilización debido a la falta de estudios sobre su posible paso a la leche materna. 4.7. Efectos sobre la capacidad para conducir y utilizar máquinas Por el riesgo de
  <effect gate:gateId="1328" rule="Effect" Simplification="somnolencia excesiva durante el día">somnolencia diurna</effect>
  , se debe advertir a los pacientes que no deberán conducir vehículos ni utilizar máquinas, sobre todo al principio del tratamiento. 4.8. Reacciones adversas - Trastornos sanguíneos y del sistema linfático:
  <effect gate:gateId="1329" rule="Effect" Simplification="poca producción de defensas en la sangre">agranulocitosis</effect>
  ,
  <effect gate:gateId="1330" rule="Effect" Simplification="disminución de leucocitos en la sangre">leucopenia</effect>
  . - Trastornos endocrinos:
  <effect gate:gateId="1331" rule="Effect" Simplification="infertilidad en el hombre">hiperprolactinemia</effect>
  (
  <effect gate:gateId="1332" rule="Effect" Simplification="ausencia de la menstruación">amenorrea</effect>
  ,
  <effect gate:gateId="1333" rule="Effect" Simplification="anormal producción de leche materna">galactorrea</effect>
  ,
  <effect gate:gateId="1334" rule="Effect" Simplification="enfermedades del seno">ginecomastia</effect>
  ), disregulación térmica. - Trastornos del metabolismo y nutrición:
  <effect gate:gateId="1335" rule="Effect" Simplification="aumento de peso">aumento de peso</effect>
  ,
  <effect gate:gateId="1336" rule="Effect" Simplification="intolerancia a la glucosa">alteración de la tolerancia a la glucosa</effect>
  . - Trastornos psiquiátricos:
  <effect gate:gateId="1337" rule="Effect" Simplification="indiferencia">indiferencia</effect>
  , reacciones de
  <effect gate:gateId="1338" rule="Effect" Simplification="ansiedad">ansiedad</effect>
  ,
  <effect gate:gateId="1339" rule="Effect" Simplification="cambios de estado de ánimo">cambios de estado de ánimo</effect>
  - Trastornos del sistema
  <effect gate:gateId="1340" rule="Effect" Simplification="nervioso">nervioso</effect>
  : · A dosis usuales:
  <effect gate:gateId="1341" rule="Effect" Simplification="sedación">sedación</effect>
  o
  <effect gate:gateId="1342" rule="Effect" Simplification="somnolencia">somnolencia</effect>
  (más frecuente al principio del tratamiento),
  <effect gate:gateId="1343" rule="Effect" Simplification="incapacidad de quedarse quieto">hipotensión ortostática</effect>
  , efectos anticolinérgicos (
  <effect gate:gateId="1344" rule="Effect" Simplification="sequedad de boca">sequedad de boca</effect>
  ,
  <effect gate:gateId="1345" rule="Effect" Simplification="retención urinaria">retención urinaria</effect>
  , problemas de acomodación ocular). · A dosis elevadas: discinesias precoces (
  <effect gate:gateId="1346" rule="Effect" Simplification="tortícolis">tortícolis</effect>
  espasmódicas,
  <effect gate:gateId="1347" rule="Effect" Simplification="crisis">crisis</effect>
  oculogiras,
  <effect gate:gateId="1348" rule="Effect" Simplification="rigidez en boca">trismus</effect>
  ,...) o tardías,
  <effect gate:gateId="1349" rule="Effect" Simplification="movimientos involuntarios">síndrome extrapiramidal</effect>
  (
  <effect gate:gateId="1350" rule="Effect" Simplification="incapacidad de realizar movimientos">acinesia</effect>
  ,
  <effect gate:gateId="1351" rule="Effect" Simplification="incapacidad de quedarse quieto">acatisia</effect>
  ,
  <effect gate:gateId="1352" rule="Effect" Simplification="tensión">hipertonía</effect>
  ,
  <effect gate:gateId="1353" rule="Effect" Simplification="excitación">excitación</effect>
  motora),
  <effect gate:gateId="1354" rule="Effect" Simplification="trastorno peligroso">síndrome neuroléptico maligno</effect>
  (véase apartado 4.4 Advertencias y precauciones especiales de empleo). - Trastornos oculares: descenso del tono ocular,
  <effect gate:gateId="1355" rule="Effect" Simplification="enfermedades de la retina">retinopatía</effect>
  pigmentaria (depósito de
  <effect gate:gateId="1356" rule="Effect" Simplification="manchas">manchas</effect>
  oscuras en el segmento anterior del ojo debido a la acumulación de producto en general sin que afecte a la visión). - Trastornos cardiacos: prolongación del intervalo QT, que puede desencadenar
  <effect gate:gateId="1357" rule="Effect" Simplification="alteración del ritmo cardiaco">arritmia ventricular</effect>
  (véase apartado 4.4 Advertencias y precauciones especiales de empleo, apartado 4.3 Contraindicaciones y apartado 4.5 Interacción con otros medicamentos y otras formas de
  <effect gate:gateId="1358" rule="Effect" Simplification="interacción">interacción</effect>
  ). Existen informes aislados de
  <effect gate:gateId="1359" rule="Effect" Simplification="muerte repentina">muerte súbita</effect>
  con posibles causas de origen cardiaco (ver apartado 4.4. Advertencias y precauciones especiales de empleo), así como casos de
  <effect gate:gateId="1360" rule="Effect" Simplification="muerte repentina">muerte súbita</effect>
  inexplicable en pacientes que reciben neurolépticos fenotiacínicos. - Trastornos gastrointestinales:
  <effect gate:gateId="1361" rule="Effect" Simplification="estreñimiento">estreñimiento</effect>
  ,
  <effect gate:gateId="1362" rule="Effect" Simplification="obstrucción intestinal">íleo paralítico</effect>
  . - Trastornos hepatobiliares: se han comunicado muy raramente reacciones de
  <effect gate:gateId="1363" rule="Effect" Simplification="problemas en los conductos biliares">ictericia colestática</effect>
  y
  <effect gate:gateId="1364" rule="Effect" Simplification="daño hepático">daño hepático</effect>
  , en su mayor parte de tipo colestático o mixto. - Trastornos de la piel y del tejido subcutáneo:
  <effect gate:gateId="1365" rule="Effect" Simplification="intolerancia a la luz">fotosensibilidad</effect>
  ,
  <effect gate:gateId="1366" rule="Effect" Simplification="alergia">alergia</effect>
  . - Trastornos del sistema reproductor: Se ha comunicado raramente casos de
  <effect gate:gateId="1367" rule="Effect" Simplification="dolor en el pene">priapismo</effect>
  . - Investigaciones: Positivación de la determinación de anticuerpos antinucleares sin clínica de
  <effect gate:gateId="1368" rule="Effect" Simplification="daño en los tejidos">lupus eritematoso</effect>
  .
</paragraph>
