<?xml version="1.0" encoding="UTF-8"?>
<paragraph xmlns:gate="http://www.gate.ac.uk" gate:gateId="0" gate:annotMaxId="658">
  4.8. Reacciones Adversas Hipersensibilidad/ reacciones de tipo alérgico: pueden producirse
  <effect gate:gateId="636" rule="Effect" Simplification="alergia">hipersensibilidad</effect>
  o reacciones de tipo alérgico en estrecha asociación temporal con la infusión de Neutrexin. Los síntomas asociados podrán incluir (aunque sin limitarse a ellos):
  <effect gate:gateId="637" rule="Effect" Simplification="fiebre y escalofríos">fiebre y escalofríos</effect>
  ,
  <effect gate:gateId="638" rule="Effect" Simplification="dolor de espalda">dolor de espalda</effect>
  , en el costado o en el flanco,
  <effect gate:gateId="639" rule="Effect" Simplification="náuseas">náuseas</effect>
  ,
  <effect gate:gateId="640" rule="Effect" Simplification="vómitos">vómitos</effect>
  o dolores cólicos abdominales;
  <effect gate:gateId="641" rule="Effect" Simplification="inflamación">erupción cutánea</effect>
  ;
  <effect gate:gateId="642" rule="Effect" Simplification="presión arterial baja">hipotensión</effect>
  o
  <effect gate:gateId="643" rule="Effect" Simplification="presión arterial alta">hipertensión arterial</effect>
  ; dispnea,
  <effect gate:gateId="644" rule="Effect" Simplification="mala oxigenación en del cuerpo">hipoxia</effect>
  o, en muy raras ocasiones,
  <effect gate:gateId="645" rule="Effect" Simplification="pérdida de la conciencia">pérdida de la conciencia</effect>
  . Tales eventos se producen típicamente después de múltiples exposiciones a Neutrexin y pueden aumentar de intensidad al repetir la administración; el mecanismo es desconocido. En general, los eventos informados respondieron al tratamiento con antihistamínicos parenterales y esteroides. Puesto que muchos pacientes que reciben Neutrexin ya sufren complicaciones de
  <effect gate:gateId="646" rule="Effect" Simplification="enfermedad">enfermedad</effect>
  avanzada por VIH, es difícil distinguir los efectos adversos producidos por Neutrexin de los que se derivan de las patologías subyacentes. Las toxicidades que se describen a continuación se refieren a los pacientes con NPC morfológicamente confirmada que reciben Neutrexin a dosis de 45 mg/m2 al día durante 21 días y
  <drug gate:gateId="647" rule="Drug">leucovorina</drug>
  a dosis de 80 mg/m2 al día durante 24 días (n = 182). Estos protocolos clínicos incluyeron modificaciones de la dosis de la asociación de Neutrexin con
  <drug gate:gateId="648" rule="Drug">leucovorina</drug>
  como se describen en el apartado 4.2 respecto a la toxicidad. Estas toxicidades se presentaron con una frecuencia y gravedad similares a las observadas en el análisis combinado de todos los pacientes tratados en los estudios clínicos. Anafilaxia: raramente se han observado reacciones anafilactoides (ver bajo Advertencias). Hematológicas: Los parámetros hematológicos anómalos que se han descrito con más frecuencia han sido los recuentos bajos de granulocitos y plaquetas y los niveles bajos de hemoglobina. En los protocolos clínicos, estos efectos fueron clasificados como graves en aproximadamente el 15%, 3% y 9% de los pacientes, respectivamente. Sin embargo, tras la modificación de la dosis que se describe en el apartado 4.2, menos del 4% de los pacientes tuvieron que suspender el tratamiento con Neutrexin debido a toxicidad hematológica. Gastrointestinal: Se han descrito
  <effect gate:gateId="649" rule="Effect" Simplification="vómitos">vómitos</effect>
  y
  <effect gate:gateId="650" rule="Effect" Simplification="diarrea">diarrea</effect>
  en el 3,8% y el 1,6% de los pacientes, efectos que en algunas ocasiones provocaron la retirada del tratamiento. Cutánea: La
  <effect gate:gateId="651" rule="Effect" Simplification="reacción en la piel">reacción cutánea</effect>
  más frecuentemente descrita fue la
  <effect gate:gateId="652" rule="Effect" Simplification="inflamación">erupción</effect>
  , que se produce en aproximadamente el 8% de los pacientes; raramente se han descrito
  <effect gate:gateId="653" rule="Effect" Simplification="picazón">prurito</effect>
  y reacción en el lugar de la inyección. Fiebre: En los protocolos clínicos, este efecto se describió en aproximadamente el 11% de los pacientes, pero solamente en el 1% fue de una gravedad suficiente para exigir la suspensión del tratamiento. Neurológicas: Se ha descrito
  <effect gate:gateId="654" rule="Effect" Simplification="confusión">confusión</effect>
  en el 3% de los pacientes. Crisis convulsivas se han descrito en raras ocasiones; no se ha establecido una relación causal entre las
  <effect gate:gateId="655" rule="Effect" Simplification="convulsiones epilépticas">crisis convulsivas</effect>
  y el trimetrexato. Toxicidad hepática: Se han descrito elevaciones transitorias de las transaminasas (SGOT y SGPT) y de la fosfatasa alcalina en el 14%, 13% y 5% de los pacientes, respectivamente. Interferencias en el diagnóstico: Se han descrito en raras ocasiones, y han incluido aumento y disminución de los niveles de calcio,
  <drug gate:gateId="656" rule="Drug">potasio</drug>
  , magnesio y GGT. No se han descrito signos clínicos de
  <effect gate:gateId="657" rule="Effect" Simplification="bajo nivel de calcio en la sangre">hipocalcemia</effect>
  .
</paragraph>
