<?xml version="1.0" encoding="UTF-8"?>
<paragraph xmlns:gate="http://www.gate.ac.uk" gate:gateId="0" gate:annotMaxId="739">
  24 Ritonavir dosificado como potenciador farmacocinético Las reacciones adversas asociadas con el uso de
  <drug gate:gateId="699" rule="Drug">ritonavir</drug>
  como potenciador farmacocinético dependen del inhibidor de proteasa coadministrado. Para mayor información consultar las reacciones adversas de la ficha técnica del inhibidor de proteasa coadministrado. Ritonavir dosificado como agente antirretroviral En los ensayos clínicos originales (Fase II/III) se notificaron efectos adversos en una proporción &gt; 2% de 1033 pacientes y cuya relación con
  <drug gate:gateId="700" rule="Drug">ritonavir</drug>
  se estableció como posible, probable o desconocida. Han sido notificadas las siguientes reacciones adversas de intensidad moderada agrave con relación posible o probable con
  <drug gate:gateId="701" rule="Drug">ritonavir</drug>
  . Las reacciones adversas se enumeran en orden decreciente de gravedad dentro de cada intervalo de frecuencia: muy frecuentes ( 1/10), frecuentes ( 1/100 a &lt;1/10), poco frecuentes (1/1000 a &lt; 1/100): raras ( 1/10000 a &lt; 1/1000). Reacciones adversas en los ensayos clínicos y estudios de post-comercialización en pacientes adultos Trastornos del sistema Frecuentes Reacciones alérgicas incluyendo inmunológico
  <effect gate:gateId="702" rule="Effect" Simplification="urticaria">urticaria</effect>
  , erupciones moderadas Raras Anafilaxis y síndrome de Stevens Trastornos de la sangre y del Frecuentes Descenso de glóbulos blancos, sistema linfático descenso de hemoglobina, Poco frecuentes Aumento de glóbulos blancos, De frecuencia desconocida
  <effect gate:gateId="703" rule="Effect" Simplification="problemas de coagulación">trombocitopenia</effect>
  Trastornos del metabolismo y de Poco frecuentes Deshidratación,
  <effect gate:gateId="704" rule="Effect" Simplification="diabetes">diabetes mellitus</effect>
  la nutrición De frecuencia desconocida Hipertrigliceridemia, Trastornos del Sistema Nervioso Muy frecuentes
  <effect gate:gateId="705" rule="Effect" Simplification="alteración del gusto">alteración del gusto</effect>
  ,
  <effect gate:gateId="706" rule="Effect" Simplification="cosquilleo">parestesia</effect>
  Frecuentes Mareo,
  <effect gate:gateId="707" rule="Effect" Simplification="cosquilleo">parestesia</effect>
  ,
  <effect gate:gateId="708" rule="Effect" Simplification="estimulo táctil">hiperestesia</effect>
  , De frecuencia desconocida Convulsiones,
  <effect gate:gateId="709" rule="Effect" Simplification="desmayo">síncope</effect>
  Trastornos vasculares Frecuentes Vasodilatación De frecuencia desconocida Hipotensión ortostática Trastornos respiratorios, torácicos Frecuentes Faringitis, aumento de la
  <effect gate:gateId="710" rule="Effect" Simplification="tos">tos</effect>
  y mediastínicos Trastornos gastrointestinales Muy frecuentes Dolor abdominal,
  <effect gate:gateId="711" rule="Effect" Simplification="náuseas">náuseas</effect>
  , Frecuentes Dispepsia,
  <effect gate:gateId="712" rule="Effect" Simplification="trastornos de la alimentación ">anorexia</effect>
  ,
  <effect gate:gateId="713" rule="Effect" Simplification="irritación">irritación</effect>
  Trastornos hepatobiliares Poco frecuentes Hepatitis e
  <effect gate:gateId="714" rule="Effect" Simplification="piel amarrilla">ictericia</effect>
  Trastornos musculoesqueléticos y Frecuentes Aumento de la del tejido conectivo creatininfosfoquinasa,
  <effect gate:gateId="715" rule="Effect" Simplification="dolor muscular">mialgia</effect>
  Poco frecuentes Miositis,
  <effect gate:gateId="716" rule="Effect" Simplification="trastorno muscular">rabdomiolisis</effect>
  Trastornos renales y urinarios De frecuencia desconocida Insuficiencia renal grave Trastornos del aparato De frecuencia desconocida Menorragia reproductor y de la mama Trastornos generales y Muy frecuentes Astenia alteraciones en el lugar de administración Frecuentes Fiebre,
  <effect gate:gateId="717" rule="Effect" Simplification="dolor">dolor</effect>
  ,
  <effect gate:gateId="718" rule="Effect" Simplification="pérdida de peso">pérdida de peso</effect>
  Exploraciones complementarias Frecuentes Aumento de GGT, aumento de Poco frecuentes Aumento de glucosa, descenso Los efectos que tienen frecuencia desconocida se identificaron en estudios de farmacovigilancia post- comercialización. En pacientes que estaban recibiendo
  <drug gate:gateId="719" rule="Drug">ritonavir</drug>
  como monoterapia o en combinación con otros antirretrovirales se ha descrito un aumento de las transaminasas hepáticas que sobrepasan cinco veces el límite superior normal, así como la aparición de
  <effect gate:gateId="720" rule="Effect" Simplification="hepatitis">hepatitis</effect>
  clínica e
  <effect gate:gateId="721" rule="Effect" Simplification="piel amarrilla">ictericia</effect>
  . En pacientes con VIH, la terapia antirretroviral combinada se ha asociado con una redistribución de la grasa corporal (
  <effect gate:gateId="722" rule="Effect" Simplification="cambios en la forma del cuerpo">lipodistrofia</effect>
  ), incluyendo la pérdida de grasa facial subcutánea, aumento de grasa visceral e intra-abdominal,
  <effect gate:gateId="723" rule="Effect" Simplification="hinchazón de músculos">hipertrofia</effect>
  de las mamas y acumulación de grasa dorsocervical (
  <effect gate:gateId="724" rule="Effect" Simplification="joroba de búfalo">joroba de búfalo</effect>
  ). La terapia antirretroviral combinada se ha asociado con anomalías metabólicas tales como
  <effect gate:gateId="725" rule="Effect" Simplification="aumento de grasa en la sangre">hipertrigliceridemia</effect>
  ,
  <effect gate:gateId="726" rule="Effect" Simplification="aumento de colesterol en la sangre">hipercolesterolemia</effect>
  ,
  <effect gate:gateId="727" rule="Effect" Simplification="resistencia a la insulina">resistencia a la insulina</effect>
  ,
  <effect gate:gateId="728" rule="Effect" Simplification="alto nivel de azucar">hiperglucemia</effect>
  e
  <effect gate:gateId="729" rule="Effect" Simplification="problemas en la sangre">hiperlactatemia</effect>
  (ver sección 4.4). Al inicio de la terapia antirretroviral combinada, en los pacientes infectados por VIH con deficiencia inmune grave, puede aparecer una respuesta inflamatoria frente a
  <effect gate:gateId="730" rule="Effect" Simplification="infecciones">infecciones</effect>
  oportunistas latentes o asintomáticas (véase apartado 4.4). 26 Se ha observado la aparición de
  <effect gate:gateId="731" rule="Effect" Simplification="pancreatitis">pancreatitis</effect>
  en pacientes en tratamiento con
  <drug gate:gateId="732" rule="Drug">ritonavir</drug>
  , incluyendo aquellos que desarrollaron
  <effect gate:gateId="733" rule="Effect" Simplification="aumento de grasa en la sangre">hipertrigliceridemia</effect>
  . En algunos casos se han observado muertes. Los pacientes con
  <effect gate:gateId="734" rule="Effect" Simplification="enfermedad">enfermedad</effect>
  por VIH avanzada pueden tener riesgo de aumento de los triglicéridos y de aparición de
  <effect gate:gateId="735" rule="Effect" Simplification="pancreatitis">pancreatitis</effect>
  (ver sección 4.4). Se han notificado casos de
  <effect gate:gateId="736" rule="Effect" Simplification="problemas en los huesos">osteonecrosis</effect>
  , especialmente en pacientes con factores de riesgo generalmente reconocidos,
  <effect gate:gateId="737" rule="Effect" Simplification="enfermedad">enfermedad</effect>
  avanzada por VIH o exposición prolongada al tratamiento antirretroviral combinado (TARC). Se desconoce la frecuencia de esta
  <effect gate:gateId="738" rule="Effect" Simplification="alergia ">reacción adversa</effect>
  (ver sección 4.4).
</paragraph>
