<?xml version="1.0" encoding="UTF-8"?>
<paragraph xmlns:gate="http://www.gate.ac.uk" gate:gateId="0" gate:annotMaxId="2885">
  La
  <drug gate:gateId="2710" rule="Drug">olanzapina</drug>
  debe ser administrada con precaución a los enfermos con antecedentes de
  <effect gate:gateId="2711" rule="Effect" Simplification="ataque">convulsiones</effect>
  o que están sujetos a factores que puedan bajar el umbral convulsivo. Se ha descrito que en raras ocasiones aparecen
  <effect gate:gateId="2712" rule="Effect" Simplification="ataque">convulsiones</effect>
  en este tipo de pacientes cuando se
  <effect gate:gateId="2713" rule="Effect" Simplification="enfermedad del sistema inmune">les</effect>
  trata con
  <drug gate:gateId="2714" rule="Drug">olanzapina</drug>
  . En la mayoría de estos casos existían antecedentes de
  <effect gate:gateId="2715" rule="Effect" Simplification="ataque">convulsiones</effect>
  o factores de riesgo de
  <effect gate:gateId="2716" rule="Effect" Simplification="___">convulsiones.</effect>
  Discinesia tardía: en estudios comparativos de un año de duración o menos, la
  <drug gate:gateId="2717" rule="Drug">olanzapina</drug>
  se asoció de forma estadísticamente significativa con una menor incidencia de
  <effect gate:gateId="2718" rule="Effect" Simplification="movimientos anormales">discinesia</effect>
  relacionada con el tratamiento. Sin embargo, el riesgo de
  <effect gate:gateId="2719" rule="Effect" Simplification="movimientos anormales">discinesia tardía</effect>
  aumenta con la exposición a largo plazo y, por tanto, si apareciesen signos o síntomas de
  <effect gate:gateId="2720" rule="Effect" Simplification="movimientos anormales">discinesia tardía</effect>
  en un enfermo tratado con
  <drug gate:gateId="2721" rule="Drug">olanzapina</drug>
  , se debe considerar la reducción de la dosis o la suspensión de la medicación. Estos síntomas pueden empeorarse temporalmente o incluso aparecer después de la terminación del tratamiento. Teniendo en cuenta los efectos primarios de la
  <drug gate:gateId="2722" rule="Drug">olanzapina</drug>
  sobre el SNC, se recomienda prudencia cuando se combine este medicamento con otros de acción central o con alcohol. Debido a que muestra antagonismo dopaminérgico in vitro, la
  <drug gate:gateId="2723" rule="Drug">olanzapina</drug>
  puede antagonizar los efectos de los agonistas dopaminérgicos directos e indirectos. Durante los ensayos clínicos de
  <drug gate:gateId="2724" rule="Drug">olanzapina</drug>
  en pacientes de edad avanzada se observó
  <effect gate:gateId="2725" rule="Effect" Simplification="presión sanguínea baja">hipotensión postural</effect>
  de forma infrecuente. Como con otros antipsicóticos, se recomienda medir la
  <effect gate:gateId="2726" rule="Effect" Simplification="presión">presión</effect>
  arterial periódicamente en pacientes mayores de 65 años. En ensayos clínicos las prolongaciones clínicamente significativas del intervalo QTc (corrección de Fridericia del intervalo QT [QTcF] 500 milisegundos [msec] en cualquier momento posterior a la línea de base en pacientes con una situación basal de QTcF&lt;500 msec) fueron poco frecuentes (1/1.000, &lt;1/100) en pacientes tratados con
  <drug gate:gateId="2727" rule="Drug">olanzapina</drug>
  , no existiendo diferencias significativas en comparación con placebo en lo referente a eventos cardíacos asociados. . Sin embargo, como con otros antipsicóticos, se deben tomar precauciones cuando se prescriba
  <drug gate:gateId="2728" rule="Drug">olanzapina</drug>
  junto con medicamentos que se sabe aumentan el intervalo QTc, especialmente en pacientes de edad avanzada, en pacientes con síndrome QT
  <effect gate:gateId="2729" rule="Effect" Simplification="congénito">congénito</effect>
  prolongado,
  <effect gate:gateId="2730" rule="Effect" Simplification="insuficiencia cardiaca">insuficiencia cardiaca congestiva</effect>
  ,
  <effect gate:gateId="2731" rule="Effect" Simplification="hinchazón del corazón">hipertrofia cardiaca</effect>
  , hipocalemia o
  <effect gate:gateId="2732" rule="Effect" Simplification="nivel alto de magnesio">hipomagnesemia</effect>
  . Muy raramente (&lt;1/10.000), se ha notificado una asociación temporal del tratamiento con
  <drug gate:gateId="2733" rule="Drug">olanzapina</drug>
  con
  <effect gate:gateId="2734" rule="Effect" Simplification="coagulo en una vena">tromboembolismo venoso</effect>
  . No se ha establecido una relación causal entre el tratamiento con
  <drug gate:gateId="2735" rule="Drug">olanzapina</drug>
  y la aparición de
  <effect gate:gateId="2736" rule="Effect" Simplification="coagulo en una vena">tromboembolismo venoso</effect>
  . Sin embargo, ya que los pacientes con
  <effect gate:gateId="2737" rule="Effect" Simplification="esquizofrenia">esquizofrenia</effect>
  presentan, a menudo, factores de riesgo adquiridos de
  <effect gate:gateId="2738" rule="Effect" Simplification="coagulo en una vena">tromboembolismo venoso</effect>
  se deben identificar todos los posibles factores de riesgo asociados por ejemplo, la inmovilización del paciente, y tomar medidas preventivas. Advertencias sobre excipientes: Este medicamento contiene lactosa. Los pacientes con intolerancia hereditaria a galactosa, insuficiencia de lactasa de Lapp o problemas de absorción de glucosa o galactosa no deben tomar este medicamento. 4.5 Interacción con otros medicamentos y otras formas de
  <effect gate:gateId="2739" rule="Effect" Simplification="interacción">interacción</effect>
  Se debe tener precaución en pacientes en tratamiento con medicamentos que pueden producir
  <effect gate:gateId="2740" rule="Effect" Simplification="depresión del sistema nervioso central">depresión del sistema nervioso central</effect>
  . Interacciones potenciales que afectan a
  <drug gate:gateId="2741" rule="Drug">olanzapina</drug>
  : ya que la
  <drug gate:gateId="2742" rule="Drug">olanzapina</drug>
  es metabolizada por el CYP1A2, las sustancias que específicamente puedan inducir o inhibir esta isoenzima pueden afectar la farmacocinética de la
  <drug gate:gateId="2743" rule="Drug">olanzapina</drug>
  . Inducción del CYP1A2: El tabaco y la carbamacepina pueden inducir el metabolismo de la
  <drug gate:gateId="2744" rule="Drug">olanzapina</drug>
  , lo que puede producir una reducción de las concentraciones de
  <drug gate:gateId="2745" rule="Drug">olanzapina</drug>
  . Tan solo se ha observado un incremento de leve a moderado en el aclaramiento de
  <drug gate:gateId="2746" rule="Drug">olanzapina</drug>
  . Las consecuencias clínicas parecen ser limitadas, pero se recomienda la monitorización y considerar, si fuera necesario, un incremento de la dosis de
  <drug gate:gateId="2747" rule="Drug">olanzapina</drug>
  . (Ver sección 4.2). Inhibición del CYP1A2: Fluvoxamina, un inhibidor específico del CYP1A2, ha demostrado inhibir significativamente el metabolismo de la
  <drug gate:gateId="2748" rule="Drug">olanzapina</drug>
  . El incremento medio de la concentración máxima de
  <drug gate:gateId="2749" rule="Drug">olanzapina</drug>
  después de la administración de
  <drug gate:gateId="2750" rule="Drug">fluvoxamina</drug>
  fue del 54% en mujeres no fumadoras y del 77% en varones fumadores. El incremento medio del área bajo la curva de
  <drug gate:gateId="2751" rule="Drug">olanzapina</drug>
  fue del 52% y 108% respectivamente. Se debe considerar una dosis inicial de
  <drug gate:gateId="2752" rule="Drug">olanzapina</drug>
  inferior en pacientes en tratamiento con
  <drug gate:gateId="2753" rule="Drug">fluvoxamina</drug>
  o cualquier otro inhibidor del CYP1A2, tales como ciprofloxacino. Se debe considerar una reducción de la dosis de
  <drug gate:gateId="2754" rule="Drug">olanzapina</drug>
  si se inicia un tratamiento con un inhibidor del CYP1A2. Disminución de la biodisponibilidad: El carbón activo reduce la biodisponibilidad de la
  <drug gate:gateId="2755" rule="Drug">olanzapina</drug>
  oral de un 50 a un 60 % y se debe tomar al menos dos horas antes o después de la
  <drug gate:gateId="2756" rule="Drug">olanzapina</drug>
  . No se ha hallado un efecto significativo en la farmacocinética de la
  <drug gate:gateId="2757" rule="Drug">olanzapina</drug>
  con
  <drug gate:gateId="2758" rule="Drug">fluoxetina</drug>
  (un inhibidor del CYP2D6), dosis únicas de antiácidos (aluminio, magnesio) o
  <drug gate:gateId="2759" rule="Drug">cimetidina</drug>
  . Riesgo de que la
  <drug gate:gateId="2760" rule="Drug">olanzapina</drug>
  afecte a otros medicamentos: la
  <drug gate:gateId="2761" rule="Drug">olanzapina</drug>
  puede antagonizar los efectos de los agonistas dopaminérgicos directos e indirectos. La
  <drug gate:gateId="2762" rule="Drug">olanzapina</drug>
  no inhibe los principales isoenzimas del CYP450 in vitro (e.j. 1A2, 2D6, 2C9, 2C19, 3A4). De modo que no se espera ninguna
  <effect gate:gateId="2763" rule="Effect" Simplification="interacción">interacción</effect>
  especial tal y como se ha comprobado en estudios in vivo donde no se encontró una inhibición del metabolismo de los siguientes principios activos: antidepresivos tricíclicos (metabolizados mayoritariamente por el CYP2D6),
  <drug gate:gateId="2764" rule="Drug">warfarina</drug>
  (CYP2C9),
  <drug gate:gateId="2765" rule="Drug">teofilina</drug>
  (CYP1A2) o
  <drug gate:gateId="2766" rule="Drug">diazepam</drug>
  (CYP3A4 y 2C19). La
  <drug gate:gateId="2767" rule="Drug">olanzapina</drug>
  no mostró
  <effect gate:gateId="2768" rule="Effect" Simplification="interacción">interacción</effect>
  cuando se administró conjuntamente con
  <drug gate:gateId="2769" rule="Drug">litio</drug>
  o biperideno. La monitorización terapéutica de los niveles plasmáticos de valproato no indicó la necesidad de un ajuste de la dosis de valproato tras la introducción de
  <drug gate:gateId="2770" rule="Drug">olanzapina</drug>
  como tratamiento concomitante. 4.6. Embarazo y lactancia Embarazo: no hay ningún estudio adecuado y bien controlado en mujeres embarazadas. Se debe recomendar a las mujeres que notifiquen a su médico si se encuentran embarazadas o piensan quedarse embarazadas durante el tratamiento con
  <drug gate:gateId="2771" rule="Drug">olanzapina</drug>
  . De cualquier manera, como la experiencia humana es limitada, la
  <drug gate:gateId="2772" rule="Drug">olanzapina</drug>
  se debe usar en el
  <effect gate:gateId="2773" rule="Effect" Simplification="embarazo">embarazo</effect>
  sólo si los beneficios potenciales justifican el riesgo potencial para el feto. Muy escasamente, se han recibido comunicaciones espontáneas de
  <effect gate:gateId="2774" rule="Effect" Simplification="temblor">temblor</effect>
  ,
  <effect gate:gateId="2775" rule="Effect" Simplification="tensión">hipertonía</effect>
  , letargo y
  <effect gate:gateId="2776" rule="Effect" Simplification="somnolencia">somnolencia</effect>
  en lactantes cuyas madres habían usado
  <drug gate:gateId="2777" rule="Drug">olanzapina</drug>
  durante el tercer trimestre. Lactancia: en un estudio en mujeres sanas, durante la lactancia,
  <drug gate:gateId="2778" rule="Drug">olanzapina</drug>
  se excretó en la leche materna. La media de exposición en equilibrio (mg/kg) del lactante se estimó en un 1,8% de la dosis materna de
  <drug gate:gateId="2779" rule="Drug">olanzapina</drug>
  (mg/kg). Se debe desaconsejar la
  <effect gate:gateId="2780" rule="Effect" Simplification="lactancia materna">lactancia materna</effect>
  a las madres tratadas con
  <drug gate:gateId="2781" rule="Drug">olanzapina</drug>
  . 4.7. Efectos sobre la capacidad para conducir y utilizar máquinas No se han realizado estudios sobre la capacidad para conducir y utilizar máquinas. Puesto que
  <drug gate:gateId="2782" rule="Drug">olanzapina</drug>
  puede causar
  <effect gate:gateId="2783" rule="Effect" Simplification="somnolencia">somnolencia</effect>
  y
  <effect gate:gateId="2784" rule="Effect" Simplification="mareo">mareos</effect>
  , los pacientes deben ser prevenidos sobre el uso de maquinaria y vehículos motorizados. 4.8 Reacciones adversas Las reacciones adversas muy frecuentes (1/10) asociadas al uso de
  <drug gate:gateId="2785" rule="Drug">olanzapina</drug>
  en ensayos clínicos fueron
  <effect gate:gateId="2786" rule="Effect" Simplification="somnolencia">somnolencia</effect>
  y
  <effect gate:gateId="2787" rule="Effect" Simplification="___">aumento de peso.</effect>
  En ensayos clínicos realizados en pacientes de edad avanzada con
  <effect gate:gateId="2788" rule="Effect" Simplification="demencia">demencia</effect>
  , el tratamiento con
  <drug gate:gateId="2789" rule="Drug">olanzapina</drug>
  estuvo asociado con una mayor incidencia de muertes y reacciones adversas cerebrovasculares comparados con placebo (ver también la sección 4.4). Las reacciones adversas muy frecuentes (1/10) asociadas con el uso de
  <drug gate:gateId="2790" rule="Drug">olanzapina</drug>
  en este grupo de pacientes fueron trastornos de la marcha y
  <effect gate:gateId="2791" rule="Effect" Simplification="caídas">caídas</effect>
  . Se observaron frecuentemente (1/100, &lt;1/10)
  <effect gate:gateId="2792" rule="Effect" Simplification="neumonía">neumonía</effect>
  , aumento de la temperatura corporal, letargo,
  <effect gate:gateId="2793" rule="Effect" Simplification="enrojecimiento">eritema</effect>
  ,
  <effect gate:gateId="2794" rule="Effect" Simplification="alucinaciones visuales">alucinaciones visuales</effect>
  e
  <effect gate:gateId="2795" rule="Effect" Simplification="incontinencia urinaria">incontinencia urinaria</effect>
  . En los ensayos clínicos realizados en pacientes con
  <effect gate:gateId="2796" rule="Effect" Simplification="trastorno psicótico compartido">psicosis inducida</effect>
  por fármacos (agonistas dopaminérgicos) asociada a la
  <effect gate:gateId="2797" rule="Effect" Simplification="enfermedad">enfermedad</effect>
  de Parkinson, se ha notificado un empeoramiento de la sintomatología parkinsoniana y
  <effect gate:gateId="2798" rule="Effect" Simplification="alucinaciones">alucinaciones</effect>
  , muy frecuentemente, y con mayor frecuencia que con placebo. En un ensayo clínico realizado con pacientes con
  <effect gate:gateId="2799" rule="Effect" Simplification="manía">manía</effect>
  bipolar, la terapia combinada de valproato con
  <drug gate:gateId="2800" rule="Drug">olanzapina</drug>
  dio lugar a una incidencia de
  <effect gate:gateId="2801" rule="Effect" Simplification="problemas en la sangre">neutropenia</effect>
  de 4,1%; los niveles plasmáticos elevados de valproato podrían ser un factor potencialmente asociado. La
  <drug gate:gateId="2802" rule="Drug">olanzapina</drug>
  administrada con
  <drug gate:gateId="2803" rule="Drug">litio</drug>
  o valproato dio lugar a unos niveles aumentados (&gt;10%) de
  <effect gate:gateId="2804" rule="Effect" Simplification="temblor">temblor</effect>
  ,
  <effect gate:gateId="2805" rule="Effect" Simplification="sequedad de boca">sequedad de boca</effect>
  ,
  <effect gate:gateId="2806" rule="Effect" Simplification="aumento del apetito">aumento del apetito</effect>
  y
  <effect gate:gateId="2807" rule="Effect" Simplification="___">aumento de peso.</effect>
  Los trastornos del lenguaje también fueron notificados frecuentemente (1/100, &lt;1/10). Durante el tratamiento con
  <drug gate:gateId="2808" rule="Drug">olanzapina</drug>
  en combinación con
  <drug gate:gateId="2809" rule="Drug">litio</drug>
  o valproato ocurrió un incremento 7% del peso corporal en el 17,4% de los pacientes, desde el momento basal, durante la fase aguda del tratamiento (hasta 6 semanas). El tratamiento con
  <drug gate:gateId="2810" rule="Drug">olanzapina</drug>
  durante un largo periodo de tiempo (más de 12 meses) para la prevención de las recaídas en pacientes con trastorno bipolar se asoció a un incremento de 7% del peso, desde el valor basal, en el 39,9% de los pacientes. La siguiente tabla de reacciones adversas se ha realizado en base a los acontecimientos adversos notificados y a las pruebas complementarias de los ensayos clínicos. Trastornos de la sangre y del sistema linfático Frecuentes(1/100, &lt;1/10):
  <effect gate:gateId="2811" rule="Effect" Simplification="problemas en la sangre">eosinofilia</effect>
  Trastornos del metabolismo y de la nutrición Muy frecuentes (1/10):
  <effect gate:gateId="2812" rule="Effect" Simplification="aumento de peso">aumento de peso</effect>
  Frecuentes(1/100, &lt;1/10):
  <effect gate:gateId="2813" rule="Effect" Simplification="aumento del apetito">aumento del apetito</effect>
  , niveles de glucosa elevados (ver nota 1), niveles de triglicéridos elevados. Trastornos del sistema
  <effect gate:gateId="2814" rule="Effect" Simplification="nervioso">nervioso</effect>
  Muy frecuentes (1/10):
  <effect gate:gateId="2815" rule="Effect" Simplification="somnolencia">somnolencia</effect>
  , Frecuentes(1/100, &lt;1/10):
  <effect gate:gateId="2816" rule="Effect" Simplification="movimientos anormales">discinesia</effect>
  ,
  <effect gate:gateId="2817" rule="Effect" Simplification="incapacidad de quedarse quieto">acatisia</effect>
  ,
  <effect gate:gateId="2818" rule="Effect" Simplification=" parkinson">parkinsonismo</effect>
  , disquinesia. (Ver también nota 2 a continuación). Trastornos cardiacos Poco frecuentes (1/1.000, &lt;1/100):
  <effect gate:gateId="2819" rule="Effect" Simplification="anomalía cardiaca">bradicardia</effect>
  con o sin
  <effect gate:gateId="2820" rule="Effect" Simplification="presión arterial baja">hipotensión</effect>
  o
  <effect gate:gateId="2821" rule="Effect" Simplification="desmayo">síncope</effect>
  , prolongación del intervalo QT (ver también sección 4.4 Advertencias y precauciones especiales de empleo). Trastornos vasculares Frecuentes(1/100, &lt;1/10):
  <effect gate:gateId="2822" rule="Effect" Simplification="incapacidad de quedarse quieto">hipotensión ortostática</effect>
  . MINISTERIO Trastornos gastrointestinales Frecuentes(1/100, &lt;1/10): efectos anticolinérgicos transitorios leves, incluyendo
  <effect gate:gateId="2823" rule="Effect" Simplification="estreñimiento">estreñimiento</effect>
  y
  <effect gate:gateId="2824" rule="Effect" Simplification="sequedad de boca">sequedad de boca</effect>
  . Trastornos hepatobiliares Frecuentes(1/100, &lt;1/10): aumentos asintomáticos y transitorios de las transaminasas hepáticas (ALT, AST) especialmente al comienzo del tratamiento (ver también la sección 4.4.). Trastornos de la piel y tejido subcutáneo Poco frecuentes (1/1.000, &lt;1/100): reacciones de
  <effect gate:gateId="2825" rule="Effect" Simplification="intolerancia a la luz">fotosensibilidad</effect>
  . Trastornos generales y alteraciones en el lugar de administración Frecuentes(1/100, &lt;1/10):
  <effect gate:gateId="2826" rule="Effect" Simplification="fatiga">astenia</effect>
  ,
  <effect gate:gateId="2827" rule="Effect" Simplification="hinchazón">edema</effect>
  . Pruebas complementarias Muy frecuentes (1/10): aumento de los niveles plasmáticos de prolactina, muy raramente asociados a manifestaciones clínicas (por ejemplo,
  <effect gate:gateId="2828" rule="Effect" Simplification="enfermedades del seno">ginecomastia</effect>
  ,
  <effect gate:gateId="2829" rule="Effect" Simplification="anormal producción de leche materna">galactorrea</effect>
  y aumento del tamaño de las mamas). En la mayoría de los pacientes, los niveles volvieron a sus intervalos normales sin que fuese necesario suspender el tratamiento. Poco frecuentes (1/1.000, &lt;1/100): niveles elevados de creatinfosfoquinasa. 1 En ensayos clínicos con
  <drug gate:gateId="2830" rule="Drug">olanzapina</drug>
  en más de 5.000 pacientes sin ayunar que presentaban niveles basales de glucosa en sangre 7,8 mmol/
  <effect gate:gateId="2831" rule="Effect" Simplification="..">l</effect>
  , la incidencia de niveles de glucosa en sangre 11 mmol/
  <effect gate:gateId="2832" rule="Effect" Simplification="..">l</effect>
  (indicadores de
  <effect gate:gateId="2833" rule="Effect" Simplification="diabetes">diabetes</effect>
  ) fue del 1,0% en comparación con el 0,9% observado con placebo. La incidencia de niveles de glucosa en sangre 8.9 mmol/
  <effect gate:gateId="2834" rule="Effect" Simplification="..">l</effect>
  pero 11 mmol/
  <effect gate:gateId="2835" rule="Effect" Simplification="..">l</effect>
  (indicadores de
  <effect gate:gateId="2836" rule="Effect" Simplification="alto nivel de azucar">hiperglucemia</effect>
  ) fue del 2,0%, en comparación con el 1,6% observada con placebo. Se ha notificado
  <effect gate:gateId="2837" rule="Effect" Simplification="alto nivel de azucar">hiperglucemia</effect>
  como un acontecimiento espontáneo en muy escasas ocasiones (&lt;0,01%). 2 En ensayos clínicos la incidencia de
  <effect gate:gateId="2838" rule="Effect" Simplification=" parkinson">parkinsonismo</effect>
  y
  <effect gate:gateId="2839" rule="Effect" Simplification="movimiento involuntario">distonía</effect>
  en pacientes tratados con
  <drug gate:gateId="2840" rule="Drug">olanzapina</drug>
  fue numéricamente mayor pero sin diferencia estadísticamente significativa de la de placebo. Los pacientes tratados con
  <drug gate:gateId="2841" rule="Drug">olanzapina</drug>
  presentaron una menor incidencia de
  <effect gate:gateId="2842" rule="Effect" Simplification=" parkinson">parkinsonismo</effect>
  ,
  <effect gate:gateId="2843" rule="Effect" Simplification="incapacidad de quedarse quieto">acatisia</effect>
  y
  <effect gate:gateId="2844" rule="Effect" Simplification="movimiento involuntario">distonía</effect>
  en comparación con dosis correspondientes de
  <drug gate:gateId="2845" rule="Drug">haloperidol</drug>
  . No se dispone de información detallada de antecedentes individuales sobre alteraciones del movimiento de tipo extrapiramidal, agudas y tardías. En la actualidad no se puede llegar a la conclusión de que
  <drug gate:gateId="2846" rule="Drug">olanzapina</drug>
  produzca menos
  <effect gate:gateId="2847" rule="Effect" Simplification="movimientos anormales">discinesia tardía</effect>
  y/u otros síndromes extrapiramidales tardíos. La siguiente tabla de reacciones adversas se ha realizado en base a las comunicaciones espontáneas después de la comercialización. Trastornos de la sangre y del sistema linfático Raras (1/10.000, &lt;1/1.000):
  <effect gate:gateId="2848" rule="Effect" Simplification="disminución de leucocitos en la sangre">leucopenia</effect>
  Muy raras (&lt;1/10.000):
  <effect gate:gateId="2849" rule="Effect" Simplification="problemas de coagulación">trombocitopenia</effect>
  ,
  <effect gate:gateId="2850" rule="Effect" Simplification="problemas en la sangre">neutropenia</effect>
  . Trastornos del sistema inmunológico Muy raras (&lt;1/10.000):
  <effect gate:gateId="2851" rule="Effect" Simplification="alergia">reacción alérgica</effect>
  (e.j.
  <effect gate:gateId="2852" rule="Effect" Simplification="reacción alérgica">reacción anafilactoide</effect>
  ,
  <effect gate:gateId="2853" rule="Effect" Simplification="hinchazón debajo de la piel">angioedema</effect>
  ,
  <effect gate:gateId="2854" rule="Effect" Simplification="picazón">prurito</effect>
  o
  <effect gate:gateId="2855" rule="Effect" Simplification="___">urticaria.</effect>
  ) Trastornos del metabolismo y de la nutrición Muy raras (&lt;1/10.000): en muy raras ocasiones se ha notificado espontáneamente
  <effect gate:gateId="2856" rule="Effect" Simplification="alto nivel de azucar">hiperglucemia</effect>
  y/o aparición o exacerbación de
  <effect gate:gateId="2857" rule="Effect" Simplification="diabetes">diabetes</effect>
  ocasionalmente asociada a
  <effect gate:gateId="2858" rule="Effect" Simplification="sangre acida">cetoacidosis</effect>
  o
  <effect gate:gateId="2859" rule="Effect" Simplification="coma">coma</effect>
  , con algún desenlace fatal (ver también nota 1 antes mencionada y sección 4.4). Hipertrigliceridemia,
  <effect gate:gateId="2860" rule="Effect" Simplification="aumento de colesterol en la sangre">hipercolesterolemia</effect>
  e
  <effect gate:gateId="2861" rule="Effect" Simplification="hipotermia">hipotermia</effect>
  . Trastornos del sistema
  <effect gate:gateId="2862" rule="Effect" Simplification="nervioso">nervioso</effect>
  Raras (1/10.000, &lt;1/1.000): se ha informado de la aparición de
  <effect gate:gateId="2863" rule="Effect" Simplification="ataque">convulsiones</effect>
  en pacientes tratados con
  <drug gate:gateId="2864" rule="Drug">olanzapina</drug>
  en raras ocasiones. En la mayoría de estos casos existían antecedentes de
  <effect gate:gateId="2865" rule="Effect" Simplification="ataque">convulsiones</effect>
  o factores de riesgo de
  <effect gate:gateId="2866" rule="Effect" Simplification="___">convulsiones.</effect>
  Muy raras (&lt;1/10.000): se han recogido casos, identificados como Síndrome Neuroléptico Maligno (SNM), en asociación con
  <drug gate:gateId="2867" rule="Drug">olanzapina</drug>
  (ver también sección 4.4). Se han notificado, muy escasamente,
  <effect gate:gateId="2868" rule="Effect" Simplification=" parkinson">parkinsonismo</effect>
  ,
  <effect gate:gateId="2869" rule="Effect" Simplification="movimiento involuntario">distonía</effect>
  y
  <effect gate:gateId="2870" rule="Effect" Simplification="movimientos anormales">discinesia tardía</effect>
  . Se han notificado, muy escasamente, síntomas agudos tales como
  <effect gate:gateId="2871" rule="Effect" Simplification=" sudoración ">sudoración</effect>
  ,
  <effect gate:gateId="2872" rule="Effect" Simplification="insomnio">insomnio</effect>
  ,
  <effect gate:gateId="2873" rule="Effect" Simplification="temblor">temblor</effect>
  ,
  <effect gate:gateId="2874" rule="Effect" Simplification="ansiedad">ansiedad</effect>
  , nauseas o
  <effect gate:gateId="2875" rule="Effect" Simplification="vómitos">vómitos</effect>
  al interrumpir el tratamiento con
  <drug gate:gateId="2876" rule="Drug">olanzapina</drug>
  repentinamente. Trastornos cardíacos Muy raras (&lt;1/10.000): prolongación del intervalo QTc,
  <effect gate:gateId="2877" rule="Effect" Simplification="alteración del ritmo cardiaco">taquicardia ventricular</effect>
  /
  <effect gate:gateId="2878" rule="Effect" Simplification="contracción en el corazón">fibrilación</effect>
  y
  <effect gate:gateId="2879" rule="Effect" Simplification="muerte repentina">muerte súbita</effect>
  (ver también sección 4.4 Advertencias y precauciones especiales de empleo). Trastornos vasculares Muy raras (&lt;1/10.000): Tromboembolismo (incluyendo embolismo pulmonar y
  <effect gate:gateId="2880" rule="Effect" Simplification="coagulo en una vena">trombosis venosa profunda</effect>
  ) Trastornos gastrointestinales Muy raras (&lt;1/10.000):
  <effect gate:gateId="2881" rule="Effect" Simplification="pancreatitis">pancreatitis</effect>
  . Trastornos hepatobiliares raras (1/10.000, &lt;1/1.000):
  <effect gate:gateId="2882" rule="Effect" Simplification="hepatitis">hepatitis</effect>
  (incluyendo daño hepatocelular, colestático o mixto) Trastornos musculoesqueléticos y del tejido conjuntivo Muy raras (&lt;1/10.000): rabdomioólisis Trastornos de la piel y del tejido subcutáneo Raras (1/10.000, &lt;1/1.000):
  <effect gate:gateId="2883" rule="Effect" Simplification="alteración de la piel">rash</effect>
  Trastornos renales y urinarios Muy raras (&lt;1/10.000): Dificultad para iniciar la micción. Trastornos del aparato reproductor y de la mama Muy raras (&lt;1/10.000):
  <effect gate:gateId="2884" rule="Effect" Simplification="dolor en el pene">priapismo</effect>
  Pruebas complementarias Aumento de las transaminasas. Muy raras (&lt;1/10.000): aumento de la fosfatasa alcalina, aumento de la bilirrubina total.
</paragraph>
