<?xml version="1.0" encoding="UTF-8"?>
<paragraph xmlns:gate="http://www.gate.ac.uk" gate:gateId="0" gate:annotMaxId="858">
  Advertencia sobre excipientes: ONDANSETRÓN ALLEN 4 mg y 8 mg comprimidos recubiertos con película contienen como excipiente lactosa. Los pacientes con intolerancia hereditaria a galactosa, insuficiencia de lactasa de Lapp (insuficiencia observada en ciertas poblaciones de Laponia) o problemas de absorción de glucosa o galactosa no deben tomar este medicamento. 4.5. Interacciones con otros medicamentos y otras formas de
  <effect gate:gateId="821" rule="Effect" Simplification="interacción">interacción</effect>
  No hay evidencia alguna de que
  <drug gate:gateId="822" rule="Drug">ondansetrón</drug>
  induzca o inhiba el metabolismo de otros fármacos con los que comúnmente se coadministra. Estudios específicos señalan que no existe
  <effect gate:gateId="823" rule="Effect" Simplification="interacción con fármacos">interacción farmacocinética</effect>
  cuando
  <drug gate:gateId="824" rule="Drug">ondansetrón</drug>
  es administrado con alcohol,
  <drug gate:gateId="825" rule="Drug">temazepam</drug>
  ,
  <drug gate:gateId="826" rule="Drug">furosemida</drug>
  ,
  <drug gate:gateId="827" rule="Drug">tramadol</drug>
  o propofol. Ondansetrón es metabolizado por múltiples enzimas hepáticos del citocromo P-450: CYP3A4, CYP2D6 y CYP1A2. Debido a la gran cantidad de enzimas metabólicas capaces de metabolizar
  <drug gate:gateId="828" rule="Drug">ondansetrón</drug>
  , la inhibición o actividad reducida de un enzima (por ejemplo, la deficiencia genética de CYP2D6) es normalmente compensada por otras enzimas y debe dar como resultado un cambio pequeño o no significativo en el aclaramiento global de
  <drug gate:gateId="829" rule="Drug">ondansetrón</drug>
  o en los requisitos de dosificación. Fenitoina, Carbamazepina y Rifampicina: En aquellos pacientes tratados con potentes inductores del CYP3A4 (por ejemplo, fenitoina,
  <drug gate:gateId="830" rule="Drug">carbamazepina</drug>
  y rifampicina) el aclaramiento oral de
  <drug gate:gateId="831" rule="Drug">ondansetrón</drug>
  fue incrementado y las concentraciones plasmáticas reducidas. Tramadol: Los datos de pequeños estudios indican que
  <drug gate:gateId="832" rule="Drug">ondansetrón</drug>
  puede reducir el efecto analgésico de
  <drug gate:gateId="833" rule="Drug">tramadol</drug>
  . 4.6. Embarazo y lactancia No se ha determinado la seguridad del uso de
  <drug gate:gateId="834" rule="Drug">ondansetrón</drug>
  en el
  <effect gate:gateId="835" rule="Effect" Simplification="embarazo">embarazo</effect>
  humano. La evaluación de los estudios experimentales realizados con animales no señala efectos perjudiciales directos o indirectos con respecto al desarrollo del embrión, o para el feto, el ciclo de gestación y el desarrollo peri- y postnatal. No obstante, como los estudios realizados con animales no siempre predicen la respuesta en humanos, no se recomienda la administración de
  <drug gate:gateId="836" rule="Drug">ondansetrón</drug>
  durante el
  <effect gate:gateId="837" rule="Effect" Simplification="embarazo">embarazo</effect>
  . Se ha demostrado que
  <drug gate:gateId="838" rule="Drug">ondansetrón</drug>
  pasa a la leche en animales en periodo de lactancia. Se recomienda, por tanto, que las madres en periodo de lactancia no amamanten a sus niños si están tomando
  <drug gate:gateId="839" rule="Drug">ondansetrón</drug>
  . 4.7. Efectos sobre la capacidad para conducir y utilizar maquinaria Ondansetrón no afecta las funciones psicomotrices ni causa
  <effect gate:gateId="840" rule="Effect" Simplification="sedación">sedación</effect>
  . 4.8. Reacciones adversas Las reacciones adversas descritas a continuación se han clasificado por órgano, sistemas y frecuencias. Las frecuencias se han definido de la siguiente forma: muy frecuentes (&gt;1/10), frecuentes (&gt;1/100), &lt;1/10), poco frecuentes (&gt;1/1.000, &lt;1/100), raras (&gt;1/10.000, &lt;1/1.000), muy raras (&lt;1/10.000), incluyendo notificaciones aisladas. Se han utilizado datos de ensayos clínicos para determinar la frecuencia de las reacciones adversas clasificadas de muy frecuentes a poco frecuentes. Se tuvo en cuenta la incidencia en pacientes tratados con placebo. Las reacciones adversas clasificadas como raras y muy raras se determinaron generalmente a partir de datos post-comercialización. Las siguientes frecuencias se determinan a las dosis recomendadas estándar de
  <drug gate:gateId="841" rule="Drug">ondansetrón</drug>
  , de acuerdo con la indicación y formulación. MINISTERIO Trastornos del sistema inmunológico Raras: Reacciones de
  <effect gate:gateId="842" rule="Effect" Simplification="alergia">hipersensibilidad inmediata</effect>
  , algunas veces graves, incluyendo
  <effect gate:gateId="843" rule="Effect" Simplification="anafilaxia">anafilaxia</effect>
  . Trastornos del sistema
  <effect gate:gateId="844" rule="Effect" Simplification="nervioso">nervioso</effect>
  Muy frecuentes: Cefalea Poco frecuentes: Reacciones extrapiramidales (tales como
  <effect gate:gateId="845" rule="Effect" Simplification="crisis">crisis</effect>
  oculógiras/reacciones distónicas) sin que hubiera evidencia concluyente de secuelas clínicas persistentes. Convulsiones Trastornos oculares Raras: Alteraciones visuales transitorias (p. ej.
  <effect gate:gateId="846" rule="Effect" Simplification="visión borrosa">visión borrosa</effect>
  ) principalmente durante la administración i.v. Muy raras:
  <effect gate:gateId="847" rule="Effect" Simplification="ceguera transitoria">ceguera transitoria</effect>
  , principalmente durante la administración i.v. La mayoría de los casos de
  <effect gate:gateId="848" rule="Effect" Simplification="ceguera">ceguera</effect>
  comunicados se resolvieron en 20 minutos. La mayoría de los pacientes habían recibido agentes quimioterápicos, que incluían cisplatino. Algunos de los casos de
  <effect gate:gateId="849" rule="Effect" Simplification="ceguera transitoria">ceguera transitoria</effect>
  fueron comunicados como de origen cortical. Trastornos cardíacos Poco frecuentes: arritmias,
  <effect gate:gateId="850" rule="Effect" Simplification="dolor torácico">dolor torácico</effect>
  con o sin
  <effect gate:gateId="851" rule="Effect" Simplification="depresión">depresión</effect>
  del segmento ST,
  <effect gate:gateId="852" rule="Effect" Simplification="anomalía cardiaca">bradicardia</effect>
  Muy raramente se han recibido notificaciones de cambios transitorios en el ECG, incluyendo prolongación del intervalo QT Trastornos vasculares Frecuentes: Sensación de
  <effect gate:gateId="853" rule="Effect" Simplification="enrojecimiento">enrojecimiento</effect>
  o
  <effect gate:gateId="854" rule="Effect" Simplification="calor">calor</effect>
  . Poco frecuentes:
  <effect gate:gateId="855" rule="Effect" Simplification="presión arterial baja">hipotensión</effect>
  Trastornos respiratorios, torácicos y mediastínicos Poco frecuentes:
  <effect gate:gateId="856" rule="Effect" Simplification="hipotermia">hipo</effect>
  Trastornos gastrointestinales Frecuentes:
  <effect gate:gateId="857" rule="Effect" Simplification="estreñimiento">estreñimiento</effect>
  Trastornos hepatobiliares Poco frecuentes: aumentos asintomáticos en las pruebas de función hepática* *Estas reacciones se observaron frecuentemente en pacientes que reciben quimioterapia con cisplatino.
</paragraph>
