<?xml version="1.0" encoding="UTF-8"?>
<paragraph xmlns:gate="http://www.gate.ac.uk" gate:gateId="0" gate:annotMaxId="1817">
  Abatacept se ha estudiado en pacientes con
  <effect gate:gateId="1737" rule="Effect" Simplification="inflamación de las articulaciones">artritis reumatoide</effect>
  activa en ensayos clínicos controlados con placebo (1.955 pacientes con abatacept, 989 con placebo). Los ensayos fueron doble
  <effect gate:gateId="1738" rule="Effect" Simplification="ciego">ciego</effect>
  , controlados con placebo durante un período de 6 meses (258 pacientes con abatacept, 133 con 5 placebo) o de 1 año (1.697 pacientes con abatacept, 856 con placebo). La mayoría de los pacientes en estos ensayos estaban tomando
  <drug gate:gateId="1739" rule="Drug">metotrexato</drug>
  (81,9% con abatacept, 83,3% con placebo). Otras medicaciones concomitantes incluían: AINEs (83,9% con abatacept, 85,1% con placebo); corticosteroides sistémicos (74,7% con abatacept, 75,8% con placebo); tratamiento con FAME no biológicos, especialmente cloroquina/
  <drug gate:gateId="1740" rule="Drug">hidroxicloroquina</drug>
  ,
  <drug gate:gateId="1741" rule="Drug">leflunomida</drug>
  y/o
  <drug gate:gateId="1742" rule="Drug">sulfasalazina</drug>
  (26,9% con abatacept, 32,1% con placebo); agentes bloqueantes del TNF, principalmente etanercept (9,4% con abatacept, 12,3% con placebo); y
  <drug gate:gateId="1743" rule="Drug">anakinra</drug>
  (1,1% con abatacept, 1,6% con placebo). En los ensayos clínicos con abatacept controlados con placebo, se notificaron reacciones adversas al medicamento (RAM) en un 52,2% de los pacientes tratados con abatacept y en un 46,1% de los pacientes tratados con placebo. Las reacciones adversas al medicamento notificadas con mayor frecuencia ( 5%) entre los pacientes tratados con abatacept fueron cefaleas y
  <effect gate:gateId="1744" rule="Effect" Simplification="___">náuseas.</effect>
  La proporción de pacientes que suspendieron el tratamiento debido a RAMs fue de 3,4% en el caso de los pacientes tratados con abatacept y de 2,2% en el de los pacientes tratados con placebo. En la Tabla 2 se enumeran las reacciones adversas al medicamento que se produjeron con mayor frecuencia (diferencia &gt; 0,2%) en pacientes tratados con abatacept que en pacientes tratados con placebo. La lista se presenta por sistema de clasificación de órganos y por frecuencia, utilizando las siguientes categorías: muy frecuentes ( 1/10); frecuentes ( 1/100, &lt; 1/10); poco frecuentes ( 1/1.000, &lt; 1/100); raras ( 1/10.000, &lt; 1/1.000); muy raras (&lt; 1/10.000). Las reacciones adversas se presentan en orden decreciente de gravedad dentro de cada intervalo de frecuencia. Tabla 2: Reacciones adversas en ensayos controlados con placebo Exploraciones complementarias Frecuentes Aumento de la
  <effect gate:gateId="1745" rule="Effect" Simplification="presión">presión</effect>
  arterial, pruebas de Trastornos cardíacos Poco frecuentes Taquicardia,
  <effect gate:gateId="1746" rule="Effect" Simplification="anomalía cardiaca">bradicardia</effect>
  ,
  <effect gate:gateId="1747" rule="Effect" Simplification="palpitaciones">palpitaciones</effect>
  Trastornos de la sangre y del Poco frecuentes Trombocitopenia,
  <effect gate:gateId="1748" rule="Effect" Simplification="disminución de leucocitos en la sangre">leucopenia</effect>
  sistema linfático Trastornos del sistema
  <effect gate:gateId="1749" rule="Effect" Simplification="nervioso">nervioso</effect>
  Muy frecuentes Cefaleas Trastornos oculares Poco frecuentes Conjuntivitis, disminución de la agudeza Trastornos del oído y el Poco frecuentes Vértigo laberinto Trastornos respiratorios, Frecuentes Tos torácicos y mediastínicos Trastornos gastrointestinales Frecuentes Dolor abdominal,
  <effect gate:gateId="1750" rule="Effect" Simplification="diarrea">diarrea</effect>
  ,
  <effect gate:gateId="1751" rule="Effect" Simplification="náuseas">náuseas</effect>
  ,
  <effect gate:gateId="1752" rule="Effect" Simplification="enfermedades del estómago ">dispepsia</effect>
  Trastornos de la piel y del tejido Frecuentes Erupción cutánea (incluyendo
  <effect gate:gateId="1753" rule="Effect" Simplification="dermatitis">dermatitis</effect>
  ) subcutáneo Trastornos musculoesqueléticos Poco frecuentes Artralgia,
  <effect gate:gateId="1754" rule="Effect" Simplification="dolor">dolor</effect>
  en las extremidades y del tejido conjuntivo Infecciones e infestaciones Frecuentes Infección de las vías respiratorias inferiores Neoplasias benignas, malignas Poco frecuentes Carcinoma de células basales y no especificadas (incl. quistes y
  <effect gate:gateId="1755" rule="Effect" Simplification="tejido extra en el cuerpo">pólipos</effect>
  ) Trastornos vasculares Frecuentes Hipertensión,
  <effect gate:gateId="1756" rule="Effect" Simplification="rubor">rubor</effect>
  Trastornos generales y Frecuentes Fatiga,
  <effect gate:gateId="1757" rule="Effect" Simplification="fatiga">astenia</effect>
  alteraciones en el lugar de administración Trastornos del aparato Poco frecuentes Amenorrea reproductor y de la mama Trastornos psiquiátricos Poco frecuentes Depresión,
  <effect gate:gateId="1758" rule="Effect" Simplification="ansiedad">ansiedad</effect>
  Entre las RAMs notificadas en pacientes tratados con abatacept que no se produjeron con excesiva incidencia (es decir, la diferencia no fue &gt; 0,2%) en relación al placebo pero que se consideraron médicamente relevantes se incluyen los siguientes casos: Frecuentes:
  <effect gate:gateId="1759" rule="Effect" Simplification="herpes">herpes</effect>
  zoster; Poco frecuentes:
  <effect gate:gateId="1760" rule="Effect" Simplification="neumonía">neumonía</effect>
  ,
  <effect gate:gateId="1761" rule="Effect" Simplification="alergia">hipersensibilidad</effect>
  ,
  <effect gate:gateId="1762" rule="Effect" Simplification="infección en el riñón">pielonefritis</effect>
  ,
  <effect gate:gateId="1763" rule="Effect" Simplification="trastornos de los bronquios">broncoespasmo</effect>
  ,
  <effect gate:gateId="1764" rule="Effect" Simplification="urticaria">urticaria</effect>
  ,
  <effect gate:gateId="1765" rule="Effect" Simplification="enfermedad de la piel">psoriasis</effect>
  ,
  <effect gate:gateId="1766" rule="Effect" Simplification="inflamación en la vejiga">cistitis</effect>
  ,
  <effect gate:gateId="1767" rule="Effect" Simplification="migraña">migraña</effect>
  ,
  <effect gate:gateId="1768" rule="Effect" Simplification="opresión en la garganta">opresión en la garganta</effect>
  ,
  <effect gate:gateId="1769" rule="Effect" Simplification="ojo seco">ojo seco</effect>
  ; Raras:
  <effect gate:gateId="1770" rule="Effect" Simplification="infección generalizada">septicemia</effect>
  ,
  <effect gate:gateId="1771" rule="Effect" Simplification="bacterias en la sangre">bacteriemia</effect>
  . Información adicional Infecciones En los ensayos clínicos controlados con placebo, se notificaron
  <effect gate:gateId="1772" rule="Effect" Simplification="infecciones">infecciones</effect>
  como al menos posiblemente relacionadas con el tratamiento en un 23,2% de los pacientes tratados con abatacept y en un 19,5% de los pacientes tratados con placebo. Se notificaron
  <effect gate:gateId="1773" rule="Effect" Simplification="infecciones">infecciones</effect>
  graves como al menos posiblemente relacionadas con el tratamiento en un 1,8% de los pacientes tratados con abatacept y en un 1,0% de los pacientes tratados con placebo. Entre las
  <effect gate:gateId="1774" rule="Effect" Simplification="infecciones">infecciones</effect>
  graves notificadas en al menos un paciente tratado con abatacept (0,05% de los pacientes) figuran las siguientes:
  <effect gate:gateId="1775" rule="Effect" Simplification="neumonía">neumonía</effect>
  ;
  <effect gate:gateId="1776" rule="Effect" Simplification="bronquitis">bronquitis</effect>
  ;
  <effect gate:gateId="1777" rule="Effect" Simplification="celulitis">celulitis</effect>
  ;
  <effect gate:gateId="1778" rule="Effect" Simplification="infección urinaria">pielonefritis aguda</effect>
  ;
  <effect gate:gateId="1779" rule="Effect" Simplification="infección">infección</effect>
  de las vías urinarias;
  <effect gate:gateId="1780" rule="Effect" Simplification="inflamación en los intestinos">diverticulitis</effect>
  , abscesos intestinales;
  <effect gate:gateId="1781" rule="Effect" Simplification="infección localizada">infección localizada</effect>
  ; abscesos cutáneos;
  <effect gate:gateId="1782" rule="Effect" Simplification="infecciones">infecciones</effect>
  musculoesqueléticas;
  <effect gate:gateId="1783" rule="Effect" Simplification="infección generalizada">septicemia</effect>
  ;
  <effect gate:gateId="1784" rule="Effect" Simplification="pus en un organo">empiema</effect>
  ;
  <effect gate:gateId="1785" rule="Effect" Simplification="hepatitis">hepatitis</effect>
  E; y
  <effect gate:gateId="1786" rule="Effect" Simplification="tuberculosis">tuberculosis</effect>
  (ver sección 4.4). Neoplasias malignas En ensayos clínicos controlados con placebo, se notificaron neoplasias malignas en 27 de 1.955 pacientes tratados con abatacept observadas durante 1.687 pacientes-años y en 11 de 989 pacientes tratados con placebo observadas durante 794 pacientes-años. En ensayos clínicos doble
  <effect gate:gateId="1787" rule="Effect" Simplification="ciego">ciego</effect>
  y con diseño abierto, se comunicaron neoplasias malignas en 66 de 2.688 pacientes tratados con abatacept durante 4.764 pacientes-años. Esta cifra incluyó 33 pacientes con cánceres de piel no
  <effect gate:gateId="1788" rule="Effect" Simplification="cáncer en la piel">melanoma</effect>
  , 28 con cánceres en órganos sólidos y 6 con neoplasias hematológicas (4 con linfomas y 2 con síndromes mielodisplásicos). El
  <effect gate:gateId="1789" rule="Effect" Simplification="cáncer">cáncer</effect>
  de órgano sólido notificado con mayor frecuencia fue el
  <effect gate:gateId="1790" rule="Effect" Simplification="cáncer de pulmón">carcinoma de pulmón</effect>
  (11 casos). El tipo y el patrón de neoplasias malignas notificadas durante el periodo abierto de los ensayos clínicos fueron similares a los notificados durante la fase doble
  <effect gate:gateId="1791" rule="Effect" Simplification="ciego">ciego</effect>
  . El número de neoplasias observadas fue coherente con lo esperado en la población con
  <effect gate:gateId="1792" rule="Effect" Simplification="inflamación de las articulaciones">artritis reumatoide</effect>
  ajustada por edad y sexo (ver sección 4.4). Reacciones relacionadas con la perfusión Los acontecimientos agudos relacionados con la perfusión (reacciones adversas que se produjeron en la primera hora después de iniciar la perfusión) en los Ensayos II, III y IV (ver sección 5.1) fueron más frecuentes en los pacientes tratados con abatacept que en los pacientes tratados con placebo (9,8% con abatacept, 6,7% con placebo). Los acontecimientos notificados con mayor frecuencia con abatacept (1-2%) fueron
  <effect gate:gateId="1793" rule="Effect" Simplification="mareo">mareos</effect>
  , cefaleas e
  <effect gate:gateId="1794" rule="Effect" Simplification="presión arterial alta">hipertensión</effect>
  . Los acontecimientos agudos relacionados con la perfusión que se comunicaron en &gt; 0,1% y 1% de los pacientes tratados con abatacept incluían síntomas cardiopulmonares como
  <effect gate:gateId="1795" rule="Effect" Simplification="presión arterial baja">hipotensión</effect>
  ,
  <effect gate:gateId="1796" rule="Effect" Simplification="aumento de la presión arterial">aumento de la presión arterial</effect>
  , descenso de la
  <effect gate:gateId="1797" rule="Effect" Simplification="presión">presión</effect>
  arterial y
  <effect gate:gateId="1798" rule="Effect" Simplification="jadeo">disnea</effect>
  ; otros síntomas incluían
  <effect gate:gateId="1799" rule="Effect" Simplification="náuseas">náuseas</effect>
  ,
  <effect gate:gateId="1800" rule="Effect" Simplification="rubor">rubor</effect>
  ,
  <effect gate:gateId="1801" rule="Effect" Simplification="urticaria">urticaria</effect>
  ,
  <effect gate:gateId="1802" rule="Effect" Simplification="tos">tos</effect>
  ,
  <effect gate:gateId="1803" rule="Effect" Simplification="alergia">hipersensibilidad</effect>
  ,
  <effect gate:gateId="1804" rule="Effect" Simplification="picazón">prurito</effect>
  ,
  <effect gate:gateId="1805" rule="Effect" Simplification="inflamación">erupción cutánea</effect>
  y sibilancias. La mayoría de estas reacciones fueron de leves a moderadas. Las reacciones de
  <effect gate:gateId="1806" rule="Effect" Simplification="alergia">hipersensibilidad</effect>
  fueron poco frecuentes. En 2.688 pacientes tratados con abatacept durante 4.764 pacientes-años, hubo 1 caso de
  <effect gate:gateId="1807" rule="Effect" Simplification="anafilaxia">anafilaxia</effect>
  . Otros acontecimientos adversos potencialmente asociados a
  <effect gate:gateId="1808" rule="Effect" Simplification="alergia">hipersensibilidad</effect>
  al medicamento, como
  <effect gate:gateId="1809" rule="Effect" Simplification="presión arterial baja">hipotensión</effect>
  ,
  <effect gate:gateId="1810" rule="Effect" Simplification="urticaria">urticaria</effect>
  y
  <effect gate:gateId="1811" rule="Effect" Simplification="jadeo">disnea</effect>
  , se produjeron en cada caso en menos del 0,6% de los pacientes tratados con abatacept. Se produjo interrupción del tratamiento debido a reacción aguda relacionada con la perfusión en un 0,4% de los pacientes que recibían abatacept y en un 0,2% de los pacientes tratados con placebo. Reacciones adversas al medicamento en pacientes con
  <effect gate:gateId="1812" rule="Effect" Simplification="dificultad para respirar">enfermedad pulmonar obstructiva crónica</effect>
  (EPOC) En el Ensayo IV, hubo 37 pacientes con EPOC tratados con abatacept y 17 tratados con placebo. Los pacientes con EPOC tratados con abatacept desarrollaron reacciones adversas al medicamento con más frecuencia que los tratados con placebo (51,4% frente a 47,1%, respectivamente). Los trastornos respiratorios se produjeron con más frecuencia en los pacientes tratados con abatacept que en los pacientes tratados con placebo (10,8% frente a 5,9%, respectivamente); dichos trastornos incluían reagudización de la EPOC y
  <effect gate:gateId="1813" rule="Effect" Simplification="jadeo">disnea</effect>
  . Un mayor porcentaje de pacientes con EPOC tratados con abatacept que con placebo desarrolló una
  <effect gate:gateId="1814" rule="Effect" Simplification="alergia ">reacción adversa</effect>
  grave (5,4% frente a 0%), incluyendo reagudización de la EPOC (1 de 37 pacientes [2,7%]) y
  <effect gate:gateId="1815" rule="Effect" Simplification="bronquitis">bronquitis</effect>
  (1 de 37 pacientes [2,7%]). Autoanticuerpos El tratamiento con abatacept no provocó aumento en la formación de autoanticuerpos en comparación con el placebo. Inmunogenicidad Se valoraron los anticuerpos dirigidos contra la molécula abatacept mediante ensayos ELISA en pacientes con
  <effect gate:gateId="1816" rule="Effect" Simplification="inflamación de las articulaciones">artritis reumatoide</effect>
  tratados durante periodos de hasta 3 años con abatacept. Sesenta y dos de 2.237 (2,8%) pacientes desarrollaron anticuerpos de unión. En pacientes en quienes la valoración para anticuerpos se hizo al menos 56 días después de interrumpir el abatacept, 15 de 203 (7,4%) desarrollaron anticuerpos. Se evaluaron muestras con actividad de unión a CTLA-4 confirmada para determinar la presencia de anticuerpos neutralizantes. En ocho de 13 pacientes evaluables se demostró que poseían anticuerpos neutralizantes. En conjunto, no hubo correlación aparente entre el desarrollo de anticuerpos y la respuesta clínica o las reacciones adversas. Sin embargo, el número de pacientes que desarrollaron anticuerpos fue demasiado limitado para poder hacer una valoración definitiva. No se conoce la posible relevancia clínica de la formación de anticuerpos neutralizantes. Debido a que los análisis de inmunogenicidad son específicos de producto, la comparación de tasas de anticuerpos con las de otros productos no es adecuada. Información de seguridad según la clase farmacológica Abatacept es el primer modulador selectivo de la co-estimulación. La información sobre la seguridad relativa en un ensayo clínico versus infliximab se resume en la sección 5.1.
</paragraph>
