<?xml version="1.0" encoding="UTF-8"?>
<paragraph xmlns:gate="http://www.gate.ac.uk" gate:gateId="0" gate:annotMaxId="520">
  Las reacciones adversas que se observan con mayor frecuencia son de naturaleza gastrointestinal. Pueden producirse úlceras pépticas, perforación o
  <effect gate:gateId="468" rule="Effect" Simplification="hemorragia gastrointestinal">hemorragia gastrointestinal</effect>
  , en algunos casos mortales, especialmente en los ancianos (ver sección 4.4). También se han notificado
  <effect gate:gateId="469" rule="Effect" Simplification="náuseas">náuseas</effect>
  ,
  <effect gate:gateId="470" rule="Effect" Simplification="vómitos">vómitos</effect>
  ,
  <effect gate:gateId="471" rule="Effect" Simplification="diarrea">diarrea</effect>
  ,
  <effect gate:gateId="472" rule="Effect" Simplification="flatulencia">flatulencia</effect>
  ,
  <effect gate:gateId="473" rule="Effect" Simplification="estreñimiento">estreñimiento</effect>
  ,
  <effect gate:gateId="474" rule="Effect" Simplification="enfermedades del estómago ">dispepsia</effect>
  ,
  <effect gate:gateId="475" rule="Effect" Simplification="dolor abdominal">dolor abdominal</effect>
  , melena,
  <effect gate:gateId="476" rule="Effect" Simplification="vomito con sangre">hematemesis</effect>
  ,
  <effect gate:gateId="477" rule="Effect" Simplification="ulceración de la boca">estomatitis ulcerosa</effect>
  , exacerbación de
  <effect gate:gateId="478" rule="Effect" Simplification="inflamación en el colon">colitis ulcerosa</effect>
  y
  <effect gate:gateId="479" rule="Effect" Simplification="enfermedad">enfermedad</effect>
  de Crohn (ver sección 4.4 advertencias y precauciones especiales de empleo). Se han observado menos frecuentemente la aparición de
  <effect gate:gateId="480" rule="Effect" Simplification="enfermedades del estómago">gastritis</effect>
  . Se han descrito las siguientes reacciones adversas que se presentan agrupadas según la clasificación de órganos y sistemas de Medra. Otras reacciones asociadas a Orudis comprimidos gastrorresistentes son: - Trastornos hematológicos:
  <effect gate:gateId="481" rule="Effect" Simplification="problemas de coagulación">trombocitopenia</effect>
  ,
  <effect gate:gateId="482" rule="Effect" Simplification="anemia">anemia</effect>
  debida a
  <effect gate:gateId="483" rule="Effect" Simplification="sangrado">sangrado</effect>
  ,
  <effect gate:gateId="484" rule="Effect" Simplification="poca producción de defensas en la sangre">agranulocitosis</effect>
  ,
  <effect gate:gateId="485" rule="Effect" Simplification="desaparición del tejido de la medula ósea">aplasia medular</effect>
  . - Trastornos psiquiátricos:
  <effect gate:gateId="486" rule="Effect" Simplification="somnolencia">somnolencia</effect>
  ,
  <effect gate:gateId="487" rule="Effect" Simplification="cambios de humor">cambios de humor</effect>
  . - Trastornos del sistema
  <effect gate:gateId="488" rule="Effect" Simplification="nervioso">nervioso</effect>
  :
  <effect gate:gateId="489" rule="Effect" Simplification="mareo">mareos</effect>
  ,
  <effect gate:gateId="490" rule="Effect" Simplification="cosquilleo">parestesia</effect>
  ,
  <effect gate:gateId="491" rule="Effect" Simplification="___">convulsiones.</effect>
  MINISTERIO - Trastornos visuales:
  <effect gate:gateId="492" rule="Effect" Simplification="alteraciones visuales">alteraciones visuales</effect>
  como por ejemplo
  <effect gate:gateId="493" rule="Effect" Simplification="visión borrosa">visión borrosa</effect>
  (ver sección 4.4). - Trastornos del oído: tinnitus. - Trastornos cardiovasculares: Se han notificado
  <effect gate:gateId="494" rule="Effect" Simplification="hinchazón">edema</effect>
  ,
  <effect gate:gateId="495" rule="Effect" Simplification="presión arterial alta">hipertensión arterial</effect>
  e
  <effect gate:gateId="496" rule="Effect" Simplification="insuficiencia cardiaca">insuficiencia cardiaca</effect>
  en asociación con el tratamiento con AINE. Datos procedentes de ensayos clínicos y de estudios epidemiológicos sugieren que el empleo de algunos AINE (especialmente en dosis altas y en tratamientos de larga duración) puede asociarse con un aumento del riesgo de acontecimientos aterotrombóticos (por ejemplo
  <effect gate:gateId="497" rule="Effect" Simplification="infarto">infarto de miocardio</effect>
  o
  <effect gate:gateId="498" rule="Effect" Simplification="trastorno de la circulación cerebral">ictus</effect>
  ; ver sección 4.4). - Trastornos respiratorios:
  <effect gate:gateId="499" rule="Effect" Simplification="ataque asmático">ataque asmático</effect>
  ,
  <effect gate:gateId="500" rule="Effect" Simplification="trastornos de los bronquios">broncoespasmo</effect>
  (particularmente en pacientes con
  <effect gate:gateId="501" rule="Effect" Simplification="alergia">hipersensibilidad</effect>
  a la
  <drug gate:gateId="502" rule="Drug">aspirina</drug>
  y a otros antiinflamatorios no esteroideos). - Trastornos hepatobiliares:
  <effect gate:gateId="503" rule="Effect" Simplification="lesión hepática">lesión hepática</effect>
  (rara), elevación de los niveles de transaminasas, ocasionalmente
  <effect gate:gateId="504" rule="Effect" Simplification="hepatitis">hepatitis</effect>
  . - Trastornos cutáneos: reacciones ampollosas incluyendo el Síndrome de Stevens Johnson y la Necrolisis Epidérmica Tóxica (muy raros). - Reacciones de
  <effect gate:gateId="505" rule="Effect" Simplification="alergia">hipersensibilidad</effect>
  : erupciones exantemáticas (
  <effect gate:gateId="506" rule="Effect" Simplification="alteración de la piel">rash</effect>
  ),
  <effect gate:gateId="507" rule="Effect" Simplification="picazón">prurito</effect>
  ,
  <effect gate:gateId="508" rule="Effect" Simplification="urticaria">urticaria</effect>
  ,
  <effect gate:gateId="509" rule="Effect" Simplification="hinchazón debajo de la piel">angioedema</effect>
  ,
  <effect gate:gateId="510" rule="Effect" Simplification="intolerancia a la luz">fotosensibilidad</effect>
  y
  <effect gate:gateId="511" rule="Effect" Simplification="pérdida de cabello ">alopecia</effect>
  - Trastornos renales: alteraciones de los tests de la función renal,
  <effect gate:gateId="512" rule="Effect" Simplification="insuficiencia renal">insuficiencia renal aguda</effect>
  ,
  <effect gate:gateId="513" rule="Effect" Simplification="problemas en los riñones">nefritis intersticial</effect>
  ,
  <effect gate:gateId="514" rule="Effect" Simplification="trastorno en los riñones">síndrome nefrótico</effect>
  . - Trastornos generales y condiciones del lugar de administración:
  <effect gate:gateId="515" rule="Effect" Simplification="dolor de cabeza">dolor de cabeza</effect>
  ,
  <effect gate:gateId="516" rule="Effect" Simplification="hinchazón">edema</effect>
  ,
  <effect gate:gateId="517" rule="Effect" Simplification="aumento de peso">aumento de peso</effect>
  ,
  <effect gate:gateId="518" rule="Effect" Simplification="alteración del gusto">alteración del gusto</effect>
  , reacciones anafilácticas (incluyendo
  <effect gate:gateId="519" rule="Effect" Simplification="shock">shock</effect>
  ).
</paragraph>
