<?xml version="1.0" encoding="UTF-8"?>
<paragraph xmlns:gate="http://www.gate.ac.uk" gate:gateId="0" gate:annotMaxId="754">
  OSSEOR se ha investigado en ensayos clínicos donde intervinieron casi 8000 participantes. La seguridad a largo plazo se ha evaluado en estudios de fase III entre mujeres posmenopáusicas con
  <effect gate:gateId="727" rule="Effect" Simplification="problemas en los huesos">osteoporosis</effect>
  que recibieron tratamiento con 2 g/día de ranelato de estroncio (n=3352) o placebo (n=3317) a lo largo de 60 meses, como máximo. La media de edad en el momento de la inclusión era de 75 años y el 23% de las pacientes reclutadas tenía entre 80 y 100 años. Las tasas de incidencia generales de los efectos adversos causados por el ranelato de estroncio no difirieron de las del placebo y los efectos adversos tuvieron, por lo común, un carácter leve y pasajero. Los acontecimientos adversos más frecuentes consistieron en
  <effect gate:gateId="728" rule="Effect" Simplification="náuseas">náuseas</effect>
  y
  <effect gate:gateId="729" rule="Effect" Simplification="diarrea">diarrea</effect>
  que, por regla general, 4 aparecieron al comienzo del tratamiento sin que luego se apreciaran grandes diferencias entre los grupos. La retirada del tratamiento obedeció, sobre todo, a las
  <effect gate:gateId="730" rule="Effect" Simplification="náuseas">náuseas</effect>
  (1,3% en el grupo del placebo y 2,2% en el del ranelato de estroncio). Las reacciones adversas, definidas como los acontecimientos adversos al menos posiblemente atribuibles al ranelato de estroncio, que sucedieron en los estudios de fase III se enumeran a continuación empleando la convención siguiente (frecuencia frente al placebo): muy frecuentes (&gt;1/10); frecuentes (&gt;1/100, &lt;1/10); poco frecuentes (&gt;1/1.000, &lt;1/100); raras (&gt;1/10.000, &lt;1/1.000); muy raras (&lt;1/10.000). Trastornos del sistema
  <effect gate:gateId="731" rule="Effect" Simplification="nervioso">nervioso</effect>
  Frecuentes:
  <effect gate:gateId="732" rule="Effect" Simplification="dolor de cabeza">cefalea</effect>
  (3.3% frente a 2.7%) Trastornos gastrointestinales Frecuentes:
  <effect gate:gateId="733" rule="Effect" Simplification="náuseas">náuseas</effect>
  (7,1% frente a 4,6%),
  <effect gate:gateId="734" rule="Effect" Simplification="diarrea">diarrea</effect>
  (7,0% frente a 5,0%),
  <effect gate:gateId="735" rule="Effect" Simplification="heces blandas">heces blandas</effect>
  (1,0% frente a 0,2%) Trastornos de la piel y del tejido subcutáneo Frecuentes:
  <effect gate:gateId="736" rule="Effect" Simplification="dermatitis">dermatitis</effect>
  (2,3% frente a 2,0%), eccema (1,8% frente a 1,4%) No hubo ninguna diferencia en la naturaleza de los acontecimientos adversos de los diferentes grupos tratados, con independencia de que las pacientes tuvieran una edad inferior o superior a 80 años en el momento de la inclusión. En los estudios de fase III, la incidencia anual de
  <effect gate:gateId="737" rule="Effect" Simplification="coagulo en una vena">tromboembolia</effect>
  venosa (TEV) observada a lo largo de 5 años se aproximó a 0,7%; el riesgo relativo para las pacientes tratadas con ranelato de estroncio resultó de 1,4 en comparación con el del placebo (95% CI = [1,0; 2,0]) (ver sección 4.4). En los estudios de fase III los trastornos neurológicos notificados a lo largo de 5 años afectaron más a las pacientes tratadas con ranelato de estroncio que con el placebo: trastornos de la consciencia (2,6% frente a 2,1%),
  <effect gate:gateId="738" rule="Effect" Simplification="amnesia">pérdida de memoria</effect>
  (2,5% frente a 2,0%) y
  <effect gate:gateId="739" rule="Effect" Simplification="convulsiones epilépticas">crisis convulsivas</effect>
  (0,4% frente a 0,1%). Datos de laboratorio El 1,4% y el 0,6% de los miembros de los grupos de ranelato de estroncio y placebo respectivamente, experimentaron incrementos pasajeros (&gt;3 veces el límite superior de la normalidad) en la actividad de la creatinkinasa (CK) (fracción musculoesquelética) durante el tratamiento. En la mayoría de los casos, estos valores revirtieron espontáneamente a la normalidad sin modificar el tratamiento. Los siguientes efectos han sido notificados durante la experiencia post-comercialización: Trastornos gastrointestinales Frecuencia no conocida:
  <effect gate:gateId="740" rule="Effect" Simplification="vómitos">vómitos</effect>
  ,
  <effect gate:gateId="741" rule="Effect" Simplification="dolor abdominal">dolor abdominal</effect>
  ,
  <effect gate:gateId="742" rule="Effect" Simplification="enfermedades de la boca">irritación de la mucosa oral</effect>
  incluyendo
  <effect gate:gateId="743" rule="Effect" Simplification="inflamación en la boca">estomatitis</effect>
  y/o
  <effect gate:gateId="744" rule="Effect" Simplification="úlceras bucales">úlceras bucales</effect>
  . Trastornos de la piel y del tejido subcutáneo Frecuencia no conocida: reacciones de
  <effect gate:gateId="745" rule="Effect" Simplification="alergia">hipersensibilidad</effect>
  cutánea incluyendo
  <effect gate:gateId="746" rule="Effect" Simplification="inflamación">erupción cutánea</effect>
  ,
  <effect gate:gateId="747" rule="Effect" Simplification="picazón">prurito</effect>
  ,
  <effect gate:gateId="748" rule="Effect" Simplification="urticaria">urticaria</effect>
  ,
  <effect gate:gateId="749" rule="Effect" Simplification="hinchazón debajo de la piel">angioedema</effect>
  , síndrome de Stevens-Johnson. Casos de síndromes de
  <effect gate:gateId="750" rule="Effect" Simplification="alergia">hipersensibilidad</effect>
  graves incluyendo
  <effect gate:gateId="751" rule="Effect" Simplification="inflamación">erupción cutánea</effect>
  con
  <effect gate:gateId="752" rule="Effect" Simplification="problemas en la sangre">eosinofilia</effect>
  y síntomas sistémicos (DRESS) (ver sección 4.4). Trastornos musculoesqueléticos y del tejido conjuntivo Frecuencia no conocida: artromialgias incluyendo
  <effect gate:gateId="753" rule="Effect" Simplification="calambres musculares">calambres musculares</effect>
  , mialgias, dolores óseos, artralgias y dolores en las extremidades.
</paragraph>
