<?xml version="1.0" encoding="UTF-8"?>
<paragraph xmlns:gate="http://www.gate.ac.uk" gate:gateId="0" gate:annotMaxId="473">
  Las reacciones adversas observadas con mayor frecuencia son
  <effect gate:gateId="429" rule="Effect" Simplification="somnolencia">somnolencia</effect>
  ,
  <effect gate:gateId="430" rule="Effect" Simplification="dolor de cabeza">cefalea</effect>
  ,
  <effect gate:gateId="431" rule="Effect" Simplification="mareo">mareo</effect>
  ,
  <effect gate:gateId="432" rule="Effect" Simplification="visión doble">diplopía</effect>
  , nauseas,
  <effect gate:gateId="433" rule="Effect" Simplification="vómitos">vómitos</effect>
  ,
  <effect gate:gateId="434" rule="Effect" Simplification="fatiga ">fatiga</effect>
  y ocurren en más de un 10% de los pacientes. El perfil de efectos indeseados por sistema orgánico se basa en los acontecimientos adversos de los ensayos clínicos valorados como relacionados con Oxcarbazepina. También se tuvieron en cuenta los informes clínicamente relevantes sobre eventos adversos procedentes de los programas de uso compasivo y de la experiencia postcomercialización. Estimación de la frecuencia : muy frecuente: 1/10; frecuente : 1/100 - &lt; 1/10; poco frecuente : ,1/1.000 - &lt; 1/100; raro: 1/10.000 - &lt;,1/1.000; muy raro: &lt; 1/10.000 Trastornos de la sangre y del sistema linfático Poco frecuente
  <effect gate:gateId="435" rule="Effect" Simplification="disminución de leucocitos en la sangre">leucopenia</effect>
  . Muy raro
  <effect gate:gateId="436" rule="Effect" Simplification="problemas de coagulación">trombocitopenia</effect>
  . Trastornos del sistema inmunológico Muy raro
  <effect gate:gateId="437" rule="Effect" Simplification="alergia">hipersensibilidad</effect>
  (caracterizada por acontecimientos tales Trastornos del metabolismo y de la nutrición Frecuente:
  <effect gate:gateId="438" rule="Effect" Simplification="problemas en la sangre">hiponatremia</effect>
  . Muy raro:
  <effect gate:gateId="439" rule="Effect" Simplification="problemas en la sangre">hiponatremia</effect>
  asociada con signos y síntomas tales como Trastornos psiquiátricos Frecuente
  <effect gate:gateId="440" rule="Effect" Simplification="confusión">estado confusional</effect>
  ,
  <effect gate:gateId="441" rule="Effect" Simplification="depresión">depresión</effect>
  ,
  <effect gate:gateId="442" rule="Effect" Simplification="falta de motivación">apatía</effect>
  ,
  <effect gate:gateId="443" rule="Effect" Simplification="agitación">agitación</effect>
  (p.ej. según la clasificación de la frecuencia del CIOMS (III). Trastornos del sistema
  <effect gate:gateId="444" rule="Effect" Simplification="nervioso">nervioso</effect>
  Muy Frecuente:
  <effect gate:gateId="445" rule="Effect" Simplification="somnolencia">somnolencia</effect>
  ,
  <effect gate:gateId="446" rule="Effect" Simplification="dolor de cabeza">cefalea</effect>
  ,
  <effect gate:gateId="447" rule="Effect" Simplification="mareo">mareo</effect>
  . Frecuente:
  <effect gate:gateId="448" rule="Effect" Simplification="descoordinación muscular">ataxia</effect>
  ,
  <effect gate:gateId="449" rule="Effect" Simplification="temblor">temblor</effect>
  , nistagmo,
  <effect gate:gateId="450" rule="Effect" Simplification="alteración de la atención">alteración de la atención</effect>
  , Trastornos oculares Muy Frecuente
  <effect gate:gateId="451" rule="Effect" Simplification="visión doble">diplopía</effect>
  . Frecuente
  <effect gate:gateId="452" rule="Effect" Simplification="visión borrosa">visión borrosa</effect>
  ,
  <effect gate:gateId="453" rule="Effect" Simplification="alteraciones visuales">alteraciones visuales</effect>
  . Trastornos del oído y del laberinto Frecuente
  <effect gate:gateId="454" rule="Effect" Simplification="mareo y vértigo">vértigo</effect>
  Trastornos cardíacos Muy raro
  <effect gate:gateId="455" rule="Effect" Simplification="arritmia">arritmia</effect>
  ,
  <effect gate:gateId="456" rule="Effect" Simplification="bloqueo cardiaco">bloqueo auriculoventricular</effect>
  . Trastornos gastrointestinales Frecuente
  <effect gate:gateId="457" rule="Effect" Simplification="náuseas">náuseas</effect>
  ,
  <effect gate:gateId="458" rule="Effect" Simplification="vómitos">vómitos</effect>
  ,
  <effect gate:gateId="459" rule="Effect" Simplification="diarrea">diarrea</effect>
  ,
  <effect gate:gateId="460" rule="Effect" Simplification="estreñimiento">estreñimiento</effect>
  ,
  <effect gate:gateId="461" rule="Effect" Simplification="dolor abdominal">dolor abdominal</effect>
  . Muy raro
  <effect gate:gateId="462" rule="Effect" Simplification="pancreatitis">pancreatitis</effect>
  y/o aumento de la lipasa y/o aumento de la Trastornos hepatobiliares Muy raro
  <effect gate:gateId="463" rule="Effect" Simplification="hepatitis">hepatitis</effect>
  . Trastornos de la piel y del tejido subcutáneo Frecuente
  <effect gate:gateId="464" rule="Effect" Simplification="erupción">exantema</effect>
  ,
  <effect gate:gateId="465" rule="Effect" Simplification="pérdida de cabello ">alopecia</effect>
  ,
  <effect gate:gateId="466" rule="Effect" Simplification="acné">acné</effect>
  . Poco frecuente
  <effect gate:gateId="467" rule="Effect" Simplification="___">urticaria.</effect>
  Muy raro
  <effect gate:gateId="468" rule="Effect" Simplification="hinchazón debajo de la piel">angioedema</effect>
  , Síndrome de Stevens-Johnson, necrolosis Trastornos musculoesqueléticos, y del tejido conjuntivo Muy raro
  <effect gate:gateId="469" rule="Effect" Simplification="enfermedad del sistema inmunitario">lupus eritematoso sistémico</effect>
  . Trastornos generales y alteraciones en el lugar de administración Muy Frecuente
  <effect gate:gateId="470" rule="Effect" Simplification="___">fatiga.</effect>
  Frecuente
  <effect gate:gateId="471" rule="Effect" Simplification="fatiga">astenia</effect>
  . Exploraciones complementarias Poco frecuente aumento de enzimas hepáticos, aumento de la fosfatasa Durante el uso de Oxcarbazepina, se puede desarrollar muy raramente,
  <effect gate:gateId="472" rule="Effect" Simplification="problemas en la sangre">hiponatremia</effect>
</paragraph>
