<?xml version="1.0" encoding="UTF-8"?>
<paragraph xmlns:gate="http://www.gate.ac.uk" gate:gateId="0" gate:annotMaxId="840">
  De acuerdo con la normativa, su utilización requiere: · un mezclador de óxido nitroso ­ oxígeno que garantice una FiO2 siempre superior o igual al 21%, que brinde la posibilidad de una FiO2 al 100%, provisto de un dispositivo de válvula antirretroceso y de un sistema de
  <effect gate:gateId="815" rule="Effect" Simplification="alarma">alarma</effect>
  en caso de fallo en la alimentación de oxígeno; · una monitorización de la FiO2 en el aire inspirado, en caso de ventilación artificial. 4.3. Contraindicaciones · Pacientes que necesiten una ventilación con oxígeno puro. · Neumotórax,
  <effect gate:gateId="816" rule="Effect" Simplification="enfermedad pulmonar">enfisema</effect>
  bulloso y otros aumentos de cavidades aéreas patológicas. · Administración durante un período superior a 24 horas. 4.4. Advertencias y precauciones especiales de empleo Advertencias: Como todo
  <effect gate:gateId="817" rule="Effect" Simplification="gas">gas</effect>
  anestésico, el óxido nitroso requiere una buena ventilación del lugar de utilización. Es un
  <effect gate:gateId="818" rule="Effect" Simplification="gas">gas</effect>
  comburente, más pesado que el aire, y se acumula en los puntos bajos. La administración del óxido nitroso puede incrementar la
  <effect gate:gateId="819" rule="Effect" Simplification="presión">presión</effect>
  en los globos de las sondas de intubación traqueal. Durante la introducción del óxido nitroso en el circuito del
  <effect gate:gateId="820" rule="Effect" Simplification="gas">gas</effect>
  inspirado, el óxido nitroso aumenta la concentración de los anestésicos halogenados (efecto de segundo
  <effect gate:gateId="821" rule="Effect" Simplification="gas">gas</effect>
  ) y facilita la inducción de la
  <effect gate:gateId="822" rule="Effect" Simplification="anestesia">anestesia</effect>
  . La introducción de óxido nitroso en el circuito disminuye el caudal de vapor halogenado suministrado por el vaporizador. De forma recíproca, la interrupción del óxido nitroso incrementará la concentración del halogenado suministrado. Por consiguiente, se recomienda interrumpir el anestésico volátil halogenado antes del óxido nitroso. En los minutos siguientes a la interrupción del óxido nitroso, existe una
  <effect gate:gateId="823" rule="Effect" Simplification="enfermedad pulmonar">hipoxemia</effect>
  de difusión. La FiO2 en el aire inhalado por el paciente habrá de incrementarse, por tanto, durante este período. Si surge una
  <effect gate:gateId="824" rule="Effect" Simplification="coloración azul de la piel">cianosis</effect>
  imprevista durante la
  <effect gate:gateId="825" rule="Effect" Simplification="anestesia">anestesia</effect>
  con un aparato alimentado con óxido nitroso y oxígeno, será imperativo interrumpir, en una primera etapa, la administración de óxido nitroso; y, de no retroceder rápidamente la
  <effect gate:gateId="826" rule="Effect" Simplification="coloración azul de la piel">cianosis</effect>
  , hay que ventilar al paciente con un balón manual lleno de aire ambiente. Precauciones de empleo: La administración de óxido nitroso hay que hacerla con cuidado especial en los siguientes casos: · Insuficiencia cardiaca. En caso de aparición de una
  <effect gate:gateId="827" rule="Effect" Simplification="presión arterial baja">hipotensión</effect>
  o una
  <effect gate:gateId="828" rule="Effect" Simplification="insuficiencia circulatoria">insuficiencia circulatoria</effect>
  durante la administración de óxido nitroso en un paciente con
  <effect gate:gateId="829" rule="Effect" Simplification="insuficiencia cardiaca">insuficiencia cardiaca</effect>
  , habrá que interrumpir la administración del óxido nitroso. · Cirugía de los senos y del oído interno. 4.5. Interacción con otros medicamentos y otras formas de
  <effect gate:gateId="830" rule="Effect" Simplification="interacción">interacción</effect>
  Hay que tener en cuenta que el óxido nitroso potencia los efectos hipnóticos de los anestésicos intravenosos o por inhalación (tiopental, benzodiazepinas, morfínicos, halogenados), lo que permite disminuir sus posologías. El óxido nitroso también interacciona con la vitamina B12 y la inactiva. La vitamina B12 es el cofactor de la metionina sintetasa. Como consecuencia de ello se altera el metabolismo del
  <drug gate:gateId="831" rule="Drug">ácido fólico</drug>
  y la síntesis de ADN se altera. 4.6. Embarazo y lactancia Durante el
  <effect gate:gateId="832" rule="Effect" Simplification="embarazo">embarazo</effect>
  , se recomienda no superar una concentración del 50% de óxido nitroso en la mezcla inhalada. Anestesia obstétrica: Debido al paso rápido de la placenta, se recomienda interrumpir la administración de óxido nitroso en caso de que el tiempo transcurrido entre la inducción de la
  <effect gate:gateId="833" rule="Effect" Simplification="anestesia">anestesia</effect>
  y la extracción del feto sea superior a 20 minutos, y evitar la utilización del óxido nitroso en caso de
  <effect gate:gateId="834" rule="Effect" Simplification="sufrimiento fetal">sufrimiento fetal</effect>
  . Analgesia obstétrica en sala de
  <effect gate:gateId="835" rule="Effect" Simplification="parto">parto</effect>
  : La utilización del óxido nitroso en esta indicación sólo podrá realizarse disponiendo de un caudalímetro de seguridad, que impida la administración de óxido nitroso en una concentración superior al 50%. 4.7. Efectos sobre la capacidad para conducir y utilizar maquinaria Se recomienda no conducir vehículos y no utilizar maquinaria en el plazo de las 24 horas siguientes a una
  <effect gate:gateId="836" rule="Effect" Simplification="anestesia">anestesia</effect>
  en la que se haya utilizado óxido nitroso. 4.8. Reacciones adversas Los efectos secundarios del óxido nitroso son, principalmente: · nauseas y
  <effect gate:gateId="837" rule="Effect" Simplification="vómitos">vómitos</effect>
  ; · aumento temporal de la
  <effect gate:gateId="838" rule="Effect" Simplification="presión">presión</effect>
  y / o del volumen de las cavidades aéreas del organismo, normales o patológicas; · se han descrito trastornos hematológicos severos (
  <effect gate:gateId="839" rule="Effect" Simplification="anemia">anemia megaloblástica</effect>
  , agranulocitopenia) en períodos de administración superiores a 24 horas; · efectos euforizantes, trastornos psicodislépsicos a falta de asociación con otro agente anestésico.
</paragraph>
