<?xml version="1.0" encoding="UTF-8"?>
<paragraph xmlns:gate="http://www.gate.ac.uk" gate:gateId="0" gate:annotMaxId="364">
  Trastornos del sistema
  <effect gate:gateId="324" rule="Effect" Simplification="nervioso">nervioso</effect>
  : Frecuente(&gt;1/100, &lt;1/10):
  <effect gate:gateId="325" rule="Effect" Simplification="mareo">mareos</effect>
  ,
  <effect gate:gateId="326" rule="Effect" Simplification="___">somnolencia.</effect>
  Poco frecuentes(&gt;1/1000, &lt;1/100):
  <effect gate:gateId="327" rule="Effect" Simplification="somnolencia">sopor</effect>
  ,
  <effect gate:gateId="328" rule="Effect" Simplification="dolor de cabeza">dolor de cabeza</effect>
  ,
  <effect gate:gateId="329" rule="Effect" Simplification="temblor">temblores</effect>
  o
  <effect gate:gateId="330" rule="Effect" Simplification="contracciones musculares involuntarias">contracciones musculares involuntarias</effect>
  ,
  <effect gate:gateId="331" rule="Effect" Simplification="cosquilleo">parestesia</effect>
  . Raro (&gt;1/10000, &lt;1/1000):
  <effect gate:gateId="332" rule="Effect" Simplification="___">convulsiones.</effect>
  Trastornos de la vista Poco frecuentes(&gt;1/1000, &lt;1/100):
  <effect gate:gateId="333" rule="Effect" Simplification="disminución de pupililla del ojo">miosis</effect>
  ,
  <effect gate:gateId="334" rule="Effect" Simplification="alteraciones visuales">alteraciones visuales</effect>
  tales como
  <effect gate:gateId="335" rule="Effect" Simplification="___">visión borrosa.</effect>
  Trastornos vasculares y cardíacos Frecuente(&gt;1/100, &lt;1/10):
  <effect gate:gateId="336" rule="Effect" Simplification="presión arterial baja">hipotensión</effect>
  . Poco frecuentes(&gt;1/1000, &lt;1/100):
  <effect gate:gateId="337" rule="Effect" Simplification="alteración del ritmo cardíaco">taquicardia</effect>
  . Raro (&gt;1/10000, &lt;1/1000):
  <effect gate:gateId="338" rule="Effect" Simplification="anomalía cardiaca">bradicardia</effect>
  ,
  <effect gate:gateId="339" rule="Effect" Simplification="palpitaciones">palpitaciones</effect>
  . Trastornos respiratorios, torácicos y mediastinales Raro (&gt;1/10000, &lt;1/1000):
  <effect gate:gateId="340" rule="Effect" Simplification="depresión respiratoria">depresión respiratoria</effect>
  ,
  <effect gate:gateId="341" rule="Effect" Simplification="trastornos de los bronquios">broncoespasmo</effect>
  . Trastornos gastrointestinales y hepatobiliares: Frecuente(&gt;1/100, &lt;1/10):
  <effect gate:gateId="342" rule="Effect" Simplification="estreñimiento">estreñimiento</effect>
  ,
  <effect gate:gateId="343" rule="Effect" Simplification="sequedad de boca">sequedad de boca</effect>
  ,
  <effect gate:gateId="344" rule="Effect" Simplification="náuseas">náuseas</effect>
  ,
  <effect gate:gateId="345" rule="Effect" Simplification="___">vómitos.</effect>
  Poco frecuentes(&gt;1/1000, &lt;1/100):
  <effect gate:gateId="346" rule="Effect" Simplification="dolor abdominal">dolor abdominal</effect>
  ,
  <effect gate:gateId="347" rule="Effect" Simplification="enfermedades del estómago ">dispepsia</effect>
  . Raro (&gt;1/10000, &lt;1/1000):
  <effect gate:gateId="348" rule="Effect" Simplification="cólico biliar">cólico biliar</effect>
  , elevación de las enzimas pancreáticas. Muy raro (&lt;1/10000):
  <effect gate:gateId="349" rule="Effect" Simplification="obstrucción intestinal">íleo paralítico</effect>
  Trastornos de la piel y tejidos subcutáneos: Frecuente(&gt;1/100, &lt;1/10):
  <effect gate:gateId="350" rule="Effect" Simplification="picazón">prurito</effect>
  ,
  <effect gate:gateId="351" rule="Effect" Simplification="___">sudoración.</effect>
  Poco frecuentes(&gt;1/1000, &lt;1/100):
  <effect gate:gateId="352" rule="Effect" Simplification="alteración de la piel">rash</effect>
  ,
  <effect gate:gateId="353" rule="Effect" Simplification="___">urticaria.</effect>
  Raro (&gt;1/10000, &lt;1/1000):
  <effect gate:gateId="354" rule="Effect" Simplification="enrojecimiento facial">enrojecimiento facial</effect>
  . Trastornos renales y urinarios Frecuente(&gt;1/100, &lt;1/10): retención y
  <effect gate:gateId="355" rule="Effect" Simplification="urgencia urinaria">urgencia urinaria</effect>
  . Trastornos del sistema reproductor: Poco Frecuente (&gt;1/1000, &lt;1/100): disminución de la líbido,
  <effect gate:gateId="356" rule="Effect" Simplification="impotencia">impotencia</effect>
  . Trastornos generales y de las condiciones del lugar de administración Frecuente(&gt;1/100, &lt;1/10):
  <effect gate:gateId="357" rule="Effect" Simplification="fatiga">astenia</effect>
  . Poco frecuente (&gt;1/1000, &lt;1/100): reacciones de retirada que incluyen
  <effect gate:gateId="358" rule="Effect" Simplification="agitación">agitación</effect>
  ,
  <effect gate:gateId="359" rule="Effect" Simplification="ansiedad">ansiedad</effect>
  ,
  <effect gate:gateId="360" rule="Effect" Simplification=" nerviosismo ">nerviosismo</effect>
  ,
  <effect gate:gateId="361" rule="Effect" Simplification="insomnio">insomnio</effect>
  ,
  <effect gate:gateId="362" rule="Effect" Simplification="enfermedad del sistema nervioso">hipercinesia</effect>
  ,
  <effect gate:gateId="363" rule="Effect" Simplification="temblor">temblores</effect>
  y síntomas gastrointestinales.
</paragraph>
