<?xml version="1.0" encoding="UTF-8"?>
<paragraph xmlns:gate="http://www.gate.ac.uk" gate:gateId="0" gate:annotMaxId="2751">
  Este régimen o niveles de dosis incrementadas según la severidad de la
  <effect gate:gateId="2592" rule="Effect" Simplification="enfermedad">enfermedad</effect>
  , hasta un máximo de dosis total de 360 mg (en dosis divididas de 60 mg), puede repetirse tras 6 meses hasta que la
  <effect gate:gateId="2593" rule="Effect" Simplification="enfermedad">enfermedad</effect>
  remita o haya una recaída. Esquema Dosis Solución Velocidad Tratamiento para perfusión Dosis Total 6 x 30 mg, 30/&gt;250-500 15 180 mg 1 x por semana Dosis Total Inicialmente 30 mg, 30 o 60/ 15 210 mg seguidamente /&gt;250-500 Repetición 3 x 60 mg, en intervalos 60/500 15 cada 6 meses, de 2 semanas Dosis total 180 mg Insuficiencia renal Pamidronato disódico no debe ser administrado a pacientes con
  <effect gate:gateId="2594" rule="Effect" Simplification="insuficiencia renal ">insuficiencia renal</effect>
  grave (aclaramiento de creatinina &lt; 30 mL/min) excepto en caso de tumor inducido por
  <effect gate:gateId="2595" rule="Effect" Simplification="aumento de calcio en la sangre">hipercalcemia</effect>
  que amenace la vida del paciente cuando los beneficios superen los riesgos potenciales (ver secciones 4.4 y 5.2). El ajuste de dosis no es necesario en la
  <effect gate:gateId="2596" rule="Effect" Simplification="insuficiencia renal ">insuficiencia renal</effect>
  leve (aclaramiento de creatinina 61-90 ml/min) o moderada (aclaramiento de creatinina 30-60 ml/min). En estos pacientes, la velocidad de perfusión no debe exceder los 90 mg/4h (aproximadamente 20-22 mg/h). Igual que con otros bisfosfonatos intravenosos, se recomienda la monitorización de la función renal, por ejemplo, medidas de la creatinina sérica antes de cada dosis de pamidronato disódico. En pacientes que reciben pamidronato disódico para
  <effect gate:gateId="2597" rule="Effect" Simplification="metástasis en hueso">metástasis óseas</effect>
  y que han mostrado evidencia de deterioro de la función renal, el tratamiento con pamidronato disódico deberá ser aplazado hasta que la función renal vuelva a estar dentro del 10% del valor basal. Insuficiencia hepática No hay datos publicados para el uso de pamidronato disódico en pacientes con
  <effect gate:gateId="2598" rule="Effect" Simplification="insuficiencia hepática">insuficiencia hepática</effect>
  . Por lo tanto no se pueden dar recomendaciones para el pamidronato disódico en estos pacientes (ver sección 5.2). Niños y adolescentes (&lt; 18 años) No existe experiencia clínica con pamidronato en niños o adolescentes. 4.3. Contraindicaciones Hipersensibilidad conocida a Pamidronato Disódico o otros bisfosfonatos, o a cualquiera de los excipientes. La lactancia está contraindicada (ver sección 4.6). 4.4. Advertencias y precauciones especiales de empleo Advertencias Pamidronato no debe administrarse nunca como inyección en bolo. Debe siempre disolverse, diluirse y administrarse como perfusión intravenosa lenta (ver 4.2. Posología y forma de administración). Pamidronato no debe administrarse con otros bisfosfonatos. Si se utilizan otros agentes para reducir el calcio conjuntamente con el pamidronato disódico, se puede producir una
  <effect gate:gateId="2599" rule="Effect" Simplification="bajo nivel de calcio en la sangre">hipocalcemia</effect>
  significativa. Se han producido
  <effect gate:gateId="2600" rule="Effect" Simplification="ataque">convulsiones</effect>
  en algunos pacientes con
  <effect gate:gateId="2601" rule="Effect" Simplification="aumento de calcio en la sangre">hipercalcemia</effect>
  inducida por tumor debido a cambios en los electrolitos asociados con esta condición y su tratamiento eficaz. Precauciones Deben controlarse los electrolitos séricos, calcio y fosfato tras iniciar la terapia con pamidronato. Los pacientes con
  <effect gate:gateId="2602" rule="Effect" Simplification="anemia">anemia</effect>
  ,
  <effect gate:gateId="2603" rule="Effect" Simplification="disminución de leucocitos en la sangre">leucopenia</effect>
  o
  <effect gate:gateId="2604" rule="Effect" Simplification="problemas de coagulación">trombocitopenia</effect>
  deben recibir evaluaciones hematológicas regulares. Los pacientes sometidos a intervención de la glándula
  <drug gate:gateId="2605" rule="Drug">tiroides</drug>
  pueden ser especialmente propensos a desarrollar
  <effect gate:gateId="2606" rule="Effect" Simplification="bajo nivel de calcio en la sangre">hipocalcemia</effect>
  debido al
  <effect gate:gateId="2607" rule="Effect" Simplification="problemas en la sangre">hipoparatiroidismo</effect>
  asociado. Aunque pamidronato se excreta inalterado a través de los riñones, el medicamento se ha utilizado sin aparente incremento en los efectos adversos en pacientes con niveles plasmáticos de creatinina significativamente elevados (incluidos los pacientes sometidos a una terapia sustitutiva de la función renal con hemodiálisis y diálisis peritoneal). Sin embargo, la experiencia con pamidronato disódico en pacientes con
  <effect gate:gateId="2608" rule="Effect" Simplification="insuficiencia renal ">insuficiencia renal</effect>
  grave (creatinina sérica &gt;440 micromol/
  <effect gate:gateId="2609" rule="Effect" Simplification="..">l</effect>
  , o 5 mg/dl en pacientes con HIT [
  <effect gate:gateId="2610" rule="Effect" Simplification="aumento de calcio en la sangre">hipercalcemia</effect>
  inducida por tumor], 180 micromol/
  <effect gate:gateId="2611" rule="Effect" Simplification="..">l</effect>
  , 2 mg/dl en pacientes con
  <effect gate:gateId="2612" rule="Effect" Simplification="cáncer en la medula ósea">mieloma múltiple</effect>
  ) es limitada. Si el juicio clínico determina que los beneficios potenciales superan el riesgo en estos casos, pamidronato disódico debe usarse cuidadosamente y se debe monitorizar la función renal. También deber realizarse una monitorización del equilibro de líquidos (producción de orina, pesos diarios). Como no hay datos clínicos disponibles en pacientes con
  <effect gate:gateId="2613" rule="Effect" Simplification="insuficiencia hepática">insuficiencia hepática</effect>
  grave, no se pueden dar recomendaciones específicas para este grupo de pacientes. Se dispone de muy poca experiencia en el uso de pamidronato en pacientes que reciben hemodiálisis. Se debe realizar una evaluación periódica de los parámetros de laboratorio estándares (creatinina sérica y BUN [nitrógeno ureico en sangre]) y de la función renal clínica de los pacientes, especialmente de aquellos que reciben frecuentemente perfusiones de pamidronato disódico durante un periodo de tiempo prolongado, y aquellos con una
  <effect gate:gateId="2614" rule="Effect" Simplification="enfermedad de los riñones">enfermedad renal</effect>
  previa o una predisposición a la
  <effect gate:gateId="2615" rule="Effect" Simplification="insuficiencia renal ">insuficiencia renal</effect>
  (ejemplo, pacientes con
  <effect gate:gateId="2616" rule="Effect" Simplification="cáncer en la medula ósea">mieloma múltiple</effect>
  y/o
  <effect gate:gateId="2617" rule="Effect" Simplification="aumento de calcio en la sangre">hipercalcemia</effect>
  inducida por tumor). Si durante la terapia con pamidronato se da un deterioro de la función renal, se debe parar la perfusión. Se ha comunicado deterioro de la función renal (incluida la
  <effect gate:gateId="2618" rule="Effect" Simplification="insuficiencia renal ">insuficiencia renal</effect>
  ) tras el tratamiento a largo plazo con pamidronato disódico en pacientes con
  <effect gate:gateId="2619" rule="Effect" Simplification="cáncer en la medula ósea">mieloma múltiple</effect>
  . Sin embargo no está probada la relación causal con pamidronato disódico ya que también se observa una progresión de la
  <effect gate:gateId="2620" rule="Effect" Simplification="enfermedad">enfermedad</effect>
  subyacente y/o complicaciones concomitantes. Es esencial al inicio del tratamiento de la
  <effect gate:gateId="2621" rule="Effect" Simplification="aumento de calcio en la sangre">hipercalcemia</effect>
  inducida por tumor que se instaure una rehidratación intravenosa para restaurar la eliminación de orina. Los pacientes se deben hidratar adecuadamente durante el tratamiento pero se debe evitar la
  <effect gate:gateId="2622" rule="Effect" Simplification="intoxicación por agua">hiperhidratación</effect>
  . En pacientes con enfermedades cardiacas, especialmente en los ancianos, la sobrecarga salina adicional puede precipitar la
  <effect gate:gateId="2623" rule="Effect" Simplification="insuficiencia cardiaca">insuficiencia cardiaca</effect>
  (
  <effect gate:gateId="2624" rule="Effect" Simplification="problemas en el corazón">insuficiencia ventricular izquierda</effect>
  o
  <effect gate:gateId="2625" rule="Effect" Simplification="insuficiencia cardiaca">insuficiencia cardiaca congestiva</effect>
  ). La
  <effect gate:gateId="2626" rule="Effect" Simplification="fiebre">fiebre</effect>
  (
  <effect gate:gateId="2627" rule="Effect" Simplification="síntomas similares a la gripe">síntomas similares a la gripe</effect>
  ) puede contribuir también a este deterioro. A los pacientes con
  <effect gate:gateId="2628" rule="Effect" Simplification="enfermedad">enfermedad</effect>
  ósea de Paget, con riesgo de
  <effect gate:gateId="2629" rule="Effect" Simplification="déficit de calcio">déficit de calcio</effect>
  o vitamina D, se
  <effect gate:gateId="2630" rule="Effect" Simplification="enfermedad del sistema inmune">les</effect>
  debe administrar suplementos orales para minimizar el riesgo de
  <effect gate:gateId="2631" rule="Effect" Simplification="bajo nivel de calcio en la sangre">hipocalcemia</effect>
  . Se ha observado
  <effect gate:gateId="2632" rule="Effect" Simplification="problemas en los huesos">osteonecrosis</effect>
  del maxilar en pacientes con
  <effect gate:gateId="2633" rule="Effect" Simplification="cáncer">cáncer</effect>
  que recibían regímenes de tratamiento con bisfosfonatos. Muchos de estos pacientes recibían también quimioterapia y corticosteroides. La mayoría de casos se han asociado con procedimientos dentales como la extracción dental. Muchos presentaron signos de
  <effect gate:gateId="2634" rule="Effect" Simplification="infección">infección</effect>
  local incluida la
  <effect gate:gateId="2635" rule="Effect" Simplification="inflamación en la medula ósea">osteomielitis</effect>
  . En pacientes con factores de riesgo concomitantes (ej.
  <effect gate:gateId="2636" rule="Effect" Simplification="cáncer">cáncer</effect>
  , quimioterapia, corticosteroides, higiene bucal pobre), antes de la instauración de un tratamiento con bisfosfonatos se debe considerar el examen dental con la odontología apropiada. Mientras estén sometidos a tratamiento estos pacientes deberán evitar procedimientos dentales invasivos mientras sea posible. Los pacientes que desarrollan
  <effect gate:gateId="2637" rule="Effect" Simplification="problemas en los huesos">osteonecrosis</effect>
  de la mandíbula mientras están sometidos a terapia con bisfosfonatos, la cirugía dental podría exacerbar la condición. No hay datos disponibles en pacientes que requieran procedimientos dentales, para sugerir si la discontinuación del tratamiento con el bisfosfonato reduce el riesgo de
  <effect gate:gateId="2638" rule="Effect" Simplification="problemas en los huesos">osteonecrosis</effect>
  del maxilar. El juicio clínico del médico que está dando el tratamiento deberá valorar la relación beneficio/riesgo. 4.5. Interacción con otros medicamentos y otras formas de
  <effect gate:gateId="2639" rule="Effect" Simplification="interacción">interacción</effect>
  No se debe usar pamidronato disódico concomitantemente con otros bisfosfonatos (ver también sección 4.4). El uso concomitante de otros bisfosfonatos, otros agentes antihipercalcémicos puede provocar una
  <effect gate:gateId="2640" rule="Effect" Simplification="bajo nivel de calcio en la sangre">hipocalcemia</effect>
  con síntomas clínicos asociados (
  <effect gate:gateId="2641" rule="Effect" Simplification="cosquilleo">parestesia</effect>
  ,
  <effect gate:gateId="2642" rule="Effect" Simplification="espasmos">tetania</effect>
  ,
  <effect gate:gateId="2643" rule="Effect" Simplification="presión arterial baja">hipotensión</effect>
  ). Es necesaria precaución cuando pamidronato disódico se usa con otros productos medicinales potencialmente nefrotóxicos Se ha administrado Pamidronato con agentes quimioterapéuticos sin darse ninguna
  <effect gate:gateId="2644" rule="Effect" Simplification="interacción">interacción</effect>
  . Se ha usado pamidronato en combinación con calcitonina en pacientes con
  <effect gate:gateId="2645" rule="Effect" Simplification="aumento de calcio en la sangre">hipercalcemia</effect>
  grave dando lugar a un efecto sinérgico de reducción rápida del calcio sérico. Debido a que pamidronato se une a los huesos, podría en teoría interferir con los exámenes por escintigrafía de los huesos. MINISTERIO 4.6. Embarazo y lactancia Uso durante el
  <effect gate:gateId="2646" rule="Effect" Simplification="embarazo">embarazo</effect>
  : No se dispone de datos adecuados sobre el uso de pamidronato disódico en mujeres embarazadas. No hay evidencia inequívoca sobre la teratogenicidad en estudios con animales. Pamidronato puede suponer un riesgo para el feto o el niño
  <effect gate:gateId="2647" rule="Effect" Simplification="recién nacido">recién nacido</effect>
  por su acción sobre la homeóstasis del calcio. Cuando se administra durante el periodo total de gestación en animales, el pamidronato puede causar desórdenes de la mineralización de los huesos especialmente de los huesos largos que resultan en una distorsión angular. Se desconoce el riesgo potencial en humanos. Por ello, pamidronato no se administrará durante el
  <effect gate:gateId="2648" rule="Effect" Simplification="embarazo">embarazo</effect>
  excepto en casos graves de
  <effect gate:gateId="2649" rule="Effect" Simplification="aumento de calcio en la sangre">hipercalcemia</effect>
  con riesgo de
  <effect gate:gateId="2650" rule="Effect" Simplification="muerte">muerte</effect>
  de la enferma. Uso durante la lactancia: Se desconoce si el pamidronato disódico se excreta en la lecha materna. Estudios en animales han demostrado la excreción de pamidronato disódico en la leche materna, y no se puede excluir el riesgo en niños lactantes. Por lo tanto, la lactancia está contraindicada en mujeres tratadas con pamidronato disódico (ver sección 4.3). 4.7. Efectos sobre la capacidad para conducir vehículos y utilizar maquinaria Pamidronato disódico ejerce una mínima o moderada influencia sobre la capacidad para conducir y utilizar máquinas. Los pacientes deben ser advertidos que puede producirse, en raras ocasiones,
  <effect gate:gateId="2651" rule="Effect" Simplification="somnolencia">somnolencia</effect>
  y/o
  <effect gate:gateId="2652" rule="Effect" Simplification="mareo">mareo</effect>
  tras la perfusión de pamidronato, en cuyo caso no deberá conducir, manejar maquinaria peligrosa o llevar a cabo actividades que requieran un estado especial de alerta. 4.8. Reacciones Adversas Las reacciones adversas de pamidronato son, en general, leves y pasajeras. Los efectos adversos sintomáticos más frecuentes (&gt;1/10) son
  <effect gate:gateId="2653" rule="Effect" Simplification="síntomas similares a los de la gripe">síntomas similares a los de la gripe</effect>
  y
  <effect gate:gateId="2654" rule="Effect" Simplification="fiebre">fiebre</effect>
  moderada. Esta
  <effect gate:gateId="2655" rule="Effect" Simplification="fiebre">fiebre</effect>
  moderada (incremento en la temperatura corporal de 1-2ºC) normalmente ocurre dentro de las primeras 48 horas como reacción auto limitante a la primera dosis y relacionada con la dosis, a menudo sin otros síntomas concomitantes, y normalmente no dura más de 24 horas. Las reacciones similares a la
  <effect gate:gateId="2656" rule="Effect" Simplification="gripe">gripe</effect>
  normalmente ocurren solamente después de la primera perfusión de pamidronato. Se da frecuentemente (&gt;1/100, &lt;1/10) una
  <effect gate:gateId="2657" rule="Effect" Simplification="inflamación">inflamación</effect>
  local leve del tejido blando en el sitio de la perfusión, especialmente a la dosis más alta. La
  <effect gate:gateId="2658" rule="Effect" Simplification="bajo nivel de calcio en la sangre">hipocalcemia</effect>
  sintomática es muy rara (&lt;1/10,000). Estimación de frecuencias: Muy frecuente (&gt;1/10) frecuente (&gt;1/100, &lt;1/10) poco frecuente (&gt;1/1,000, &lt;1/100) Rara (&gt;1/10,000, &lt;1/1,000) Muy rara (&lt;1/10,000), incluyendo casos aislados. Alteraciones del sistema sanguíneo y linfático: Frecuentes:
  <effect gate:gateId="2659" rule="Effect" Simplification="baja cantidad de linfocitos en la sangre">linfopenia</effect>
  . Poco frecuentes:
  <effect gate:gateId="2660" rule="Effect" Simplification="anemia">anemia</effect>
  ,
  <effect gate:gateId="2661" rule="Effect" Simplification="disminución de leucocitos en la sangre">leucopenia</effect>
  . Muy raros:
  <effect gate:gateId="2662" rule="Effect" Simplification="problemas de coagulación">trombocitopenia</effect>
  . Alteraciones del sistema inmune: Poco frecuentes:
  <effect gate:gateId="2663" rule="Effect" Simplification="alergia">hipersensibilidad</effect>
  incluidas reacciones anafilácticas,
  <effect gate:gateId="2664" rule="Effect" Simplification="trastornos de los bronquios">broncoespasmo</effect>
  ,
  <effect gate:gateId="2665" rule="Effect" Simplification="jadeo">disnea</effect>
  ,
  <effect gate:gateId="2666" rule="Effect" Simplification="hinchazón en la piel">edema angioneurótico</effect>
  . Muy raros, incluyendo casos aislados:
  <effect gate:gateId="2667" rule="Effect" Simplification="reacción alérgica mortal">shock anafiláctico</effect>
  , reactivación del
  <effect gate:gateId="2668" rule="Effect" Simplification="llagas en el rostro">herpes simplex</effect>
  y
  <effect gate:gateId="2669" rule="Effect" Simplification="herpes">herpes</effect>
  zoster. Alteraciones del metabolismo y de la nutrición: Muy frecuentes:
  <effect gate:gateId="2670" rule="Effect" Simplification="bajo nivel de calcio en la sangre">hipocalcemia</effect>
  ,
  <effect gate:gateId="2671" rule="Effect" Simplification="problemas en la sangre">hipofosfatemia</effect>
  . Frecuentes:
  <effect gate:gateId="2672" rule="Effect" Simplification="nivel alto de magnesio">hipomagnesemia</effect>
  . Poco frecuentes:
  <effect gate:gateId="2673" rule="Effect" Simplification="aumento de hormonas de lactancia">hiperpotasemia</effect>
  ,
  <effect gate:gateId="2674" rule="Effect" Simplification="trastorno del metabolismo">hipopotasemia</effect>
  ,
  <effect gate:gateId="2675" rule="Effect" Simplification="problemas en la sangre">hipernatremia</effect>
  . Muy raros, incluyendo casos aislados:
  <effect gate:gateId="2676" rule="Effect" Simplification="problemas en la sangre">hipernatremia</effect>
  con estado de
  <effect gate:gateId="2677" rule="Effect" Simplification="___">confusión.</effect>
  Alteraciones del sistema
  <effect gate:gateId="2678" rule="Effect" Simplification="nervioso">nervioso</effect>
  : Frecuentes:
  <effect gate:gateId="2679" rule="Effect" Simplification="___">dolor de cabeza.</effect>
  Poco frecuentes:
  <effect gate:gateId="2680" rule="Effect" Simplification="agitación">agitación</effect>
  , estado de
  <effect gate:gateId="2681" rule="Effect" Simplification="confusión">confusión</effect>
  ,
  <effect gate:gateId="2682" rule="Effect" Simplification="mareo">mareo</effect>
  ,
  <effect gate:gateId="2683" rule="Effect" Simplification="insomnio">insomnio</effect>
  ,
  <effect gate:gateId="2684" rule="Effect" Simplification="somnolencia">somnolencia</effect>
  ,
  <effect gate:gateId="2685" rule="Effect" Simplification="letargico">letargia</effect>
  . Muy raros, incluyendo casos aislados:
  <effect gate:gateId="2686" rule="Effect" Simplification="ataque">convulsiones</effect>
  ,
  <effect gate:gateId="2687" rule="Effect" Simplification="alucinaciones visuales">alucinaciones visuales</effect>
  ,
  <effect gate:gateId="2688" rule="Effect" Simplification="bajo nivel de calcio en la sangre">hipocalcemia</effect>
  sintomática (
  <effect gate:gateId="2689" rule="Effect" Simplification="cosquilleo">parestesia</effect>
  ,
  <effect gate:gateId="2690" rule="Effect" Simplification="espasmos">tetania</effect>
  ,
  <effect gate:gateId="2691" rule="Effect" Simplification="calambres musculares">calambres musculares</effect>
  ). Alteraciones oculares: Poco frecuentes: uveitis (
  <effect gate:gateId="2692" rule="Effect" Simplification="inflamación de la iris">iritis</effect>
  ,
  <effect gate:gateId="2693" rule="Effect" Simplification="enfermedad en el ojo">iridociclitis</effect>
  ),
  <effect gate:gateId="2694" rule="Effect" Simplification="inflamación en el ojo">escleritis</effect>
  ,
  <effect gate:gateId="2695" rule="Effect" Simplification="irritación en el ojo">episcleritis</effect>
  ,
  <effect gate:gateId="2696" rule="Effect" Simplification="conjuntivitis">conjuntivitis</effect>
  . Muy raras, incluyendo casos aislados:
  <effect gate:gateId="2697" rule="Effect" Simplification="distorsión de colores">xantopsia</effect>
  ,
  <effect gate:gateId="2698" rule="Effect" Simplification="inflamación">inflamación</effect>
  orbital. Alteraciones cardiacas / alteraciones vasculares: Poco frecuentes:
  <effect gate:gateId="2699" rule="Effect" Simplification="presión arterial alta">hipertensión</effect>
  . Muy raros, incluyendo casos aislados:
  <effect gate:gateId="2700" rule="Effect" Simplification="presión arterial baja">hipotensión</effect>
  , agravamiento de la
  <effect gate:gateId="2701" rule="Effect" Simplification="enfermedad">enfermedad</effect>
  cardiaca (insuficiencia del ventrículo izquierdo /
  <effect gate:gateId="2702" rule="Effect" Simplification="insuficiencia cardiaca">insuficiencia cardiaca congestiva</effect>
  ) con
  <effect gate:gateId="2703" rule="Effect" Simplification="jadeo">disnea</effect>
  ,
  <effect gate:gateId="2704" rule="Effect" Simplification="hinchazón en los pulmones">edema pulmonar</effect>
  debido al exceso de fluidos. Alteraciones gastrointestinales: Frecuentes: nauseas,
  <effect gate:gateId="2705" rule="Effect" Simplification="___">vómitos.</effect>
  Poco frecuentes:
  <effect gate:gateId="2706" rule="Effect" Simplification="dolor abdominal">dolor abdominal</effect>
  ,
  <effect gate:gateId="2707" rule="Effect" Simplification="trastornos de la alimentación ">anorexia</effect>
  ,
  <effect gate:gateId="2708" rule="Effect" Simplification="diarrea">diarrea</effect>
  ,
  <effect gate:gateId="2709" rule="Effect" Simplification="estreñimiento">estreñimiento</effect>
  ,
  <effect gate:gateId="2710" rule="Effect" Simplification="enfermedades del estómago ">dispepsia</effect>
  . Muy raros, incluyendo casos aislados:
  <effect gate:gateId="2711" rule="Effect" Simplification="enfermedades del estómago">gastritis</effect>
  . Alteraciones de la piel y del tejido subcutáneo: Poco frecuente:
  <effect gate:gateId="2712" rule="Effect" Simplification="alteración de la piel">rash</effect>
  ,
  <effect gate:gateId="2713" rule="Effect" Simplification="picazón">prurito</effect>
  . Alteraciones del músculo esquelético y del tejido conectivo: Frecuentes:
  <effect gate:gateId="2714" rule="Effect" Simplification="dolor de huesos">dolor óseo</effect>
  transitorio,
  <effect gate:gateId="2715" rule="Effect" Simplification="dolor articular">artralgia</effect>
  ,
  <effect gate:gateId="2716" rule="Effect" Simplification="dolor muscular">mialgia</effect>
  . Poco frecuentes:
  <effect gate:gateId="2717" rule="Effect" Simplification="calambres">calambres</effect>
  del músculo. Raros:
  <effect gate:gateId="2718" rule="Effect" Simplification="problemas en los huesos">osteonecrosis</effect>
  especialmente del maxilar. Alteraciones renales y urinarias: Raros:
  <effect gate:gateId="2719" rule="Effect" Simplification="falla en los riñones">glomeruloesclerosis</effect>
  segmentaria focalizada incluida la variante colapsante,
  <effect gate:gateId="2720" rule="Effect" Simplification="trastorno en los riñones">síndrome nefrótico</effect>
  , alteración del túbulo renal,
  <effect gate:gateId="2721" rule="Effect" Simplification="enfermedad en los riñones">glomerulonefropatía</effect>
  ,
  <effect gate:gateId="2722" rule="Effect" Simplification="problemas en los riñones">nefritis tubulointersticial</effect>
  . Muy raros, incluyendo casos aislados: función renal agravada en pacientes con
  <effect gate:gateId="2723" rule="Effect" Simplification="cáncer en la medula ósea">mieloma múltiple</effect>
  ,
  <effect gate:gateId="2724" rule="Effect" Simplification="orina y micción">hematuria</effect>
  ,
  <effect gate:gateId="2725" rule="Effect" Simplification="insuficiencia renal">insuficiencia renal aguda</effect>
  , función renal agravada en pacientes con una
  <effect gate:gateId="2726" rule="Effect" Simplification="enfermedad de los riñones">enfermedad renal</effect>
  pre-existente. Alteraciones generales y condiciones del lugar de administración: Muy frecuentes:
  <effect gate:gateId="2727" rule="Effect" Simplification="fiebre">fiebre</effect>
  y
  <effect gate:gateId="2728" rule="Effect" Simplification="síntomas similares a la gripe">síntomas similares a la gripe</effect>
  acompañados de
  <effect gate:gateId="2729" rule="Effect" Simplification="malestar">malestar</effect>
  ,
  <effect gate:gateId="2730" rule="Effect" Simplification="rigidez">rigidez</effect>
  ,
  <effect gate:gateId="2731" rule="Effect" Simplification="fatiga ">fatiga</effect>
  y
  <effect gate:gateId="2732" rule="Effect" Simplification="enrojecimiento de la piel">rubefacción</effect>
  . Frecuentes: reacciones del lugar de la perfusión, como
  <effect gate:gateId="2733" rule="Effect" Simplification="dolor">dolor</effect>
  ,
  <effect gate:gateId="2734" rule="Effect" Simplification="alteración de la piel">rash</effect>
  ,
  <effect gate:gateId="2735" rule="Effect" Simplification="inflamación">inflamación</effect>
  ,
  <effect gate:gateId="2736" rule="Effect" Simplification="callosidad">induración</effect>
  ,
  <effect gate:gateId="2737" rule="Effect" Simplification="inflamación de una vena">flebitis</effect>
  ,
  <effect gate:gateId="2738" rule="Effect" Simplification="inflamación de venas">tromboflebitis</effect>
  ,
  <effect gate:gateId="2739" rule="Effect" Simplification="dolor">dolor</effect>
  corporal general. Pruebas de laboratorio: Muy raros, incluyendo casos aislados: el test de
  <effect gate:gateId="2740" rule="Effect" Simplification="problemas en el hígado">función hepática anormal</effect>
  , incremento de la creatinina sanguínea, incremento de la urea sanguínea. Muchas de estas reacciones adversas pueden estar relacionadas con la
  <effect gate:gateId="2741" rule="Effect" Simplification="enfermedad">enfermedad</effect>
  subyacente. Post-comercialización: se han detectado casos raros de
  <effect gate:gateId="2742" rule="Effect" Simplification="problemas en los huesos">osteonecrosis</effect>
  (principalmente del maxilar) en pacientes con tratamientos con bisfosfonatos. Muchos tuvieron signos de
  <effect gate:gateId="2743" rule="Effect" Simplification="infección">infección</effect>
  local incluida
  <effect gate:gateId="2744" rule="Effect" Simplification="inflamación en la medula ósea">osteomielitis</effect>
  . La mayoría de los informes hacen referencia a pacientes con
  <effect gate:gateId="2745" rule="Effect" Simplification="cáncer">cáncer</effect>
  después de extracciones dentales u otro tipo de cirugía dental. La
  <effect gate:gateId="2746" rule="Effect" Simplification="problemas en los huesos">osteonecrosis</effect>
  del maxilar tiene factores de riesgo múltiples bien documentados incluido un diagnóstico de
  <effect gate:gateId="2747" rule="Effect" Simplification="cáncer">cáncer</effect>
  , terapias concomitantes (ej. quimioterapia, radioterapia, corticosteroides) y condiciones co-mórbidas (ej.
  <effect gate:gateId="2748" rule="Effect" Simplification="anemia">anemia</effect>
  , coagulopatías,
  <effect gate:gateId="2749" rule="Effect" Simplification="infección">infección</effect>
  ,
  <effect gate:gateId="2750" rule="Effect" Simplification="enfermedad">enfermedad</effect>
  oral pre-existente). Aunque no se pueda determinar la causalidad, es prudente evitar la cirugía dental ya que la recuperación puede ser prolongada (ver sección 4.4. "Advertencias y precauciones especiales de empleo").
</paragraph>
