<?xml version="1.0" encoding="UTF-8"?>
<paragraph xmlns:gate="http://www.gate.ac.uk" gate:gateId="0" gate:annotMaxId="125">
  FRECUENCIA ORGANO RARAS (1/10.000, SISTEMA (&lt;1/10.000, incluidos Trastornos de la sangre Leucopenia; y del sistema linfático Trombocitopenia Trastornos Dolor en la parte Náuseas/Vómitos Sequedad de boca gastrointestinales superior del Trastornos generales y alteraciones en el lugar de administración Trastornos Lesión hepatocelular hepatobiliares grave manifestada en Trastornos del sistema Reacciones anafilácticas inmunológico incluyendo
  <effect gate:gateId="121" rule="Effect" Simplification="shock">shock</effect>
  Exploraciones Incremento de los complementarias valores de las enzimas Trastornos Artralgia Mialgia musculoesqueléticos y del tejido conjuntivo Trastornos del sistema Dolor de cabeza Vértigos;
  <effect gate:gateId="122" rule="Effect" Simplification="nervioso">nervioso</effect>
  Trastornos de la Trastornos psiquiátricos Depresión,
  <effect gate:gateId="123" rule="Effect" Simplification="alucinación">alucinación</effect>
  , Trastornos renales y Nefritis intersticial urinarios Trastornos de la piel y Reacciones alérgicas Urticaria; del tejido subcutáneo como
  <effect gate:gateId="124" rule="Effect" Simplification="picazón">prurito</effect>
  y Angioedema;
</paragraph>
