<?xml version="1.0" encoding="UTF-8"?>
<paragraph xmlns:gate="http://www.gate.ac.uk" gate:gateId="0" gate:annotMaxId="1865">
  Las reacciones adversas relacionadas con el tratamiento más frecuentes notificadas durante ensayos clínicos con PegIntron en combinación con
  <drug gate:gateId="1748" rule="Drug">ribavirina</drug>
  , observadas en más de la mitad de los pacientes del estudio, fueron
  <effect gate:gateId="1749" rule="Effect" Simplification="dolor de cabeza">cefalea</effect>
  ,
  <effect gate:gateId="1750" rule="Effect" Simplification="fatiga ">fatiga</effect>
  y reacción en el punto de inyección. Otras reacciones adversas importantes notificadas en más del 25 % de los pacientes incluyeron
  <effect gate:gateId="1751" rule="Effect" Simplification="dolor muscular">mialgia</effect>
  ,
  <effect gate:gateId="1752" rule="Effect" Simplification="fiebre">fiebre</effect>
  ,
  <effect gate:gateId="1753" rule="Effect" Simplification="fatiga">astenia</effect>
  ,
  <effect gate:gateId="1754" rule="Effect" Simplification="pérdida de cabello ">alopecia</effect>
  ,
  <effect gate:gateId="1755" rule="Effect" Simplification="náuseas">náuseas</effect>
  ,
  <effect gate:gateId="1756" rule="Effect" Simplification="trastornos de la alimentación ">anorexia</effect>
  ,
  <effect gate:gateId="1757" rule="Effect" Simplification="pérdida de peso">pérdida de peso</effect>
  ,
  <effect gate:gateId="1758" rule="Effect" Simplification="depresión">depresión</effect>
  ,
  <effect gate:gateId="1759" rule="Effect" Simplification="irritabilidad">irritabilidad</effect>
  e
  <effect gate:gateId="1760" rule="Effect" Simplification="insomnio">insomnio</effect>
  . Las reacciones adversas notificadas con más frecuencia fueron generalmente de gravedad leve a moderada y se controlaron sin la necesidad de modificar las dosis o suspender la terapia. La
  <effect gate:gateId="1761" rule="Effect" Simplification="fatiga ">fatiga</effect>
  ,
  <effect gate:gateId="1762" rule="Effect" Simplification="pérdida de cabello ">alopecia</effect>
  ,
  <effect gate:gateId="1763" rule="Effect" Simplification="picazón">prurito</effect>
  ,
  <effect gate:gateId="1764" rule="Effect" Simplification="náuseas">náuseas</effect>
  ,
  <effect gate:gateId="1765" rule="Effect" Simplification="trastornos de la alimentación ">anorexia</effect>
  ,
  <effect gate:gateId="1766" rule="Effect" Simplification="pérdida de peso">pérdida de peso</effect>
  ,
  <effect gate:gateId="1767" rule="Effect" Simplification="irritabilidad">irritabilidad</effect>
  e
  <effect gate:gateId="1768" rule="Effect" Simplification="insomnio">insomnio</effect>
  se producen con una tasa notablemente inferior en pacientes tratados con PegIntron en monoterapia en comparación con los tratados con la terapia de combinación (ver Tabla 4). Las siguientes reacciones adversas relacionadas con el tratamiento se notificaron durante la terapia con PegIntron. Estas reacciones se enumeran en la tabla 4 según la clasificación por órganos y sistemas y por frecuencia (muy frecuentes ( 1/10), frecuentes ( 1/100, &lt; 1/10), poco frecuentes ( 1/1.000, &lt; 1/100), raras ( 1/10.000, &lt; 1/1.000), muy raras (&lt;1/10.000) o frecuencia no conocida ( no puede estimarse a partir de los datos disponibles). Las reacciones adversas se enumeran en orden decreciente de gravedad dentro de cada intervalo de frecuencia. Tabla 4 Reacciones adversas notificadas en ensayos clínicos o a través de la vigilancia postcomercialización en pacientes tratados con interferón alfa-2b, incluyendo PegIntron en monoterapia o PegIntron +
  <drug gate:gateId="1769" rule="Drug">ribavirina</drug>
  . Infecciones e infestaciones Muy frecuentes: Infección viral Frecuentes: Infección fúngica,
  <effect gate:gateId="1770" rule="Effect" Simplification="infección bacteriana">infección bacteriana</effect>
  ,
  <effect gate:gateId="1771" rule="Effect" Simplification="herpes">herpes</effect>
  simple,
  <effect gate:gateId="1772" rule="Effect" Simplification="infecciones de los oídos">otitis</effect>
  Trastornos de la sangre y del sistema linfático Frecuentes: Anemia,
  <effect gate:gateId="1773" rule="Effect" Simplification="disminución de leucocitos en la sangre">leucopenia</effect>
  ,
  <effect gate:gateId="1774" rule="Effect" Simplification="problemas de coagulación">trombocitopenia</effect>
  ,
  <effect gate:gateId="1775" rule="Effect" Simplification="trastorno en los ganglios">linfadenopatía</effect>
  Muy raras: Anemia aplásica Frecuencia no conocida: Aplasia de la serie roja Trastornos del sistema inmunológico: Muy raras: Sarcoidosis o exacerbación de la
  <effect gate:gateId="1776" rule="Effect" Simplification="inflamación">sarcoidosis</effect>
  Frecuencia no conocida: Reacciones anafilácticas incluyendo
  <effect gate:gateId="1777" rule="Effect" Simplification="reacción alérgica mortal">shock anafiláctico</effect>
  , púrpura Trastornos endocrinos Frecuentes: Hipotiroidismo,
  <effect gate:gateId="1778" rule="Effect" Simplification="problemas en la tiroides">hipertiroidismo</effect>
  Raras: Diabetes Trastornos del metabolismo y de la nutrición Muy frecuentes: Pérdida de peso Frecuentes: Hipocalcemia,
  <effect gate:gateId="1779" rule="Effect" Simplification="gota">hiperuricemia</effect>
  ,
  <effect gate:gateId="1780" rule="Effect" Simplification="sed">sed</effect>
  Trastornos psiquiátricos Muy frecuentes: Frecuentes: Comportamiento agresivo, alteración del comportamiento, Poco frecuentes: Intento de
  <effect gate:gateId="1781" rule="Effect" Simplification="suicidio">suicidio</effect>
  ,
  <effect gate:gateId="1782" rule="Effect" Simplification="suicidio">ideación suicida</effect>
  Raras: Psicosis,
  <effect gate:gateId="1783" rule="Effect" Simplification="alucinaciones">alucinaciones</effect>
  Trastornos del sistema
  <effect gate:gateId="1784" rule="Effect" Simplification="nervioso">nervioso</effect>
  Muy frecuentes: Frecuentes: Confusión,
  <effect gate:gateId="1785" rule="Effect" Simplification="temblor">temblor</effect>
  ,
  <effect gate:gateId="1786" rule="Effect" Simplification="descoordinación muscular">ataxia</effect>
  ,
  <effect gate:gateId="1787" rule="Effect" Simplification="fallo en el sistema nervioso">neuralgia</effect>
  ,
  <effect gate:gateId="1788" rule="Effect" Simplification="mareo y vértigo">vértigo</effect>
  ,
  <effect gate:gateId="1789" rule="Effect" Simplification="cosquilleo">parestesia</effect>
  , 12 Raras: Crisis convulsiva,
  <effect gate:gateId="1790" rule="Effect" Simplification="insuficiencia en los nervios del cerebro">neuropatía periférica</effect>
  Muy raras: Hemorragia cerebrovascular,
  <effect gate:gateId="1791" rule="Effect" Simplification="poco flujo de sangre en el cerebro">isquemia cerebrovascular</effect>
  , Frecuencia no conocida: Parálisis facial, neuropatías, mononeuropatías Trastornos oculares Frecuentes: Conjuntivitis,
  <effect gate:gateId="1792" rule="Effect" Simplification="visión borrosa">visión borrosa</effect>
  , alteración de la glándula lagrimal, Raras: Pérdida de la agudeza visual o del campo visual,
  <effect gate:gateId="1793" rule="Effect" Simplification="sangrado ">hemorragia</effect>
  Trastornos del oído y del laberinto Frecuentes: Alteración/
  <effect gate:gateId="1794" rule="Effect" Simplification="pérdida de la audición">pérdida de la audición</effect>
  , tinnitus Trastornos cardiacos Frecuentes: Palpitación,
  <effect gate:gateId="1795" rule="Effect" Simplification="alteración del ritmo cardíaco">taquicardia</effect>
  Raras: Arritmia Muy raras: Infarto de miocardio,
  <effect gate:gateId="1796" rule="Effect" Simplification="disminución de flujo de sangre">isquemia</effect>
  cardíaca Frecuencia no conocida: Miocardiopatía Trastornos vasculares Frecuentes: Hipotensión,
  <effect gate:gateId="1797" rule="Effect" Simplification="presión arterial alta">hipertensión</effect>
  ,
  <effect gate:gateId="1798" rule="Effect" Simplification="desmayo">síncope</effect>
  ,
  <effect gate:gateId="1799" rule="Effect" Simplification="enrojecimiento facial">enrojecimiento facial</effect>
  Trastornos respiratorios, torácicos y mediastínicos Muy frecuentes: Disnea ,
  <effect gate:gateId="1800" rule="Effect" Simplification="faringitis">faringitis</effect>
  ,
  <effect gate:gateId="1801" rule="Effect" Simplification="tos">tos</effect>
  Frecuentes: Sinusitis,
  <effect gate:gateId="1802" rule="Effect" Simplification="bronquitis">bronquitis</effect>
  ,
  <effect gate:gateId="1803" rule="Effect" Simplification="ronquera">disfonía</effect>
  ,
  <effect gate:gateId="1804" rule="Effect" Simplification="sangrado nasal">epistaxis</effect>
  ,
  <effect gate:gateId="1805" rule="Effect" Simplification="inflamación en las fosas nasales">rinitis</effect>
  , alteración Muy raras: Enfermedad pulmonar intersticial Trastornos gastrointestinales Muy frecuentes: Vómitos ,
  <effect gate:gateId="1806" rule="Effect" Simplification="náuseas">náuseas</effect>
  ,
  <effect gate:gateId="1807" rule="Effect" Simplification="dolor abdominal">dolor abdominal</effect>
  ,
  <effect gate:gateId="1808" rule="Effect" Simplification="diarrea">diarrea</effect>
  ,
  <effect gate:gateId="1809" rule="Effect" Simplification="trastornos de la alimentación ">anorexia</effect>
  Frecuentes: Dispepsia,
  <effect gate:gateId="1810" rule="Effect" Simplification="reflujo gástrico">reflujo gastroesofágico</effect>
  ,
  <effect gate:gateId="1811" rule="Effect" Simplification="inflamación en la boca">estomatitis</effect>
  ,
  <effect gate:gateId="1812" rule="Effect" Simplification="inflamación en la boca">estomatitis</effect>
  Raras: Pancreatitis Muy raras: Colitis isquémica,
  <effect gate:gateId="1813" rule="Effect" Simplification="inflamación en el colon">colitis ulcerosa</effect>
  Trastornos hepatobiliares Frecuentes: Hepatomegalia,
  <effect gate:gateId="1814" rule="Effect" Simplification="problemas en el metabolismo">hiperbilirrubinemia</effect>
  Trastornos de la piel y del tejido subcutáneo Muy frecuentes: Frecuentes: Psoriasis,
  <effect gate:gateId="1815" rule="Effect" Simplification="intolerancia a la luz">reacción de fotosensibilidad</effect>
  ,
  <effect gate:gateId="1816" rule="Effect" Simplification="pequeñas manchas rojas">erupción maculopapular</effect>
  , 13 Muy raras: Síndrome de Stevens Johnson,
  <effect gate:gateId="1817" rule="Effect" Simplification="enfermedad de la piel">necrólisis epidérmica</effect>
  tóxica, Trastornos musculoesqueléticos y del tejido conjuntivo Muy frecuentes: Mialgia,
  <effect gate:gateId="1818" rule="Effect" Simplification="dolor articular">artralgia</effect>
  ,
  <effect gate:gateId="1819" rule="Effect" Simplification="dolor musculoesquelético">dolor musculoesquelético</effect>
  Frecuentes: Artritis Raras: Rabdomiólisis,
  <effect gate:gateId="1820" rule="Effect" Simplification="inflamación de músculos">miositis</effect>
  Trastornos renales y urinarios Frecuentes: Polaquiuria, alteración de la orina Raras: Fallo renal,
  <effect gate:gateId="1821" rule="Effect" Simplification="insuficiencia renal ">insuficiencia renal</effect>
  Trastornos del aparato reproductor y de la mama Frecuentes: Amenorrea,
  <effect gate:gateId="1822" rule="Effect" Simplification="impotencia">impotencia</effect>
  ,
  <effect gate:gateId="1823" rule="Effect" Simplification="dolor de mama">dolor de mama</effect>
  ,
  <effect gate:gateId="1824" rule="Effect" Simplification="menstruación abundante">menorragia</effect>
  , alteración Trastornos generales y alteraciones en el lugar de administración Muy frecuentes: Inflamación en el punto de inyección, reacción en el punto de Frecuentes: Dolor de pecho,
  <effect gate:gateId="1825" rule="Effect" Simplification="dolor en el cuadrante superior derecho">dolor en el cuadrante superior derecho</effect>
  , * Estas reacciones adversas fueron frecuentes ( 1/100, &lt; 1/10) en ensayos clínicos en pacientes tratados con PegIntron en monoterapia. La mayoría de los casos de
  <effect gate:gateId="1826" rule="Effect" Simplification="problemas en la sangre">neutropenia</effect>
  y
  <effect gate:gateId="1827" rule="Effect" Simplification="problemas de coagulación">trombocitopenia</effect>
  fueron leves (grados 1 ó 2 de la OMS). Hubo algunos casos de
  <effect gate:gateId="1828" rule="Effect" Simplification="problemas en la sangre">neutropenia</effect>
  más severa en pacientes tratados con las dosis recomendadas de PegIntron en combinación con
  <drug gate:gateId="1829" rule="Drug">ribavirina</drug>
  (grado 3 de la OMS: 39 de 186 [21 %]; y grado 4 de la OMS: 13 de 186 [7 %]). En un ensayo clínico, aproximadamente el 1,2 % de los pacientes tratados con PegIntron o interferón alfa-2b en combinación con
  <drug gate:gateId="1830" rule="Drug">ribavirina</drug>
  notificaron durante el tratamiento efectos psiquiátricos con amenaza para la vida. Estos efectos incluyeron
  <effect gate:gateId="1831" rule="Effect" Simplification="suicidio">ideación suicida</effect>
  e
  <effect gate:gateId="1832" rule="Effect" Simplification="intento de suicidio">intento de suicidio</effect>
  ver sección 4.4). Los efectos adversos cardiovasculares, en particular arritmias, parecían estar principalmente relacionados con enfermedades cardiovasculares preexistentes y con tratamientos previos con agentes cardiotóxicos (ver sección 4.4). En raras ocasiones, se ha notificado el desarrollo de una miocardiopatía, que puede ser reversible tras la interrupción del tratamiento con interferón alfa, en pacientes sin evidencia previa de
  <effect gate:gateId="1833" rule="Effect" Simplification="enfermedad">enfermedad</effect>
  cardíaca. Las alteraciones oftalmológicas que se han notificado raramente con los interferones alfa incluyen retinopatías (tales como
  <effect gate:gateId="1834" rule="Effect" Simplification="hinchazón en el ojo">edema macular</effect>
  ), hemorragias retinianas,
  <effect gate:gateId="1835" rule="Effect" Simplification="obstrucción">obstrucción</effect>
  de una arteria o vena retinianas,
  <effect gate:gateId="1836" rule="Effect" Simplification="manchas algodonosas">manchas algodonosas</effect>
  , pérdida de la agudeza o del campo visual,
  <effect gate:gateId="1837" rule="Effect" Simplification="inflamación en el nervio óptico">neuritis óptica</effect>
  y
  <effect gate:gateId="1838" rule="Effect" Simplification="hinchazón">edema</effect>
  papilar (ver sección 4.4). Con los interferones alfa se han notificado una amplia variedad de alteraciones autoinmunes y alteraciones mediadas por el sistema inmune tales como alteraciones tiroideas,
  <effect gate:gateId="1839" rule="Effect" Simplification="daño en los tejidos">lupus eritematoso</effect>
  14 sistémico,
  <effect gate:gateId="1840" rule="Effect" Simplification="inflamación de las articulaciones">artritis reumatoide</effect>
  (nueva aparición o agravada),
  <effect gate:gateId="1841" rule="Effect" Simplification="enfermedad hemorrágica">púrpura trombocitopénica idiopática</effect>
  y trombótica, vasculitis, neuropatías tales como mononeuropatías y síndrome de Vogt-Koyanagi-Harada (ver también sección 4.4, Alteraciones autoinmunes). Pacientes coinfectados con VHC/VIH: En los pacientes coinfectados con VHC/VIH que recibieron PegIntron en combinación con
  <drug gate:gateId="1842" rule="Drug">ribavirina</drug>
  , las otras reacciones adversas (que no se notificaron en pacientes monoinfectados) que se han notificado en los estudios con una frecuencia &gt; 5 % fueron:
  <effect gate:gateId="1843" rule="Effect" Simplification="infección en la boca">candidiasis oral</effect>
  (14 %),
  <effect gate:gateId="1844" rule="Effect" Simplification="cambios en la forma del cuerpo">lipodistrofia adquirida</effect>
  (13 %), disminución de linfocitos CD4 (8 %),
  <effect gate:gateId="1845" rule="Effect" Simplification="disminución del apetito">disminución del apetito</effect>
  (8 %), aumento de gamma-glutamiltransferasa (9 %),
  <effect gate:gateId="1846" rule="Effect" Simplification="dolor de espalda">dolor de espalda</effect>
  (5 %), aumento de amilasa sanguínea (6 %), aumento del ácido láctico sanguíneo (5 %),
  <effect gate:gateId="1847" rule="Effect" Simplification="hepatitis">hepatitis citolítica</effect>
  (6 %), aumento de lipasa (6 %) y
  <effect gate:gateId="1848" rule="Effect" Simplification="dolor">dolor</effect>
  en las extremidades (6 %). Toxicidad mitocondrial: Se ha notificado
  <effect gate:gateId="1849" rule="Effect" Simplification="problemas a nivel de células">toxicidad mitocondrial</effect>
  y
  <effect gate:gateId="1850" rule="Effect" Simplification="poco oxígeno en la sangre">acidosis láctica</effect>
  en pacientes VIH-positivos tratados con un régimen de nucleósidos inhibidores de la transcriptasa inversa asociado con
  <drug gate:gateId="1851" rule="Drug">ribavirina</drug>
  para la co-
  <effect gate:gateId="1852" rule="Effect" Simplification="infección">infección</effect>
  con VHC (ver sección 4.4). Valores de laboratorio en pacientes coinfectados con VHC/VIH: Aunque las toxicidades hematológicas de
  <effect gate:gateId="1853" rule="Effect" Simplification="problemas en la sangre">neutropenia</effect>
  ,
  <effect gate:gateId="1854" rule="Effect" Simplification="problemas de coagulación">trombocitopenia</effect>
  y
  <effect gate:gateId="1855" rule="Effect" Simplification="anemia">anemia</effect>
  se produjeron con más frecuencia en pacientes coinfectados con VHC/VIH, la mayoría se pudieron resolver mediante la modificación de las dosis y raramente requirieron la suspensión anticipada del tratamiento (ver sección 4.4). Las alteraciones hematológicas se notificaron con más frecuencia en pacientes que recibieron PegIntron en combinación con
  <drug gate:gateId="1856" rule="Drug">ribavirina</drug>
  en comparación con los pacientes que recibieron interferón alfa-2b en combinación con
  <drug gate:gateId="1857" rule="Drug">ribavirina</drug>
  . En el Estudio 1 (ver sección 5.1), se observó disminución en el recuento absoluto de neutrófilos por debajo de 500 células/mm3 en el 4 % (8/194) de los pacientes, y se observó una disminución de plaquetas por debajo de 50.000/mm3 en el 4 % (8/194) de los pacientes que recibieron PegIntron en combinación con
  <drug gate:gateId="1858" rule="Drug">ribavirina</drug>
  . Se notificó
  <effect gate:gateId="1859" rule="Effect" Simplification="anemia">anemia</effect>
  (hemoglobina &lt; 9,4 g/dl) en el 12 % (23/194) de los pacientes tratados con PegIntron en combinación con
  <drug gate:gateId="1860" rule="Drug">ribavirina</drug>
  . Disminución de linfocitos CD4: El tratamiento con PegIntron en combinación con
  <drug gate:gateId="1861" rule="Drug">ribavirina</drug>
  se asoció con disminuciones en el recuento absoluto de células CD4+ dentro de las primeras 4 semanas sin una reducción en el porcentaje de células CD4+. La disminución en el recuento de células CD4+ fue reversible tras la reducción de dosis o la suspensión del tratamiento. El uso de PegIntron en combinación con
  <drug gate:gateId="1862" rule="Drug">ribavirina</drug>
  no tuvo impacto negativo observable sobre el control de la
  <effect gate:gateId="1863" rule="Effect" Simplification="virus en la sangre">viremia</effect>
  de VIH durante el tratamiento o el seguimiento. Los datos disponibles sobre eficacia y seguridad son limitados (N = 25) en pacientes coinfectados con recuentos de células CD4+ &lt; 200/microlitros (ver sección 4.4). Consulte el correspondiente Resumen de las Características del Producto de los medicamentos antirretrovirales que se administren conjuntamente con la terapia frente VHC para el conocimiento y manejo de las toxicidades específicas de cada producto y la posibilidad de toxicidades comunes con PegIntron en combinación con
  <drug gate:gateId="1864" rule="Drug">ribavirina</drug>
  .
</paragraph>
