<?xml version="1.0" encoding="UTF-8"?>
<paragraph xmlns:gate="http://www.gate.ac.uk" gate:gateId="0" gate:annotMaxId="246">
  Se pueden producir las siguientes reacciones adversas, en particular si se administra
  <drug gate:gateId="222" rule="Drug">pentoxifilina</drug>
  a dosis elevadas: con frecuencia
  <effect gate:gateId="223" rule="Effect" Simplification="sofoco">sofocos</effect>
  , alteraciones gastrointestinales como
  <effect gate:gateId="224" rule="Effect" Simplification="opresión">opresión</effect>
  gástrica, sensación de plenitud,
  <effect gate:gateId="225" rule="Effect" Simplification="náuseas">náuseas</effect>
  ,
  <effect gate:gateId="226" rule="Effect" Simplification="vómitos">vómitos</effect>
  o
  <effect gate:gateId="227" rule="Effect" Simplification="diarreas">diarreas</effect>
  y ocasionalmente arritmias cardíacas (p. ej.
  <effect gate:gateId="228" rule="Effect" Simplification="alteración del ritmo cardíaco">taquicardia</effect>
  ). Pueden aparecer ocasionalmente reacciones de
  <effect gate:gateId="229" rule="Effect" Simplification="alergia">hipersensibilidad</effect>
  como
  <effect gate:gateId="230" rule="Effect" Simplification="picazón">prurito</effect>
  ,
  <effect gate:gateId="231" rule="Effect" Simplification="enrojecimiento">eritema</effect>
  y
  <effect gate:gateId="232" rule="Effect" Simplification="urticaria">urticaria</effect>
  y en casos aislados reacciones anafilácticas / anafilactoides con
  <effect gate:gateId="233" rule="Effect" Simplification="hinchazón en la piel">edema angioneurótico</effect>
  , brocoespasmo y en algunos casos
  <effect gate:gateId="234" rule="Effect" Simplification="shock">shock</effect>
  . Cuando se observen los primeros síntomas de
  <effect gate:gateId="235" rule="Effect" Simplification="reacción alérgica">reacción anafiláctica</effect>
  / anafilactoide se interrumpirá inmediatamente la administración de
  <drug gate:gateId="236" rule="Drug">pentoxifilina</drug>
  y se instaurarán las medidas oportunas. MINISTERIO Ocasionalmente se pueden producir
  <effect gate:gateId="237" rule="Effect" Simplification="mareo y vértigo">vértigo</effect>
  , cefaleas,
  <effect gate:gateId="238" rule="Effect" Simplification="agitación">agitación</effect>
  y
  <effect gate:gateId="239" rule="Effect" Simplification="alteraciones del sueño">alteraciones del sueño</effect>
  así como, en casos aislados,
  <effect gate:gateId="240" rule="Effect" Simplification="anomalía en el flujo de la bilis">colestasis intrahepática</effect>
  y elevación de las transaminasas. Raramente pueden aparecer
  <effect gate:gateId="241" rule="Effect" Simplification="dolor en el pecho">angina de pecho</effect>
  ,
  <effect gate:gateId="242" rule="Effect" Simplification="caída">caída</effect>
  de la
  <effect gate:gateId="243" rule="Effect" Simplification="presión">presión</effect>
  arterial y, en especial en pacientes con una tendencia aumentada a la
  <effect gate:gateId="244" rule="Effect" Simplification="sangrado ">hemorragia</effect>
  , hemorragias (p. ej. de la piel y/o de las mucosas de localización gástrica y/o intestinal) así como, en casos aislados,
  <effect gate:gateId="245" rule="Effect" Simplification="disminución de plaquetas">trombopenia</effect>
  .
</paragraph>
