<?xml version="1.0" encoding="UTF-8"?>
<paragraph xmlns:gate="http://www.gate.ac.uk" gate:gateId="0" gate:annotMaxId="913">
  Monoterapia: Los tipos de reacciones adversas observadas para pergolida en monoterapia generalmente reflejan aquellas observadas cuando pergolida se usa como tratamiento coadyuvante a levodopa (ver a continuación). En los ensayos clínicos de pergolida en monoterapia, la incidencia total descrita de
  <effect gate:gateId="827" rule="Effect" Simplification="náuseas">naúseas</effect>
  fue mayor que la descrita en ensayos de pergolida como tratamiento coadyuvante. En total, solamente el 3.2% de los pacientes interrumpieron el tratamiento debido a las
  <effect gate:gateId="828" rule="Effect" Simplification="náuseas">náuseas</effect>
  o a las nauseas y los
  <effect gate:gateId="829" rule="Effect" Simplification="___">vómitos.</effect>
  Sin embargo, la incidencia de disquinesia,
  <effect gate:gateId="830" rule="Effect" Simplification="alucinaciones">alucinaciones</effect>
  y
  <effect gate:gateId="831" rule="Effect" Simplification="mareo">mareos</effect>
  fue menor en los ensayos en monoterapia en comparación con los ensayos de pergolida como tratamiento coadyuvante. Tratamiento coadyuvante: Se han comunicado casos de lesiones de tipo fibrótico con
  <effect gate:gateId="832" rule="Effect" Simplification="afectación">afectación</effect>
  de serosas, como
  <effect gate:gateId="833" rule="Effect" Simplification="inflamación pulmonar">pleuritis</effect>
  ,
  <effect gate:gateId="834" rule="Effect" Simplification="derrame pulmonar">derrame pleural</effect>
  ,
  <effect gate:gateId="835" rule="Effect" Simplification="exceso de tejido en los pulmones">fibrosis pleural</effect>
  ,
  <effect gate:gateId="836" rule="Effect" Simplification="exceso de tejido en los pulmones">fibrosis pulmonar</effect>
  ,
  <effect gate:gateId="837" rule="Effect" Simplification="problemas en el corazón">pericarditis</effect>
  ,
  <effect gate:gateId="838" rule="Effect" Simplification="problemas en el corazón">derrame pericárdico</effect>
  ,
  <effect gate:gateId="839" rule="Effect" Simplification="afección en el corazón">valvulopatía cardiaca</effect>
  y
  <effect gate:gateId="840" rule="Effect" Simplification="exceso de tejido por el estomago">fibrosis retroperitoneal</effect>
  , en pacientes en tratamiento con pergolida (ver epígrafe 4.4 Advertencias y precauciones especiales de empleo). En relacicón con la valvulopatía, se desconoce su incidencia, no obstante, estudios recientes sobre la prevalencia de la insuficiencia valvular (el marcador ecocarciográfico más sensible para el diagnóstico de valvulopatía restrictiva), indican que la prevalencia de insuficiencia valvular (en la mayoría de los casos asintomática) potencialmente atribuíble a pergolida es del 20% o superior. La información disponible sobre la reversibilidad de estas reacciones es limitada. Las reacciones adversas observadas con pergolida fueron: Trastornos del sistema linfático y sanguíneo:
  <effect gate:gateId="841" rule="Effect" Simplification="anemia">anemia</effect>
  . Trastornos del metabolismo y nutrición:
  <effect gate:gateId="842" rule="Effect" Simplification="___">aumento de peso.</effect>
  Trastornos psiquiátricos:
  <effect gate:gateId="843" rule="Effect" Simplification="alucinaciones">alucinaciones</effect>
  , alteraciones de la personalidad,
  <effect gate:gateId="844" rule="Effect" Simplification="psicótico">psicosis</effect>
  ,
  <effect gate:gateId="845" rule="Effect" Simplification="trastornos de la alimentación ">anorexia</effect>
  ,
  <effect gate:gateId="846" rule="Effect" Simplification="insomnio">insomnio</effect>
  ,
  <effect gate:gateId="847" rule="Effect" Simplification="alteraciones del sueño">alteraciones del sueño</effect>
  ,
  <effect gate:gateId="848" rule="Effect" Simplification="ansiedad">ansiedad</effect>
  y
  <effect gate:gateId="849" rule="Effect" Simplification="___">depresión.</effect>
  Trastornos del sistema
  <effect gate:gateId="850" rule="Effect" Simplification="nervioso">nervioso</effect>
  :
  <effect gate:gateId="851" rule="Effect" Simplification="trastorno peligroso">síndrome neuroléptico maligno</effect>
  ,
  <effect gate:gateId="852" rule="Effect" Simplification="confusión">confusión</effect>
  ,
  <effect gate:gateId="853" rule="Effect" Simplification="mareo y vértigo">vértigo</effect>
  , disquinesia,
  <effect gate:gateId="854" rule="Effect" Simplification="mareo">mareo</effect>
  ,
  <effect gate:gateId="855" rule="Effect" Simplification="temblor">temblor</effect>
  , alteraciones de la marcha,
  <effect gate:gateId="856" rule="Effect" Simplification="incapacidad de quedarse quieto">acatisia</effect>
  ,
  <effect gate:gateId="857" rule="Effect" Simplification="movimientos involuntarios">síndrome extrapiramidal</effect>
  , incoordinación,
  <effect gate:gateId="858" rule="Effect" Simplification="cosquilleo">parestesias</effect>
  , aquinesia,
  <effect gate:gateId="859" rule="Effect" Simplification="tensión">hipertonía</effect>
  ,
  <effect gate:gateId="860" rule="Effect" Simplification="fallo en el sistema nervioso">neuralgia</effect>
  , y alteraciones del lenguaje. El tratamiento con Pharken puede producir
  <effect gate:gateId="861" rule="Effect" Simplification="somnolencia">somnolencia</effect>
  ; raramente ha sido asociado a la aparición de
  <effect gate:gateId="862" rule="Effect" Simplification="somnolencia">somnolencia diurna excesiva</effect>
  y episodios repentinos de sueño. Trastornos oculares:
  <effect gate:gateId="863" rule="Effect" Simplification="visión anormal">visión anormal</effect>
  , diplopia, y alteraciones oculares. Trastornos del sistema cardiovascular:
  <effect gate:gateId="864" rule="Effect" Simplification="hinchazón">edema</effect>
  ,
  <effect gate:gateId="865" rule="Effect" Simplification="hinchazón en la pierna">edema periférico</effect>
  ,
  <effect gate:gateId="866" rule="Effect" Simplification="problemas en el corazón">pericarditis</effect>
  ,
  <effect gate:gateId="867" rule="Effect" Simplification="problemas en el corazón">derrame pericárdico</effect>
  ,
  <effect gate:gateId="868" rule="Effect" Simplification="palpitaciones">palpitaciones</effect>
  ,
  <effect gate:gateId="869" rule="Effect" Simplification="incapacidad de quedarse quieto">hipotensión ortostática</effect>
  ,
  <effect gate:gateId="870" rule="Effect" Simplification="desmayo">síncope</effect>
  ,
  <effect gate:gateId="871" rule="Effect" Simplification="venas dilatadas">vasodilatación</effect>
  ,
  <effect gate:gateId="872" rule="Effect" Simplification="presión arterial alta">hipertensión</effect>
  , arritmias,
  <effect gate:gateId="873" rule="Effect" Simplification="infarto">infarto de miocardio</effect>
  ,
  <effect gate:gateId="874" rule="Effect" Simplification="afección en el corazón">valvulopatía cardiaca</effect>
  y fenómeno Raynaud. Trastornos gastrointestinales:
  <effect gate:gateId="875" rule="Effect" Simplification="exceso de tejido por el estomago">fibrosis retroperitoneal</effect>
  ,
  <effect gate:gateId="876" rule="Effect" Simplification="estreñimiento">estreñimiento</effect>
  ,
  <effect gate:gateId="877" rule="Effect" Simplification="diarrea">diarrea</effect>
  ,
  <effect gate:gateId="878" rule="Effect" Simplification="náuseas">náuseas</effect>
  ,
  <effect gate:gateId="879" rule="Effect" Simplification="vómitos">vómitos</effect>
  ,
  <effect gate:gateId="880" rule="Effect" Simplification="hipotermia">hipo</effect>
  , alteraciones del gusto,
  <effect gate:gateId="881" rule="Effect" Simplification="enfermedades del estómago ">dispepsia</effect>
  y
  <effect gate:gateId="882" rule="Effect" Simplification="sequedad de boca">sequedad de boca</effect>
  . Trastornos respiratorios, torácicos y mediastínicos:
  <effect gate:gateId="883" rule="Effect" Simplification="inflamación en las fosas nasales">rinitis</effect>
  ,
  <effect gate:gateId="884" rule="Effect" Simplification="jadeo">disnea</effect>
  y
  <effect gate:gateId="885" rule="Effect" Simplification="sangrado nasal">epistaxis</effect>
  . Se han comunicado casos de alteraciones inflamatorias, fibróticas o serosas, tales como
  <effect gate:gateId="886" rule="Effect" Simplification="inflamación pulmonar">pleuritis</effect>
  ,
  <effect gate:gateId="887" rule="Effect" Simplification="derrame pulmonar">derrame pleural</effect>
  ,
  <effect gate:gateId="888" rule="Effect" Simplification="exceso de tejido en los pulmones">fibrosis pleural</effect>
  ,
  <effect gate:gateId="889" rule="Effect" Simplification="problemas en el corazón">pericarditis</effect>
  ,
  <effect gate:gateId="890" rule="Effect" Simplification="exceso de tejido en los pulmones">fibrosis pulmonar</effect>
  ,
  <effect gate:gateId="891" rule="Effect" Simplification="problemas en el corazón">derrame pericárdico</effect>
  y
  <effect gate:gateId="892" rule="Effect" Simplification="exceso de tejido por el estomago">fibrosis retroperitoneal</effect>
  , en pacientes tratados con derivados ergóticos como Pharken ( véase sección 4.4 Advertencias y Precauciones especiales de empleo) Trastornos del tejido de la piel y subcutáneos:
  <effect gate:gateId="893" rule="Effect" Simplification="alteración de la piel">rash</effect>
  y
  <effect gate:gateId="894" rule="Effect" Simplification="___">sudoración.</effect>
  Trastornos músculoesqueléticos, del tejido conectivo y óseos:
  <effect gate:gateId="895" rule="Effect" Simplification="dolor articular">artralgia</effect>
  ,
  <effect gate:gateId="896" rule="Effect" Simplification="hinchazón alrededor de los músculos">bursitis</effect>
  ,
  <effect gate:gateId="897" rule="Effect" Simplification="dolor muscular">mialgia</effect>
  y
  <effect gate:gateId="898" rule="Effect" Simplification="contracción involuntaria">contractura</effect>
  . Trastornos renales y urinarios: aumento de la frecuencia miccional,
  <effect gate:gateId="899" rule="Effect" Simplification="infección del tracto urinario">infección del tracto urinario</effect>
  y
  <effect gate:gateId="900" rule="Effect" Simplification="orina y micción">hematuria</effect>
  . Trastornos generales:
  <effect gate:gateId="901" rule="Effect" Simplification="___">fiebre.</effect>
  Otras reacciones: elevación de enzimas hepáticas. Se han comunicado casos en pacientes en tratamiento con pergolida, de alteraciones inflamatorias fibróticas o serosas, tales como:
  <effect gate:gateId="902" rule="Effect" Simplification="inflamación pulmonar">pleuritis</effect>
  ,
  <effect gate:gateId="903" rule="Effect" Simplification="derrame pulmonar">derrame pleural</effect>
  ,
  <effect gate:gateId="904" rule="Effect" Simplification="exceso de tejido en los pulmones">fibrosis pleural</effect>
  ,
  <effect gate:gateId="905" rule="Effect" Simplification="problemas en el corazón">pericarditis</effect>
  ,
  <effect gate:gateId="906" rule="Effect" Simplification="exceso de tejido en los pulmones">fibrosis pulmonar</effect>
  ,
  <effect gate:gateId="907" rule="Effect" Simplification="problemas en el corazón">derrame pericárdico</effect>
  ,
  <effect gate:gateId="908" rule="Effect" Simplification="afección en el corazón">valvulopatía cardiaca</effect>
  y
  <effect gate:gateId="909" rule="Effect" Simplification="exceso de tejido por el estomago">fibrosis retroperitoneal</effect>
  , (ver sección 4.4).. Se desconoce la incidencia de valvulopatía con pergolida; no obstante, basándose en estudios recientes sobre la prevalencia de la insuficiencia valvular (el marcador ecocardiográfico más sensible para el diagnóstico de valvulopatía restrictiva), la prevalencia de insuficiencia valvular (en la mayoría de los casos asintomática) potencialmente atribuible a pergolida podría estar en un 20% o superior. La información disponible sobre la reversibilidad de estas reacciones es limitada. Los efectos adversos más frecuentes que causa la suspensión del tratamiento estaban relacionados con el sistema
  <effect gate:gateId="910" rule="Effect" Simplification="nervioso">nervioso</effect>
  , principalmente
  <effect gate:gateId="911" rule="Effect" Simplification="alucinaciones">alucinaciones</effect>
  y
  <effect gate:gateId="912" rule="Effect" Simplification="___">confusión.</effect>
</paragraph>
