<?xml version="1.0" encoding="UTF-8"?>
<paragraph xmlns:gate="http://www.gate.ac.uk" gate:gateId="0" gate:annotMaxId="399">
  En los ensayos clínicos y en la experiencia post-comercialización con PNEUMOVAX 23, se han notificado las siguientes reacciones adversas. Están clasificadas por intervalos de frecuencia de acuerdo a la siguiente convención: [Muy frecuentes (&gt;1/10); Frecuentes (&gt;1/100, &lt;1/10); Poco frecuentes (&gt;1/1.000, &lt;1/100); Raras (&gt;1/10.000, &lt;1/1.000); Muy Raras (&lt;1/10.000), incluyendo notificaciones aisladas] Trastornos generales y alteraciones en el lugar de administración Muy frecuentes: reacciones en el lugar de inyección consistente en
  <effect gate:gateId="368" rule="Effect" Simplification="dolor">dolor</effect>
  ,
  <effect gate:gateId="369" rule="Effect" Simplification="dolor">dolor</effect>
  al tacto,
  <effect gate:gateId="370" rule="Effect" Simplification="enrojecimiento">eritema</effect>
  ,
  <effect gate:gateId="371" rule="Effect" Simplification="calor">calor</effect>
  ,
  <effect gate:gateId="372" rule="Effect" Simplification="hinchazón">hinchazón</effect>
  e
  <effect gate:gateId="373" rule="Effect" Simplification="callosidad">induración</effect>
  local;
  <effect gate:gateId="374" rule="Effect" Simplification="fiebre">fiebre</effect>
  (38,8°C) Muy raras:
  <effect gate:gateId="375" rule="Effect" Simplification="celulitis">celulitis</effect>
  en el lugar de inyección después de un corto periodo de tiempo tras la administración de la
  <effect gate:gateId="376" rule="Effect" Simplification="vacuna">vacuna</effect>
  . Otras reacciones adversas notificadas en los ensayos clínicos y/o en la experiencia post- comercialización para las cuales la frecuencia exacta es desconocida: Exploraciones complementarias: proteína C- reactiva incrementada. Trastornos de la sangre y del sistema linfático:
  <effect gate:gateId="377" rule="Effect" Simplification="anemia">anemia hemolítica</effect>
  en pacientes que han padecido otras enfermedades hematológicas,
  <effect gate:gateId="378" rule="Effect" Simplification="inflamación circulaciones">linfadenitis</effect>
  ,
  <effect gate:gateId="379" rule="Effect" Simplification="trastorno en los ganglios">linfadenopatía</effect>
  ,
  <effect gate:gateId="380" rule="Effect" Simplification="problemas de coagulación">trombocitopenia</effect>
  en pacientes con
  <effect gate:gateId="381" rule="Effect" Simplification="enfermedad hemorrágica">púrpura trombocitopénica idiopática</effect>
  estabilizada. Trastornos del sistema
  <effect gate:gateId="382" rule="Effect" Simplification="nervioso">nervioso</effect>
  : Síndrome de Guillain-Barré,
  <effect gate:gateId="383" rule="Effect" Simplification="dolor de cabeza">cefalea</effect>
  ,
  <effect gate:gateId="384" rule="Effect" Simplification="cosquilleo">parestesia</effect>
  , radiculoneuropatía. Trastornos gastrointestinales: nauseas,
  <effect gate:gateId="385" rule="Effect" Simplification="___">vómitos.</effect>
  Trastornos de la piel y del tejido subcutáneo:
  <effect gate:gateId="386" rule="Effect" Simplification="inflamación">erupción</effect>
  ,
  <effect gate:gateId="387" rule="Effect" Simplification="___">urticaria.</effect>
  Trastornos musculoesqueléticos y del tejido conjuntivo:
  <effect gate:gateId="388" rule="Effect" Simplification="dolor articular">artralgia</effect>
  ,
  <effect gate:gateId="389" rule="Effect" Simplification="artritis">artritis</effect>
  ,
  <effect gate:gateId="390" rule="Effect" Simplification="dolor muscular">mialgia</effect>
  . Trastornos generales y alteraciones en el lugar de administración:
  <effect gate:gateId="391" rule="Effect" Simplification="fatiga">astenia</effect>
  ,
  <effect gate:gateId="392" rule="Effect" Simplification="fiebre">fiebre</effect>
  ,
  <effect gate:gateId="393" rule="Effect" Simplification="malestar">malestar</effect>
  ,
  <effect gate:gateId="394" rule="Effect" Simplification="disminución de la movilidad">disminución de la movilidad</effect>
  de las extremidades y
  <effect gate:gateId="395" rule="Effect" Simplification="hinchazón en la pierna">edema periférico</effect>
  en la extremidad inyectada,
  <effect gate:gateId="396" rule="Effect" Simplification="escalofríos">escalofríos</effect>
  . Trastornos del sistema inmunológico: reacciones anafilactoides,
  <effect gate:gateId="397" rule="Effect" Simplification="hinchazón en la piel">edema angioneurótico</effect>
  <effect gate:gateId="398" rule="Effect" Simplification="reacción alérgica">enfermedad del suero</effect>
  . La revacunación generalmente es bien tolerada con intervalos de tres años o más entre las dosis, sin embargo se observó un moderado aumento del índice de reacciones locales autolimitadas comparado con la vacunación primaria.
</paragraph>
