<?xml version="1.0" encoding="UTF-8"?>
<paragraph xmlns:gate="http://www.gate.ac.uk" gate:gateId="0" gate:annotMaxId="420">
  Todos los componentes de la solución son constituyentes usuales del organismo por lo que no se prevé la aparición de reacciones adversas. Es esencial una vigilancia frecuente de los niveles electrolíticos sanguíneos, ya que como consecuencia del exceso o déficit de uno o más de los iones presentes en la solución podrian darse reacciones adversas: - El exceso de sodio puede causar edemas y el subsiguiente fallo cardíaco congestivo en pacientes con
  <effect gate:gateId="381" rule="Effect" Simplification="insuficiencia cardiaca">insuficiencia cardiovascular</effect>
  . - El exceso de
  <drug gate:gateId="382" rule="Drug">potasio</drug>
  puede causar un electrocardiograma anormal, arritmias cardíacas conducentes a un paro cardíaco,
  <effect gate:gateId="383" rule="Effect" Simplification="cosquilleo">parestesias</effect>
  y
  <effect gate:gateId="384" rule="Effect" Simplification="parálisis">parálisis flácida</effect>
  ,
  <effect gate:gateId="385" rule="Effect" Simplification="confusión mental">confusión mental</effect>
  y MINISTERIO
  <effect gate:gateId="386" rule="Effect" Simplification="___">debilidad.</effect>
  El
  <effect gate:gateId="387" rule="Effect" Simplification="debilidad">déficit de potasio</effect>
  puede alterar la función neuromuscular y causar
  <effect gate:gateId="388" rule="Effect" Simplification="dilatación intestinal">dilatación intestinal</effect>
  o incluso íleon paralítico. - El exceso de magnesio puede causar
  <effect gate:gateId="389" rule="Effect" Simplification="debilidad muscular">debilidad muscular</effect>
  , sonrojamiento,
  <effect gate:gateId="390" rule="Effect" Simplification=" sudoración ">sudoración</effect>
  ,
  <effect gate:gateId="391" rule="Effect" Simplification="presión arterial baja">hipotensión</effect>
  ,
  <effect gate:gateId="392" rule="Effect" Simplification="colapso">colapso circulatorio</effect>
  y
  <effect gate:gateId="393" rule="Effect" Simplification="depresión">depresión</effect>
  de la función cardiaca y del sistema
  <effect gate:gateId="394" rule="Effect" Simplification="nervioso">nervioso</effect>
  central. La deficiencia de magnesio puede causar hiperirritabilidad,
  <effect gate:gateId="395" rule="Effect" Simplification="comportamiento psicótico">comportamiento psicótico</effect>
  ,
  <effect gate:gateId="396" rule="Effect" Simplification="alteración del ritmo cardíaco">taquicardia</effect>
  ,
  <effect gate:gateId="397" rule="Effect" Simplification="presión arterial alta">hipertensión</effect>
  y disfunción neuromuscular. - El exceso de calcio puede causar
  <effect gate:gateId="398" rule="Effect" Simplification="depresión">depresión</effect>
  ,
  <effect gate:gateId="399" rule="Effect" Simplification="dolores de cabeza">dolores de cabeza</effect>
  ,
  <effect gate:gateId="400" rule="Effect" Simplification="somnolencia">somnolencia</effect>
  ,
  <effect gate:gateId="401" rule="Effect" Simplification="desorientación">desorientación</effect>
  ,
  <effect gate:gateId="402" rule="Effect" Simplification="desmayo">síncope</effect>
  ,
  <effect gate:gateId="403" rule="Effect" Simplification="problemas para tragar">disfagia</effect>
  ,
  <effect gate:gateId="404" rule="Effect" Simplification="disminución de tensión muscular">hipotonía</effect>
  de los músculos esqueléticos y de fibra lisa, arritmias y
  <effect gate:gateId="405" rule="Effect" Simplification="coma">coma</effect>
  . El
  <effect gate:gateId="406" rule="Effect" Simplification="déficit de calcio">déficit de calcio</effect>
  puede producir
  <effect gate:gateId="407" rule="Effect" Simplification="agitación">hiperexcitabilidad</effect>
  neuromuscular (
  <effect gate:gateId="408" rule="Effect" Simplification="cosquilleo">parestesias</effect>
  ,
  <effect gate:gateId="409" rule="Effect" Simplification="calambres">calambres</effect>
  ,
  <effect gate:gateId="410" rule="Effect" Simplification="espasmos">tetania</effect>
  y alteraciones características del
  <effect gate:gateId="411" rule="Effect" Simplification="crisis epiléptica">gran mal</effect>
  ). - La deficiencia del fósforo puede conducir a una oxigenación tisular alterada y a
  <effect gate:gateId="412" rule="Effect" Simplification="anemia">anemia hemolítica aguda</effect>
  . Con relación al calcio, una ingestión excesiva de fósforo puede precipitar
  <effect gate:gateId="413" rule="Effect" Simplification="bajo nivel de calcio en la sangre">hipocalcemia</effect>
  con la subsiguiente
  <effect gate:gateId="414" rule="Effect" Simplification="agitación">hiperexcitabilidad</effect>
  neuromuscular. Pueden producirse reacciones adversas debidas a la
  <effect gate:gateId="415" rule="Effect" Simplification="infección">infección</effect>
  por utilización de soluciones de administración o utilización de material contaminados. Otras reacciones relacionadas con la vía de administración son
  <effect gate:gateId="416" rule="Effect" Simplification="coagulo">trombosis</effect>
  venosas o
  <effect gate:gateId="417" rule="Effect" Simplification="inflamación de una vena">flebitis</effect>
  y reacciones debidas a la
  <effect gate:gateId="418" rule="Effect" Simplification="perdida de líquido venoso">extravasación</effect>
  . La administración continuada en el mismo punto de inyección de la solución aumenta el riesgo de
  <effect gate:gateId="419" rule="Effect" Simplification="inflamación de venas">tromboflebitis</effect>
  .
</paragraph>
