<?xml version="1.0" encoding="UTF-8"?>
<paragraph xmlns:gate="http://www.gate.ac.uk" gate:gateId="0" gate:annotMaxId="928">
  Un total de 10.084 pacientes fueron tratados en 4 ensayos clínicos de prevención del TEV, controlados con comparador activo, con al menos una dosis del medicamento. De ellos, 5.419 fueron tratados con 150 mg ó 220 mg diarios de Pradaxa, mientras que 389 recibieron dosis inferiores a 150 mg diarios y 1.168 recibieron dosis superiores a 220 mg diarios. Las reacciones adversas notificadas con más frecuencia son episodios de
  <effect gate:gateId="920" rule="Effect" Simplification="sangrado">sangrado</effect>
  , presentándose en total en aproximadamente un 14% de pacientes; la frecuencia de sangrados mayores (incluyendo
  <effect gate:gateId="921" rule="Effect" Simplification="sangrado">sangrado</effect>
  en el lugar de la
  <effect gate:gateId="922" rule="Effect" Simplification="herida">herida</effect>
  ) es menor del 2%. La tabla 1 muestra el número (%) de pacientes que experimentaron episodios de
  <effect gate:gateId="923" rule="Effect" Simplification="sangrado">sangrado</effect>
  durante el período de tratamiento de prevención del TEV en los dos ensayos clínicos principales, en relación a la dosis. Tabla 1 Episodios de
  <effect gate:gateId="924" rule="Effect" Simplification="sangrado">sangrado</effect>
  divididos en mayores y cualquier
  <effect gate:gateId="925" rule="Effect" Simplification="sangrado">sangrado</effect>
  , en el estudio principal de cadera y rodilla Dabigatrán etexilato Dabigatrán etexilato Enoxaparina Tratados 1.866 (100,0) 1.825 (100,0) 1.848 (100,0) Sangrados mayores 24 (1,3) 33 (1,8) 27 (1,5) Cualquier
  <effect gate:gateId="926" rule="Effect" Simplification="sangrado">sangrado</effect>
  258 (13,8) 251 (13,8) 247 (13,4) La Tabla 2 muestra las reacciones adversas clasificadas según la Clasificación por Órganos y Sistemas y el sistema de frecuencias siguiente: muy frecuente ( 1/10); frecuente ( 1/100, &lt;1/10); poco frecuente ( 1/1.000, &lt;1/100); raros ( 1/10.000, &lt;1/1.000); muy raros (&lt; 1/10.000). Clasificación por Órganos y Dabigatrán etexilato Dabigatrán etexilato Enoxaparina Sistemas / Término preferente. 150 mg 220 mg Número de pacientes tratados 2737 (100) 2682 (100) 3108 (100) Trastornos de la sangre y del sistema linfático Anemia 110 (4,0) 117 (4,4) 141 (4,5) Trombocitopenia 5 (0,2) 2 (0,1) 5 (0,2) Trastornos vasculares Hematoma 38 (1,4) 37 (1,4) 55 (1,8) Hematoma traumático 37 (1,4) 41 (1,5) 51 (1,6) Hemorragia de la
  <effect gate:gateId="927" rule="Effect" Simplification="herida">herida</effect>
  35 (1,3) 28 (1,0) 31 (1,0) Hemorragia 5 (0,2) 18 (0,7) 21 (0,7) Trastornos respiratorios, torácicos y mediastínicos Epistaxis 19 (0,7) 15 (0,6) 13 (0,4) Trastornos gastrointestinales Hemorragia gastrointestinal 33 (1,2) 17 (0,6) 20 (0,6) Hemorragia rectal 12 (0,4) 15 (0,6) 5 (0,2) Hemorragia hemorroidal 4 (0,2) 8 (0,3) 2 (0,1) Trastornos hepatobiliares 8 Clasificación por Órganos y Dabigatrán etexilato Dabigatrán etexilato Enoxaparina Sistemas / Término preferente. 150 mg 220 mg Incremento de alanina 18 (0,7) 7 (0,3) 28 (0,9) aminotransferasa Incremento de aspartato 9 (0,3) 5 (0,2) 15 (0,5) aminotransferasa Función hepatica anómala/ 6 (0,2) 10 (0,4) 7 (0,2) Prueba de función hepática anómala Incremento de las enzimas 4 (0,2) 5 (0,2) 11 (0,4) hepáticas Hiperbilirrubinemia 4 (0,1) 3 (0,1) 4 (0,1) Incremento de las 0 (0,0) 2 (0,1) 1 (0,0) transaminasas Trastornos de la piel y del tejido subcutáneo Hemorragia de la piel 45 (1,6) 57 (2,1) 61 (2,0) Trastornos musculoesqueléticos y del tejido conjuntivo Hemartrosis 9 (0,3) 7 (0,3) 17 (0,6) Trastornos renales y urinarios Hematuria 38 (1,4) 33 (1,4) 25 (0,8) Trastornos generales y alteraciones en el lugar de administración Hemorragia en el punto de 21 (0,8) 19 (0,7) 27 (0,9) inyección Secreción sanguinolenta 2 (0,1) 6 (0,2) 6 (0,2) Hemorragia en el punto de 2 (0,1) 1 (0,0) 7 (0,2) entrada del catéter Exploraciones complementarias Disminución de 45 (1,6) 35 (1,3) 74 (2,4) hemoglobina Disminución de hematocrito 0 (0,0) 6 (0,2) 4 (0,1) Lesiones traumáticas, intoxicaciones y complicaciones de procedimientos terapéuticos Secreción de heridas 130 (4,8) 130 (4,9) 93 (3,0) Anemia postoperatoria 99 (3,6) 87 (3,2) 120 (3,7) Hematoma post- 66 (2,4) 45 (1,7) 78 (2,5) intervención Hemorragia post- 37 (1,4) 54 (2,0) 56 (1,8) intervención Secreción post-intervención 31 (1,1) 34 (1,3) 31 (1,0) Procedimientos medicos y quirúrgicos Drenaje post-intervención 11 (0,4) 13 (0,5) 16 (0,5) Drenaje de heridas 1 (0,0) 4 (0,2) 2 (0,1) Aparte de los datos notificados de ALT, se han determinado los siguientes datos químicos de laboratorio en ensayos de fase 3: Tabla 3 Datos químicos de laboratorio de ALT Dabigatrán etexilato Dabigatrán etexilato Enoxaparina La tasa total de alanina- aminotransferasa aumentó 68 (2,5) 58 (2,2) 95 (3,5) en 3 x LSN
</paragraph>
