<?xml version="1.0" encoding="UTF-8"?>
<paragraph xmlns:gate="http://www.gate.ac.uk" gate:gateId="0" gate:annotMaxId="1486">
  En el primer año del Women´s Health, Osteoporosis, Progestin, Estrogen Study (HOPE), un total de 2805 mujeres posmenopáusicas fueron asignadas de forma randomizada de 1 a 8 brazos de tratamiento, 331 mujeres fueron tratadas con 0.625 mg de estrógenos conjugados/2.5 mg de MPA. La media de edad de las pacientes fue de 53 años, con edades entre los 41 a los 65 años. 153 mujeres (46 %) comunicaron al menos una
  <effect gate:gateId="1439" rule="Effect" Simplification="alergia ">reacción adversa</effect>
  relacionada con el medicamento. Las reacciones adversas comunicadas más frecuentemente ocurridas en más del 10 % de pacientes durante la fase III del ensayo clínico fueron 64 casos de
  <effect gate:gateId="1440" rule="Effect" Simplification="dolor de cabeza">cefalea</effect>
  (19 %), 39 casos de
  <effect gate:gateId="1441" rule="Effect" Simplification="dolor abdominal">dolor abdominal</effect>
  (12 %) y 90 casos de
  <effect gate:gateId="1442" rule="Effect" Simplification="dolor en las mamas">dolor en las mamas</effect>
  (27 %). En el primer año del estudio HOPE, un total de 2805 mujeres posmenopáusicas fueron asignadas de forma randomizada de 1 a 8 brazos de tratamiento, 331 mujeres estuvieron en el brazo de tratamiento con 0.45 mg de estrógenos conjugados/ 1.5 mg MPA. 153 mujeres (46 %) comunicaron al menos una
  <effect gate:gateId="1443" rule="Effect" Simplification="alergia ">reacción adversa</effect>
  relacionada con el medicamento. La media de edad fue de 53 años, con edades entre los 40 a los 65 años. Las reacciones adversas comunicadas con mayor frecuencia, ocurridas en un porcentaje superior al 10% de los pacientes durante la fase III del ensayo clínico fueron 58 casos de cefaleas (18 %), 33 casos de
  <effect gate:gateId="1444" rule="Effect" Simplification="dolor abdominal">dolor abdominal</effect>
  (10 %) y 67 casos de
  <effect gate:gateId="1445" rule="Effect" Simplification="dolor en las mamas">dolor en las mamas</effect>
  (20 %). Sistema orgánico Muy Frecuentes Poco frecuentes Raras frecuentes &gt;1/100, &gt;1/1000 &gt;1/10000 &gt;1/10 &lt;1/10 &lt;1/100 &lt;1/1000 Trastornos del Dolor en Sangrados; Alteraciones en el
  <effect gate:gateId="1446" rule="Effect" Simplification="flujo">flujo</effect>
  ; Galactorrea; sistema las mamas
  <effect gate:gateId="1447" rule="Effect" Simplification="período">dismenorrea</effect>
  ; alteraciones en el aumento de reproductivo y de spotting;
  <effect gate:gateId="1448" rule="Effect" Simplification="tensión">tensión</effect>
  ectóprion cervical y tamaño de los las mamas mamaria; aumento secreciones leiomiomas Sistema orgánico Muy Frecuentes Poco frecuentes Raras frecuentes &gt;1/100, &gt;1/1000 &gt;1/10000 &gt;1/10 &lt;1/10 &lt;1/100 &lt;1/1000 Trastornos Náuseas, Hinchazón abdominal Vómitos; gastrointestinales
  <effect gate:gateId="1449" rule="Effect" Simplification="dolor">dolor</effect>
  <effect gate:gateId="1450" rule="Effect" Simplification="pancreatitis">pancreatitis</effect>
  abdominal Trastornos del Cefaleas Ansiedad,
  <effect gate:gateId="1451" rule="Effect" Simplification="mareo y vértigo">vértigo</effect>
  ; Exacerbación de sistema
  <effect gate:gateId="1452" rule="Effect" Simplification="nervioso">nervioso</effect>
  <effect gate:gateId="1453" rule="Effect" Simplification="migrañas">migrañas</effect>
  la
  <effect gate:gateId="1454" rule="Effect" Simplification="epilepsia">epilepsia</effect>
  ; Trastornos de Artralgias; tejido
  <effect gate:gateId="1455" rule="Effect" Simplification="calambres">calambres</effect>
  en las musculoesqueléti piernas co, conectivo y óseo Trastornos Depresión Cambios en la libido; Irritabilidad psiquiátricos
  <effect gate:gateId="1456" rule="Effect" Simplification="cambios de humor">cambios de humor</effect>
  , Trastornos Tromboembolismo Tromboflebitis vasculares venoso superficial; Trastornos Edema generales Trastornos de Acné;
  <effect gate:gateId="1457" rule="Effect" Simplification="pérdida de cabello ">alopecia</effect>
  ;
  <effect gate:gateId="1458" rule="Effect" Simplification="picazón">prurito</effect>
  Cloasma/
  <effect gate:gateId="1459" rule="Effect" Simplification="manchas oscuras en la piel">melasma</effect>
  piel y anejos ;
  <effect gate:gateId="1460" rule="Effect" Simplification="vellosidad">hirsutismo</effect>
  ; Trastornos Colecistopatía hepatobiliares Infecciones e Vaginitis Candidiasis vaginal infestaciones Neoplasmas Cáncer de mama; benignos y
  <effect gate:gateId="1461" rule="Effect" Simplification="cáncer">cáncer</effect>
  de ovarios; malignos cambios en las (incluyendo mamas quistes y
  <effect gate:gateId="1462" rule="Effect" Simplification="tejido extra en el cuerpo">pólipos</effect>
  ) fibroquísticas Trastornos del Reacciones sistema inmune anafilácticas/anafil Trastornos Intolerancia a la metabólicos y glucosa nutricionales Trastornos Intolerancia a las lentes oculares de contacto Trastornos Infarto de cardíacos miocardio MINISTERIO Sistema orgánico Muy Frecuentes Poco frecuentes Raras frecuentes &gt;1/100, &gt;1/1000 &gt;1/10000 &gt;1/10 &lt;1/10 &lt;1/100 &lt;1/1000 Trastornos Exacerbación del respiratorios,
  <effect gate:gateId="1463" rule="Effect" Simplification="asma">asma</effect>
  torácicos y mediastínicos Investigaciones Cambios de peso Cáncer de mama De acuerdo con los datos procedentes de un número elevado de estudios epidemiológicos y un ensayo clínico randomizado controlado frente a placebo, el Women's Health Initiative (WHI), el riesgo global de
  <effect gate:gateId="1464" rule="Effect" Simplification="cáncer de mama">cáncer de mama</effect>
  aumenta con la duración del tratamiento en usuarias actuales o recientes de THS. Para los productos que solo contienen estrógenos, la estimación del riesgo relativo (RR) procedente del reanálisis de los datos de 51 estudios epidemiológicos (en los cuales más del 80% del uso de la THS fue con productos que contienen únicamente estrógenos) fue de 1.35 (IC 95%: 1.21-1.49), estimación similar a la obtenida en el estudio epidemiológico Million Women Study (MWS): 1.30 (IC 95%: 1.21-1.40). Para productos que contienen estrógenos y progestágenos en combinación, la información procedente de diversos estudios epidemiológicos indica un riesgo global mayor de
  <effect gate:gateId="1465" rule="Effect" Simplification="cáncer de mama">cáncer de mama</effect>
  que el observado para productos solo con estrógenos. Los datos procedentes del MWS indican que, comparado con las mujeres que nunca han utilizado la THS, el uso de la combinación
  <drug gate:gateId="1466" rule="Drug">estrógeno</drug>
  +progestágeno se asocia un riesgo mayor de
  <effect gate:gateId="1467" rule="Effect" Simplification="cáncer de mama">cáncer de mama</effect>
  (RR=2,00 IC 95%: 1.88-2.12) que el uso de estrógenos en monoterapia (RR=1.30, IC 95%: 1.21-1.40) o de tibolona (RR=1.45 IC 95%:1.25-1.68). Los datos procedentes del ensayo WHI proporcionan un riesgo de
  <effect gate:gateId="1468" rule="Effect" Simplification="cáncer de mama">cáncer de mama</effect>
  de 1.24 (IC 95%: 1.01-1.54) después de 5.6 años de uso de THS combinada de estrógenos y progestágenos (estrógenos equinos conjugados y acetato de
  <drug gate:gateId="1469" rule="Drug">medroxiprogesterona</drug>
  ) en comparación con el grupo de mujeres que recibió placebo. El riesgo absoluto calculado a partir de los datos del MWS y del estudio WHI se presentan a continuación: El MWS ha estimado a partir de la incidencia media conocida de
  <effect gate:gateId="1470" rule="Effect" Simplification="cáncer de mama">cáncer de mama</effect>
  en países desarrollados lo siguiente: · Para mujeres que no usan la THS, se espera que aproximadamente a 32 de cada · Por cada 1000 usuarias actuales o recientes de THS, el número de casos MINISTERIO Usuarias de productos de THS con estrógenos solos: - Entre 0 y 3 (mejor estimación 1.5) tras 5 años de uso. - Entre 3 y 7 (mejor estimación 5) tras 10 años de uso. Usuarias de productos de THS con estrógenos y progestágenos en combinación: - Entre 5 y 7 (mejor estimación 6) tras 5 años de uso. - Entre 18 y 20 (mejor estimación 19) tras 10 años de uso. En el ensayo WHI se ha estimado que, después de 5.6 años de seguimiento de mujeres de edad comprendida entre 50 y 79 años expuestas a la THS combinada de estrógenos y progestágenos (estrógenos equinos conjugados + acetato de
  <drug gate:gateId="1471" rule="Drug">medroxiprogesterona</drug>
  ), 8 casos adicionales de
  <effect gate:gateId="1472" rule="Effect" Simplification="cáncer de mama">cáncer de mama</effect>
  invasivo por 10.000 mujeres-año se deberían al tratamiento).Con los datos del ensayo se ha estimado lo siguiente: Por cada 1000 mujeres tratadas con placebo, en 5 años se diagnosticarían aproximadamente 16 casos de
  <effect gate:gateId="1473" rule="Effect" Simplification="cáncer de mama">cáncer de mama</effect>
  invasivo. Por cada 1000 mujeres usuarias de THS combinada de estrógenos con progestágenos (estrógenos equinos conjugados + acetato de
  <drug gate:gateId="1474" rule="Drug">medroxiprogesterona</drug>
  ), el número de casos adicionales se encontraría entre 0 y 9 (mejor estimación 4) tras 5 años de uso. El número de casos adicionales de
  <effect gate:gateId="1475" rule="Effect" Simplification="cáncer de mama">cáncer de mama</effect>
  en mujeres que usan THS es similar para todas las mujeres que inician el tratamiento con THS, independientemente de la edad de comienzo del mismo (entre edades de 45-65 años) (ver sección 4.4). Cáncer de endometrio En mujeres con útero intacto, el riesgo de
  <effect gate:gateId="1476" rule="Effect" Simplification="aumento de tamaño de un órgano">hiperplasia</effect>
  de endometrio y cancer de endometrio aumenta con la duración del tratamiento con estrógenos solos. De acuerdo con los resultados de estudios epidemiológicos, la mejor estimación del riesgo para mujeres no usuarias de THS es que aproximadamente 5 de cada 1000 mujeres de edades comprendidas entre los 50 y 65 años serán diagnosticadas de
  <effect gate:gateId="1477" rule="Effect" Simplification="cáncer de útero">cáncer de endometrio</effect>
  . Dependiendo de la duración de tratamiento y la dosis de estrógenos, el incremento del riesgo de
  <effect gate:gateId="1478" rule="Effect" Simplification="cáncer de útero">cáncer de endometrio</effect>
  en usuarias de estrógenos en monoterapia es de 2 a 12 veces mayor, comparado con las no usuarias. Cuando se añade un progestágeno a la THS con estrógenos solos se reduce de manera muy importante este incremento del riesgo. Se han descrito otras reacciones adversas asociadas con el tratamiento combinado de estrógenos/progestágeno: · Neoplasmas
  <drug gate:gateId="1479" rule="Drug">estrógeno</drug>
  -dependientes benignas o malignas, p.ej.
  <effect gate:gateId="1480" rule="Effect" Simplification="crecimiento en el útero">hiperplasia endometrial</effect>
  ,
  <effect gate:gateId="1481" rule="Effect" Simplification="cáncer de útero">cáncer de endometrio</effect>
  , aumento de hemangiomas hepáticos. · Exacerbación del Corea. · Alteraciones subcutáneas y de la piel:
  <effect gate:gateId="1482" rule="Effect" Simplification="múltiples manchas rojas">eritema multiforme</effect>
  y
  <effect gate:gateId="1483" rule="Effect" Simplification="enrojecimiento">eritema</effect>
  nodoso · Ictericia colestásica. · Exacerbación de
  <effect gate:gateId="1484" rule="Effect" Simplification="grupo de enfermedades metabólicas">porfiria</effect>
  ,
  <effect gate:gateId="1485" rule="Effect" Simplification="bajo nivel de calcio en la sangre">hipocalcemia</effect>
  · Trombosis vascular de retina · Hipertensión
</paragraph>
