<?xml version="1.0" encoding="UTF-8"?>
<paragraph xmlns:gate="http://www.gate.ac.uk" gate:gateId="0" gate:annotMaxId="476">
  Procoralan se ha estudiado en ensayos clínicos en los que han intervenido cerca de 5.000 participantes. En los estudios de fase II-III aproximadamente 2.900 pacientes fueron tratados con ivabradina. Las reacciones adversas más frecuentes con la ivabradina son dosis dependiente y están relacionadas con el efecto farmacológico del medicamento. Las siguientes reacciones o acontecimientos adversos han sido notificados durante los ensayos clínicos y están clasificados utilizando la siguiente frecuencia: muy frecuentes (&gt;1/10); frecuentes (&gt;1/100, &lt;1/10); poco frecuentes (&gt;1/1000, &lt;1/100); raras (&gt;1/10000, &lt;1/1000); muy raras (&lt;1/10000); no conocidas (no pueden estimarse a partir de los datos disponibles): Exploraciones complementarias: Poco frecuentes: - Hiperuricemia. - Eosinofilia. 6 - Creatinina elevada en sangre. Trastornos cardiacos: Frecuentes: - Bradicardia: 3,3% de los pacientes, principalmente durante los 2-3 primeros meses de tratamiento. 0,5% de los pacientes experimentó una
  <effect gate:gateId="460" rule="Effect" Simplification="anomalía cardiaca">bradicardia</effect>
  intensa igual o inferior a 40 lpm. Bloqueo A-V de 1er grado. - - Extrasístoles ventriculares. Poco frecuentes: Palpitaciones,
  <effect gate:gateId="461" rule="Effect" Simplification="latido anticipado">extrasístoles supraventriculares</effect>
  . Los siguientes acontecimientos, notificados durante los ensayos clínicos, tuvieron una incidencia similar a los comparadores y/o estaban posiblemente relacionados con la
  <effect gate:gateId="462" rule="Effect" Simplification="enfermedad">enfermedad</effect>
  subyacente:
  <effect gate:gateId="463" rule="Effect" Simplification="alteración del ritmo cardiaco">arritmia sinusal</effect>
  ,
  <effect gate:gateId="464" rule="Effect" Simplification="poco oxígeno en el corazón">angina inestable</effect>
  ,
  <effect gate:gateId="465" rule="Effect" Simplification="dolor en el pecho">angina de pecho</effect>
  agravada,
  <effect gate:gateId="466" rule="Effect" Simplification="alteración en el ritmo cardiaco">fibrilación auricular</effect>
  ,
  <effect gate:gateId="467" rule="Effect" Simplification="poco flujo de sangre en el corazón">isquemia miocárdica</effect>
  ,
  <effect gate:gateId="468" rule="Effect" Simplification="infarto">infarto de miocardio</effect>
  y
  <effect gate:gateId="469" rule="Effect" Simplification="alteración del ritmo cardiaco">taquicardia ventricular</effect>
  . Trastornos oculares: Muy frecuentes: - Fenómenos luminosos (
  <effect gate:gateId="470" rule="Effect" Simplification="manchas en la visión">fosfenos</effect>
  ): notificados por el 14,5% de los pacientes, descritos como un aumento pasajero de la luminosidad en un área limitada del campo visual. Normalmente se desencadenan por variaciones bruscas de la intensidad luminosa. Los
  <effect gate:gateId="471" rule="Effect" Simplification="manchas en la visión">fosfenos</effect>
  empiezan, generalmente, durante los dos primeros meses de tratamiento y después pueden repetirse. Los
  <effect gate:gateId="472" rule="Effect" Simplification="manchas en la visión">fosfenos</effect>
  fueron notificados generalmente como de intensidad leve a moderada. Todos los
  <effect gate:gateId="473" rule="Effect" Simplification="manchas en la visión">fosfenos</effect>
  remitieron durante o después del tratamiento; de los cuales una mayoría (77,5%) remitió durante el tratamiento. Menos del 1% de los pacientes modificó su rutina diaria o suspendió el tratamiento debido a los
  <effect gate:gateId="474" rule="Effect" Simplification="manchas en la visión">fosfenos</effect>
  . Frecuentes: - Visión borrosa Trastornos gastrointestinales: Poco frecuentes: - Náuseas - Estreñimiento - Diarrea Trastornos generales y alteraciones en el lugar de administración: Frecuentes: - Cefaleas, generalmente durante el primer mes de tratamiento. - Mareos, posiblemente relacionados con la
  <effect gate:gateId="475" rule="Effect" Simplification="anomalía cardiaca">bradicardia</effect>
  . Poco frecuentes: - Vértigo - Disnea - Calambres musculares
</paragraph>
