<?xml version="1.0" encoding="UTF-8"?>
<paragraph xmlns:gate="http://www.gate.ac.uk" gate:gateId="0" gate:annotMaxId="209">
  En la tabla siguiente, se enumeran los acontecimientos adversos, ordenados por órganos y sistemas (MedDRA) y frecuencias (muy frecuente &gt;1/10; frecuente &gt;1/100 y &lt;1/10; poco frecuente &gt;1/1000 y &lt;1/100, raro &gt;1/10000 y &lt;1/1000 y muy raro &lt;1/10000). REACCIONES ADVERSAS MEDDRA Trastornos psiquiátricos raro Insomnio MINISTERIO Trastornos del sistema
  <effect gate:gateId="201" rule="Effect" Simplification="nervioso">nervioso</effect>
  poco frecuente Dolor de cabeza,
  <effect gate:gateId="202" rule="Effect" Simplification=" nerviosismo ">nerviosismo</effect>
  ,
  <effect gate:gateId="203" rule="Effect" Simplification="somnolencia">somnolencia</effect>
  , raro Depresión Trastornos vasculares raro Trastornos tromboembólicos Trastornos gastrointestinales raro Nauseas Trastornos de la piel y del tejido subcutáneo poco frecuente Acné raro Alopecia,
  <effect gate:gateId="204" rule="Effect" Simplification="vellosidad">hirsutismo</effect>
  ,
  <effect gate:gateId="205" rule="Effect" Simplification="picazón">prurito</effect>
  ,
  <effect gate:gateId="206" rule="Effect" Simplification="sarpullido">sarpullido</effect>
  , Trastornos del sistema inmunológico raro Reacciones de
  <effect gate:gateId="207" rule="Effect" Simplification="alergia">hipersensibilidad</effect>
  (por Exploraciones complementarias raro Tolerancia a la glucosa disminuida Trastornos del metabolismo y de la nutrición raro Cambios de peso Trastornos del aparato reproductor y de la mama raro Dolor a la palpación mamaria Además se han observado los siguientes acontecimientos adversos, ordenados también por órganos y sistemas (MedDRA), pero no se disponen de datos de frecuenciación. Icterus colestático/
  <effect gate:gateId="208" rule="Effect" Simplification="piel amarrilla">ictericia</effect>
  Trastornos hepatobiliares Trastornos del aparato reproductor y de la mama Trastornos generales y alteraciones en el lugar de administración
</paragraph>
