<?xml version="1.0" encoding="UTF-8"?>
<paragraph xmlns:gate="http://www.gate.ac.uk" gate:gateId="0" gate:annotMaxId="675">
  Las reacciones adversas más comúnmente notificadas son reacciones gastrointestinales que incluyen
  <effect gate:gateId="659" rule="Effect" Simplification="náuseas">náuseas</effect>
  (38%) y
  <effect gate:gateId="660" rule="Effect" Simplification="vómitos">vómitos</effect>
  (23%), especialmente durante la fase de determinación de dosis. En los ensayos clínicos se observó que las mujeres tratadas eran más susceptibles que los hombres a las reacciones adversas gastrointestinales del fármaco y a la
  <effect gate:gateId="661" rule="Effect" Simplification="___">pérdida de peso.</effect>
  Las reacciones adversas que se enumeran a continuación en la tabla 1, se han obtenido de pacientes con
  <effect gate:gateId="662" rule="Effect" Simplification="demencia">demencia</effect>
  de Alzheimer tratados con Prometax. Las reacciones adversas se enumeran en orden decreciente de gravedad dentro de cada intervalo de frecuencia, utilizando la siguiente convención: muy frecuentes (1/10); frecuentes (1/100, &lt;1/10); poco frecuentes (1/1.000, &lt;1/100); raras (1/10.000, &lt;1/1.000); muy raras (&lt;1/10.000) y frecuencia no conocida (no puede estimarse a partir de los datos disponibles). Tabla 1 Infecciones e infestaciones Muy raras Trastornos psiquiátricos Frecuentes Frecuentes Poco frecuentes Poco frecuentes Muy raras Trastornos del sistema
  <effect gate:gateId="663" rule="Effect" Simplification="nervioso">nervioso</effect>
  Muy frecuentes Frecuentes Frecuentes Frecuentes Poco frecuentes Raras Muy raras Trastornos cardíacos Raras Muy raras Trastornos vasculares Muy raras Trastornos gastrointestinales Muy frecuentes Muy frecuentes Muy frecuentes Frecuentes Raras Muy raras Muy raras No conocida Trastornos del metabolismo y de la nutrición Muy frecuentes Trastornos hepatobiliares Poco frecuentes Trastornos de la piel y del tejido subcutáneo Frecuentes Raras Trastornos generales y alteraciones en el lugar de administración Frecuentes Frecuentes Poco frecuentes Exploraciones complementarias Frecuentes La tabla 2 muestra las reacciones adversas notificadas en pacientes con
  <effect gate:gateId="664" rule="Effect" Simplification="demencia">demencia</effect>
  asociada a la
  <effect gate:gateId="665" rule="Effect" Simplification="enfermedad">enfermedad</effect>
  de Parkinson tratados con Prometax. Tabla 2 Transtornos psiquiátricos Frecuentes Insomnio Frecuentes Ansiedad Frecuentes Intranquilidad Transtornos del sistema
  <effect gate:gateId="666" rule="Effect" Simplification="nervioso">nervioso</effect>
  Muy frecuentes Tremblor Frecuentes Mareo Frecuentes Somnolencia Frecuentes Dolor de cabeza Frecuentes Empeoramiento de la
  <effect gate:gateId="667" rule="Effect" Simplification="enfermedad">enfermedad</effect>
  de Parkinson Frecuentes Bradicinesia Frecuentes Discinesias Poco frecuentes Distonia Trastornos cardíacos Frecuentes Bradicardia Poco frecuentes Fribilación auricular Poco frecuentes Bloqueo aurículo-ventricular Transtornos gastrointestinales Muy frecuentes Náuseas Muy frecuentes Vómitos Frecuentes Diarrea Frecuentes Dolor abdominal y
  <effect gate:gateId="668" rule="Effect" Simplification="enfermedades del estómago ">dispepsia</effect>
  Frecuentes Hipersecreción salivar Trastornos de la piel y del tejido subcutáneo Frecuentes Aumento de la
  <effect gate:gateId="669" rule="Effect" Simplification=" sudoración ">sudoración</effect>
  Transtornos musculoesqueléticos y del tejido conjuntivo Frecuentes Rigidez muscular Trastornos del metabolismo y de la nutrición Anorexia Frecuentes Deshidratación Frecuentes Trastornos generales y alteraciones en el lugar de administración Frecuentes Fatiga y
  <effect gate:gateId="670" rule="Effect" Simplification="fatiga">astenia</effect>
  Frecuentes Transtorno de la marcha La tabla 3 recoge el número y el porcentaje de pacientes del ensayo clínico específico de 24 semanas realizado con Prometax en pacientes con
  <effect gate:gateId="671" rule="Effect" Simplification="demencia">demencia</effect>
  asociada a la
  <effect gate:gateId="672" rule="Effect" Simplification="enfermedad">enfermedad</effect>
  de Parkinson con reacciones adversas predefinidas que pueden reflejar un empeoramiento de los síntomas parkinsonianos. Tabla 3 Reacciones adversas predefinidas que pueden reflejar Prometax Placebo un empeoramiento de los síntomas parkinsonianos en n (%) n (%) pacientes con
  <effect gate:gateId="673" rule="Effect" Simplification="demencia">demencia</effect>
  asociada a la
  <effect gate:gateId="674" rule="Effect" Simplification="enfermedad">enfermedad</effect>
  de Parkinson Nº total de pacientes estudiados 362 (100) 179 (100) Nº total de pacientes con reacción(es) adversa(s) 99 (27,3) 28 (15,6) predefinidas Temblor 37 (10,2) 7 (3,9) Caídas 21 (5,8) 11 (6,1) Enfermedad de Parkinson (empeoramiento) 12 (3,3) 2 (1,1) Hipersecreción salivar 5 (1,4) 0 Discinesias 5 (1,4) 1 (0,6) Parkinsonismo 8 (2,2) 1 (0,6) Hipocinesia 1 (0,3) 0 Trastornos del movimiento 1 (0,3) 0 Bradicinesia 9 (2,5) 3 (1,7) Distonia 3 (0,8) 1 (0,6) Trastorno de la marcha 5 (1,4) 0 Rigidez muscular 1 (0,3) 0 Alteración del equilibrio 3 (0,8) 2 (1,1) Agarrotamiento musculoesquelético 3 (0,8) 0 Rigor 1 (0,3) 0 Disfunción motora 1 (0,3) 0
</paragraph>
