<?xml version="1.0" encoding="UTF-8"?>
<paragraph xmlns:gate="http://www.gate.ac.uk" gate:gateId="0" gate:annotMaxId="867">
  Para la inducción a la
  <effect gate:gateId="839" rule="Effect" Simplification="anestesia">anestesia</effect>
  se administran mezclas de un 70% de protóxido de nitrógeno con un 30% v/v de oxígeno. Para el mantenimiento se utilizan mezclas similares o más reducidas. Como analgésico el protóxido de nitrógeno se utiliza al 50% v/v con oxígeno. Forma de administración El protóxido de nitrógeno sólo debe administrarse en el bloque operatorio o en la sala de
  <effect gate:gateId="840" rule="Effect" Simplification="parto">parto</effect>
  . De acuerdo con la normativa su utilización requiere: · Un mezclador de protóxido de nitrógeno - oxígeno que garantice una FiO2 siempre · Una monitorización de la FiO2 en el aire inspirado, en caso de ventilación artificial. 4.3. Contraindicaciones · Pacientes que necesiten ventilación con oxígeno puro · Derrames aéreos no drenados, en especial intracraneal o
  <effect gate:gateId="841" rule="Effect" Simplification="problemas en los pulmones">neumotórax</effect>
  ,
  <effect gate:gateId="842" rule="Effect" Simplification="enfermedad pulmonar">enfisema</effect>
  vesicular · Administración durante un periodo superior a 24 horas 4.4. Advertencias y precauciones especiales de empleo Advertencias: Como todo
  <effect gate:gateId="843" rule="Effect" Simplification="gas">gas</effect>
  anestésico, el protóxido de nitrógeno requiere una buena ventilación del lugar de utilización. Es un
  <effect gate:gateId="844" rule="Effect" Simplification="gas">gas</effect>
  comburente, más pesado que el aire, y se acumula en los puntos bajos. La administración del protóxido de nitrógeno puede incrementar la
  <effect gate:gateId="845" rule="Effect" Simplification="presión">presión</effect>
  en los globos de las sondas de intubación traqueal. Durante la introducción del protóxido de nitrógeno en el circuito del
  <effect gate:gateId="846" rule="Effect" Simplification="gas">gas</effect>
  inspirado, el protóxido de nitrógeno aumenta la concentración de los anestésicos halogenados (efecto de segundo
  <effect gate:gateId="847" rule="Effect" Simplification="gas">gas</effect>
  ) y facilita la inducción de la
  <effect gate:gateId="848" rule="Effect" Simplification="anestesia">anestesia</effect>
  . La adición de protóxido de nitrógeno en el circuito disminuye el caudal de vapor halogenado suministrado por el vaporizador. De forma recíproca, la interrupción del protóxido de nitrógeno incrementará la concentración del halogenado suministrado. Por consiguiente, se recomienda interrumpir el anestésico volátil halogenado antes del protóxido de nitrógeno. En los minutos siguientes a la interrupción del protóxido de nitrógeno, existe una
  <effect gate:gateId="849" rule="Effect" Simplification="enfermedad pulmonar">hipoxemia</effect>
  de difusión. La FiO2 en el aire inhalado por el paciente habrá de incrementarse durante este periodo. Si ocurre una
  <effect gate:gateId="850" rule="Effect" Simplification="coloración azul de la piel">cianosis</effect>
  imprevista durante la
  <effect gate:gateId="851" rule="Effect" Simplification="anestesia">anestesia</effect>
  con un aparato alimentado con protóxido de nitrógeno y oxígeno, es necesario interrumpir la administración de protóxido de nitrógeno, y en caso de no revertir la
  <effect gate:gateId="852" rule="Effect" Simplification="coloración azul de la piel">cianosis</effect>
  , se habrá de ventilar al paciente con un balón manual lleno de aire ambiente. Precauciones especiales de empleo: La utilización de protóxido de nitrógeno deberá realizarse con especial atención en los siguientes casos: · Insuficiencia cardiaca: en caso de aparición de una
  <effect gate:gateId="853" rule="Effect" Simplification="presión arterial baja">hipotensión</effect>
  o una insuficiencia · Cirugía de los senos y del oído interno 4.5. Interacciones con otros medicamentos y otras formas de
  <effect gate:gateId="854" rule="Effect" Simplification="interacción">interacción</effect>
  El protóxido de nitrógeno potencia los efectos hipnóticos de los anestésicos intravenosos o por inhalación (tiopental, benzodiacepinas, morfínicos, halogenados), por lo que hay que disminuir la posología de estos. El protóxido de nitrógeno inactiva la vitamina B12. La utilización combinada de protóxido de nitrógeno y
  <drug gate:gateId="855" rule="Drug">metotrexato</drug>
  aumenta los efectos secundarios de este fármaco citotóxico. 4.6. Embarazo y lactancia Durante el
  <effect gate:gateId="856" rule="Effect" Simplification="embarazo">embarazo</effect>
  , se recomienda no superar una concentración del 50% de protóxido de nitrógeno en la mezcla inhalada. Anestesia obstétrica: Debido a que el protóxido de nitrógeno pasa rápidamente la barrera fetoplacentaria, se recomienda interrumpir la administración de protóxido de nitrógeno en caso de que el tiempo transcurrido entre la inducción de la
  <effect gate:gateId="857" rule="Effect" Simplification="anestesia">anestesia</effect>
  y la extracción del feto sea superior a 20 minutos, y evitar la utilización de protóxido de nitrógeno en caso de
  <effect gate:gateId="858" rule="Effect" Simplification="sufrimiento fetal">sufrimiento fetal</effect>
  . Analgesia obstétrica en la sala de
  <effect gate:gateId="859" rule="Effect" Simplification="parto">parto</effect>
  : La utilización del protóxido de nitrógeno en esta indicación sólo podrá realizarse disponiendo de un caudalímetro de seguridad que impida la administración de protóxido de nitrógeno en una concetración superior al 50%. 4.7. Efectos sobre la capacidad para conducir y utilizar maquinaria Se recomienda no conducir vehículos y no utilizar maquinaria en el plazo de las 24 horas siguientes a una
  <effect gate:gateId="860" rule="Effect" Simplification="anestesia">anestesia</effect>
  en la que se haya utilizado protóxido de nitrógeno. 4.8. Reacciones adversas Los efectos secundarios del protóxido de nitrógeno son los siguientes: - Nauseas y
  <effect gate:gateId="861" rule="Effect" Simplification="vómitos">vómitos</effect>
  - Aumento temporal de la
  <effect gate:gateId="862" rule="Effect" Simplification="presión">presión</effect>
  y/o del volumen de las cavidades aéreas del organismo, normales o patológicas. - Se han descrito trastornos hematológicos severos (
  <effect gate:gateId="863" rule="Effect" Simplification="anemia">anemia megaloblástica</effect>
  ,
  <effect gate:gateId="864" rule="Effect" Simplification="disminución de leucocitos en la sangre">leucopenia</effect>
  y
  <effect gate:gateId="865" rule="Effect" Simplification="poca producción de defensas en la sangre">agranulocitosis</effect>
  ) en periodos de administración superiores a 24 horas. - Efectos euforizantes, trastornos psicodislepticos a falta de asociación con otro agente anestésico - Efectos sobre el sistema
  <effect gate:gateId="866" rule="Effect" Simplification="nervioso">nervioso</effect>
  central: mieloneuropatías y neuropatías, reacciones adversas neurológicas debidas al déficit de vitamina B12.
</paragraph>
