<?xml version="1.0" encoding="UTF-8"?>
<paragraph xmlns:gate="http://www.gate.ac.uk" gate:gateId="0" gate:annotMaxId="777">
  Las reacciones adversas a fármacos (RAs) más frecuentemente notificadas con
  <drug gate:gateId="732" rule="Drug">quetiapina</drug>
  son
  <effect gate:gateId="733" rule="Effect" Simplification="somnolencia">somnolencia</effect>
  ,
  <effect gate:gateId="734" rule="Effect" Simplification="mareo">mareo</effect>
  ,
  <effect gate:gateId="735" rule="Effect" Simplification="sequedad de boca">sequedad de boca</effect>
  ,
  <effect gate:gateId="736" rule="Effect" Simplification="fatiga">astenia</effect>
  leve,
  <effect gate:gateId="737" rule="Effect" Simplification="estreñimiento">estreñimiento</effect>
  ,
  <effect gate:gateId="738" rule="Effect" Simplification="alteración del ritmo cardíaco">taquicardia</effect>
  ,
  <effect gate:gateId="739" rule="Effect" Simplification="incapacidad de quedarse quieto">hipotensión ortostática</effect>
  y
  <effect gate:gateId="740" rule="Effect" Simplification="enfermedades del estómago ">dispepsia</effect>
  . Como con otros antipsicóticos, se han asociado a
  <drug gate:gateId="741" rule="Drug">quetiapina</drug>
  <effect gate:gateId="742" rule="Effect" Simplification="aumento de peso">aumento de peso</effect>
  ,
  <effect gate:gateId="743" rule="Effect" Simplification="desmayo">síncope</effect>
  ,
  <effect gate:gateId="744" rule="Effect" Simplification="trastorno peligroso">síndrome neuroléptico maligno</effect>
  ,
  <effect gate:gateId="745" rule="Effect" Simplification="disminución de leucocitos en la sangre">leucopenia</effect>
  ,
  <effect gate:gateId="746" rule="Effect" Simplification="problemas en la sangre">neutropenia</effect>
  y
  <effect gate:gateId="747" rule="Effect" Simplification="hinchazón en la pierna">edema periférico</effect>
  . Las incidencias de las RAs asociadas al tratamiento con
  <drug gate:gateId="748" rule="Drug">quetiapina</drug>
  , se tabulan a continuación según el formato recomendado por el Consejo de Organizaciones Internacionales de las Ciencias Médicas (CIOMS Grupo de Trabajo III; 1995). Las frecuencias de los acontecimientos adversos se clasifican de la forma siguiente: Muy frecuentes (1/10), frecuentes (1/100, &lt;1/10), poco frecuentes (1/1.000, &lt;1/100), raros (1/10.000, &lt;1/1.000) y muy raros (&lt;1/10.000). Trastornos del sistema sanguíneo y linfático Frecuentes: Poco frecuentes: Eosinofilia Muy raros: Trastornos del sistema inmunitario Poco frecuentes: Hipersensibilidad Trastornos del metabolismo y nutricionales Muy raros: Trastornos del sistema
  <effect gate:gateId="749" rule="Effect" Simplification="nervioso">nervioso</effect>
  Muy frecuentes: Frecuentes: Poco frecuentes: Muy raros: Trastornos cardíacos Frecuentes: Trastornos vasculares Frecuentes: Trastornos respiratorios, torácicos y mediastínicos Frecuentes: Trastornos gastrointestinales Frecuentes: Trastornos hepato-biliares Raros: Muy raros: Trastornos cutáneos y del tejido subcutáneo MINISTERIO Muy raros: Trastornos del aparato reproductor y de la mama Raros: Trastornos generales y afecciones en la zona de administración Frecuentes: Astenia leve,
  <effect gate:gateId="750" rule="Effect" Simplification="hinchazón en la pierna">edema periférico</effect>
  Raros: Investigaciones Frecuentes: Aumento de peso, elevación de las transaminasas Poco frecuentes: (1) Ver sección 4.4. . (2) Se puede producir
  <effect gate:gateId="751" rule="Effect" Simplification="somnolencia">somnolencia</effect>
  , habitualmente durante las dos primeras semanas de tratamiento y generalmente se resuelve con la administración continuada de
  <drug gate:gateId="752" rule="Drug">quetiapina</drug>
  . (3) No se comunicaron casos de
  <effect gate:gateId="753" rule="Effect" Simplification="problemas en la sangre">neutropenia</effect>
  grave persistente o
  <effect gate:gateId="754" rule="Effect" Simplification="poca producción de defensas en la sangre">agranulocitosis</effect>
  en los ensayos clínicos controlados con
  <drug gate:gateId="755" rule="Drug">quetiapina</drug>
  . Durante la experiencia de post- comercialización, tras la suspensión de la terapia con
  <drug gate:gateId="756" rule="Drug">quetiapina</drug>
  , se ha observado la resolución de la
  <effect gate:gateId="757" rule="Effect" Simplification="disminución de leucocitos en la sangre">leucopenia</effect>
  y/o
  <effect gate:gateId="758" rule="Effect" Simplification="problemas en la sangre">neutropenia</effect>
  . Los posibles factores de riesgo para la
  <effect gate:gateId="759" rule="Effect" Simplification="disminución de leucocitos en la sangre">leucopenia</effect>
  y/o
  <effect gate:gateId="760" rule="Effect" Simplification="problemas en la sangre">neutropenia</effect>
  incluyen un recuento bajo preexistente de glóbulos blancos y un historial de
  <effect gate:gateId="761" rule="Effect" Simplification="disminución de leucocitos en la sangre">leucopenia</effect>
  y/o
  <effect gate:gateId="762" rule="Effect" Simplification="problemas en la sangre">neutropenia</effect>
  inducidas por fármacos. (4) En algunos pacientes tratados con
  <drug gate:gateId="763" rule="Drug">quetiapina</drug>
  , se han observado aumentos asintomáticos en los niveles de transaminasas séricas (ALT, AST) o de gamma-GT. Estas elevaciones fueron habitualmente reversibles durante el tratamiento continuado con
  <drug gate:gateId="764" rule="Drug">quetiapina</drug>
  . (5) Como con otros antipsicóticos con actividad bloqueante alfa1 adrenérgica,
  <drug gate:gateId="765" rule="Drug">quetiapina</drug>
  puede inducir frecuentemente
  <effect gate:gateId="766" rule="Effect" Simplification="incapacidad de quedarse quieto">hipotensión ortostática</effect>
  , asociada a
  <effect gate:gateId="767" rule="Effect" Simplification="mareo">mareos</effect>
  ,
  <effect gate:gateId="768" rule="Effect" Simplification="alteración del ritmo cardíaco">taquicardia</effect>
  y, en algunos pacientes,
  <effect gate:gateId="769" rule="Effect" Simplification="desmayo">síncope</effect>
  , especialmente durante el periodo inicial de titulación de dosis (ver sección 4.4.). (6) Muy raramente, se han comunicado casos de
  <effect gate:gateId="770" rule="Effect" Simplification="alto nivel de azucar">hiperglucemia</effect>
  o exacerbación de la
  <effect gate:gateId="771" rule="Effect" Simplification="diabetes">diabetes</effect>
  preexistente. (7) El cálculo de la frecuencia de estas RAs se ha realizado solamente a partir de los datos de post-comercialización El tratamiento con
  <drug gate:gateId="772" rule="Drug">quetiapina</drug>
  se ha asociado a descensos ligeros, relacionados con la dosis, de los niveles de hormonas tiroideas, en especial T4 total y T4 libre. La reducción en T4 total y libre fue máxima en el plazo de las primeras dos a cuatro semanas del tratamiento con
  <drug gate:gateId="773" rule="Drug">quetiapina</drug>
  , sin que se produjera una reducción adicional durante el tratamiento a largo plazo. En casi la totalidad de los casos, el cese del tratamiento con
  <drug gate:gateId="774" rule="Drug">quetiapina</drug>
  se asoció a una reversión de los efectos sobre T4 total y libre, independientemente de la duración del tratamiento. Se observaron descensos más ligeros en T3 total y T3 inversa solamente con dosis más altas. Los niveles de TBG no se modificaron y, en general, no se observó un aumento recíproco de TSH, sin indicios de que
  <drug gate:gateId="775" rule="Drug">quetiapina</drug>
  cause
  <effect gate:gateId="776" rule="Effect" Simplification="problemas en la tiroides">hipotiroidismo</effect>
  de importancia clínica.
</paragraph>
