<?xml version="1.0" encoding="UTF-8"?>
<paragraph xmlns:gate="http://www.gate.ac.uk" gate:gateId="0" gate:annotMaxId="1061">
  Debido a que Ramipril ASOL es un antihipertensivo, algunas de las reacciones adversas son secundarias a su efecto hipotensor, que lleva a una compensación adrenérgica o
  <effect gate:gateId="979" rule="Effect" Simplification="disminución del flujo sanguíneo">hipoperfusión</effect>
  orgánica. La inhibición de la ECA u otras acciones farmacológicas de este tipo de medicamentos son la causa de otras numerosas reacciones adversas (ej: efectos sobre el balance electrolítico, ciertas reacciones anafilactoides y reacciones inflamatorias de la membrana mucosa). Éstas se enumeran a continuación agrupadas según su frecuencia en muy frecuentes (&gt;1/10); frecuentes (&gt;1/100, &lt;1/10); poco frecuentes (&gt;1/1.000, &lt;1/100); raras (&gt;1/10.000, &lt;1/1.000) y muy raras (&lt;1/10.000) y según la clasificación de órganos y sistemas: MINISTERIO Frecuentes: Trastornos respiratorios, torácicos y mediastínicos: Tos seca irritativa. Ésta suele empeorar por la noche cuando el paciente está en
  <effect gate:gateId="980" rule="Effect" Simplification="escaras">decúbito</effect>
  y ocurre más frecuentemente en mujeres y en no fumadores. Poco frecuentes: Trastornos gastrointestinales: Nausea. Trastornos de la piel y del tejido subcutáneo: Exantema,
  <effect gate:gateId="981" rule="Effect" Simplification="picazón">prurito</effect>
  ,
  <effect gate:gateId="982" rule="Effect" Simplification="urticaria">urticaria</effect>
  ,
  <effect gate:gateId="983" rule="Effect" Simplification="hinchazón en la piel">edema angioneurótico</effect>
  . El
  <effect gate:gateId="984" rule="Effect" Simplification="hinchazón en la piel">edema angioneurótico</effect>
  de lengua, garganta o laringe puede evolucionar a una situación de riesgo vital y requiere medidas de urgencia. También puede aparecer
  <effect gate:gateId="985" rule="Effect" Simplification="hinchazón en la piel">edema angioneurótico</effect>
  de intensidad leve, por ejemplo de
  <effect gate:gateId="986" rule="Effect" Simplification="afectación">afectación</effect>
  maleolar. Trastornos oculares: Conjuntivitis. Trastornos del sistema
  <effect gate:gateId="987" rule="Effect" Simplification="nervioso">nervioso</effect>
  y psiquiátricos: Cefalea, alteraciones del equilibrio,
  <effect gate:gateId="988" rule="Effect" Simplification="debilidad">debilidad</effect>
  ,
  <effect gate:gateId="989" rule="Effect" Simplification="mareo">aturdimiento</effect>
  ,
  <effect gate:gateId="990" rule="Effect" Simplification="mareo">mareo</effect>
  , reducción de la velocidad de reacción. Trastornos cardíacos y vasculares: Taquicardia. Trastornos hepatobiliares: Hepatitis hepatocelular o colestática. Trastornos renales y urinarios: Insuficiencia renal. Deterioro de la función renal que puede evolucionar hasta
  <effect gate:gateId="991" rule="Effect" Simplification="insuficiencia renal">insuficiencia renal aguda</effect>
  . Pruebas complementarias: Incremento de la bilirrubina sérica y/o enzimas hepáticas, aumento de la creatinina y de la urea y el
  <drug gate:gateId="992" rule="Drug">potasio</drug>
  séricos (más probable cuando se administran diuréticos). Raras: Trastornos gastrointestinales: Cambios en los sabores,
  <effect gate:gateId="993" rule="Effect" Simplification="sequedad de boca">sequedad de boca</effect>
  ,
  <effect gate:gateId="994" rule="Effect" Simplification="vómitos">vómitos</effect>
  ,
  <effect gate:gateId="995" rule="Effect" Simplification="estreñimiento">estreñimiento</effect>
  ,
  <effect gate:gateId="996" rule="Effect" Simplification="diarrea">diarrea</effect>
  ,
  <effect gate:gateId="997" rule="Effect" Simplification="inflamación de la lengua">glositis</effect>
  , reacciones inflamatorias de la boca y del sistema gastrointestinal,
  <effect gate:gateId="998" rule="Effect" Simplification="dolor abdominal">dolor abdominal</effect>
  ,
  <effect gate:gateId="999" rule="Effect" Simplification="___">indigestión.</effect>
  Trastornos de la piel y del tejido subcutáneo: Enrojecimiento,
  <effect gate:gateId="1000" rule="Effect" Simplification="hinchazón en la pierna">edema periférico</effect>
  . Trastornos del oído y del laberinto: Tinnitus, alteración de la audición. Trastornos cardíacos y vasculares: Palpitaciones, cambios en la regulación ortostática,
  <effect gate:gateId="1001" rule="Effect" Simplification="dolor en la garganta">angina</effect>
  pectoris, arritmias,
  <effect gate:gateId="1002" rule="Effect" Simplification="desmayo">síncope</effect>
  ,
  <effect gate:gateId="1003" rule="Effect" Simplification="presión arterial baja">hipotensión</effect>
  . Trastornos hepatobiliares: Se ha observado incremento de enzimas pancreáticas que pueden conducir a una
  <effect gate:gateId="1004" rule="Effect" Simplification="pancreatitis">pancreatitis</effect>
  ,
  <effect gate:gateId="1005" rule="Effect" Simplification="daño hepático">daño hepático</effect>
  , y casos aislados de
  <effect gate:gateId="1006" rule="Effect" Simplification="insuficiencia hepática">insuficiencia hepática</effect>
  . Trastornos respiratorios, torácicos y mediastínicos: Bronquitis,
  <effect gate:gateId="1007" rule="Effect" Simplification="trastornos de los bronquios">broncoespasmo</effect>
  ,
  <effect gate:gateId="1008" rule="Effect" Simplification="jadeo">disnea</effect>
  ,
  <effect gate:gateId="1009" rule="Effect" Simplification="congestión nasal">congestión nasal</effect>
  ,
  <effect gate:gateId="1010" rule="Effect" Simplification="inflamación en las fosas nasales">rinitis</effect>
  ,
  <effect gate:gateId="1011" rule="Effect" Simplification="inflamación nasal">sinusitis</effect>
  . Trastornos musculoesquéticos, del tejido conectivo y óseos: Calambres musculares. Trastornos del sistema
  <effect gate:gateId="1012" rule="Effect" Simplification="nervioso">nervioso</effect>
  y psiquiátrico: Temblor,
  <effect gate:gateId="1013" rule="Effect" Simplification="depresión">depresión</effect>
  ,
  <effect gate:gateId="1014" rule="Effect" Simplification=" nerviosismo ">nerviosismo</effect>
  ,
  <effect gate:gateId="1015" rule="Effect" Simplification="ansiedad">ansiedad</effect>
  ,
  <effect gate:gateId="1016" rule="Effect" Simplification="fatiga">cansancio</effect>
  ,
  <effect gate:gateId="1017" rule="Effect" Simplification="alteraciones del sueño">alteraciones del sueño</effect>
  ,
  <effect gate:gateId="1018" rule="Effect" Simplification="confusión">confusión</effect>
  ,
  <effect gate:gateId="1019" rule="Effect" Simplification="mareo">mareo</effect>
  ,
  <effect gate:gateId="1020" rule="Effect" Simplification="debilidad">neurastenia</effect>
  . Trastornos oculares:
  <effect gate:gateId="1021" rule="Effect" Simplification="alteraciones visuales">alteraciones visuales</effect>
  . Trastornos del sistema reproductor y de las mamas:
  <effect gate:gateId="1022" rule="Effect" Simplification="disfunción eréctil">impotencia eréctil</effect>
  transitoria, reducción de la líbido. Trastornos generales y en el lugar de administración: Pérdida de apetito, alteraciones del gusto y del olfato (p.e.
  <effect gate:gateId="1023" rule="Effect" Simplification="sabor metálico">sabor metálico</effect>
  ), pérdida parcial o total del gusto,
  <effect gate:gateId="1024" rule="Effect" Simplification=" sudoración ">sudoración</effect>
  , aumento y gravedad de las reacciones anafilácticas y anafilactoides al veneno de insectos. Pruebas complementarias: Incremento del
  <drug gate:gateId="1025" rule="Drug">potasio</drug>
  sérico. Se han observado casos aislados de las siguientes: Hipotensión grave,
  <effect gate:gateId="1026" rule="Effect" Simplification="poco flujo de sangre en el corazón">isquemia miocárdica</effect>
  o
  <effect gate:gateId="1027" rule="Effect" Simplification="poco flujo de sangre en el cerebro">isquemia cerebral</effect>
  ,
  <effect gate:gateId="1028" rule="Effect" Simplification="infarto">infarto de miocardio</effect>
  ,
  <effect gate:gateId="1029" rule="Effect" Simplification="infarto cerebral">accidente cerebrovascular</effect>
  transitorio,
  <effect gate:gateId="1030" rule="Effect" Simplification="trastorno de la circulación cerebral">ictus</effect>
  , empeoramiento de la perfusión por estenosis, aparición o empeoramiento del fenómeno de Raynaud o
  <effect gate:gateId="1031" rule="Effect" Simplification="cosquilleo">parestesias</effect>
  . Descenso del sodio sérico que puede provocar el deterioro de una
  <effect gate:gateId="1032" rule="Effect" Simplification="exceso de proteína en la orina">proteinuria</effect>
  pre-existente (aunque los IECA generalmente reducen la
  <effect gate:gateId="1033" rule="Effect" Simplification="exceso de proteína en la orina">proteinuria</effect>
  ) o incremento de la
  <effect gate:gateId="1034" rule="Effect" Simplification="cantidad de orina">diuresis</effect>
  (en conexión con una mejora del funcionamiento cardíaco). Fiebre, vasculitis,
  <effect gate:gateId="1035" rule="Effect" Simplification="dolor muscular">mialgia</effect>
  ,
  <effect gate:gateId="1036" rule="Effect" Simplification="dolor articular">artralgia</effect>
  /
  <effect gate:gateId="1037" rule="Effect" Simplification="artritis">artritis</effect>
  , aumento de los títulos de anticuerpos antinucleares,
  <effect gate:gateId="1038" rule="Effect" Simplification="problemas en la sangre">eosinofilia</effect>
  , reacciones de la piel,
  <effect gate:gateId="1039" rule="Effect" Simplification="intolerancia a la luz">fotosensibilidad</effect>
  y otras respuestas dermatológicas con varios grados de gravedad. Se han comunicado algunos casos de reacciones de la piel
  <effect gate:gateId="1040" rule="Effect" Simplification="manchas rojas">maculopapular</effect>
  ,
  <effect gate:gateId="1041" rule="Effect" Simplification="enfermedad de la piel">pénfigo</effect>
  , exacerbación de la
  <effect gate:gateId="1042" rule="Effect" Simplification="enfermedad de la piel">psoriasis</effect>
  y reacciones tipo psoriático,
  <effect gate:gateId="1043" rule="Effect" Simplification="erupción">exantema</effect>
  <effect gate:gateId="1044" rule="Effect" Simplification="ampollas ">penfigoide</effect>
  o liquenoide,
  <effect gate:gateId="1045" rule="Effect" Simplification="manchas rojas">enantema</effect>
  ,
  <effect gate:gateId="1046" rule="Effect" Simplification="múltiples manchas rojas">eritema multiforme</effect>
  . Síndrome de Steven Johnson,
  <effect gate:gateId="1047" rule="Effect" Simplification="enfermedad de la piel">necrólisis epidérmica</effect>
  tóxica,
  <effect gate:gateId="1048" rule="Effect" Simplification="pérdida de cabello ">alopecia</effect>
  y
  <effect gate:gateId="1049" rule="Effect" Simplification="separación de uña y piel">onicolisis</effect>
  . Se han observado casos aislados de
  <effect gate:gateId="1050" rule="Effect" Simplification="pancreatitis">pancreatitis</effect>
  o
  <effect gate:gateId="1051" rule="Effect" Simplification="daño hepático">daño hepático</effect>
  (incluyendo
  <effect gate:gateId="1052" rule="Effect" Simplification="insuficiencia en el hígado">insuficiencia hepática aguda</effect>
  ). Valores de laboratorio: reducción de moderada a grave del número de hematíes y de la hemoglobina, del número de plaquetas y de leucocitos (registrándose incluso
  <effect gate:gateId="1053" rule="Effect" Simplification="problemas en la sangre">neutropenia</effect>
  ). En casos aislados se han producido
  <effect gate:gateId="1054" rule="Effect" Simplification="anemia">anemia hemolítica</effect>
  ,
  <effect gate:gateId="1055" rule="Effect" Simplification="poca producción de defensas en la sangre">agranulocitosis</effect>
  ,
  <effect gate:gateId="1056" rule="Effect" Simplification="problemas en la sangre">pancitopenia</effect>
  o
  <effect gate:gateId="1057" rule="Effect" Simplification="insuficiencia de médula ósea">depresión de la médula ósea</effect>
  . Estos cambios en la fórmula sanguínea se presentan con mayor frecuencia en pacientes con
  <effect gate:gateId="1058" rule="Effect" Simplification="insuficiencia renal ">insuficiencia renal</effect>
  o con enfermedades vasculares del colágeno (e.j.
  <effect gate:gateId="1059" rule="Effect" Simplification="daño en los tejidos">lupus eritematoso</effect>
  o
  <effect gate:gateId="1060" rule="Effect" Simplification="piel gruesa">esclerodermia</effect>
  ) o en pacientes tratados con otros medicamentos que pueden afectar al cuadro hemático (ver 4.4 Advertencias y precauciones especiales de empleo).
</paragraph>
