<?xml version="1.0" encoding="UTF-8"?>
<paragraph xmlns:gate="http://www.gate.ac.uk" gate:gateId="0" gate:annotMaxId="652">
  Se ha evaluado la seguridad de Rasilez en más de 7.800 pacientes, entre los que se incluyen más de 2.300 tratados durante más de 6 meses, y más de 1.200 tratados durante más de 1 año. La incidencia de reacciones adversas no se asoció con el sexo, edad, índice de
  <effect gate:gateId="634" rule="Effect" Simplification="masa">masa</effect>
  corporal, raza u origen étnico. El tratamiento con 4 Rasilez a dosis de hasta 300 mg tuvo una incidencia global de reacciones adversas similar a placebo. Las reacciones adversas fueron en general leves y transitorias y sólo en raras ocasiones requirieron la interrupción del tratamiento. La
  <effect gate:gateId="635" rule="Effect" Simplification="alergia ">reacción adversa</effect>
  más frecuente es la
  <effect gate:gateId="636" rule="Effect" Simplification="___">diarrea.</effect>
  La incidencia de
  <effect gate:gateId="637" rule="Effect" Simplification="tos">tos</effect>
  fue similar entre el grupo placebo (0,6%) y los pacientes tratados con Rasilez (0,9%). Las reacciones adversas (Tabla 1) se enumeran bajo cada epígrafe de frecuencia en orden decreciente de frecuencia, utilizando la siguiente convención: muy frecuentes (1/10); frecuentes (1/100, &lt;1/10); poco frecuentes (1/1.000, &lt;1/100); raras (1/10.000, &lt;1/1.000); muy raras (&lt;1/10.000), incluyendo casos aislados. Las reacciones adversas se presentan en orden decreciente de gravedad dentro de cada intervalo de frecuencia. Tabla 1 Trastornos gastrointestinales Frecuentes: Diarrea Trastornos de la piel y del tejido subcutáneo Poco frecuentes: Rash Se han notificado casos de
  <effect gate:gateId="638" rule="Effect" Simplification="hinchazón debajo de la piel">angioedema</effect>
  durante el tratamiento con Rasilez. En ensayos clínicos controlados, raramente se notificaron casos de
  <effect gate:gateId="639" rule="Effect" Simplification="hinchazón debajo de la piel">angioedema</effect>
  durante el tratamiento con Rasilez, con una incidencia comparable a la registrada con el tratamiento con placebo o
  <drug gate:gateId="640" rule="Drug">hidroclorotiazida</drug>
  . Si aparecen signos que sugieran una
  <effect gate:gateId="641" rule="Effect" Simplification="alergia">reacción alérgica</effect>
  (en particular dificultades en la respiración, o al tragar, o
  <effect gate:gateId="642" rule="Effect" Simplification="hinchazón de la cara">hinchazón de la cara</effect>
  , extremidades, ojos, labios y/o lengua), los pacientes deben interrumpir el tratamiento y contactar con el médico. Datos de laboratorio En ensayos clínicos controlados, la administración de Rasilez raramente se asoció con cambios clínicamente relevantes en los parámetros estándar de laboratorio. En ensayos clínicos en pacientes hipertensos, Rasilez no provocó efectos clínicamente importantes sobre el colesterol total, el colesterol asociado a lipoproteínas de alta densidad (HDL-C), los triglicéridos en ayunas, la glucosa en ayunas o el ácido úrico. Hemoglobina y hematocrito: Se han observado pequeños descensos en los valores de hemoglobina y hematocrito (descensos medios de aproximadamente 0,05 mmol/
  <effect gate:gateId="643" rule="Effect" Simplification="..">l</effect>
  y 0,16 en el porcentaje de volumen, respectivamente). Ningún paciente interrumpió el tratamiento debido a una
  <effect gate:gateId="644" rule="Effect" Simplification="anemia">anemia</effect>
  . Este efecto también se observa con otros fármacos que actúan sobre el sistema renina angiotensina, como los inhibidores de la enzima convertidora de angiotensina (IECA) y los antagonistas de los receptores de la angiotensina. Niveles séricos de
  <drug gate:gateId="645" rule="Drug">potasio</drug>
  : En pacientes con
  <effect gate:gateId="646" rule="Effect" Simplification="incremento de presión">hipertensión esencial</effect>
  tratados con Rasilez en monoterapia, los aumentos de los niveles séricos de
  <drug gate:gateId="647" rule="Drug">potasio</drug>
  fueron pequeños y poco frecuentes (0,9% comparado con 0,6% en el grupo placebo). Sin embargo, en un ensayo clínico en que Rasilez se usó en combinación con un IECA en pacientes diabéticos, los aumentos de los niveles séricos de
  <drug gate:gateId="648" rule="Drug">potasio</drug>
  fueron frecuentes (5,5%). Por tanto, como con cualquier agente que actúe sobre el SRA, se recomienda el control rutinario de los electrolitos y de la función renal en los pacientes con
  <effect gate:gateId="649" rule="Effect" Simplification="diabetes">diabetes mellitus</effect>
  ,
  <effect gate:gateId="650" rule="Effect" Simplification="enfermedad de los riñones">enfermedad renal</effect>
  o
  <effect gate:gateId="651" rule="Effect" Simplification="insuficiencia cardiaca">insuficiencia cardiaca</effect>
  .
</paragraph>
