<?xml version="1.0" encoding="UTF-8"?>
<paragraph xmlns:gate="http://www.gate.ac.uk" gate:gateId="0" gate:annotMaxId="704">
  a) Descripción general La incidencia más alta de reacciones adversas asociadas a la terapia con Rebif está relacionada con el síndrome pseudogripal. Los síntomas pseudogripales tienden a ser más acusados al inicio de la terapia y disminuyen en frecuencia con el tratamiento continuado. Aproximadamente el 70% de los pacientes tratados con Rebif pueden presentar el típico síndrome pseudogripal durante los primeros seis meses tras iniciar el tratamiento. Aproximadamente el 30% de los pacientes también presentarán reacciones en la zona de inyección, principalmente
  <effect gate:gateId="677" rule="Effect" Simplification="inflamación">inflamación</effect>
  leve o
  <effect gate:gateId="678" rule="Effect" Simplification="enrojecimiento">eritema</effect>
  . También son frecuentes los incrementos asintomáticos de los parámetros analíticos de función hepática y los descensos de los leucocitos. La mayoría de las reacciones adversas observadas con IFN-beta-1a suelen ser leves y reversibles, y responden bien a la disminucion de la dosis. En caso de presentar efectos adversos graves o persistentes, la dosis de Rebif puede disminuir o interrumpirse temporalmente, a juicio del facultativo. b) Reacciones adversas según su frecuencia Las reacciones adversas descritas a continuación se clasifican según su frecuencia de aparición del siguiente modo: Muy frecuentes &gt; 1/10 Frecuentes &gt; 1/100 ,&lt; 1/10 Poco frecuentes &gt; 1/1.000 , &lt; 1/100 Raras &gt; 1/10.000 , &lt; 1/ 1.000 Muy raras &lt;1/10.000 5 Las reacciones adversas se enumeran en orden decreciente de gravedad dentro de cada intervalo de frecuencia. Reacciones adversas identificadas en los ensayos clínicos: Los datos presentados se obtuvieron tras combinar los datos de varios ensayos clínicos en
  <effect gate:gateId="679" rule="Effect" Simplification="enfermedad del sistema nervioso">esclerosis múltiple</effect>
  (placebo=824 pacientes; Rebif 22 microgramos 3 veces por semana = 398 pacientes; Rebif 44 microgramos tres veces por semana=727 pacientes) y muestran la frecuencia de reacciones adversas observadas a los seis meses (con valores superiores a las observadas con placebo). Las reacciones adversas se enumeran a continuación por frecuencia de aparición y según la clasificación MedDRA por órganos y sistemas.. Clasificación por Muy frecuentes Frecuentes Poco frecuentes Frecuencia Órganos y Sistemas (1/10) (1/100, (1/1,000, Desconocida* Infecciones e Absceso en el Infecciones en el infestaciones punto de lugar de inyección Trastornos de la Neutropenia, sangre y del sistema
  <effect gate:gateId="680" rule="Effect" Simplification="baja cantidad de linfocitos en la sangre">linfopenia</effect>
  , linfático
  <effect gate:gateId="681" rule="Effect" Simplification="disminución de leucocitos en la sangre">leucopenia</effect>
  , Trastornos Disfunción endocrinos tiroidea que a Trastornos Depresión, Intento de
  <effect gate:gateId="682" rule="Effect" Simplification="suicidio">suicidio</effect>
  psiquiátricos
  <effect gate:gateId="683" rule="Effect" Simplification="insomnio">insomnio</effect>
  Trastornos del Cefalea Convulsiones sistema
  <effect gate:gateId="684" rule="Effect" Simplification="nervioso">nervioso</effect>
  Trastornos Diarrea, gastrointestinales
  <effect gate:gateId="685" rule="Effect" Simplification="vómitos">vómitos</effect>
  , Trastornos de la piel Prurito, Angioedema, y del tejido
  <effect gate:gateId="686" rule="Effect" Simplification="inflamación">erupción</effect>
  ,
  <effect gate:gateId="687" rule="Effect" Simplification="urticaria">urticaria</effect>
  ,
  <effect gate:gateId="688" rule="Effect" Simplification="enrojecimiento">eritema</effect>
  subcutáneo
  <effect gate:gateId="689" rule="Effect" Simplification="inflamación">erupción</effect>
  multiforme, Trastornos Mialgias, musculoesqueléticos artralgias y del tejido conjuntivo Trastornos generales Inflamación en la Dolor en la Necrosis en la y alteraciones en el zona de inyección, zona de zona de lugar de reacción en el punto inyección, inyección,
  <effect gate:gateId="690" rule="Effect" Simplification="masa">masa</effect>
  administración de inyección,
  <effect gate:gateId="691" rule="Effect" Simplification="fatiga ">fatiga</effect>
  , en la zona de Exploraciones Elevación complementarias asintómatica de las *Reacciones adversas identificadas mediante farmacovigilancia después de la comercialización (frecuencia desconocida): c) Información sobre reacciones adversas individuales graves y/o frecuentes Rebif, como los otros interferones beta, presenta cierto potencial para causar
  <effect gate:gateId="692" rule="Effect" Simplification="daño hepático">daño hepático</effect>
  grave. El mecanismo de los casos raros de
  <effect gate:gateId="693" rule="Effect" Simplification="insuficiencia hepática">insuficiencia hepática</effect>
  sintomática no se conoce. La mayoría de los casos de
  <effect gate:gateId="694" rule="Effect" Simplification="daño hepático">daño hepático</effect>
  grave se produjeron en los primeros seis meses de tratamiento. No se han identificado factores de riesgo específicos. El tratamiento con Rebif debe interrumpirse si aparece
  <effect gate:gateId="695" rule="Effect" Simplification="piel amarrilla">ictericia</effect>
  u otros síntomas clínicos de
  <effect gate:gateId="696" rule="Effect" Simplification="insuficiencia hepática">insuficiencia hepática</effect>
  (ver sección 4.4). d) Reacciones adversas aplicables a la clase farmacológica La administración de interferones se ha asociado a
  <effect gate:gateId="697" rule="Effect" Simplification="trastornos de la alimentación ">anorexia</effect>
  ,
  <effect gate:gateId="698" rule="Effect" Simplification="mareo y vértigo">vértigo</effect>
  ,
  <effect gate:gateId="699" rule="Effect" Simplification="ansiedad">ansiedad</effect>
  , arritmias,
  <effect gate:gateId="700" rule="Effect" Simplification="venas dilatadas">vasodilatación</effect>
  y
  <effect gate:gateId="701" rule="Effect" Simplification="palpitaciones">palpitaciones</effect>
  ,
  <effect gate:gateId="702" rule="Effect" Simplification="menstruación abundante">menorragia</effect>
  y
  <effect gate:gateId="703" rule="Effect" Simplification="hemorragia en el útero">metrorragia</effect>
  . Puede producirse un aumento de la formación de autoanticuerpos durante el tratamiento con interferón beta.
</paragraph>
