<?xml version="1.0" encoding="UTF-8"?>
<paragraph xmlns:gate="http://www.gate.ac.uk" gate:gateId="0" gate:annotMaxId="426">
  Al igual que con la administración de cualquier proteína, pueden producirse reacciones adversas con el uso de preparaciones de Factor Antihemofílico Recombinante (FAHr). Se han comunicado reacciones adversas después de la infusión de FAHr en estudios clínicos que incluían:
  <effect gate:gateId="404" rule="Effect" Simplification="náuseas">náuseas</effect>
  ,
  <effect gate:gateId="405" rule="Effect" Simplification="enrojecimiento">enrojecimiento</effect>
  , ligera
  <effect gate:gateId="406" rule="Effect" Simplification="fatiga ">fatiga</effect>
  ,
  <effect gate:gateId="407" rule="Effect" Simplification="erupción">exantema</effect>
  ,
  <effect gate:gateId="408" rule="Effect" Simplification="moretones ">hematoma</effect>
  ,
  <effect gate:gateId="409" rule="Effect" Simplification="sudoración">diaforesis</effect>
  ,
  <effect gate:gateId="410" rule="Effect" Simplification="escalofríos">escalofríos</effect>
  ,
  <effect gate:gateId="411" rule="Effect" Simplification="agitación">agitación</effect>
  ,
  <effect gate:gateId="412" rule="Effect" Simplification="fiebre">fiebre</effect>
  ,
  <effect gate:gateId="413" rule="Effect" Simplification="dolor de piernas">dolor de piernas</effect>
  ,
  <effect gate:gateId="414" rule="Effect" Simplification="manos y pies fríos">manos y pies fríos</effect>
  , garganta dolorida,
  <effect gate:gateId="415" rule="Effect" Simplification="infección">infección</effect>
  de oídos y fallo en la prueba de escucha. Esporádicamente, en pacientes que recibieron Recombinate, se han comunicado reacciones adversas que se asemejaban a la
  <effect gate:gateId="416" rule="Effect" Simplification="alergia">hipersensibilidad</effect>
  de tipo alérgico. Los síntomas de tipo alérgico pueden incluir
  <effect gate:gateId="417" rule="Effect" Simplification="urticaria">urticaria</effect>
  local y generalizada,
  <effect gate:gateId="418" rule="Effect" Simplification="erupción">exantema</effect>
  ,
  <effect gate:gateId="419" rule="Effect" Simplification="jadeo">disnea</effect>
  ,
  <effect gate:gateId="420" rule="Effect" Simplification="tos">tos</effect>
  ,
  <effect gate:gateId="421" rule="Effect" Simplification="opresión en el pecho">opresión en el pecho</effect>
  , jadeos,
  <effect gate:gateId="422" rule="Effect" Simplification="presión arterial baja">hipotensión</effect>
  y anafilaxis. Los pacientes deben ser informados de los síntomas iniciales de las reacciones de
  <effect gate:gateId="423" rule="Effect" Simplification="alergia">hipersensibilidad</effect>
  y por tanto deben ser advertidos para interrumpir el uso del producto y ponerse en contacto con su médico si aparecen estos síntomas. Se aconseja precaución en pacientes con reacciones alérgicas conocidas a los componentes del preparado (Ver las secciones de "Contraindicaciones" y "Advertencias y Precauciones Especiales de empleo"). La formación de anticuerpos neutralizantes, inhibidores, al Factor VIII es una complicación conocida en el control de pacientes con
  <effect gate:gateId="424" rule="Effect" Simplification="defecto en la coagulación de la sangre">hemofilia</effect>
  A. Estos inhibidores son, invariablemente, inmunoglobulinas IgG, dirigidas contra la actividad procoagulante del Factor VIII, que se expresan como Unidades Bethesda (U.B.) por ml de plasma. El riesgo de desarrollar inhibidores se correlaciona con la exposición al Factor VIII Antihemofílico, siendo más alto dentro de los 20 primeros días de exposición. La incidencia de anticuerpos inhibitorios comunicada en pacientes con
  <effect gate:gateId="425" rule="Effect" Simplification="defecto en la coagulación de la sangre">hemofilia</effect>
  A grave, que tienen mayor riesgo de desarrollar el inhibidor (por ejemplo, los pacientes no tratados previamente), se ha estimado en estudios ser del 31% para Recombinate, que está dentro del rango reportado para FAH derivado de plasma. Los pacientes tratados con Recombinate deben ser controlados cuidadosamente por desarrollo de anticuerpos inhibitorios mediante observaciones clínicas y ensayos de laboratorio apropiados.
</paragraph>
