<?xml version="1.0" encoding="UTF-8"?>
<paragraph xmlns:gate="http://www.gate.ac.uk" gate:gateId="0" gate:annotMaxId="618">
  Se han observado con escasa frecuencia
  <effect gate:gateId="579" rule="Effect" Simplification="alergia">hipersensibilidad</effect>
  o reacciones alérgicas (que pueden incluir
  <effect gate:gateId="580" rule="Effect" Simplification="hinchazón debajo de la piel">angioedema</effect>
  ,
  <effect gate:gateId="581" rule="Effect" Simplification="calor">calor</effect>
  y
  <effect gate:gateId="582" rule="Effect" Simplification="pinchazos en el lugar de infusión">pinchazos en el lugar de infusión</effect>
  ,
  <effect gate:gateId="583" rule="Effect" Simplification="escalofríos">escalofríos</effect>
  ,
  <effect gate:gateId="584" rule="Effect" Simplification="enrojecimiento">enrojecimiento</effect>
  ,
  <effect gate:gateId="585" rule="Effect" Simplification="ronchas en todo el cuerpo">urticaria generalizada</effect>
  ,
  <effect gate:gateId="586" rule="Effect" Simplification="dolor de cabeza">dolor de cabeza</effect>
  ,
  <effect gate:gateId="587" rule="Effect" Simplification="urticaria">urticaria</effect>
  ,
  <effect gate:gateId="588" rule="Effect" Simplification="presión arterial baja">hipotensión</effect>
  ,
  <effect gate:gateId="589" rule="Effect" Simplification="letargico">letargia</effect>
  ,
  <effect gate:gateId="590" rule="Effect" Simplification="náuseas">náuseas</effect>
  ,
  <effect gate:gateId="591" rule="Effect" Simplification="agitación">agitación</effect>
  ,
  <effect gate:gateId="592" rule="Effect" Simplification="alteración del ritmo cardíaco">taquicardia</effect>
  ,
  <effect gate:gateId="593" rule="Effect" Simplification="tensión">tensión</effect>
  en el pecho,
  <effect gate:gateId="594" rule="Effect" Simplification="hormigueo">hormigueo</effect>
  ,
  <effect gate:gateId="595" rule="Effect" Simplification="vómitos">vómitos</effect>
  , jadeos), y en algunos casos pueden progresar a
  <effect gate:gateId="596" rule="Effect" Simplification="anafilaxia">anafilaxia</effect>
  grave (incluyendo
  <effect gate:gateId="597" rule="Effect" Simplification="shock">shock</effect>
  ). En raras ocasiones se ha observado
  <effect gate:gateId="598" rule="Effect" Simplification="___">fiebre.</effect>
  También se han notificado las siguientes reacciones adversas:
  <effect gate:gateId="599" rule="Effect" Simplification="jadeo">disnea</effect>
  , complicaciones de catéteres de acceso venoso,
  <effect gate:gateId="600" rule="Effect" Simplification="cosquilleo">parestesia</effect>
  , elevación de las transaminasas,
  <effect gate:gateId="601" rule="Effect" Simplification="mareo">mareos</effect>
  ,
  <effect gate:gateId="602" rule="Effect" Simplification="somnolencia">somnolencia</effect>
  ,
  <effect gate:gateId="603" rule="Effect" Simplification="fatiga ">fatiga</effect>
  ,
  <effect gate:gateId="604" rule="Effect" Simplification=" sudoración ">sudoración</effect>
  ,
  <effect gate:gateId="605" rule="Effect" Simplification="visión borrosa">visión borrosa</effect>
  ,
  <effect gate:gateId="606" rule="Effect" Simplification="tos">tos</effect>
  ,
  <effect gate:gateId="607" rule="Effect" Simplification="acné">acné</effect>
  ,
  <effect gate:gateId="608" rule="Effect" Simplification="alteración del gusto">alteración del gusto</effect>
  ,
  <effect gate:gateId="609" rule="Effect" Simplification="trastornos de la alimentación ">anorexia</effect>
  ,
  <effect gate:gateId="610" rule="Effect" Simplification="enfermedades del estómago">gastritis</effect>
  ,
  <effect gate:gateId="611" rule="Effect" Simplification="inflamación en el estomago">gastroenteritis</effect>
  ,
  <effect gate:gateId="612" rule="Effect" Simplification="dolor">dolor</effect>
  ,
  <effect gate:gateId="613" rule="Effect" Simplification="picazón">prurito</effect>
  ,
  <effect gate:gateId="614" rule="Effect" Simplification="alteración de la piel">rash</effect>
  , aumento de la bilirrubina y elevación ligera de la isoenzima muscular y cardíaca creatina fosfoquinasa (CK MB). La aparición de anticuerpos neutralizantes (inhibidores) es bien conocida en el tratamiento de pacientes con
  <effect gate:gateId="615" rule="Effect" Simplification="defecto en la coagulación de la sangre">hemofilia</effect>
  A. En un ensayo clínico, 32 de 101 (32%) pacientes no tratados previamente tratados con ReFacto desarrollaron un inhibidor: 16 de 101 (16%) con un título &gt; 5 UB y 16 de 101 (16%) con un título 5 BU. El número medio de días de exposición hasta el desarrollo de inhibidor en estos pacientes fue de 12 días (intervalo de 3-49 días). De los 16 pacientes con títulos altos, 15 fueron inmunotolerantes al tratamiento (IT). De los 16 pacientes con títulos bajos inmunotolerantes al tratamiento empezaron en 10. Los inmunotolerantes tuvieron una eficacia del 73 % para los pacientes con títulos altos y del 90 % de estos con títulos bajos. Para los 101 pacientes no tratados previamente, independientemente del desarrollo de un inhibidor, el número medio de días de exposición es de 197 días (intervalo 1-1299 días). En un ensayo clínico de Refacto uno de los 113 (0,9%) pacientes tratados previamente desarrolló un inhibidor. El desarrollo del inhibidor se produjo en la misma franja de tiempo que el desarrollo de gammopatía monoclonal de importancia incierta. El desarrollo del inhibidor fue asociado con un episodio de
  <effect gate:gateId="616" rule="Effect" Simplification="sangrado ">hemorragia</effect>
  que no respondió al tratamiento con Refacto. También se han notificado modificaciones espontáneas postautorización de título alto de inhibidores en pacientes tratados previamente. Veinte de los 113 (18%) pacientes tratados previamente (PTP) tuvieron un incremento en el título de anticuerpos anti-CHO, sin ningún efecto clínico aparente. Seis de 113 PTPs (5,3%) tuvieron un incremento en el título de anticuerpos IgG anti-ratón, sin efecto clínico aparente. En muy raras ocasiones se han hecho determinaciones del desarrollo de anticuerpos a la proteína de hámster, pero no ha habido secuelas clínicas. Si tiene lugar alguna
  <effect gate:gateId="617" rule="Effect" Simplification="alergia ">reacción adversa</effect>
  que pueda relacionarse con la administración de ReFacto, debe disminuirse la velocidad de la infusión e incluso detenerse, según lo indique la respuesta del paciente.
</paragraph>
