<?xml version="1.0" encoding="UTF-8"?>
<paragraph xmlns:gate="http://www.gate.ac.uk" gate:gateId="0" gate:annotMaxId="2435">
  Ancianos (mayores de 65 años) La eficacia y seguridad de
  <drug gate:gateId="2324" rule="Drug">eletriptán</drug>
  en pacientes mayores de 65 años no ha sido sistemáticamente evaluada dado el escaso número de estos pacientes incluidos en los ensayos clínicos. Por tanto, no se recomienda el uso de RELPAX en ancianos. Adolescentes (12-17 años) La eficacia de RELPAX no ha sido establecida en esta población y, por lo tanto, no se recomienda su uso en este grupo de edad. Niños (6-11 años) No se han evaluado la seguridad y eficacia de RELPAX en niños. Por lo tanto, no se recomienda el uso de RELPAX en este grupo de edad (ver apartado 5.2. Propiedades farmacocinéticas). Insuficiencia hepática No se requieren ajustes de dosis en pacientes con
  <effect gate:gateId="2325" rule="Effect" Simplification="insuficiencia hepática">insuficiencia hepática</effect>
  leve o moderada. Puesto que RELPAX no se ha estudiado en pacientes con
  <effect gate:gateId="2326" rule="Effect" Simplification="insuficiencia hepática">insuficiencia hepática</effect>
  grave, está contraindicado en estos pacientes. Insuficiencia renal Puesto que los efectos de RELPAX sobre la
  <effect gate:gateId="2327" rule="Effect" Simplification="presión">presión</effect>
  arterial se incrementan en caso de
  <effect gate:gateId="2328" rule="Effect" Simplification="insuficiencia renal ">insuficiencia renal</effect>
  (ver apartado 4.4. Advertencias y precauciones especiales de empleo), se recomienda una dosis inicial de 20 mg en pacientes con
  <effect gate:gateId="2329" rule="Effect" Simplification="insuficiencia renal ">insuficiencia renal</effect>
  leve o moderada. La dosis máxima diaria no debe exceder los 40 mg. RELPAX está contraindicado en pacientes con
  <effect gate:gateId="2330" rule="Effect" Simplification="insuficiencia renal ">insuficiencia renal</effect>
  grave. Contraindicaciones 4.3 Hipersensibilidad a bromhidrato de
  <drug gate:gateId="2331" rule="Drug">eletriptán</drug>
  o a cualquiera de los excipientes. Insuficiencia hepática o renal graves. Hipertensión grave o moderamente grave, o
  <effect gate:gateId="2332" rule="Effect" Simplification="presión arterial alta">hipertensión</effect>
  leve no tratada. Pacientes con
  <effect gate:gateId="2333" rule="Effect" Simplification="enfermedad cardiaca">enfermedad coronaria</effect>
  confirmada, incluyendo
  <effect gate:gateId="2334" rule="Effect" Simplification="enfermedad cardiaca">cardiopatía isquémica</effect>
  (
  <effect gate:gateId="2335" rule="Effect" Simplification="dolor en el pecho">angina de pecho</effect>
  ,
  <effect gate:gateId="2336" rule="Effect" Simplification="infarto">infarto de miocardio</effect>
  previo o
  <effect gate:gateId="2337" rule="Effect" Simplification="disminución de flujo de sangre">isquemia</effect>
  silente confirmada), síntomas objetivos o subjetivos de
  <effect gate:gateId="2338" rule="Effect" Simplification="enfermedad cardiaca">cardiopatía isquémica</effect>
  o
  <effect gate:gateId="2339" rule="Effect" Simplification="dolor en la garganta">angina</effect>
  de Prinzmetal. Pacientes con arritmias significativas o insuficiencia cardíaca. Pacientes con
  <effect gate:gateId="2340" rule="Effect" Simplification="enfermedad en el corazón">enfermedad vascular periférica</effect>
  . Pacientes con antecedentes de
  <effect gate:gateId="2341" rule="Effect" Simplification="infarto cerebral">accidente cerebrovascular</effect>
  (ACV) o
  <effect gate:gateId="2342" rule="Effect" Simplification="pequeño derrame cerebral">accidente isquémico transitorio</effect>
  (AIT). Administración de ergotamina o derivados de la ergotamina (incluyendo metisergida) en las 24 horas previas o posteriores al tratamiento con
  <drug gate:gateId="2343" rule="Drug">eletriptán</drug>
  (ver apartado 4.5. Interacciones con otros medicamentos u otras formas de
  <effect gate:gateId="2344" rule="Effect" Simplification="interacción">interacción</effect>
  ). Administración simultánea de otros agonistas del receptor 5-HT1 con
  <drug gate:gateId="2345" rule="Drug">eletriptán</drug>
  . Advertencias y precauciones especiales de empleo 4.4 Este medicamento contiene lactosa. Los pacientes con problemas hereditarios raros de intolerancia a galactosa, de insuficiencia de lactasa de Lapp o de absorción de glucosa o galactosa, no deben tomar este medicamento. Por contener laca de aluminio
  <effect gate:gateId="2346" rule="Effect" Simplification="piel amarilla">de color amarillo</effect>
  anaranjado puede provocar reacciones de tipo alérgico. RELPAX no debe utilizarse junto con inhibidores potentes de CYP3A4, por ejemplo,
  <drug gate:gateId="2347" rule="Drug">ketoconazol</drug>
  ,
  <drug gate:gateId="2348" rule="Drug">itraconazol</drug>
  ,
  <drug gate:gateId="2349" rule="Drug">eritromicina</drug>
  ,
  <drug gate:gateId="2350" rule="Drug">claritromicina</drug>
  , josamicina e inhibidores de la proteasa (
  <drug gate:gateId="2351" rule="Drug">ritonavir</drug>
  ,
  <drug gate:gateId="2352" rule="Drug">indinavir</drug>
  y
  <drug gate:gateId="2353" rule="Drug">nelfinavir</drug>
  ). RELPAX debe ser utilizado solamente cuando se establezca un diagnóstico claro de
  <effect gate:gateId="2354" rule="Effect" Simplification="migraña">migraña</effect>
  . RELPAX no está indicado para el tratamiento de la
  <effect gate:gateId="2355" rule="Effect" Simplification="dolor de cabeza">migraña hemipléjica</effect>
  , oftalmopléjica o basilar. RELPAX no debe ser administrado para el tratamiento de las cefaleas "atípicas", por ejemplo, cefaleas que pueden estar relacionadas con una patología posiblemente grave (
  <effect gate:gateId="2356" rule="Effect" Simplification="infarto cerebral">accidente cerebrovascular</effect>
  ,
  <effect gate:gateId="2357" rule="Effect" Simplification="rotura de una arteria">rotura de aneurisma</effect>
  ) en los que la
  <effect gate:gateId="2358" rule="Effect" Simplification="estrechamiento de vasos sanguíneos">vasoconstricción</effect>
  cerebrovascular puede ser perjudicial. La administración de
  <drug gate:gateId="2359" rule="Drug">eletriptán</drug>
  puede asociarse a síntomas transitorios incluyendo
  <effect gate:gateId="2360" rule="Effect" Simplification="dolor">dolor</effect>
  y
  <effect gate:gateId="2361" rule="Effect" Simplification="opresión">opresión</effect>
  torácicos que pueden ser intensos y extenderse a la garganta (ver apartado 4.8. Reacciones adversas). Si tales síntomas se consideraran indicativos de
  <effect gate:gateId="2362" rule="Effect" Simplification="enfermedad cardiaca">cardiopatía isquémica</effect>
  , no deberá administrarse ninguna dosis adicional y se deberá realizar una evaluación adecuada. RELPAX no debe administrarse sin una evaluación previa en pacientes con una posible
  <effect gate:gateId="2363" rule="Effect" Simplification="enfermedad">enfermedad</effect>
  cardíaca no diagnosticada ni en pacientes con riesgo de
  <effect gate:gateId="2364" rule="Effect" Simplification="enfermedad cardiaca">enfermedad coronaria</effect>
  (EC) (por ejemplo, pacientes con
  <effect gate:gateId="2365" rule="Effect" Simplification="presión arterial alta">hipertensión arterial</effect>
  , diabéticos, fumadores o sometidos a un tratamiento de sustitución de la nicotina, varones mayores de 40 años, mujeres postmenopáusicas y pacientes con antecedentes familiares importantes de EC). Puede que los exámenes cardiacos no identifiquen a todos los pacientes que padecen una
  <effect gate:gateId="2366" rule="Effect" Simplification="enfermedad">enfermedad</effect>
  cardiaca y, en casos muy raros, han tenido lugar alteraciones cardiacas graves en pacientes sin
  <effect gate:gateId="2367" rule="Effect" Simplification="enfermedad">enfermedad</effect>
  cardiovascular subyacente cuando se han administrado agonistas del receptor 5-HT1. Los pacientes en los que la EC está establecida no deben ser tratados con RELPAX (ver apartado 4.3. Contraindicaciones). Los agonistas del receptor 5-HT1 se han asociado con vasospasmo coronario. Se han comunicado casos raros de
  <effect gate:gateId="2368" rule="Effect" Simplification="poco flujo de sangre en el corazón">isquemia miocárdica</effect>
  o
  <effect gate:gateId="2369" rule="Effect" Simplification="infarto">infarto</effect>
  con agonistas del receptor 5-HT1. Las reacciones adversas pueden ser más frecuentes durante la utilización simultánea de triptanes y preparaciones medicinales conteniendo la hierba de San Juan (Hypericum perforatum). Dentro del intervalo de dosis clínicas, se han observado incrementos ligeros y transitorios de la
  <effect gate:gateId="2370" rule="Effect" Simplification="presión">presión</effect>
  arterial con dosis de
  <drug gate:gateId="2371" rule="Drug">eletriptán</drug>
  de 60 mg o superiores. Sin embargo, en el programa de ensayos clínicos, estos incrementos no se asociaron con secuelas clínicas. El efecto fue mucho más pronunciado en sujetos con
  <effect gate:gateId="2372" rule="Effect" Simplification="insuficiencia renal ">insuficiencia renal</effect>
  y en ancianos. En pacientes con
  <effect gate:gateId="2373" rule="Effect" Simplification="insuficiencia renal ">insuficiencia renal</effect>
  , el intervalo de las medias de los incrementos máximos de la
  <effect gate:gateId="2374" rule="Effect" Simplification="presión">presión</effect>
  arterial sistólica fue de 14-17 mmHg (normal 3 mmHg) y para la
  <effect gate:gateId="2375" rule="Effect" Simplification="presión">presión</effect>
  arterial diastólica fue de 14-21 mmHg (normal 4 mmHg). En ancianos, el incremento medio máximo de la
  <effect gate:gateId="2376" rule="Effect" Simplification="presión">presión</effect>
  arterial sistólica fue de 23 mmHg comparado con 13 mmHg en adultos jóvenes (placebo 8 mmHg). También se han recibido notificaciones procedentes de la experiencia post-comercialización de aumento en la
  <effect gate:gateId="2377" rule="Effect" Simplification="presión">presión</effect>
  arterial en pacientes que estaban tomando dosis de 20 mg y de 40 mg de
  <drug gate:gateId="2378" rule="Drug">eletriptan</drug>
  , en pacientes que no sufrían
  <effect gate:gateId="2379" rule="Effect" Simplification="insuficiencia renal ">insuficiencia renal</effect>
  y en pacientes no ancianos. Un uso excesivo de medicamentos antimigrañosos puede dar lugar a
  <effect gate:gateId="2380" rule="Effect" Simplification="dolor de cabeza">cefalea</effect>
  crónica diaria y hacer necesaria la interrupción del tratamiento. Interacción con otros medicamentos y otras formas de
  <effect gate:gateId="2381" rule="Effect" Simplification="interacción">interacción</effect>
  4.5 Efecto de otros medicamentos sobre
  <drug gate:gateId="2382" rule="Drug">eletriptán</drug>
  En los ensayos clínicos pivotales de
  <drug gate:gateId="2383" rule="Drug">eletriptán</drug>
  no se evidenció
  <effect gate:gateId="2384" rule="Effect" Simplification="interacción">interacción</effect>
  con beta- bloqueantes, antidepresivos tricíclicos, inhibidores selectivos de la recaptación de serotonina y flunarizina, pero no se dispone de datos de estudios clínicos formales de
  <effect gate:gateId="2385" rule="Effect" Simplification="interacción">interacción</effect>
  con estos medicamentos (a excepción de propranolol, véase a continuación). El análisis farmacocinético de la población incluida en los estudios clínicos ha sugerido que es improbable que los siguientes medicamentos (beta-bloqueantes, antidepresivos tricíclicos, inhibidores selectivos de la recaptación de serotonina, tratamientos hormonales sustitutivos a base de estrógenos, anticonceptivos orales conteniendo estrógenos y calcioantagonistas) tengan algún efecto sobre las propiedades farmacocinéticas de
  <drug gate:gateId="2386" rule="Drug">eletriptán</drug>
  . Eletriptán no es un sustrato para la MAO. Por consiguiente, no es de esperar que exista una
  <effect gate:gateId="2387" rule="Effect" Simplification="interacción">interacción</effect>
  entre
  <drug gate:gateId="2388" rule="Drug">eletriptán</drug>
  y los inhibidores de la MAO. Por tanto, no se han llevado a cabo estudios formales de
  <effect gate:gateId="2389" rule="Effect" Simplification="interacción">interacción</effect>
  . En estudios clínicos con propranolol (160 mg),
  <drug gate:gateId="2390" rule="Drug">verapamilo</drug>
  (480 mg) y
  <drug gate:gateId="2391" rule="Drug">fluconazol</drug>
  (100 mg) la Cmax de
  <drug gate:gateId="2392" rule="Drug">eletriptán</drug>
  se incrementó 1,1 veces, 2,2 veces y 1,4 veces respectivamente. El aumento del AUC de
  <drug gate:gateId="2393" rule="Drug">eletriptán</drug>
  fue de 1,3; 2,7 y 2,0 veces respectivamente. Estos efectos no se consideran clínicamente significativos puesto que no hubo un
  <effect gate:gateId="2394" rule="Effect" Simplification="aumento de la presión arterial">aumento de la presión arterial</effect>
  ni de los efectos adversos en comparación con la administración de
  <drug gate:gateId="2395" rule="Drug">eletriptán</drug>
  sólo. En estudios clínicos con
  <drug gate:gateId="2396" rule="Drug">eritromicina</drug>
  (1000 mg) y
  <drug gate:gateId="2397" rule="Drug">ketoconazol</drug>
  (400 mg), inhibidores específicos y potentes de CYP3A4, se observaron aumentos significativos en la Cmax (2 y 2,7 veces) y en el AUC (3,6 y 5,9 veces) respectivamente. Este aumento de la exposición se asoció con un incremento en la t1/2 de
  <drug gate:gateId="2398" rule="Drug">eletriptán</drug>
  desde 4,6 a 7,1 horas para
  <drug gate:gateId="2399" rule="Drug">eritromicina</drug>
  y de 4,8 a 8,3 horas para
  <drug gate:gateId="2400" rule="Drug">ketoconazol</drug>
  (ver apartado 5.2. Propiedades farmacocinéticas). Por tanto, RELPAX no debe utilizarse junto con inhibidores potentes de CYP3A4 como por ejemplo
  <drug gate:gateId="2401" rule="Drug">ketoconazol</drug>
  ,
  <drug gate:gateId="2402" rule="Drug">itraconazol</drug>
  ,
  <drug gate:gateId="2403" rule="Drug">eritromicina</drug>
  ,
  <drug gate:gateId="2404" rule="Drug">claritromicina</drug>
  , josamicina e inhibidores de la proteasa (
  <drug gate:gateId="2405" rule="Drug">ritonavir</drug>
  ,
  <drug gate:gateId="2406" rule="Drug">indinavir</drug>
  y
  <drug gate:gateId="2407" rule="Drug">nelfinavir</drug>
  ). En ensayos clínicos con cafeína/ergotamina administrado por vía oral 1 y 2 horas después de
  <drug gate:gateId="2408" rule="Drug">eletriptán</drug>
  , se observaron pequeños incrementos en la
  <effect gate:gateId="2409" rule="Effect" Simplification="presión">presión</effect>
  arterial, que se acumulaban en el tiempo y que son predecibles teniendo en cuenta la farmacología de ambos medicamentos. Por consiguiente, se recomienda que tanto los fármacos que contengan ergotamina como los medicamentos derivados de la ergotamina (por ejemplo, dihidroergotamina) no se administren en las 24 horas siguientes a la administración de
  <drug gate:gateId="2410" rule="Drug">eletriptán</drug>
  . Asimismo, deberán transcurrir al menos 24 horas de la administración de un medicamento que contenga ergotamina antes de poder administrar
  <drug gate:gateId="2411" rule="Drug">eletriptán</drug>
  . Efecto de
  <drug gate:gateId="2412" rule="Drug">eletriptán</drug>
  sobre otros medicamentos No existe evidencia in vitro o in vivo de que dosis clínicas (y sus concentraciones asociadas) de
  <drug gate:gateId="2413" rule="Drug">eletriptán</drug>
  sean inhibidoras o inductoras de las enzimas del citocromo P450 incluyendo las enzimas metabolizadoras de fármacos CYP3A4, por lo que se considera improbable que
  <drug gate:gateId="2414" rule="Drug">eletriptán</drug>
  cause interacciones farmacológicas de importancia clínica mediadas por estas enzimas. Embarazo y lactancia 4.6 Embarazo: No se dispone de datos clínicos sobre RELPAX en el
  <effect gate:gateId="2415" rule="Effect" Simplification="embarazo">embarazo</effect>
  . Los estudios en animales no muestran efectos perjudiciales directos o indirectos relativos al
  <effect gate:gateId="2416" rule="Effect" Simplification="embarazo">embarazo</effect>
  , desarrollo embrionario/fetal,
  <effect gate:gateId="2417" rule="Effect" Simplification="parto">parto</effect>
  o desarrollo postnatal. RELPAX debería utilizarse en el
  <effect gate:gateId="2418" rule="Effect" Simplification="embarazo">embarazo</effect>
  sólo si es estrictamente necesario Lactancia: Eletriptán se excreta en la leche materna. En un estudio de 8 mujeres que recibieron una dosis única de 80 mg, la cantidad media total de
  <drug gate:gateId="2419" rule="Drug">eletriptán</drug>
  en la leche materna a lo largo de 24 horas fue del 0,02% de la dosis. Sin embargo, debe tenerse precaución cuando se considere la administración de RELPAX a mujeres en periodo de lactancia. La exposición del niño puede minimizarse evitando la lactancia durante las 24 horas posteriores al tratamiento. Efectos sobre la capacidad para conducir y utilizar máquinas 4.7 La
  <effect gate:gateId="2420" rule="Effect" Simplification="migraña">migraña</effect>
  o el tratamiento con RELPAX puede producir
  <effect gate:gateId="2421" rule="Effect" Simplification="somnolencia">somnolencia</effect>
  o
  <effect gate:gateId="2422" rule="Effect" Simplification="mareo">mareo</effect>
  en algunos pacientes. Deberá advertirse a los pacientes que evalúen su capacidad para realizar tareas complejas, como conducir, durante los ataques de
  <effect gate:gateId="2423" rule="Effect" Simplification="migraña">migraña</effect>
  y tras la administración de RELPAX. Reacciones adversas 4.8 En los ensayos clínicos, se ha administrado RELPAX a más de 5.000 individuos, que tomaron una o dos dosis de 20 mg, 40 mg u 80 mg de RELPAX. Las reacciones adversas observadas con mayor frecuencia fueron
  <effect gate:gateId="2424" rule="Effect" Simplification="fatiga">astenia</effect>
  ,
  <effect gate:gateId="2425" rule="Effect" Simplification="somnolencia">somnolencia</effect>
  ,
  <effect gate:gateId="2426" rule="Effect" Simplification="náuseas">náuseas</effect>
  y
  <effect gate:gateId="2427" rule="Effect" Simplification="mareo">mareo</effect>
  . En estudios clínicos aleatorizados en los que se utilizaron dosis de 20 mg, 40 mg y 80 mg, se ha puesto de manifiesto una tendencia a una
  <effect gate:gateId="2428" rule="Effect" Simplification="dependencia">dependencia</effect>
  de la dosis en relación a la incidencia de reacciones adversas. Las siguientes reacciones adversas (con una incidencia 1% y superior a placebo) se notificaron en pacientes que fueron tratados en los ensayos clínicos con dosis terapéuticas. Los acontecimientos se categorizan según la frecuencia como frecuentes (1/100, &lt;1/10), poco frecuentes (1/1.000, &lt;1/100) o raras (1/10.000, &lt;1/1.000). Infecciones e infestaciones: Frecuentes Infección del tracto respiratorio Raras Trastornos de la sangre y del sistema linfático: Raras Trastornos del metabolismo y de la nutrición: Poco frecuentes Trastornos psiquiátricos: Poco frecuentes Raras Trastornos del sistema
  <effect gate:gateId="2429" rule="Effect" Simplification="nervioso">nervioso</effect>
  : Frecuentes Poco frecuentes Trastornos oculares: Poco frecuentes Raras Trastornos del oído y del laberinto: Frecuentes Poco frecuentes Trastornos cardíacos: Frecuentes Raras Trastornos vasculares: Frecuentes Poco frecuentes Raras Trastornos respiratorios, torácicos y mediastínicos: Frecuentes Poco frecuentes Raras Trastornos gastrointestinales: Frecuentes Poco frecuentes Raras Trastornos hepatobiliares: Raras Trastornos de la piel y del tejido subcutáneo: Frecuentes Poco frecuentes Raras Trastornos musculoesqueléticos y del tejido conjuntivo: Frecuentes Poco frecuentes Raras Trastornos renales y urinarios: Poco frecuentes Trastornos del aparato reproductor y de la mama: Raras Trastornos generales y alteraciones en el lugar de administración: Frecuentes Poco frecuentes Los acontecimientos adversos frecuentes observados con
  <drug gate:gateId="2430" rule="Drug">eletriptán</drug>
  son los típicos acontecimientos notificados con los agonistas del receptor 5-HT1, como grupo terapéutico. Durante la experiencia post-comercialización se han notificado las siguientes reacciones adversas: Trastornos del sistema inmunológico: Reacciones alérgicas, algunas de las cuales pueden ser graves. Trastornos del sistema
  <effect gate:gateId="2431" rule="Effect" Simplification="nervioso">nervioso</effect>
  : casos raros de
  <effect gate:gateId="2432" rule="Effect" Simplification="desmayo">síncope</effect>
  Trastornos vasculares:
  <effect gate:gateId="2433" rule="Effect" Simplification="presión arterial alta">hipertensión</effect>
  Trastornos gastrointestinales: al igual que ocurre con otros agonistas 5HT 1B/1D, se han notificado casos raros de
  <effect gate:gateId="2434" rule="Effect" Simplification="enfermedades del colon">colitis isquémica</effect>
  . Vómitos.
</paragraph>
