<?xml version="1.0" encoding="UTF-8"?>
<paragraph xmlns:gate="http://www.gate.ac.uk" gate:gateId="0" gate:annotMaxId="4261">
  Trastornos respiratorios, torácicos y mediastínico Los colinomiméticos deben prescribirse con precaución en pacientes con antecedentes de
  <effect gate:gateId="4110" rule="Effect" Simplification="asma">asma</effect>
  grave,
  <effect gate:gateId="4111" rule="Effect" Simplification="trastorno obstructivo de las vías respiratorias">enfermedad pulmonar obstructiva</effect>
  ,o de
  <effect gate:gateId="4112" rule="Effect" Simplification="infecciones">infecciones</effect>
  pulmonares activas ( por ejemplo:
  <effect gate:gateId="4113" rule="Effect" Simplification="neumonía">neumonía</effect>
  ). Trastornos renales y urinarios No se recomienda el uso de
  <drug gate:gateId="4114" rule="Drug">galantamina</drug>
  en pacientes con
  <effect gate:gateId="4115" rule="Effect" Simplification="obstrucción">obstrucción</effect>
  urinaria o que se recuperan de cirugía vesical. Intervenciones quirúrgicas y médicas Galantamina, como colinomimético, es probable que aumente la
  <effect gate:gateId="4116" rule="Effect" Simplification="relajación muscular">relajación muscular</effect>
  tipo succinilcolina durante la
  <effect gate:gateId="4117" rule="Effect" Simplification="anestesia">anestesia</effect>
  , especialmente en casos de deficiencia de pseudocolinesterasa. Otros Este medicamento contiene sacarosa. Los pacientes con
  <effect gate:gateId="4118" rule="Effect" Simplification="intolerancia a azucares de las frutas">intolerancia hereditaria a la fructosa</effect>
  , problemas de absorción a la glucosa o galactosa, o insuficiencia de sacarasa- isomaltasa, no deben tomar este medicamento. Interacción con otros medicamentos y otras formas de
  <effect gate:gateId="4119" rule="Effect" Simplification="interacción">interacción</effect>
  Interacciones farmacodinámicas Debido a su mecanismo de acción,
  <drug gate:gateId="4120" rule="Drug">galantamina</drug>
  no debe administrarse concomitantemente con otros colinomiméticos (tales como ambenonio,
  <drug gate:gateId="4121" rule="Drug">donepezilo</drug>
  , neostigmina,
  <drug gate:gateId="4122" rule="Drug">piridostigmina</drug>
  ,
  <drug gate:gateId="4123" rule="Drug">rivastigmina</drug>
  o
  <drug gate:gateId="4124" rule="Drug">pilocarpina</drug>
  administrada sistémicamente). Galantamina posee potencial de antagonizar el efecto de los fármacos anticolinérgicos. La medicación anticolinérgica, como atropina, debe interrumpirse inmediatamente ya que existe un riesgo potencial de exacerbación de los efectos de la
  <drug gate:gateId="4125" rule="Drug">galantamina</drug>
  . Como es de esperar con los colinomiméticos, es posible que se produzca una
  <effect gate:gateId="4126" rule="Effect" Simplification="interacción con fármacos">interacción farmacodinámica</effect>
  con medicamentos que reducen significativamente la frecuencia cardiaca, tales como digoxina, betabloqueantes, ciertos agentes bloqueantes de los canales de calcio y
  <drug gate:gateId="4127" rule="Drug">amiodarona</drug>
  . Se debe tener precaución con aquellos medicamentos que tienen potencial para causar
  <effect gate:gateId="4128" rule="Effect" Simplification="arritmia">torsade de pointes</effect>
  . En estos casos se debería considerar la realización de un ECG. Galantamina, comocolinomimético, es probable que aumente la
  <effect gate:gateId="4129" rule="Effect" Simplification="relajación muscular">relajación muscular</effect>
  tipo succinilcolina durante la
  <effect gate:gateId="4130" rule="Effect" Simplification="anestesia">anestesia</effect>
  , especialmente en casos de deficiencia de pseudocolinesterasa. Interacciones farmacocinéticas En la eliminación de
  <drug gate:gateId="4131" rule="Drug">galantamina</drug>
  participan varias vías metabólicas y la excreción renal. La posibilidad de interacciones clínicamente relevantes es baja. Sin embargo, la aparición de interacciones significativas puede ser clínicamente relevante en casos individuales. La administración concomitante con alimento reduce la velocidad de absorción de
  <drug gate:gateId="4132" rule="Drug">galantamina</drug>
  pero no afecta al grado de absorción. Se recomienda tomar Reminyl con alimentos para reducir al mínimo los efectos secundarios colinérgicos. Otros medicamentos que afectan al metabolismo de
  <drug gate:gateId="4133" rule="Drug">galantamina</drug>
  Estudios formales sobre interacciones con medicamentos han mostrado un aumento de la biodisponibilidad de
  <drug gate:gateId="4134" rule="Drug">galantamina</drug>
  de alrededor del 40 % durante la administración conjunta con
  <drug gate:gateId="4135" rule="Drug">paroxetina</drug>
  (un potente inhibidor del CYP2D6) y de un 30 % y un 12 % durante el tratamiento concomitante con
  <drug gate:gateId="4136" rule="Drug">ketoconazol</drug>
  y
  <drug gate:gateId="4137" rule="Drug">eritromicina</drug>
  (ambos inhibidores del CYP3A4). Por lo tanto, al iniciar tratamiento con inhibidores potentes del CYP2D6 (por ejemplo, quinidina,
  <drug gate:gateId="4138" rule="Drug">paroxetina</drug>
  o
  <drug gate:gateId="4139" rule="Drug">fluoxetina</drug>
  ) o del CYP3A4 (por ejemplo,
  <drug gate:gateId="4140" rule="Drug">ketoconazol</drug>
  o
  <drug gate:gateId="4141" rule="Drug">ritonavir</drug>
  ) los pacientes pueden experimentar una mayor incidencia de reacciones adversas colinérgicas, especialmente
  <effect gate:gateId="4142" rule="Effect" Simplification="vómitos">náuseas y vómitos</effect>
  . En estas circunstancias, y en función de la tolerabilidad, puede considerarse una reducción de la dosis de mantenimiento de
  <drug gate:gateId="4143" rule="Drug">galantamina</drug>
  (ver sección 4.2). Memantina, un antagonista del receptor N-metil-D-aspartato (NMDA), a una dosis de 10 mg una vez al día durante dos días y a continuación 10 mg dos veces al día durante 12 días. no tuvo efecto sobre la farmacocinética de
  <drug gate:gateId="4144" rule="Drug">galantamina</drug>
  (como Reminyl 16 mg cápsulas de liberación prolongada una vez al día) en estado estacionario. Efecto de
  <drug gate:gateId="4145" rule="Drug">galantamina</drug>
  sobre el metabolismo de otros medicamentos Dosis terapéuticas de
  <drug gate:gateId="4146" rule="Drug">galantamina</drug>
  24 mg/día no tuvieron ningún efecto sobre la cinética de digoxina , aunque pueden producirse interacciones farmacodinámicas (ver también interacciones farmacodinámicas). A dosis terapéuticas,
  <drug gate:gateId="4147" rule="Drug">galantamina</drug>
  24 mg/día no tiene ningún efecto en la cinética ni en el tiempo de protombina de la
  <drug gate:gateId="4148" rule="Drug">warfarina</drug>
  . Embarazo y lactancia Embarazo No se dispone de datos clínicos sobre exposición a
  <drug gate:gateId="4149" rule="Drug">galantamina</drug>
  en el
  <effect gate:gateId="4150" rule="Effect" Simplification="embarazo">embarazo</effect>
  . Los estudios en animales muestran
  <effect gate:gateId="4151" rule="Effect" Simplification="toxicidad reproductiva">toxicidad reproductiva</effect>
  (ver sección 5.3). Se recomienda precaución al prescribirlo a mujeres embarazadas. Lactancia Se desconoce si
  <drug gate:gateId="4152" rule="Drug">galantamina</drug>
  se excreta por la leche materna y no hay estudios en mujeres lactantes. Por lo tanto, las mujeres en tratamiento con REMINYL no deben amamantar. Efectos sobre la capacidad para conducir y utilizar máquinas La influencia de
  <drug gate:gateId="4153" rule="Drug">galantamina</drug>
  sobre la capacidad para conducir o utilizar máquinas es pequeña o moderada. Los síntomas incluyen
  <effect gate:gateId="4154" rule="Effect" Simplification="mareo">mareo</effect>
  y
  <effect gate:gateId="4155" rule="Effect" Simplification="somnolencia">somnolencia</effect>
  , especialmente durante las primeras semanas tras iniciar el tratamiento.- Reacciones adversas Las reacciones adversas observadas con más frecuencia en los ensayos clínicos (incidencia 5 % y doble frecuencia que con el placebo) fueron
  <effect gate:gateId="4156" rule="Effect" Simplification="náuseas">náuseas</effect>
  ,
  <effect gate:gateId="4157" rule="Effect" Simplification="vómitos">vómitos</effect>
  ,
  <effect gate:gateId="4158" rule="Effect" Simplification="diarrea">diarrea</effect>
  ,
  <effect gate:gateId="4159" rule="Effect" Simplification="dolor abdominal">dolor abdominal</effect>
  ,
  <effect gate:gateId="4160" rule="Effect" Simplification="enfermedades del estómago ">dispepsia</effect>
  ,
  <effect gate:gateId="4161" rule="Effect" Simplification="trastornos de la alimentación ">anorexia</effect>
  ,
  <effect gate:gateId="4162" rule="Effect" Simplification="fatiga ">fatiga</effect>
  ,
  <effect gate:gateId="4163" rule="Effect" Simplification="mareo">mareo</effect>
  ,
  <effect gate:gateId="4164" rule="Effect" Simplification="dolor de cabeza">cefalea</effect>
  ,
  <effect gate:gateId="4165" rule="Effect" Simplification="somnolencia">somnolencia</effect>
  y
  <effect gate:gateId="4166" rule="Effect" Simplification="___">pérdida de peso.</effect>
  Las
  <effect gate:gateId="4167" rule="Effect" Simplification="náuseas">náuseas</effect>
  ,
  <effect gate:gateId="4168" rule="Effect" Simplification="vómitos">vómitos</effect>
  y
  <effect gate:gateId="4169" rule="Effect" Simplification="trastornos de la alimentación ">anorexia</effect>
  se observaron más frecuentemente en mujeres. Otras reacciones adversas frecuentes observadas en los ensayos clínicos (incidencia 5 % y placebo) fueron
  <effect gate:gateId="4170" rule="Effect" Simplification="confusión">confusión</effect>
  ,
  <effect gate:gateId="4171" rule="Effect" Simplification="depresión">depresión</effect>
  ,
  <effect gate:gateId="4172" rule="Effect" Simplification="caída">caída</effect>
  ,
  <effect gate:gateId="4173" rule="Effect" Simplification="lesión">lesión</effect>
  ,
  <effect gate:gateId="4174" rule="Effect" Simplification="insomnio">insomnio</effect>
  ,
  <effect gate:gateId="4175" rule="Effect" Simplification="inflamación en las fosas nasales">rinitis</effect>
  e
  <effect gate:gateId="4176" rule="Effect" Simplification="infección">infección</effect>
  de vías urinarias. En un ensayo clínico, aleatorizado, doble
  <effect gate:gateId="4177" rule="Effect" Simplification="ciego">ciego</effect>
  y controlado con placebo, los acontecimientos adversos aparecidos con el tratamiento con Reminyl cápsulas de liberación prolongada una vez al día fueron similares en cuanto a frecuencia y tipo a los observados con comprimidos. La mayoría de estas reacciones adversas se produjeron durante el período de ajuste de la dosis. Las
  <effect gate:gateId="4178" rule="Effect" Simplification="vómitos">náuseas y vómitos</effect>
  , los acontecimientos adversos más frecuentes, duraron menos de una semana en la mayoría de los casos y la mayor parte de los pacientes sólo tuvieron un episodio. La prescripción de antieméticos y asegurar una adecuada ingesta de líquidos puede ser útil en estos casos. Reacciones adversas observadas durante los ensayos clínicos y tras la comercialización Órgano o sistema Muy Frecuente Poco frecuente Raro Muy raro Infecciones e Rinitis infestaciones Infecciones Trastornos Anorexia Deshidrataci metabólicos y de la Pérdida de ón nutrición peso (que puede Trastornos Confusión Agresión psiquiátricos Depresión(m Agitación Trastornos del Mareo Parestesia Convulsione sistema
  <effect gate:gateId="4179" rule="Effect" Simplification="nervioso">nervioso</effect>
  Somnolencia s Empeoramiento Trastornos del oído y Acúfenos del laberinto Trastornos cardiacos Arritmia Bradicardia Trastornos vasculares Hipertensión Enfermedad Hipotensión Trastornos Náuseas Dolor Disfagia gastrointestinales Vómitos abdominal Hemorragia Trastornos hepatobiliares Trastornos de la piel Rash Aumento de la y del tejido
  <effect gate:gateId="4180" rule="Effect" Simplification=" sudoración ">sudoración</effect>
  subcutáneo Trastornos Calambres en las musculoesqueléticos piernas y del tejido conectivo Trastornos generales Astenia y alteraciones en el Fatiga punto de Fiebre administración Cefalea Lesión, Caída
  <effect gate:gateId="4181" rule="Effect" Simplification="intoxicación">envenenamiento</effect>
  y Lesión complicaciones del proceso Las frecuencias se definen como: muy frecuente (&gt; 1/10), frecuente ( 1/100 a &lt; 1/10), poco frecuente ( 1/1.000 a &lt; 1/100), raro ( 1/10.000 a &lt; 1/1.000) y muy raro (&lt; 1/10.000) Algunas de estas reacciones adversas pueden ser atribuibles a las propiedades colinomiméticas de
  <drug gate:gateId="4182" rule="Drug">galantamina</drug>
  o en algunos casos pueden representar manifestaciones o exacerbaciones de procesos patológicos subyacentes frecuentes en la población anciana. Sobredosis Síntomas Es previsible que los signos y síntomas de una sobredosis significativa de
  <drug gate:gateId="4183" rule="Drug">galantamina</drug>
  sean similares a los de la sobredosis con otros colinomiméticos. Estos efectos afectan generalmente al sistema
  <effect gate:gateId="4184" rule="Effect" Simplification="nervioso">nervioso</effect>
  central, al sistema
  <effect gate:gateId="4185" rule="Effect" Simplification="nervioso">nervioso</effect>
  parasimpático y a la unión neuromuscular. Además de
  <effect gate:gateId="4186" rule="Effect" Simplification="debilidad muscular">debilidad muscular</effect>
  o fasciculaciones, pueden desarrollarse algunos o todos los signos de una
  <effect gate:gateId="4187" rule="Effect" Simplification="aumento de musculatura respiratoria">crisis colinérgica</effect>
  :
  <effect gate:gateId="4188" rule="Effect" Simplification="náuseas">náuseas</effect>
  intensas,
  <effect gate:gateId="4189" rule="Effect" Simplification="vómitos">vómitos</effect>
  ,
  <effect gate:gateId="4190" rule="Effect" Simplification="dolor gastrointestinal">espasmos gastrointestinales</effect>
  ,
  <effect gate:gateId="4191" rule="Effect" Simplification="salivación">salivación</effect>
  ,
  <effect gate:gateId="4192" rule="Effect" Simplification="lagrimeo">lagrimeo</effect>
  , micción, defecación,
  <effect gate:gateId="4193" rule="Effect" Simplification=" sudoración ">sudoración</effect>
  ,
  <effect gate:gateId="4194" rule="Effect" Simplification="anomalía cardiaca">bradicardia</effect>
  ,
  <effect gate:gateId="4195" rule="Effect" Simplification="presión arterial baja">hipotensión</effect>
  ,
  <effect gate:gateId="4196" rule="Effect" Simplification="colapso">colapso</effect>
  y
  <effect gate:gateId="4197" rule="Effect" Simplification="___">convulsiones.</effect>
  El incremento de la
  <effect gate:gateId="4198" rule="Effect" Simplification="debilidad muscular">debilidad muscular</effect>
  junto con la hipersecreción traqueal y el
  <effect gate:gateId="4199" rule="Effect" Simplification="trastornos de los bronquios">broncoespasmo</effect>
  podría producir compromiso vital de la vía aérea. Existen informes del período post-comercialización en los que se notificaron casos de
  <effect gate:gateId="4200" rule="Effect" Simplification="arritmia">torsade de pointes</effect>
  , , prolongación del intervalo QT,
  <effect gate:gateId="4201" rule="Effect" Simplification="anomalía cardiaca">bradicardia</effect>
  ,
  <effect gate:gateId="4202" rule="Effect" Simplification="alteración del ritmo cardiaco">taquicardia ventricular</effect>
  y pérdida momentánea de conciencia asociados a sobredosis accidentales de
  <drug gate:gateId="4203" rule="Drug">galantamina</drug>
  . Se ha dado un caso en el que en un solo día la dosis ingerida fue de ocho comprimidos de 4 mg (32 mg en total). Se notificaron dos casos más de toma accidental de 32 mg (
  <effect gate:gateId="4204" rule="Effect" Simplification="náuseas">náuseas</effect>
  ,
  <effect gate:gateId="4205" rule="Effect" Simplification="vómitos">vómitos</effect>
  y
  <effect gate:gateId="4206" rule="Effect" Simplification="sequedad de boca">sequedad de boca</effect>
  ;
  <effect gate:gateId="4207" rule="Effect" Simplification="náuseas">náuseas</effect>
  ,
  <effect gate:gateId="4208" rule="Effect" Simplification="vómitos">vómitos</effect>
  y
  <effect gate:gateId="4209" rule="Effect" Simplification="dolor de pecho">dolor de pecho subesternal</effect>
  ) y uno de 40 mg (
  <effect gate:gateId="4210" rule="Effect" Simplification="vómitos">vómitos</effect>
  ) que dieron lugar a períodos de hospitalizaciones breves para observación, con recuperación completa. Un paciente, al que se le prescribió 24 mg/día y que tenía un historial de
  <effect gate:gateId="4211" rule="Effect" Simplification="alucinaciones">alucinaciones</effect>
  durante los dos años anteriores, recibió equivocadamente 24 mg dos veces al día durante 34 días y desarrolló
  <effect gate:gateId="4212" rule="Effect" Simplification="alucinaciones">alucinaciones</effect>
  que requirieron hospitalización. Otro paciente al que se prescribió 16 mg/día de solución oral, inadvertidamente tomó 160 mg (40 ml) y experimentó
  <effect gate:gateId="4213" rule="Effect" Simplification=" sudoración ">sudoración</effect>
  ,
  <effect gate:gateId="4214" rule="Effect" Simplification="vómitos">vómitos</effect>
  ,
  <effect gate:gateId="4215" rule="Effect" Simplification="anomalía cardiaca">bradicardia</effect>
  y
  <effect gate:gateId="4216" rule="Effect" Simplification="perdida del conocimiento">presíncope</effect>
  una hora después, el cual necesitó tratamiento hospitalario. Los síntomas se resolvieron en 24 horas. Tratamiento Como en cualquier caso de sobredosis, deben usarse medidas generales de soporte vital. En casos graves, se pueden emplear anticolinérgicos, tales como atropina, como un antídoto general para colinomiméticos. Se recomienda una dosis inicial de 0,5 a 1,0 mg i.v., con dosis adicionales en función de la respuesta clínica. Dado que las estrategias para el tratamiento de la sobredosis están evolucionando continuamente, es aconsejable ponerse en contacto con un centro de control de intoxicaciones para determinar las últimas recomendaciones para el tratamiento de una sobredosis. PROPIEDADES FARMACOLÓGICAS Propiedades farmacodinámicas Grupo farmacoterapéutico: fármacos antidemencia Código ATC: N06DA04 Galantamina, un alcaloide terciario, es un inhibidor selectivo, competitivo y reversible de la acetilcolinesterasa. Además,
  <drug gate:gateId="4217" rule="Drug">galantamina</drug>
  mejora la acción intrínseca de la acetilcolina sobre los receptores nicotínicos, probablemente mediante la unión a un punto alostérico del receptor. En consecuencia, puede lograrse una mayor actividad en el sistema colinérgico asociada a una mejor función cognitiva en pacientes con
  <effect gate:gateId="4218" rule="Effect" Simplification="demencia">demencia</effect>
  de tipo Alzheimer. Estudios clínicos REMINYL se desarrolló originalmente en forma de comprimidos de liberación inmediata para su administración dos veces al día. Las dosis de
  <drug gate:gateId="4219" rule="Drug">galantamina</drug>
  eficaces en estos ensayos clínicos controlados con placebo con una duración de 5 a 6 meses fueron 16, 24 y 32 mg/día. Se determinó que estas dosis16 y 24 mg/día tenían la mejor relación beneficio/riesgo y son las dosis de mantenimiento recomendadas. La eficacia de
  <drug gate:gateId="4220" rule="Drug">galantamina</drug>
  se ha demostrado mediante los cambios en las puntuaciones de diferentes escalas que evalúan los tres principales complejos sintomatológicos de la
  <effect gate:gateId="4221" rule="Effect" Simplification="enfermedad">enfermedad</effect>
  y una escala global: ADAS-cog/11 (medida de la cognición basada en la capacidad de ejecución), DAD y ADCS-ADL-Inventory (mediciones de actividades de la vida cotidiana básicas e instrumentales), Neuropsychiatric Inventory (escala que mide trastornos conductuales) y CIBIC-plus (valoración global realizada por un médico independiente basada en una entrevista clínica con el paciente y el
  <effect gate:gateId="4222" rule="Effect" Simplification="cuidador">cuidador</effect>
  ). Análisis compuesto de los pacientes respondedores basado en mejoras de al menos 4 puntos en ADAS-cog/11 en comparación con el valor basal y en la puntuación CIBIC-plus sin cambios + mejoría (1-4) y DAD/ADL sin cambios + mejoría. Ver la siguiente tabla. Mejoría mínima de 4 puntos respecto al valor basal en ADAS-cog/11 y Tratamiento ITT Clásica# Placebo 42 21 (5,0) - - 273 18 (6,6) - - Gal - - - - 266 39 (14,7 8,1 (3, 0,003 16 mg/día ) 13) Gal 42 60 (14,2 9,2 (5, &lt; 0,00 262 40 (15,3 8,7 (3, 0,002 24 mg/día 4 ) 13) 1 ) 14) *LOCF Tradicional Placebo 41 23 (5,6) - - 261 17 (6,5) - - Gal - - - - 253 36 (14,2 7,7 (2, 0,005 16 mg/día ) 13) Gal 39 58 (14,5 8,9 (5, &lt; 0,00 253 40 (15,8 9,3 (4, 0,001 24 mg/día 9 ) 13) 1 ) 15) # ITT: Por intención de tratar. Prueba de CMH de la diferencia respecto a placebo. * LOCF: Última observación llevada a cabo. La eficacia de las cápsulas de de liberación prolongada de Reminyl se estudió en un ensayo aleatorizado, doble
  <effect gate:gateId="4223" rule="Effect" Simplification="ciego">ciego</effect>
  y controlado con placebo, GAL-INT-10, con aumento de dosis cada 4 semanas y régimen posológico flexible de 16 ó 24 mg/día en un tratamiento de 6 meses de duración. Los comprimidos de liberación inmediata de Reminyl (GAL-IR) se utilizaron como una rama de control activo. Se evaluó la eficacia utilizando las puntuaciones de ADAS-cog/11 y CIBIC-plus como criterios de eficacia co-primarios y las puntuaciones ADCS-ADL y NPI como criterios secundarios de valoración. Las cápsulas de liberación prolongada de Reminyl (Gal-PR) mostraron mejoras estadísticamente significativas en la puntuación de ADAS-cog/11 en comparación con placebo, pero no se encontraron diferencias estadísticamente significativas en la puntuación del CIBIC-plus en comparación con placebo. Las diferencias frente a placebo en la puntuación del ADCS-ADL fueron estadísticamente significativas en la semana 26. Análisis compuesto de los pacientes respondedores en la semana 26 basado en mejoras de al menos 4 puntos comparado con el valor basal en ADAS-cog/11, puntuación total ADL sin cambios + mejoría ( 0) y no empeoramiento en la puntuación CIBIC-plus (1-4). Ver la siguiente tabla. Gal-IR Gal-PR* GAL-INT-10 Placeb Valor de p (n=245 (n=225) (n=238) Respuesta 20 43 (19,1) 38 (16,0) 0,008 compuesta: n% (8,2) Comprimidos de liberación inmediata * Cápsulas deliberación prolongada Los resultados de un ensayo, doble
  <effect gate:gateId="4224" rule="Effect" Simplification="ciego">ciego</effect>
  , controlado con placebo de 26 semanas de duración, en el cual fueron incluidos pacientes con
  <effect gate:gateId="4225" rule="Effect" Simplification="demencia por lesiónes">demencia vascular</effect>
  y pacientes con
  <effect gate:gateId="4226" rule="Effect" Simplification="demencia">demencia</effect>
  de tipo Alzheimer y
  <effect gate:gateId="4227" rule="Effect" Simplification="enfermedad">enfermedad</effect>
  cerebrovascular concomitante ("Demencia mixta"), indicaron que el efecto sintomático de la
  <drug gate:gateId="4228" rule="Drug">galantamina</drug>
  es mantenido en pacientes con
  <effect gate:gateId="4229" rule="Effect" Simplification="enfermedad">enfermedad</effect>
  de Alzheimer y
  <effect gate:gateId="4230" rule="Effect" Simplification="enfermedad">enfermedad</effect>
  cerebrovascular concomitante (ver sección 4.4 Trastornos del Sistema
  <effect gate:gateId="4231" rule="Effect" Simplification="nervioso">nervioso</effect>
  ). En un análisis de subgrupo post-hoc, no se observó efecto estadísticamente significativo en el subgrupo de pacientes con solo
  <effect gate:gateId="4232" rule="Effect" Simplification="demencia por lesiónes">demencia vascular</effect>
  . En un segundo ensayo, controlado con placebo, de 26 semanas de duración, en el que se incluyeron pacientes con probable
  <effect gate:gateId="4233" rule="Effect" Simplification="demencia por lesiónes">demencia vascular</effect>
  , no se demostró un beneficio clínico del tratamiento con
  <drug gate:gateId="4234" rule="Drug">galantamina</drug>
  . Propiedades farmacocinéticas Galantamina es un compuesto alcalino con una constante de ionización (pKa 8,2). Es ligeramente lipofílico y tiene un coeficiente de partición (Log P) entre n-octanol/solución tampón (pH 12) de 1,09. La solubilidad en agua (pH 6) es de 31 mg/ml. Galantamina tiene tres centros quirales. S, R, S es la forma natural. Galantamina es metabolizada parcialmente por diversos citocromos, principalmente el CYP2D6 y el CYP3A4. Se ha demostrado que algunos de los metabolitos formados durante la degradación de
  <drug gate:gateId="4235" rule="Drug">galantamina</drug>
  son activos in vitro, pero carecen de importancia in vivo. Características generales de
  <drug gate:gateId="4236" rule="Drug">galantamina</drug>
  Absorción La biodisponibilidad absoluta de
  <drug gate:gateId="4237" rule="Drug">galantamina</drug>
  es alta, 88,5 ± 5,4 %. Las cápsulas de de liberación prolongada de Reminyl son bioequivalentes con los comprimidos de liberación inmediata administrados dos veces al día en lo que se refiere al AUC24h y la Cmin. El valor de la Cmáx se alcanza después de 4,4 horas y es alrededor de un 24 % menor que la del comprimido. El alimento no tiene efecto significativo sobre el AUC de las cápsulas de liberación prolongada. La Cmáx aumentó en alrededor de un 12 % y el Tmáx aumentó en cerca de 30 minutos al administrar la cápsula después de tomar alimento. Sin embargo, es improbable que estos cambios tengan relevancia clínica. Distribución El volumen medio de distribución es de 175
  <effect gate:gateId="4238" rule="Effect" Simplification="..">l</effect>
  . La unión a proteínas plasmáticas es baja, de un 18 %. Metabolismo Hasta un 75 % de la dosis de
  <drug gate:gateId="4239" rule="Drug">galantamina</drug>
  se elimina mediante metabolización. Los estudios in vitro indican que el CYP2D6 participa en la formación de O-desmetilgalantamina y que el CYP3A4 participa en la formación de N-óxido-
  <drug gate:gateId="4240" rule="Drug">galantamina</drug>
  . Los niveles de excreción de radiactividad total en orina y heces no fueron diferentes entre metabolizadores CYP2D6 lentos y rápidos. En el plasma de metabolizadores lentos y rápidos,
  <drug gate:gateId="4241" rule="Drug">galantamina</drug>
  inalterada y su glucurónido representaban la mayor parte de la radiactividad de la muestra. Ninguno de los metabolitos activos de
  <drug gate:gateId="4242" rule="Drug">galantamina</drug>
  (norgalantamina, O-desmetilgalantamina y O-desmetil-norgalantamina) pudieron detectarse en su forma no conjugada en el plasma de los metabolizadores lentos y rápidos después de una administración única. Norgalantamina fue detectable en el plasma de pacientes después de varias administraciones, pero no representaba más del 10 % de los niveles de
  <drug gate:gateId="4243" rule="Drug">galantamina</drug>
  . Los estudios in vitro indicaron que el potencial de inhibición de
  <drug gate:gateId="4244" rule="Drug">galantamina</drug>
  en lo que se refiere a las principales formas del citocromo P450 humano es muy bajo. Eliminación La concentración plasmática de
  <drug gate:gateId="4245" rule="Drug">galantamina</drug>
  desciende biexponencialmente, con una semivida terminal de alrededor de 8-10 horas en sujetos sanos. El aclaramiento oral característico en la población objetivo es de alrededor de 200 ml/min, con una variabilidad intersujetos de un 30 % según se deriva del análisis poblacional de los comprimidos de liberación inmediata. Siete días después de una dosis oral única de 4 mg de ³H-
  <drug gate:gateId="4246" rule="Drug">galantamina</drug>
  , se recuperó el 90-97 % de la radiactividad en orina y el 2,2-6,3 % en heces. Tras la infusión i.v. y la administración oral, el 18-22 % de la dosis se excretó como
  <drug gate:gateId="4247" rule="Drug">galantamina</drug>
  inalterada a través de la orina en 24 horas, con un aclaramiento renal de 68,4 ± 22,0 ml/min, lo que representa un 20-25 % del aclaramiento plasmático total. Linealidad de la dosis En las cápsulas de liberación prolongada de Reminyl la farmacocinética de
  <drug gate:gateId="4248" rule="Drug">galantamina</drug>
  es proporcional a la dosis dentro del intervalo posológico de 8 a 24 mg una vez al día en los grupos de edad de ancianos y jóvenes. Características en pacientes Los resultados de los ensayos clínicos indican que las concentraciones plasmáticas de
  <drug gate:gateId="4249" rule="Drug">galantamina</drug>
  en los pacientes con
  <effect gate:gateId="4250" rule="Effect" Simplification="enfermedad">enfermedad</effect>
  de Alzheimer son de un 30 % a un 40 % mayores que en sujetos jóvenes sanos, principalmente debido a la edad avanzada y a la disminución de la función renal. Basado en un análisis cinético poblacional, el aclaramiento en mujeres fue un 20 % menor que en varones. El aclaramiento de
  <drug gate:gateId="4251" rule="Drug">galantamina</drug>
  en metabolizadores lentos del CYP2D6 es cerca de un 25 % inferior que en los metabolizadores rápidos, pero no se observa bimodalidad en la población. Por lo MINISTERIO tanto, no se considera que el estado metabólico del paciente tenga relevancia clínica en la población general. La farmacocinética de
  <drug gate:gateId="4252" rule="Drug">galantamina</drug>
  en sujetos con
  <effect gate:gateId="4253" rule="Effect" Simplification="insuficiencia hepática">insuficiencia hepática</effect>
  leve (puntuación de Child-Pugh de 5 a 6) fue comparable a la de los sujetos sanos. En los pacientes con
  <effect gate:gateId="4254" rule="Effect" Simplification="insuficiencia hepática">insuficiencia hepática</effect>
  moderada (puntuación de Child-Pugh de 7 a 9), el AUC y la semivida de
  <drug gate:gateId="4255" rule="Drug">galantamina</drug>
  aumentaron cerca de un 30 % (Ver sección 4.2). La eliminación de
  <drug gate:gateId="4256" rule="Drug">galantamina</drug>
  disminuye al reducirse el aclaramiento de creatinina, según se ha observado en un estudio en sujetos con
  <effect gate:gateId="4257" rule="Effect" Simplification="insuficiencia renal ">insuficiencia renal</effect>
  . En comparación con los pacientes con Alzheimer, las concentraciones máxima y valle no aumentaron en los pacientes con un aclaramiento de creatinina 9 ml/min. Por lo tanto, no se espera un aumento de los acontecimientos adversos y no es necesario ajustar la dosis (Ver sección 4.2). Relación farmacocinética/farmacodinámica No se observaron correlaciones evidentes entre las concentraciones plasmáticas promedio y los parámetros de eficacia (es decir, cambio en ADAS-cog/11 y CIBIC-plus en el mes 6) en los grandes ensayos de fase III con un régimen posológico de 12 y 16 mg dos veces al día. Las concentraciones plasmáticas en pacientes que presentaron
  <effect gate:gateId="4258" rule="Effect" Simplification="desmayo">síncope</effect>
  estuvieron dentro del mismo intervalo que en otros pacientes tratados con la misma dosis. Se ha demostrado que la aparición de
  <effect gate:gateId="4259" rule="Effect" Simplification="náuseas">náuseas</effect>
  se correlaciona con la presencia de concentraciones plasmáticas máximas elevadas (Ver sección 4.5). Datos preclínicos sobre seguridad Los datos de los estudios no clínicos no muestran riesgos especiales para los seres humanos según los estudios convencionales de seguridad farmacológica, toxicidad con dosis repetidas, genotoxicidad y potencial carcinógeno. Los estudios de
  <effect gate:gateId="4260" rule="Effect" Simplification="toxicidad reproductiva">toxicidad reproductiva</effect>
  revelaron un leve retraso del desarrollo en ratas y conejos con dosis por debajo del umbral de toxicidad en las mujeres embarazadas. DATOS FARMACÉUTICOS Lista de excipientes Pelet de liberación prolongada: Ftalato de dietilo, Etilcelulosa, Hipromelosa, Macrogol 400 Almidón de maíz, Sacarosa. Cápsula: Gelatina Dióxido de titanio (E171) La cápsula de 16 mg contiene también óxido de hierro rojo (E172). La cápsula de 24 mg contiene también óxido de hierro rojo (E172) y óxido de hierro amarillo (E172). Tinta de impresión Ácido benzoico (E210) Óxido de hierro negro (E172) Siloxanos de dimetilo Glicéridos Lecitina (Soja) (E322), Metilcelulosa Macrogol Estearato de macrogol Shellac Acido sórbico Goma xantam Incompatibilidades No procede. Periodo de validez 2 años. Precauciones especiales de conservación No conservar a temperatura superior a 30ºC. Naturaleza y contenido del envase Tamaños de envase disponibles: Cápsulas duras de liberación prolongada de 8 mg: 7 ó 28 cápsulas duras de liberación prolongada (blister de PVC-PE-PVDC/ Aluminio); 300 cápsulas duras de liberación prolongada (frasco de HDPE); Cápsulas duras de liberación prolongada de 16 mg: 28, 56 ó 84 cápsulas duras de liberación prolongada (blister de PVC-PE-PVDC/ Aluminio); 300 cápsulas duras de liberación prolongada (frasco de HDPE); Cápsulas duras de liberación prolongada de 24 mg: 28, 56 ó 84 cápsulas duras de liberación prolongada (blister de PVC-PE-PVDC/ Aluminio); 300 cápsulas duras de liberación prolongada (frasco de HDPE); Puede que no estén comercializados todos los tamaños. Precauciones especiales de eliminación y otras manipulaciones No procede. TITULAR DE LA AUTORIZACIÓN DE COMERCIALIZACIÓN Janssen-Cilag, S.A. Pº de Las Doce Estrellas 5-7 Campo de las Naciones 28042- Madrid NÚMERO(S) DE AUTORIZACIÓN DE COMERCIALIZACIÓN 8 mg: 66650 16 mg: 66651 24 mg: 66652 FECHA DE LA PRIMERA AUTORIZACIÓN/RENOVACIÓN DE LA AUTORIZACIÓN Fecha de la primera autorización: Abril 2005 Fecha de la revalidación:18 Abril 2007 FECHA DE LA REVISIÓN DEL TEXTO Febrero 2008
</paragraph>
