<?xml version="1.0" encoding="UTF-8"?>
<paragraph xmlns:gate="http://www.gate.ac.uk" gate:gateId="0" gate:annotMaxId="297">
  Trastornos psiquiátricos Poco frecuentes: Reacciones psicóticas (diferentes de
  <effect gate:gateId="267" rule="Effect" Simplification="alucinaciones">alucinaciones</effect>
  ) incluyendo
  <effect gate:gateId="268" rule="Effect" Simplification="ideas delirantes">ideas delirantes</effect>
  (
  <effect gate:gateId="269" rule="Effect" Simplification="delirio">delirio</effect>
  ), percepciones erróneas,
  <effect gate:gateId="270" rule="Effect" Simplification="trastorno delirante">paranoia</effect>
  . Asimismo, en estudios post-autorización se han notificado casos de alteraciones en el control de impulsos incluyendo
  <effect gate:gateId="271" rule="Effect" Simplification="adicción">adicción</effect>
  patológica al juego,
  <effect gate:gateId="272" rule="Effect" Simplification="hipersexualidad">hipersexualidad</effect>
  e aumento de la libido (ver sección 4.4). Uso en estudios con monoterapia: Frecuentes:
  <effect gate:gateId="273" rule="Effect" Simplification="alucinaciones">alucinaciones</effect>
  . Uso en estudios con tratamiento coadyuvante: Frecuentes:
  <effect gate:gateId="274" rule="Effect" Simplification="confusión">confusión</effect>
  ,
  <effect gate:gateId="275" rule="Effect" Simplification="alucinaciones">alucinaciones</effect>
  . Trastornos del sistema
  <effect gate:gateId="276" rule="Effect" Simplification="nervioso">nervioso</effect>
  Frecuentes:
  <effect gate:gateId="277" rule="Effect" Simplification="mareo">mareo</effect>
  (incluyendo
  <effect gate:gateId="278" rule="Effect" Simplification="mareo y vértigo">vértigo</effect>
  ) Poco frecuentes:
  <effect gate:gateId="279" rule="Effect" Simplification="somnolencia">somnolencia</effect>
  en exceso durante el día, sueño repentino Ropinirol puede causar
  <effect gate:gateId="280" rule="Effect" Simplification="somnolencia">somnolencia</effect>
  y de forma poco frecuente puede producir
  <effect gate:gateId="281" rule="Effect" Simplification="somnolencia">somnolencia diurna excesiva</effect>
  y episodios de sueño repentino. Uso en estudios con monoterapia: Muy frecuentes:
  <effect gate:gateId="282" rule="Effect" Simplification="somnolencia">somnolencia</effect>
  ,
  <effect gate:gateId="283" rule="Effect" Simplification="desmayo">síncope</effect>
  . Uso en estudios con tratamiento coadyuvante: Muy frecuentes:
  <effect gate:gateId="284" rule="Effect" Simplification="movimientos anormales">discinesia</effect>
  ,
  <effect gate:gateId="285" rule="Effect" Simplification="___">somnolencia.</effect>
  Trastornos vasculares Poco frecuentes:
  <effect gate:gateId="286" rule="Effect" Simplification="presión arterial baja">hipotensión</effect>
  ,
  <effect gate:gateId="287" rule="Effect" Simplification="presión sanguínea baja">hipotensión postural</effect>
  La
  <effect gate:gateId="288" rule="Effect" Simplification="presión arterial baja">hipotensión</effect>
  o
  <effect gate:gateId="289" rule="Effect" Simplification="presión sanguínea baja">hipotensión postural</effect>
  son raramente graves. Trastornos gastrointestinales Uso en estudios con monoterapia: Muy frecuentes:
  <effect gate:gateId="290" rule="Effect" Simplification="náuseas">náuseas</effect>
  Frecuentes:
  <effect gate:gateId="291" rule="Effect" Simplification="dolor abdominal">dolor abdominal</effect>
  ,
  <effect gate:gateId="292" rule="Effect" Simplification="vómitos">vómitos</effect>
  ,
  <effect gate:gateId="293" rule="Effect" Simplification="acidez">acidez gástrica</effect>
  Uso en estudios con tratamiento coadyuvante: Muy frecuentes:
  <effect gate:gateId="294" rule="Effect" Simplification="náuseas">náuseas</effect>
  Frecuentes:
  <effect gate:gateId="295" rule="Effect" Simplification="acidez">acidez gástrica</effect>
  Trastornos hepatobiliares Muy raros: reacciones hepáticas, principalmente aumento de enzimas hepáticas Trastornos generales Uso en estudios con monoterapia: Frecuentes:
  <effect gate:gateId="296" rule="Effect" Simplification="hinchazón">edema</effect>
  maleolar
</paragraph>
