<?xml version="1.0" encoding="UTF-8"?>
<paragraph xmlns:gate="http://www.gate.ac.uk" gate:gateId="0" gate:annotMaxId="943">
  5.- PROPIEDADES FARMACOLOGICAS 5.1.- Propiedades farmacodinámicas Grupo farmacoterapéutico: Antiinflamatorio no esteroideo (AINE) con propiedades antiinflamatorias, analgésicas y antipiréticas, así como inhibidoras de la agregación plaquetaria, código ATC: M01AC El tenoxicam inhibe la biosíntesis de las prostaglandinas tanto in vitro (
  <effect gate:gateId="939" rule="Effect" Simplification="vesícula">vesícula</effect>
  seminal del carnero) como in vivo (protección contra la toxicidad inducida en el ratón con ácido araquidónico). De los ensayos in vitro con la peroxidasa leucocitaria se infiere que el tenoxicam podría neutralizar el oxígeno activo en el foco inflamatorio (captador de radicales). El tenoxicam es un potente inhibidor in vitro de las metaloproteinasas humanas, estromelisina y colagenasa, inductoras de la degradación del cartílago. Estos efectos farmacológicos explican, al menos en parte, la eficacia del REUTENOX 20 mg en el tratamiento de las enfermedades inflamatorias y degenerativas dolorosas del aparato locomotor. 5.2.- Propiedades farmacocinéticas Administrado por vía oral, el tenoxicam se absorbe rápida y completamente (biodisponibilidad absoluta del 100%). La concentración plasmática máxima tras la administración oral en ayunas se alcanza en el espacio de dos horas. Entre los comprimidos recubiertos y el granulado no hay diferencias en la velocidad ni en el grado de absorción, lo que demuestra la bioequivalencia de estas formulaciones. Si se ingiere el tenoxicam con una comida, su absorción no varía cuantitativamente, pero es algo más lenta. El volumen medio de distribución es de 10-12 L. En la sangre, más del 99% del fármaco está ligado a la albúmina. La penetración del tenoxicam en el líquido sinovial es buena, pero más lenta que en el plasma. A la dosis recomendada de 20 mg una vez al día, el estado de equilibrio se alcanza en el plazo de 10 a 15 días, sin acumulación inesperada. Con esta pauta posológica, la concentración media en estado de equilibrio es de 10 g/mL, habiendo permanecido estable incluso después de cuatro años de tratamiento. Los resultados obtenidos con el régimen de una dosis única diaria revelan que el 0,2%, aproximadamente, del tenoxicam administrado se excreta con la leche materna. La semivida de eliminación del tenoxicam es en promedio de 72 horas (límites: 42 y 98 horas). El aclaramiento plasmático total es de 2 mL/min. Antes de ser excretado, el tenoxicam se degrada prácticamente por completo a metabolitos sin actividad farmacológica. Administrado por vía oral, hasta dos tercios de la dosis se excretan con la orina (principalmente en forma de metabolito inactivo 5-hidroxi-tenoxicam) y el resto con la bilis (una proporción importante en forma de glucurónidos). En el intervalo posológico de 10-100 mg, la farmacocinética del tenoxicam es lineal (independiente de la dosis). De los ensayos realizados en ancianos y pacientes con
  <effect gate:gateId="940" rule="Effect" Simplification="insuficiencia renal ">insuficiencia renal</effect>
  (aclaramiento de la creatinina: 12-131 mL/min) o
  <effect gate:gateId="941" rule="Effect" Simplification="enfermedad en el hígado">cirrosis hepática</effect>
  se infiere que no es preciso ajustar la dosis para alcanzar en ellos concentraciones plasmáticas comparables a las de los sujetos sanos. Los enfermos reumáticos y los ancianos tienen el mismo perfil farmacocinético que los voluntarios sanos. Dada la elevada fijación proteica del tenoxicam, ha de tenerse precaución cuando estén marcadamente reducidos los niveles de albúmina plasmática. 5.3.- Datos preclínicos sobre seguridad El tenoxicam no ha revelado propiedades mutagénicas, carcinogénicas ni teratógenas en la experimentación animal. Al igual que ocurre con otros inhibidores de las prostaglandinas, en los ensayos toxicológicos con animales se han observado efectos renales y gastrointestinales, así como una incidencia aumentada de distocias y partos retrasados. 6.- DATOS FARMACEUTICOS 6.1.- Lista de excipientes REUTENOX 20 mg comprimidos recubiertos: Lactosa, almidón de maíz, talco, estearato de magnesio, hipromelosa, macrogol 6000, dióxido de titanio y óxido de hierro amarillo (E 172). REUTENOX 20 mg granulado para suspensión oral: Aspartamo (30 mg), leche desnatada en polvo y etilvainillina. 6.2.- Incompatibilidades No se han descrito. 6.3.- Período de validez REUTENOX 20 mg comprimidos recubiertos: 5 años REUTENOX 20 mg granulado para suspensión oral: 3 años 6.4.- Precauciones especiales de conservación REUTENOX 20 mg granulado para suspensión oral: Protéjase del
  <effect gate:gateId="942" rule="Effect" Simplification="calor">calor</effect>
  . 6.5.- Naturaleza y contenido del envase REUTENOX 20 mg comprimidos recubiertos: comprimidos recubiertos (ranurados), acondicionados en blister. Envase de 20 comprimidos. REUTENOX 20 mg granulado para suspensión oral: granulado para suspensión oral acondicionado en sobres monodosis conteniendo 5 g de granulado. Envase de 20 sobres. 6.6.- Precauciones especiales de eliminación y otras manipulaciones REUTENOX 20 mg granulado para suspensión oral: el granulado debe tomarse inmediatamente, una vez disuelto en agua fría. 7.- TITULAR DE LA AUTORIZACIÓN DE COMERCIALIZACIÓN LABORATORIOS RUBIÓ, S.A. C/ Industria, 29 - Pol. Ind. Comte de Sert 08755 Castellbisbal, Barcelona 8.- NÚMERO DE AUTORIZACIÓN DE COMERCIALIZACIÓN REUTENOX 20 mg comprimidos recubiertos: 58.665 REUTENOX 20 mg granulado para suspensión oral: 60.557 9.- FECHA DE LA PRIMERA AUTORIZACIÓN REUTENOX 20 mg comprimidos recubiertos: Julio 1990 REUTENOX 20 mg granulado para suspensión oral: Febrero 1995 10.- FECHA DE REVISIÓN DEL TEXTO Diciembre 2007
</paragraph>
