<?xml version="1.0" encoding="UTF-8"?>
<paragraph xmlns:gate="http://www.gate.ac.uk" gate:gateId="0" gate:annotMaxId="1320">
  La seguridad de REYATAZ ha sido evaluada en terapia de combinación con otros medicamentos antiretrovirales en ensayos clinicos controlados realizados en 1.806 pacientes adultos tratados con REYATAZ 400 mg una vez al día (1.151 pacientes, 52 semanas de duración media y 152 semanas de duración máxima) o REYATAZ 300 mg con 100 mg de
  <drug gate:gateId="1252" rule="Drug">ritonavir</drug>
  una vez al día (655 pacientes, 48 semanas de duración media y 101 semanas de duración máxima). Las reacciones adversas fueron concordantes entre los pacientes que recibieron REYATAZ 400 mg una vez al día y los pacientes que recibieron REYATAZ 300 mg con 100 mg de
  <drug gate:gateId="1253" rule="Drug">ritonavir</drug>
  una vez al día, excepto en la
  <effect gate:gateId="1254" rule="Effect" Simplification="piel amarrilla">ictericia</effect>
  y los niveles elevados de bilirrubina total, que fueron notificados con más frecuencia con REYATAZ más
  <drug gate:gateId="1255" rule="Drug">ritonavir</drug>
  . Entre los pacientes que recibieron REYATAZ 400 mg una vez al día o REYATAZ 300 mg con
  <drug gate:gateId="1256" rule="Drug">ritonavir</drug>
  100 mg una vez al día, las únicas reacciones adversas de cualquier importancia notificadas con mucha frecuencia con al menos una posible relación con regímenes que contienen REYATAZ y uno o varios NRTIs fueron: naúsea (20%),
  <effect gate:gateId="1257" rule="Effect" Simplification="diarrea">diarrea</effect>
  (10%), e
  <effect gate:gateId="1258" rule="Effect" Simplification="piel amarrilla">ictericia</effect>
  (12%). Entre los pacientes que recibieron REYATAZ 300 mg con
  <drug gate:gateId="1259" rule="Drug">ritonavir</drug>
  100 mg, la frecuencia de
  <effect gate:gateId="1260" rule="Effect" Simplification="piel amarrilla">ictericia</effect>
  fue del 17%. En la mayoría de los casos, la
  <effect gate:gateId="1261" rule="Effect" Simplification="piel amarrilla">ictericia</effect>
  fue notificada de unos días a unos meses tras el inicio del tratamiento (ver sección 4.4). La terapia antiretroviral combinada ha sido asociada con la redistribución de grasa corporal (
  <effect gate:gateId="1262" rule="Effect" Simplification="cambios en la forma del cuerpo">lipodistrofia</effect>
  ) en pacientes VIH, incluyendo la pérdida de grasa periférica y facial subcutánea, el aumentado de la grasa intraabdominal y visceral, la
  <effect gate:gateId="1263" rule="Effect" Simplification="hinchazón del ceno">hipertrofia de mama</effect>
  , y la acumulación de grasa dorso-cervical (
  <effect gate:gateId="1264" rule="Effect" Simplification="joroba de búfalo">joroba de búfalo</effect>
  ). La terapia antiretroviral combinada ha sido asociada con anormalidades metabólicas como
  <effect gate:gateId="1265" rule="Effect" Simplification="aumento de grasa en la sangre">hipertrigliceridemia</effect>
  ,
  <effect gate:gateId="1266" rule="Effect" Simplification="aumento de colesterol en la sangre">hipercolesterolemia</effect>
  ,
  <effect gate:gateId="1267" rule="Effect" Simplification="resistencia a la insulina">resistencia a la insulina</effect>
  ,
  <effect gate:gateId="1268" rule="Effect" Simplification="alto nivel de azucar">hiperglucemia</effect>
  , e
  <effect gate:gateId="1269" rule="Effect" Simplification="problemas en la sangre">hiperlactatemia</effect>
  (ver secciones 4.4 y 5.1). Pacientes adultos También se han notificado las siguientes reacciones adversas de intensidad moderada o superior, con al menos una posible relación, con regímenes que contienen REYATAZ y uno o varios NRTIs. La frecuencia de reacciones adversas listadas a continuación se ha definido utilizando la siguiente convención: muy frecuentes ( 1/10), frecuentes ( 1/100 &lt; 1/10), poco frecuentes ( 1/1.000 &lt; 1/100), raras ( 1/10.000 &lt; 1/1.000), o muy raras (&lt; 1/10.000). Las reacciones adversas se enumeran en orden decreciente de gravedad dentro de cada intervalo de frecuencia. raras:
  <effect gate:gateId="1270" rule="Effect" Simplification="hinchazón">edema</effect>
  ,
  <effect gate:gateId="1271" rule="Effect" Simplification="palpitaciones">palpitaciones</effect>
  Trastornos cardiacos: Trastornos del sistema
  <effect gate:gateId="1272" rule="Effect" Simplification="nervioso">nervioso</effect>
  : frecuentes:
  <effect gate:gateId="1273" rule="Effect" Simplification="ojos amarillos">ictericia ocular</effect>
  Trastornos oculares poco frecuentes:
  <effect gate:gateId="1274" rule="Effect" Simplification="jadeo">disnea</effect>
  Trastornos respiratorios, torácicos y mediastínicos: frecuentes:
  <effect gate:gateId="1275" rule="Effect" Simplification="vómitos">vómitos</effect>
  ,
  <effect gate:gateId="1276" rule="Effect" Simplification="diarrea">diarrea</effect>
  ,
  <effect gate:gateId="1277" rule="Effect" Simplification="dolor abdominal">dolor abdominal</effect>
  ,
  <effect gate:gateId="1278" rule="Effect" Simplification="náuseas">naúseas</effect>
  , Trastornos gastrointestinales: poco frecuentes:
  <effect gate:gateId="1279" rule="Effect" Simplification="cálculos renales">nefrolitiasis</effect>
  ,
  <effect gate:gateId="1280" rule="Effect" Simplification="orina y micción">hematuria</effect>
  ,
  <effect gate:gateId="1281" rule="Effect" Simplification="exceso de proteína en la orina">proteinuria</effect>
  , Trastornos renales y urinarios: frecuentes:
  <effect gate:gateId="1282" rule="Effect" Simplification="alteración de la piel">rash</effect>
  ; Trastornos de la piel y del tejido subcutáneo: poco frecuentes:
  <effect gate:gateId="1283" rule="Effect" Simplification="poco desarrollo muscular">atrofia muscular</effect>
  ,
  <effect gate:gateId="1284" rule="Effect" Simplification="dolor articular">artralgia</effect>
  ,
  <effect gate:gateId="1285" rule="Effect" Simplification="dolor muscular">mialgia</effect>
  ; Trastornos musculoesqueléticos y del tejido conjuntivo: poco frecuentes: disminución de peso,
  <effect gate:gateId="1286" rule="Effect" Simplification="aumento de peso">aumento de peso</effect>
  , Trastornos del metabolismo y de la nutrición: poco frecuentes:
  <effect gate:gateId="1287" rule="Effect" Simplification="presión arterial alta">hipertensión</effect>
  Trastornos vasculares: frecuentes: síndrome lipodistrófico,
  <effect gate:gateId="1288" rule="Effect" Simplification="fatiga ">fatiga</effect>
  ; Trastornos generales y alteraciones en el lugar de administración: raras:
  <effect gate:gateId="1289" rule="Effect" Simplification="marcha anormal">marcha anormal</effect>
  poco frecuentes:
  <effect gate:gateId="1290" rule="Effect" Simplification="alergia">hipersensibilidad</effect>
  Trastornos del sistema inmunológico: frecuentes:
  <effect gate:gateId="1291" rule="Effect" Simplification="piel amarrilla">ictericia</effect>
  ; Trastornos hepatobiliares: poco frecuentes:
  <effect gate:gateId="1292" rule="Effect" Simplification="enfermedades del seno">ginecomastia</effect>
  Trastornos del aparato reproductor y de la mama: poco frecuentes:
  <effect gate:gateId="1293" rule="Effect" Simplification="depresión">depresión</effect>
  ,
  <effect gate:gateId="1294" rule="Effect" Simplification="desorientación">desorientación</effect>
  ,
  <effect gate:gateId="1295" rule="Effect" Simplification="ansiedad">ansiedad</effect>
  , Trastornos psiquiátricos: Al inicio de la terapia antirretroviral combinada, en los pacientes infectados por VIH con deficiencia inmune grave, puede aparecer una respuesta inflamatoria frente a
  <effect gate:gateId="1296" rule="Effect" Simplification="infecciones">infecciones</effect>
  oportunistas latentes o asintomáticas (ver sección 4.4). Se han notificado casos de
  <effect gate:gateId="1297" rule="Effect" Simplification="problemas en los huesos">osteonecrosis</effect>
  , especialmente en pacientes que presentan factores de riesgo generalmente reconocidos,
  <effect gate:gateId="1298" rule="Effect" Simplification="enfermedad">enfermedad</effect>
  avanzada por VIH o exposición prolongada al tratamiento antirretroviral combinado (TARC). Se desconoce la frecuencia de esta
  <effect gate:gateId="1299" rule="Effect" Simplification="alergia ">reacción adversa</effect>
  (ver sección 4.4). Anormalidades de laboratorio: 14 La anomalía de laboratorio notificada con más frecuencia en pacientes que recibieron regímenes de tratamiento conteniendo REYATAZ y uno o más NRTIs fue el aumento de la bilirrubina total notificada predominantemente como elevación de bilirrubina indirecta [no conjugada] (84% Grado 1, 2, 3 ó 4). La elevación de bilirrubina total en Grado 3 ó 4 se detectó en un 35% (5% Grado 4). Entre los pacientes pretratados con REYATAZ 300 mg una vez al día con
  <drug gate:gateId="1300" rule="Drug">ritonavir</drug>
  100 mg una vez al día durante una duración media de 95 semanas, un 53% presentó elevaciones de bilirrubina total de Grado 3-4. Entre los pacientes naive tratados con REYATAZ 300 mg una vez al día con
  <drug gate:gateId="1301" rule="Drug">ritonavir</drug>
  100 mg una vez al día durante una duración media de 48 semanas, un 39% presentó elevaciones de bilirrubina total de Grado 3-4 (ver sección 4.4). Otras anomalías de laboratorio clinicamente significativas (grado 3 ó 4) notificadas en 2% de los pacientes que recibieron regímenes conteniendo REYATAZ y uno ó mas NRTIs incluyeron: elevación de creatinkinasa (7%), elevación de alanina aminotransferasa / transaminasa glutámica-pirúvica sérica (ALT/SGPT) (4%), descenso de los neutrófilos (4%), elevación de aspartato aminotransferasa / transaminasa glutámica-oxaloacética sérica (AST/SGOT) (3%), y elevación de lipasa (2%). El uno por ciento de los pacientes tratados con REYATAZ experimentaron elevaciones de ALT/AST grado 3-4 y de bilirrubina total grado 3-4. Pacientes coinfectados por virus de
  <effect gate:gateId="1302" rule="Effect" Simplification="hepatitis">hepatitis</effect>
  B y/o
  <effect gate:gateId="1303" rule="Effect" Simplification="hepatitis">hepatitis</effect>
  C Entre los 1.151 pacientes que recibieron
  <drug gate:gateId="1304" rule="Drug">atazanavir</drug>
  400mg una vez al día, 177 estaban coinfectados con
  <effect gate:gateId="1305" rule="Effect" Simplification="hepatitis">hepatitis</effect>
  B ó C crónica; y entre los 655 pacientes que recibieron
  <drug gate:gateId="1306" rule="Drug">atazanavir</drug>
  300mg una vez al día con
  <drug gate:gateId="1307" rule="Drug">ritonavir</drug>
  100mg una vez al día, 97 pacientes estaban coinfectados con
  <effect gate:gateId="1308" rule="Effect" Simplification="hepatitis">hepatitis</effect>
  B ó C crónica. Los pacientes coinfectados presentaron más posibilidades de aumento de los niveles basales de transaminasas hepáticas que aquellos sin
  <effect gate:gateId="1309" rule="Effect" Simplification="hepatitis">hepatitis viral</effect>
  crónica. No se observaron diferencias en la frecuencia de aumento de bilirrubina entre estos pacientes y aquellos que no presentaban
  <effect gate:gateId="1310" rule="Effect" Simplification="hepatitis">hepatitis viral</effect>
  . La frecuencia de tratamiento para los nuevos casos de
  <effect gate:gateId="1311" rule="Effect" Simplification="hepatitis">hepatitis</effect>
  o elevaciones de transaminasas en pacientes co-infectados fue comparable entre REYATAZ y otros regímenes comparadores (ver sección 4.4). Experiencia Postcomercialización Desde la comercialización se han notificado casos de frecuencia no conocida de "
  <effect gate:gateId="1312" rule="Effect" Simplification="arritmia">torsades de pointes</effect>
  ", prolongación del QTc,
  <effect gate:gateId="1313" rule="Effect" Simplification="diabetes">diabetes mellitus</effect>
  ,
  <effect gate:gateId="1314" rule="Effect" Simplification="alto nivel de azucar">hiperglucemia</effect>
  ,
  <effect gate:gateId="1315" rule="Effect" Simplification="cálculos renales">nefrolitiasis</effect>
  , y trastornos de la
  <effect gate:gateId="1316" rule="Effect" Simplification="vesícula">vesícula</effect>
  biliar incluyendo
  <effect gate:gateId="1317" rule="Effect" Simplification="anomalía en el flujo de la bilis">colelitiasis</effect>
  ,
  <effect gate:gateId="1318" rule="Effect" Simplification="enfermedad de la vesícula biliar">colecistitis</effect>
  , y
  <effect gate:gateId="1319" rule="Effect" Simplification="anomalía en el flujo de la bilis">colestasis</effect>
  ).
</paragraph>
