<?xml version="1.0" encoding="UTF-8"?>
<paragraph xmlns:gate="http://www.gate.ac.uk" gate:gateId="0" gate:annotMaxId="528">
  Las reacciones adversas se enumeran en orden decreciente de gravedad dentro de cada intervalo de frecuencia. Las reacciones adversas se clasifican según el sistema del organismo y la frecuencia. Las frecuencias se definen como: muy frecuentes (1/10), frecuentes (1/100, &lt;1/10), poco frecuentes (1/1.000, &lt;1/100), raras (1/10.000, &lt;1/1.000), muy raras (&lt;1/10.000), incluyendo casos aislados. Las reacciones adversas frecuentes y poco frecuentes se determinaron generalmente a partir de la recopilación de datos de seguridad procedentes de poblaciones de ensayos clínicos y se expresan en forma de incidencia en exceso respecto a placebo. Las reacciones adversas raras y muy raras se determinaron generalmente a partir de datos post-comercialización y se refieren a la tasa de notificación más que a la frecuencia real. Trastornos psiquiátricos Poco frecuentes: reacciones psicóticas (distintas de las
  <effect gate:gateId="497" rule="Effect" Simplification="alucinaciones">alucinaciones</effect>
  ) incluyendo
  <effect gate:gateId="498" rule="Effect" Simplification="delirio">delirio</effect>
  ,
  <effect gate:gateId="499" rule="Effect" Simplification="ilusiones">ilusiones</effect>
  ,
  <effect gate:gateId="500" rule="Effect" Simplification="trastorno delirante">paranoia</effect>
  , ludopatía, aumento de la libido. Como se describe en la bibliografía para los agonistas dopaminérgicos utilizados para el tratamiento de la
  <effect gate:gateId="501" rule="Effect" Simplification="enfermedad">enfermedad</effect>
  de Parkinson, se han observado casos de ludopatía (compulsiva) en pacientes tratados con
  <drug gate:gateId="502" rule="Drug">ropinirol</drug>
  , que normalmente es reversible tras la interrupción del tratamiento. En algunos casos coincidieron otros factores como problemas históricos de ludopatía o un tratamiento concurrente dopaminérgico. Uso en estudios con monoterapia: Frecuentes:
  <effect gate:gateId="503" rule="Effect" Simplification="alucinaciones">alucinaciones</effect>
  . Uso en estudios con tratamiento coadyuvante: Frecuentes:
  <effect gate:gateId="504" rule="Effect" Simplification="confusión">confusión</effect>
  ,
  <effect gate:gateId="505" rule="Effect" Simplification="alucinaciones">alucinaciones</effect>
  . Trastornos del sistema
  <effect gate:gateId="506" rule="Effect" Simplification="nervioso">nervioso</effect>
  Frecuentes:
  <effect gate:gateId="507" rule="Effect" Simplification="desvanecimientos">desvanecimientos</effect>
  (incluyendo
  <effect gate:gateId="508" rule="Effect" Simplification="mareo y vértigo">vértigo</effect>
  ). Poco frecuentes:
  <effect gate:gateId="509" rule="Effect" Simplification="somnolencia">somnolencia</effect>
  en exceso durante el día, sueño repentino. Ropinirol puede causar
  <effect gate:gateId="510" rule="Effect" Simplification="somnolencia">somnolencia</effect>
  y, de forma poco frecuente, puede producir
  <effect gate:gateId="511" rule="Effect" Simplification="somnolencia">somnolencia diurna excesiva</effect>
  y episodios de sueño repentino. Uso en estudios con monoterapia: Muy frecuentes:
  <effect gate:gateId="512" rule="Effect" Simplification="somnolencia">somnolencia</effect>
  ,
  <effect gate:gateId="513" rule="Effect" Simplification="desmayo">síncope</effect>
  . Uso en estudios con tratamiento coadyuvante: Muy frecuentes:
  <effect gate:gateId="514" rule="Effect" Simplification="movimientos anormales">discinesia</effect>
  ,
  <effect gate:gateId="515" rule="Effect" Simplification="___">somnolencia.</effect>
  Trastornos vasculares Poco frecuentes:
  <effect gate:gateId="516" rule="Effect" Simplification="presión arterial baja">hipotensión</effect>
  ,
  <effect gate:gateId="517" rule="Effect" Simplification="presión sanguínea baja">hipotensión postural</effect>
  . Se ha observado, tras la terapia con
  <drug gate:gateId="518" rule="Drug">ropinirol</drug>
  ,
  <effect gate:gateId="519" rule="Effect" Simplification="presión arterial baja">hipotensión</effect>
  o
  <effect gate:gateId="520" rule="Effect" Simplification="presión sanguínea baja">hipotensión postural</effect>
  , aunque raramente es grave. Trastornos gastrointestinales Uso en estudios con monoterapia: Muy frecuentes:
  <effect gate:gateId="521" rule="Effect" Simplification="___">náuseas.</effect>
  Frecuentes:
  <effect gate:gateId="522" rule="Effect" Simplification="dolor abdominal">dolor abdominal</effect>
  ,
  <effect gate:gateId="523" rule="Effect" Simplification="vómitos">vómitos</effect>
  ,
  <effect gate:gateId="524" rule="Effect" Simplification="acidez">acidez gástrica</effect>
  . Uso en estudios con tratamiento coadyuvante: Muy frecuentes:
  <effect gate:gateId="525" rule="Effect" Simplification="___">náuseas.</effect>
  Frecuentes:
  <effect gate:gateId="526" rule="Effect" Simplification="acidez">acidez gástrica</effect>
  . Trastornos hepatobiliares Se han notificado, en casos muy raros, reacciones hepáticas, principalmente aumento de enzimas hepáticas. Trastornos generales y alteraciones en el lugar de la administración Uso en estudios con monoterapia: Frecuentes:
  <effect gate:gateId="527" rule="Effect" Simplification="hinchazón">edema</effect>
  en las piernas.
</paragraph>
