<?xml version="1.0" encoding="UTF-8"?>
<paragraph xmlns:gate="http://www.gate.ac.uk" gate:gateId="0" gate:annotMaxId="180">
  La frecuencia total de efectos adversos es aproximadamente del 4 % (150 mg 2 veces al día) y del 10 % (300 mg una vez al día), respectivamente. Un 3 % y un 7 % respectivamente, son efectos adversos gastrointestinales, es decir su frecuencia aumenta cuando la dosis diaria del medicamento se administra una vez al día. Frecuentes Gastrointestinales: Náusea,
  <effect gate:gateId="173" rule="Effect" Simplification="dolor en el estomago">dolor epigástrico</effect>
  . (&gt; 1/100; &lt; 1/10) Infrecuentes Generales: Dolor de cabeza,
  <effect gate:gateId="174" rule="Effect" Simplification="___">mareos.</effect>
  (&gt;1/1000; &lt; 1/100) Gastrointestinales: Diarrea,
  <effect gate:gateId="175" rule="Effect" Simplification="enfermedades del estómago ">dispepsia</effect>
  ,
  <effect gate:gateId="176" rule="Effect" Simplification="vómito">vómito</effect>
  ,
  <effect gate:gateId="177" rule="Effect" Simplification="estreñimiento">constipación</effect>
  ,
  <effect gate:gateId="178" rule="Effect" Simplification="flatulencia">flatulencia</effect>
  . Raros: Generales: Debilidad,
  <effect gate:gateId="179" rule="Effect" Simplification="malestar">malestar</effect>
  . Angioedema. Reacción anafiláctica. (&gt;1/10000; &lt; 1/1000) Piel: Eczema. Eritema multiforme. Síndrome de Stevens Johnson. Durante la administración prolongada es posible que se produzcan sobreinfecciones por bacterias resistentes o por hongos.
</paragraph>
