<?xml version="1.0" encoding="UTF-8"?>
<paragraph xmlns:gate="http://www.gate.ac.uk" gate:gateId="0" gate:annotMaxId="287">
  Como con otras benzodiazepinas las siguientes reacciones adversas pueden ocurrir: Somnolencia,
  <effect gate:gateId="266" rule="Effect" Simplification="embotamiento afectivo">embotamiento afectivo</effect>
  , reducción del estado de alerta,
  <effect gate:gateId="267" rule="Effect" Simplification="confusión">confusión</effect>
  ,
  <effect gate:gateId="268" rule="Effect" Simplification="fatiga ">fatiga</effect>
  ,
  <effect gate:gateId="269" rule="Effect" Simplification="dolor de cabeza">cefalea</effect>
  ,
  <effect gate:gateId="270" rule="Effect" Simplification="mareo">mareo</effect>
  ,
  <effect gate:gateId="271" rule="Effect" Simplification="debilidad muscular">debilidad muscular</effect>
  ,
  <effect gate:gateId="272" rule="Effect" Simplification="descoordinación muscular">ataxia</effect>
  o diplopia. Estos fenómenos ocurren predominantemente al comienzo del tratamiento y generalmente desaparecen con la administración continuada. Otras reacciones adversas tales como alteraciones gastrointestinales, cambios en la libido o reacciones cutáneas pueden ocurrir ocasionalmente. Amnesia: Puede desarrollarse una
  <effect gate:gateId="273" rule="Effect" Simplification="tipo de pérdida de memoria">amnesia anterógrada</effect>
  al utilizar dosis terapéuticas, siendo mayor el riesgo al incrementar la dosis. Los efectos amnésicos pueden asociarse a conductas inadecuadas (ver Advertencias y precauciones). Depresión La utilización de benzodiazepinas puede desenmascarar una
  <effect gate:gateId="274" rule="Effect" Simplification="depresión">depresión</effect>
  existente. Reacciones psiquiátricas y paradójicas. Al utilizar benzodiazepinas o compuestos similares, pueden aparecer reacciones tales como
  <effect gate:gateId="275" rule="Effect" Simplification="intranquilidad">intranquilidad</effect>
  ,
  <effect gate:gateId="276" rule="Effect" Simplification="agitación">agitación</effect>
  ,
  <effect gate:gateId="277" rule="Effect" Simplification="irritabilidad">irritabilidad</effect>
  ,
  <effect gate:gateId="278" rule="Effect" Simplification="agresividad">agresividad</effect>
  ,
  <effect gate:gateId="279" rule="Effect" Simplification="delirio">delirio</effect>
  , ataques de
  <effect gate:gateId="280" rule="Effect" Simplification="ira">ira</effect>
  ,
  <effect gate:gateId="281" rule="Effect" Simplification="pesadillas">pesadillas</effect>
  ,
  <effect gate:gateId="282" rule="Effect" Simplification="alucinaciones">alucinaciones</effect>
  ,
  <effect gate:gateId="283" rule="Effect" Simplification="psicótico">psicosis</effect>
  , comportamiento inadecuado y otras alteraciones de la conducta. Dichas reacciones pueden ser severas y aparecen más frecuentemente en niños y ancianos. Dependencia. La administración del producto (incluso a dosis terapéuticas) puede conducir al desarrollo de
  <effect gate:gateId="284" rule="Effect" Simplification="dependencia">dependencia</effect>
  física: la supresión del tratamiento puede conducir al desarrollo de fenómenos de retirada o rebote (ver Precauciones y Advertencias). Puede producirse
  <effect gate:gateId="285" rule="Effect" Simplification="dependencia">dependencia</effect>
  psíquica. Se han comunicado casos de
  <effect gate:gateId="286" rule="Effect" Simplification="abuso">abuso</effect>
  .
</paragraph>
