<?xml version="1.0" encoding="UTF-8"?>
<paragraph xmlns:gate="http://www.gate.ac.uk" gate:gateId="0" gate:annotMaxId="2728">
  Debe emplearse con precaución en pacientes que sufren o han sufrido
  <effect gate:gateId="2573" rule="Effect" Simplification="asma">asma bronquial</effect>
  , ya que los AINEs pueden inducir
  <effect gate:gateId="2574" rule="Effect" Simplification="trastornos de los bronquios">broncoespasmo</effect>
  en este tipo de pacientes (ver 4.3 Contraindicaciones). Los AINEs pueden enmascarar los síntomas de las
  <effect gate:gateId="2575" rule="Effect" Simplification="infecciones">infecciones</effect>
  . Como con todos los AINEs, el dexibuprofeno puede aumentar los niveles plasmáticos de nitrógeno ureico y de creatinina. Como con otros AINEs, el dexibuprofeno puede estar asociado a efectos adversos renales, que pueden dar lugar a
  <effect gate:gateId="2576" rule="Effect" Simplification="inflamación en el riñón">nefritis glomerular</effect>
  ,
  <effect gate:gateId="2577" rule="Effect" Simplification="problemas en los riñones">nefritis intersticial</effect>
  ,
  <effect gate:gateId="2578" rule="Effect" Simplification="afección a los riñones">necrosis papilar renal</effect>
  ,
  <effect gate:gateId="2579" rule="Effect" Simplification="trastorno en los riñones">síndrome nefrótico</effect>
  e
  <effect gate:gateId="2580" rule="Effect" Simplification="insuficiencia renal">insuficiencia renal aguda</effect>
  (ver 4.2. Posología, 4.3. Contraindicaciones y 4.5.interacciones). Como con otros AINEs, el dexibuprofeno puede producir pequeños incrementos transitorios de algunos parámetros hepáticos, y también aumentos significativos de la SGOT y la SGPT. En caso de producirse un aumento importante de estos parámetros, deberá suspenderse el tratamiento (ver 4.2. Posología y 4.3. Contraindicaciones). Al igual que con otros AINEs, el dexibuprofeno puede inhibir de forma reversible la agregación y la función plaquetarias, y prolongar el tiempo de
  <effect gate:gateId="2581" rule="Effect" Simplification="sangrado ">hemorragia</effect>
  . Se recomienda precaución cuando se administre dexibuprofeno concomitantemente con anticoagulantes orales (ver 4.5.). Los pacientes sometidos a tratamiento de larga duración con dexibuprofeno deberán ser vigilados como medida de precaución (funciones renal y hepática, función hematológica/recuentos hemáticos). Durante un tratamiento prolongado con dosis elevadas, la toma no prescrita de analgésicos sin seguir las indicaciones recomendadas, puede producir cefaleas que no deben tratarse en ningún caso aumentando la dosis del medicamento. En general, el empleo habitual de analgésicos, especialmente la combinación de varios de ellos, puede dar lugar a lesiones renales persistentes, con riesgo de
  <effect gate:gateId="2582" rule="Effect" Simplification="insuficiencia renal ">insuficiencia renal</effect>
  (
  <effect gate:gateId="2583" rule="Effect" Simplification="enfermedades de los riñones">nefropatía</effect>
  por analgésicos). Por tanto, las combinaciones con
  <drug gate:gateId="2584" rule="Drug">ibuprofeno</drug>
  racémico u otros AINEs (incluso los de libre dispensación) deben evitarse. El uso de dexibuprofeno al igual que otros fármacos que inhiben la ciclooxigenasa/síntesis de prostaglandinas, puede perjudicar de forma reversible la fertilidad y no está recomendado en mujeres que están intentando concebir. En mujeres que tienen dificultades para la concepción o se encuentran en tratamiento de fertilidad, debe de valorarse el abandono del tratamiento con SERACTIL. Los resultados de estudios preclínicos indican que la administración de
  <drug gate:gateId="2585" rule="Drug">ibuprofeno</drug>
  junto con ácido acetilsalicílico a dosis bajas puede perjudicar la inhibición de la agregación plaquetar que produce el ácido acetilsalicílico,. Esta
  <effect gate:gateId="2586" rule="Effect" Simplification="interacción">interacción</effect>
  puede reducir el efecto protector cardiovascular. Por tanto, se requiere una vigilancia estrecha en caso de que se administre
  <drug gate:gateId="2587" rule="Drug">ibuprofeno</drug>
  junto con dosis bajas de ácido acetilsalicílico, en los casos en los que la duración del tratamiento exceda un plazo corto. 4.5.- Interacción con otros medicamentos y otras formas de
  <effect gate:gateId="2588" rule="Effect" Simplification="interacción">interacción</effect>
  La información descrita a continuación se basa en la experiencia previa con
  <drug gate:gateId="2589" rule="Drug">ibuprofeno</drug>
  racémico y otros AINEs. En general, los AINEs deben emplearse con precaución con otros fármacos que pueden aumentar el riesgo de ulceración gastrointestinal,
  <effect gate:gateId="2590" rule="Effect" Simplification="hemorragia gastrointestinal">hemorragia gastrointestinal</effect>
  o
  <effect gate:gateId="2591" rule="Effect" Simplification="alteración renal">disfunción renal</effect>
  . No se recomienda su uso concomitante con: Anticoagulantes: Los AINEs pueden potenciar los efectos de los anticoagulantes sobre el tiempo de
  <effect gate:gateId="2592" rule="Effect" Simplification="sangrado">sangrado</effect>
  . Si no puede evitarse el tratamiento concomitante, deben realizarse tests de
  <effect gate:gateId="2593" rule="Effect" Simplification="coagulación">coagulación</effect>
  (INR, tiempo de
  <effect gate:gateId="2594" rule="Effect" Simplification="sangrado">sangrado</effect>
  ) al inicio del tratamiento con dexibuprofeno y, si es necesario, ajustar la dosis del anticoagulante (ver 4.4.). Metotrexato administrado a dosis de 15 mg/semana o superiores: Si se administran AINEs y
  <drug gate:gateId="2595" rule="Drug">metotrexato</drug>
  dentro de un intervalo de 24 horas, puede producirse un aumento del nivel plasmático de
  <drug gate:gateId="2596" rule="Drug">metotrexato</drug>
  a consecuencia de un descenso de su aclaramiento renal, aumentando así el riesgo potencial de toxicidad por
  <drug gate:gateId="2597" rule="Drug">metotrexato</drug>
  . Por ello, en los pacientes que reciben tratamiento con dosis elevadas de
  <drug gate:gateId="2598" rule="Drug">metotrexato</drug>
  , el uso concomitante de dexibuprofeno no está recomendado (ver 4.4.). Litio: Los AINEs pueden incrementar los niveles plasmáticos de
  <drug gate:gateId="2599" rule="Drug">litio</drug>
  por reducción de su aclaramiento renal. La administración conjunta no está recomendada (ver 4.4.). Si la combinación resulta necesaria deberán realizarse frecuentes controles de
  <drug gate:gateId="2600" rule="Drug">litio</drug>
  . Debe considerarse la posibilidad de reducir la dosis de
  <drug gate:gateId="2601" rule="Drug">litio</drug>
  . Otros AINEs y salicilatos (ácido acetilsalicílico a dosis superiores a las utilizadas para el tratamiento antitrombótico, aproximadamente 100 mg/día): Debe evitarse el uso simultáneo con otros AINEs, pues la administración de diferentes AINEs puede aumentar el riesgo de
  <effect gate:gateId="2602" rule="Effect" Simplification="heridas en el estomago">úlcera gastrointestinal</effect>
  y hemorragias. Precauciones: Ácido acetilsalicílico: La administración concomitante de
  <drug gate:gateId="2603" rule="Drug">ibuprofeno</drug>
  puede deteriorar la agregación plaquetaria producida por dosis bajas de ácido acetilsalicílico. Antihipertensivos: Los AINEs pueden reducir la eficacia de los betabloqueantes, posiblemente debido a la inhibición de la formación de prostaglandinas vasodilatadoras. El uso concomitante de AINEs con inhibidores de la ECA o antagonistas del receptor de la angiotensina II, puede asociarse con un aumento del riesgo de
  <effect gate:gateId="2604" rule="Effect" Simplification="insuficiencia renal">insuficiencia renal aguda</effect>
  , especialmente en pacientes con función renal previamente deteriorada. Cuando se administran a ancianos y/o a pacientes deshidratados, esta combinación puede conducir a un
  <effect gate:gateId="2605" rule="Effect" Simplification="insuficiencia renal aguda">fallo renal agudo</effect>
  por acción directa sobre la filtración glomerular. Al inicio del tratamiento, se recomienda una cuidadosa monitorización de la función renal. Además, la administración crónica de AINEs puede reducir teóricamente el efecto antihipertensivo de los antagonistas del receptor de la angiotensina II, tal como se ha comunicado con los inhibidores de la ECA. Por tanto, se recomienda precaución si se utiliza esta combinación, debiéndose además monitorizar cuidadosamente la función renal al inicio del tratamiento (debe aconsejarse a los pacientes a que mantengan una adecuada ingesta de líquidos). Ciclosporina,
  <drug gate:gateId="2606" rule="Drug">tacrolimus</drug>
  : Su administración simultánea con AINEs puede aumentar el riesgo de
  <effect gate:gateId="2607" rule="Effect" Simplification="enfermedad de los riñones">nefrotoxicidad</effect>
  debido a la reducción de la síntesis renal de prostaglandinas. En caso de administrarse concomitantemente, deberá vigilarse estrechamente la función renal, especialmente en ancianos. Corticoesteroides: La administración simultánea de AINEs y corticoesteroides puede aumentar el riesgo de
  <effect gate:gateId="2608" rule="Effect" Simplification="heridas en el estomago">úlcera gastrointestinal</effect>
  . MINISTERIO Digoxina: Los AINEs pueden elevar los niveles plasmáticos de digoxina, aumentando así el riesgo de toxicidad por digoxina. Metotrexato administrado a dosis bajas, inferiores a 15 mg/semana: El
  <drug gate:gateId="2609" rule="Drug">ibuprofeno</drug>
  ha demostrado aumentar los niveles de
  <drug gate:gateId="2610" rule="Drug">metotrexato</drug>
  . Si se utiliza en combinación con dosis bajas de
  <drug gate:gateId="2611" rule="Drug">metotrexato</drug>
  , se vigilarán estrechamente los valores hemáticos del paciente, sobre todo durante las primeras semanas de administración simultánea. Será necesario aumentar la vigilancia en caso de deterioro de la función renal, por mínimo que sea, y especialmente en pacientes ancianos, así como vigilar la función renal para prevenir una posible disminución del aclaramiento de
  <drug gate:gateId="2612" rule="Drug">metotrexato</drug>
  . Fenitoína: El
  <drug gate:gateId="2613" rule="Drug">ibuprofeno</drug>
  puede desplazar la
  <drug gate:gateId="2614" rule="Drug">fenitoína</drug>
  de los lugares de unión a las proteínas, originando un posible aumento de sus niveles plasmáticos y toxicidad. Aunque la evidencia clínica de esta
  <effect gate:gateId="2615" rule="Effect" Simplification="interacción">interacción</effect>
  es limitada, se recomienda un ajuste de la dosis de
  <drug gate:gateId="2616" rule="Drug">fenitoína</drug>
  basado en la monitorización de sus concentraciones plasmáticas y/o en la observación de signos de toxicidad. Tiazidas, sustancias relacionadas con las tiazidas, diuréticos del asa y diuréticos ahorradores de
  <drug gate:gateId="2617" rule="Drug">potasio</drug>
  : El empleo conjunto de AINEs y un diurético puede incrementar el riesgo de
  <effect gate:gateId="2618" rule="Effect" Simplification="fallo renal">fallo renal</effect>
  secundario a una reducción del
  <effect gate:gateId="2619" rule="Effect" Simplification="flujo">flujo</effect>
  sanguíneo renal. Fármacos que aumentan los niveles plasmáticos de
  <drug gate:gateId="2620" rule="Drug">potasio</drug>
  : Al igual que con otros AINEs, el tratamiento concomitante con fármacos que aumenten los niveles séricos de
  <drug gate:gateId="2621" rule="Drug">potasio</drug>
  , como los diuréticos ahorradores de
  <drug gate:gateId="2622" rule="Drug">potasio</drug>
  , inhibidores de la ECA, antagonistas de los receptores de la angiotensina II, inmunosupresores como la
  <drug gate:gateId="2623" rule="Drug">ciclosporina</drug>
  y
  <drug gate:gateId="2624" rule="Drug">tacrolimus</drug>
  ,
  <drug gate:gateId="2625" rule="Drug">trimetoprima</drug>
  , heparinas, etc, puede asociarse con un incremento de los niveles séricos de
  <drug gate:gateId="2626" rule="Drug">potasio</drug>
  , por lo que deberán monitorizarse los niveles séricos de
  <drug gate:gateId="2627" rule="Drug">potasio</drug>
  . Trombolíticos,
  <drug gate:gateId="2628" rule="Drug">ticlopidina</drug>
  y antiagregantes plaquetarios: El dexibuprofeno inhibe la agregación plaquetaria por inhibición de la ciclooxigenasa plaquetaria. Por ello, se recomienda precaución cuando dexibuprofeno se combine con trombolíticos,
  <drug gate:gateId="2629" rule="Drug">ticlopidina</drug>
  y otros antiagregantes debido al riesgo de que aumente el efecto antiplaquetario. 4.6.- Embarazo y lactancia Embarazo: no existen datos clínicos sobre exposición de dexibuprofeno durante el
  <effect gate:gateId="2630" rule="Effect" Simplification="embarazo">embarazo</effect>
  . Los estudios realizados en animales con
  <drug gate:gateId="2631" rule="Drug">ibuprofeno</drug>
  y otros AINEs han mostrado toxicidad sobre la reproducción (ver 5.3. Datos preclínicos sobre seguridad). La inhibición de la síntesis de prostaglandinas puede afectar negativamente el
  <effect gate:gateId="2632" rule="Effect" Simplification="embarazo">embarazo</effect>
  y/o el desarrollo embrio-fetal, y como las consecuencias de la inhibición de la síntesis de prostaglandinas no son totalmente conocidas, el dexibuprofeno, al igual que otros fármacos similares, debe administrarse durante los 5 primeros meses del
  <effect gate:gateId="2633" rule="Effect" Simplification="embarazo">embarazo</effect>
  únicamente si es claramente necesario, a la dosis efectiva más baja y durante el periodo lo más cortos posibles. Durante el
  <effect gate:gateId="2634" rule="Effect" Simplification="tercer trimestre del embarazo">tercer trimestre del embarazo</effect>
  , todos los inhibidores de la síntesis de prostaglandinas pueden exponer al feto a: - Toxicidad cardio-pulmonar (con cierre prematuro del ductus arteriosus e
  <effect gate:gateId="2635" rule="Effect" Simplification="incremento presión pulmonar">hipertensión pulmonar</effect>
  ). - Disfunción renal, que puede progresar a
  <effect gate:gateId="2636" rule="Effect" Simplification="insuficiencia renal ">insuficiencia renal</effect>
  con
  <effect gate:gateId="2637" rule="Effect" Simplification="poco líquido amniótico">oligohidramnios</effect>
  . A la madre y el
  <effect gate:gateId="2638" rule="Effect" Simplification="recién nacido">recién nacido</effect>
  , al término del
  <effect gate:gateId="2639" rule="Effect" Simplification="embarazo">embarazo</effect>
  , a: - Posible prolongación del tiempo de
  <effect gate:gateId="2640" rule="Effect" Simplification="sangrado">sangrado</effect>
  . - Inhibición de las
  <effect gate:gateId="2641" rule="Effect" Simplification="contracciones uterinas">contracciones uterinas</effect>
  dando lugar a un retraso y prolongación del
  <effect gate:gateId="2642" rule="Effect" Simplification="parto">parto</effect>
  . Por tanto desde el inicio del 6º mes de
  <effect gate:gateId="2643" rule="Effect" Simplification="embarazo">embarazo</effect>
  en adelante, el dexibuprofeno está contraindicado El empleo de dexibuprofeno, así como de cualquier otro fármaco conocido capaz de inhibir la ciclooxigenasa/síntesis de prostaglandinas, no está recomendado en mujeres que deseen concebir (ver 4.4.) Lactancia: Ibuprofeno se excreta escasamente por la leche materna. Se puede dar el pecho tomando dexibuprofeno si la dosis es baja y el tratamiento es corto. 4.7.- Efectos sobre la capacidad para conducir y utilizar maquinaria Durante el tratamiento con dexibuprofeno podrían aparecer
  <effect gate:gateId="2644" rule="Effect" Simplification="mareo">mareos</effect>
  o
  <effect gate:gateId="2645" rule="Effect" Simplification="fatiga ">fatiga</effect>
  como efectos adversos provocando una disminución de la capacidad de reacción del paciente. Este hecho debería tenerse en cuenta en condiciones en las que se requiera un estado de alerta, como ocurre al conducir o utilizar maquinaria. Si se administra una sola dosis de dexibuprofeno o durante un
  <effect gate:gateId="2646" rule="Effect" Simplification="período corto">período corto</effect>
  no es necesario adoptar precauciones especiales. 4.8.- Reacciones adversas La experiencia clínica ha demostrado que el riesgo de efectos secundarios inducidos por dexibuprofeno es comparable al del
  <drug gate:gateId="2647" rule="Drug">ibuprofeno</drug>
  racémico, siendo los efectos adversos más frecuentes los de naturaleza gastrointestinal. Debe subrayarse que las reacciones adversas citadas a continuación son las comunicadas principalmente para el
  <drug gate:gateId="2648" rule="Drug">ibuprofeno</drug>
  racémico, si bien en algunos casos todavía no se han observado con dexibuprofeno o no se han comunicado con la frecuencia mencionada. Gastrointestinales: Muy habituales (&gt;1/10): Dispepsia,
  <effect gate:gateId="2649" rule="Effect" Simplification="___">diarrea.</effect>
  Habituales (&gt;1/100, &lt;1/10): Náuseas,
  <effect gate:gateId="2650" rule="Effect" Simplification="vómitos">vómitos</effect>
  ,
  <effect gate:gateId="2651" rule="Effect" Simplification="dolor abdominal">dolor abdominal</effect>
  . No habituales (&gt;1/1.000, &lt;1/100): Hemorragias y úlceras gastrointestinales,
  <effect gate:gateId="2652" rule="Effect" Simplification="ulceración de la boca">estomatitis ulcerosa</effect>
  . Raras (&gt;1/10.000, &lt;1/1.000): Perforación gastrointestinal,
  <effect gate:gateId="2653" rule="Effect" Simplification="flatulencia">flatulencia</effect>
  ,
  <effect gate:gateId="2654" rule="Effect" Simplification="estreñimiento">estreñimiento</effect>
  ,
  <effect gate:gateId="2655" rule="Effect" Simplification="enfermedades del esófago">esofagitis</effect>
  ,
  <effect gate:gateId="2656" rule="Effect" Simplification="estrechamiento del esófago">estenosis esofágica</effect>
  . Exacerbación de
  <effect gate:gateId="2657" rule="Effect" Simplification="problemas en el colon">enfermedad diverticular</effect>
  ,
  <effect gate:gateId="2658" rule="Effect" Simplification="diarrea con sangre">colitis hemorrágica</effect>
  inespecífica,
  <effect gate:gateId="2659" rule="Effect" Simplification="inflamación en el colon">colitis ulcerosa</effect>
  o
  <effect gate:gateId="2660" rule="Effect" Simplification="enfermedad">enfermedad</effect>
  de Crohn. Si se produjera
  <effect gate:gateId="2661" rule="Effect" Simplification="hemorragia gastrointestinal">hemorragia gastrointestinal</effect>
  , podría ser causa de
  <effect gate:gateId="2662" rule="Effect" Simplification="anemia">anemia</effect>
  y de
  <effect gate:gateId="2663" rule="Effect" Simplification="vomito con sangre">hematemesis</effect>
  . Piel y reacciones de
  <effect gate:gateId="2664" rule="Effect" Simplification="alergia">hipersensibilidad</effect>
  : Habituales: Erupción cutánea. No habituales: Urticaria,
  <effect gate:gateId="2665" rule="Effect" Simplification="picazón">prurito</effect>
  , púrpura (incluida la
  <effect gate:gateId="2666" rule="Effect" Simplification="manchas en la piel">púrpura alérgica</effect>
  ),
  <effect gate:gateId="2667" rule="Effect" Simplification="hinchazón debajo de la piel">angioedema</effect>
  ,
  <effect gate:gateId="2668" rule="Effect" Simplification="inflamación en las fosas nasales">rinitis</effect>
  ,
  <effect gate:gateId="2669" rule="Effect" Simplification="trastornos de los bronquios">broncoespasmo</effect>
  . Raras: Reacción anafiláctica. Muy raras (&lt;1/10.000): Eitema multiforme,
  <effect gate:gateId="2670" rule="Effect" Simplification="enfermedad de la piel">necrólisis epidérmica</effect>
  ,
  <effect gate:gateId="2671" rule="Effect" Simplification="enfermedad del sistema inmunitario">lupus eritematoso sistémico</effect>
  ,
  <effect gate:gateId="2672" rule="Effect" Simplification="pérdida de cabello ">alopecia</effect>
  , reacciones de
  <effect gate:gateId="2673" rule="Effect" Simplification="intolerancia a la luz">fotosensibilidad</effect>
  , reacciones cutáneas graves como el síndrome de Stevens-Johnson,
  <effect gate:gateId="2674" rule="Effect" Simplification="enfermedad de la piel">necrólisis epidérmica</effect>
  tóxica aguda (síndrome de Lyell) y
  <effect gate:gateId="2675" rule="Effect" Simplification="inflamación de los vasos sanguíneos">vasculitis alérgica</effect>
  . Hasta la fecha no se han notificado reacciones de
  <effect gate:gateId="2676" rule="Effect" Simplification="alergia">hipersensibilidad</effect>
  generalizada con dexibuprofeno, pero no pueden ser descartadas a la vista de la experiencia clínica con
  <drug gate:gateId="2677" rule="Drug">ibuprofeno</drug>
  racémico. Los síntomas podrían incluir
  <effect gate:gateId="2678" rule="Effect" Simplification="fiebre">fiebre</effect>
  con
  <effect gate:gateId="2679" rule="Effect" Simplification="inflamación">erupción cutánea</effect>
  ,
  <effect gate:gateId="2680" rule="Effect" Simplification="dolor abdominal">dolor abdominal</effect>
  ,
  <effect gate:gateId="2681" rule="Effect" Simplification="dolor de cabeza">cefalea</effect>
  ,
  <effect gate:gateId="2682" rule="Effect" Simplification="vómitos">náuseas y vómitos</effect>
  , signos de alteración hepática e incluso
  <effect gate:gateId="2683" rule="Effect" Simplification="inflamación en la cabeza">meningitis aséptica</effect>
  . En la mayor parte de los casos en los que se ha comunicado
  <effect gate:gateId="2684" rule="Effect" Simplification="inflamación en la cabeza">meningitis aséptica</effect>
  con
  <drug gate:gateId="2685" rule="Drug">ibuprofeno</drug>
  , el paciente sufría alguna forma de
  <effect gate:gateId="2686" rule="Effect" Simplification="enfermedad">enfermedad</effect>
  autoinmunitaria (como
  <effect gate:gateId="2687" rule="Effect" Simplification="enfermedad del sistema inmunitario">lupus eritematoso sistémico</effect>
  u otras enfermedades del colágeno) lo que suponía un factor de riesgo. En caso de
  <effect gate:gateId="2688" rule="Effect" Simplification="alergia">reacción de hipersensibilidad</effect>
  generalizada grave puede aparecer
  <effect gate:gateId="2689" rule="Effect" Simplification="hinchazón de cara">hinchazón de cara</effect>
  , lengua y laringe,
  <effect gate:gateId="2690" rule="Effect" Simplification="trastornos de los bronquios">broncoespasmo</effect>
  ,
  <effect gate:gateId="2691" rule="Effect" Simplification="asma">asma</effect>
  ,
  <effect gate:gateId="2692" rule="Effect" Simplification="alteración del ritmo cardíaco">taquicardia</effect>
  ,
  <effect gate:gateId="2693" rule="Effect" Simplification="presión arterial baja">hipotensión</effect>
  y
  <effect gate:gateId="2694" rule="Effect" Simplification="shock">shock</effect>
  . Sistema
  <effect gate:gateId="2695" rule="Effect" Simplification="nervioso">nervioso</effect>
  central: Habituales: Fatiga o
  <effect gate:gateId="2696" rule="Effect" Simplification="somnolencia">somnolencia</effect>
  ,
  <effect gate:gateId="2697" rule="Effect" Simplification="dolor de cabeza">cefalea</effect>
  ,
  <effect gate:gateId="2698" rule="Effect" Simplification="mareo">mareo</effect>
  ,
  <effect gate:gateId="2699" rule="Effect" Simplification="mareo y vértigo">vértigo</effect>
  . No habituales: Insomnio,
  <effect gate:gateId="2700" rule="Effect" Simplification="ansiedad">ansiedad</effect>
  ,
  <effect gate:gateId="2701" rule="Effect" Simplification="intranquilidad">intranquilidad</effect>
  ,
  <effect gate:gateId="2702" rule="Effect" Simplification="alteraciones visuales">alteraciones visuales</effect>
  , tinnitus. Raras: Reacción psicótica,
  <effect gate:gateId="2703" rule="Effect" Simplification="agitación">agitación</effect>
  ,
  <effect gate:gateId="2704" rule="Effect" Simplification="irritabilidad">irritabilidad</effect>
  ,
  <effect gate:gateId="2705" rule="Effect" Simplification="depresión">depresión</effect>
  ,
  <effect gate:gateId="2706" rule="Effect" Simplification="confusión">confusión</effect>
  o
  <effect gate:gateId="2707" rule="Effect" Simplification="desorientación">desorientación</effect>
  ,
  <effect gate:gateId="2708" rule="Effect" Simplification="disminución de la visión">ambliopía</effect>
  tóxica reversible, trastornos auditivos. Muy raras: Meningitis aséptica (véanse reacciones de
  <effect gate:gateId="2709" rule="Effect" Simplification="alergia">hipersensibilidad</effect>
  ). Hematológicas: Puede prolongarse el tiempo de
  <effect gate:gateId="2710" rule="Effect" Simplification="sangrado">sangrado</effect>
  . Los raros casos observados de trastornos hematológicos corresponden a
  <effect gate:gateId="2711" rule="Effect" Simplification="problemas de coagulación">trombocitopenia</effect>
  ,
  <effect gate:gateId="2712" rule="Effect" Simplification="disminución de leucocitos en la sangre">leucopenia</effect>
  ,
  <effect gate:gateId="2713" rule="Effect" Simplification="problemas sistema inmune">granulocitopenia</effect>
  ,
  <effect gate:gateId="2714" rule="Effect" Simplification="problemas en la sangre">pancitopenia</effect>
  ,
  <effect gate:gateId="2715" rule="Effect" Simplification="poca producción de defensas en la sangre">agranulocitosis</effect>
  ,
  <effect gate:gateId="2716" rule="Effect" Simplification="anemia">anemia aplásica</effect>
  o
  <effect gate:gateId="2717" rule="Effect" Simplification="anemia">anemia hemolítica</effect>
  . Cardiovasculares: Se ha notificado
  <effect gate:gateId="2718" rule="Effect" Simplification="hinchazón en la pierna">edema periférico</effect>
  asociado al tratamiento con dexibuprofeno. Parece existir una mayor predisposición en los pacientes con
  <effect gate:gateId="2719" rule="Effect" Simplification="presión arterial alta">hipertensión</effect>
  o trastornos renales a sufrir retención hídrica. Podría aparecer
  <effect gate:gateId="2720" rule="Effect" Simplification="presión arterial alta">hipertensión</effect>
  o insuficiencia cardíaca (especialmente en pacientes ancianos). Renales: En base a la experiencia con los AINEs en general, no pueden excluirse casos de
  <effect gate:gateId="2721" rule="Effect" Simplification="problemas en los riñones">nefritis intersticial</effect>
  ,
  <effect gate:gateId="2722" rule="Effect" Simplification="trastorno en los riñones">síndrome nefrótico</effect>
  e
  <effect gate:gateId="2723" rule="Effect" Simplification="insuficiencia renal ">insuficiencia renal</effect>
  . Hepáticas: En raros casos se han observado anomalías de la función hepática,
  <effect gate:gateId="2724" rule="Effect" Simplification="hepatitis">hepatitis e</effect>
  <effect gate:gateId="2725" rule="Effect" Simplification="piel amarrilla">ictericia</effect>
  con
  <drug gate:gateId="2726" rule="Drug">ibuprofeno</drug>
  racémico. Otras: En muy raros casos podrían verse agravadas las inflamaciones asociadas a
  <effect gate:gateId="2727" rule="Effect" Simplification="infecciones">infecciones</effect>
  .
</paragraph>
