<?xml version="1.0" encoding="UTF-8"?>
<paragraph xmlns:gate="http://www.gate.ac.uk" gate:gateId="0" gate:annotMaxId="293">
  Efectos adversos En ensayos clínicos, las reacciones adversas con una incidencia superior al 1% asociadas al uso de sertindol y significativamente diferentes a placebo fueron (citadas en orden decreciente de frecuencia):
  <effect gate:gateId="279" rule="Effect" Simplification="inflamación en las fosas nasales">rinitis</effect>
  /
  <effect gate:gateId="280" rule="Effect" Simplification="congestión nasal">congestión nasal</effect>
  ,
  <effect gate:gateId="281" rule="Effect" Simplification="eyaculación anormal">eyaculación anormal</effect>
  (disminución del volumen eyaculatorio),
  <effect gate:gateId="282" rule="Effect" Simplification="mareo">mareo</effect>
  ,
  <effect gate:gateId="283" rule="Effect" Simplification="sequedad de boca">sequedad de boca</effect>
  ,
  <effect gate:gateId="284" rule="Effect" Simplification="presión sanguínea baja">hipotensión postural</effect>
  ,
  <effect gate:gateId="285" rule="Effect" Simplification="aumento de peso">aumento de peso</effect>
  ,
  <effect gate:gateId="286" rule="Effect" Simplification="hinchazón en la pierna">edema periférico</effect>
  ,
  <effect gate:gateId="287" rule="Effect" Simplification="jadeo">disnea</effect>
  ,
  <effect gate:gateId="288" rule="Effect" Simplification="cosquilleo">parestesia</effect>
  e intervalo QT prolongado (véase apartado 4.4). Síntomas extrapiramidales (SEP) La incidencia de reacciones adversas relacionadas con SEP en pacientes tratados con sertindol fue similar a las de los pacientes tratados con placebo. Además, en los ensayos controlados con placebo, el porcentaje de pacientes tratados con sertindol que requirieron medicación anti SEP fue igual al de los pacientes tratados con placebo. Algunas de las reacciones adversas al fármaco aparecen al principio del tratamiento y desaparecen con el tratamiento continuado, p.ej.
  <effect gate:gateId="289" rule="Effect" Simplification="presión sanguínea baja">hipotensión postural</effect>
  . La tabla que se presenta a continuación muestra las reacciones adversas clasificadas por el sistema de órganos y la frecuencia: Muy frecuente (&gt;10%) Frecuente (1-10%) Poco frecuente (0,1-1%) Rara (0,01-0,1%) Muy rara (&lt;0,01%) Alteraciones metabólicas y nutricionales Poco frecuente Hiperglucemia Alteraciones del sistema
  <effect gate:gateId="290" rule="Effect" Simplification="nervioso">nervioso</effect>
  Poco frecuente Síncope,
  <effect gate:gateId="291" rule="Effect" Simplification="ataque">convulsión</effect>
  , alteración del movimiento (en Alteraciones cardíacas Poco frecuente Torsade de Pointes (véase apartado 4.4) Alteraciones vasculares Alteraciones respiratorias, torácicas y del mediastino Muy frecuente Rinitis/
  <effect gate:gateId="292" rule="Effect" Simplification="congestión nasal">congestión nasal</effect>
  Alteraciones gastrointestinales Alteraciones del sistema reproductivo y mamario Otros hallazgos
</paragraph>
