<?xml version="1.0" encoding="UTF-8"?>
<paragraph xmlns:gate="http://www.gate.ac.uk" gate:gateId="0" gate:annotMaxId="2375">
  Las siguientes advertencias y precauciones son aplicables a los antagonistas beta- adrenérgicos en general. Anestesia: El bloqueo beta continuado reduce el riesgo de arritmias durante la inducción y la intubación. Si se interrumpe el bloqueo beta en la preparación de la cirugía, se deberá discontinuar el antagonista beta-adrenérgico al menos 24 horas antes. Se debe tener precaución con el uso de ciertos anestésicos que causan
  <effect gate:gateId="2241" rule="Effect" Simplification="depresión miocárdica">depresión miocárdica</effect>
  ,.El paciente puede ser protegido frente a reacciones vagales mediante administración intravenosa de atropina. Cardiovascular: En general, los antagonistas beta-adrenérgicos no deben utilizarse en pacientes con
  <effect gate:gateId="2242" rule="Effect" Simplification="insuficiencia cardiaca">insuficiencia cardiaca congestiva</effect>
  (ICC) no tratada, a menos que su estado esté estabilizado. En pacientes con
  <effect gate:gateId="2243" rule="Effect" Simplification="enfermedad cardiaca">cardiopatía isquémica</effect>
  , el tratamiento con antagonistas beta-adrenérgicos debe ser discontinuado gradualmente, p. ej. en 1-2 semanas. Si es necesario, la terapia de sustitución debe iniciarse al mismo tiempo, para prevenir la exacerbación de la
  <effect gate:gateId="2244" rule="Effect" Simplification="dolor en la garganta">angina</effect>
  pectoris. Los antagonistas beta-adrenérgicos pueden inducir
  <effect gate:gateId="2245" rule="Effect" Simplification="anomalía cardiaca">bradicardia</effect>
  : si el pulso desciende por debajo de 50 - 55 latidos/minuto en reposo y/o el paciente experimenta síntomas que sugieren una
  <effect gate:gateId="2246" rule="Effect" Simplification="anomalía cardiaca">bradicardia</effect>
  , se debe reducir la dosis. Los antagonistas beta-adrenérgicos deben emplearse con precaución: - en pacientes con alteraciones de la circulación periférica (síndrome o
  <effect gate:gateId="2247" rule="Effect" Simplification="enfermedad">enfermedad</effect>
  de Raynaud,
  <effect gate:gateId="2248" rule="Effect" Simplification="dolor muscular">claudicación intermitente</effect>
  ), ya que puede producirse un agravamiento de estas alteraciones. - en pacientes con bloqueo cardíaco de primer grado, debido al efecto negativo de los beta- bloqueantes en el tiempo de conducción. - en pacientes con
  <effect gate:gateId="2249" rule="Effect" Simplification="dolor en la garganta">angina</effect>
  de Prinzmetal debido a
  <effect gate:gateId="2250" rule="Effect" Simplification="estrechamiento de vasos sanguíneos">vasoconstricción</effect>
  arterial coronaria mediada por el receptor alfa: los antagonistas beta-adrenérgicos pueden incrementar el número y la duración de los ataques de
  <effect gate:gateId="2251" rule="Effect" Simplification="dolor en la garganta">angina</effect>
  . La combinación de
  <drug gate:gateId="2252" rule="Drug">nebivolol</drug>
  con antagonistas de los canales del calcio del tipo
  <drug gate:gateId="2253" rule="Drug">verapamilo</drug>
  y
  <drug gate:gateId="2254" rule="Drug">diltiazem</drug>
  , con medicamentos antiarrítmicos de Clase I, y con medicamentos antihipertensivos de acción central, generalmente no está recomendada. Para detalles remitirse a la sección 4.5. Metabólico/Endocrino: Silostar no afecta los niveles de glucosa en pacientes diabéticos. De todos modos, se debe tener precaución en pacientes diabéticos, ya que
  <drug gate:gateId="2255" rule="Drug">nebivolol</drug>
  puede enmascarar ciertos síntomas de
  <effect gate:gateId="2256" rule="Effect" Simplification="poca azúcar en la sangre">hipoglucemia</effect>
  (
  <effect gate:gateId="2257" rule="Effect" Simplification="alteración del ritmo cardíaco">taquicardia</effect>
  ,
  <effect gate:gateId="2258" rule="Effect" Simplification="palpitaciones">palpitaciones</effect>
  ). Los bloqueantes beta-adrenérgicos pueden enmascarar los síntomas de
  <effect gate:gateId="2259" rule="Effect" Simplification="alteración del ritmo cardíaco">taquicardia</effect>
  en el
  <effect gate:gateId="2260" rule="Effect" Simplification="problemas en la tiroides">hipertiroidismo</effect>
  . Una supresión brusca de la medicación puede intensificar los síntomas. Respiratorio: En pacientes con
  <effect gate:gateId="2261" rule="Effect" Simplification="dificultad para respirar">enfermedad pulmonar obstructiva crónica</effect>
  , los antagonistas beta- adrenérgicos deben utilizarse con precaución ya que se puede agravar la
  <effect gate:gateId="2262" rule="Effect" Simplification="trastornos de los bronquios">broncoconstricción</effect>
  . Otros: Los pacientes con historia de
  <effect gate:gateId="2263" rule="Effect" Simplification="enfermedad de la piel">psoriasis</effect>
  deberán tomar antagonistas beta-adrenérgicos solamente después de un estudio detallado. Los antagonistas beta-adrenérgicos pueden incrementar la sensibilidad frente a alergenos y la gravedad de las reacciones anafilácticas. El inicio del tratamiento de la
  <effect gate:gateId="2264" rule="Effect" Simplification="insuficiencia cardiaca">insuficiencia cardiaca crónica</effect>
  con
  <drug gate:gateId="2265" rule="Drug">nebivolol</drug>
  requiere una monitorización regular. Para la posología y modo de administración remitirse a la sección 4.2. La interrupción del tratamiento no debe realizarse bruscamente a menos que esté claramente indicado. Para mayor información remitirse a la sección 4.2. Este medicamento contiene lactosa. Los pacientes con intolerancia hereditaria a galactosa, insuficiencia de lactasa de Lapp o problemas de absorción de glucosa o galactosa no deben tomar este medicamento. 4.5. Interacción con otros medicamentos y otras formas de
  <effect gate:gateId="2266" rule="Effect" Simplification="interacción">interacción</effect>
  Interacciones farmacodinámicas: Las siguientes interacciones son aplicables a los antagonistas beta-adrenérgicos en general Combinaciones no recomendadas: Antiarrítmicos de Clase I (quinidina, hidroquinidina, cibenzolina,
  <drug gate:gateId="2267" rule="Drug">flecainida</drug>
  ,
  <drug gate:gateId="2268" rule="Drug">disopiramida</drug>
  , lidocaína,
  <drug gate:gateId="2269" rule="Drug">mexiletina</drug>
  ,
  <drug gate:gateId="2270" rule="Drug">propafenona</drug>
  ): puede potenciarse el efecto sobre el tiempo de conducción atrioventricular y puede aumentar el efecto inotrópico negativo (ver sección 4.4). MINISTERIO Antagonistas de los canales del calcio del tipo
  <drug gate:gateId="2271" rule="Drug">verapamilo</drug>
  /
  <drug gate:gateId="2272" rule="Drug">diltiazem</drug>
  : influencia negativa sobre la contractibilidad y la conducción atrioventricular. La administración intravenosa de
  <drug gate:gateId="2273" rule="Drug">verapamilo</drug>
  en pacientes tratados con beta-bloqueantes puede desencadenar una profunda
  <effect gate:gateId="2274" rule="Effect" Simplification="presión arterial baja">hipotensión</effect>
  y un bloqueo atrioventricular (ver sección 4.4). Antihipertensivos de acción central (
  <drug gate:gateId="2275" rule="Drug">clonidina</drug>
  ,
  <drug gate:gateId="2276" rule="Drug">guanfacina</drug>
  , moxonidina,
  <drug gate:gateId="2277" rule="Drug">metildopa</drug>
  , rilmenidina): el uso concomitante de medicamentos antihipertensivos de acción central puede empeorar la
  <effect gate:gateId="2278" rule="Effect" Simplification="insuficiencia cardiaca">insuficiencia cardiaca</effect>
  por un descenso del tono simpático a nivel central (reducción de la frecuencia cardiaca y del gasto cardíaco,
  <effect gate:gateId="2279" rule="Effect" Simplification="venas dilatadas">vasodilatación</effect>
  ) (ver sección 4.4). Una interrupción brusca, particularmente si es previa a la discontinuación de un beta- bloqueante, puede incrementar el riesgo de "
  <effect gate:gateId="2280" rule="Effect" Simplification="incremento de presión">hipertensión de rebote</effect>
  ". Combinaciones que deben usarse con precaución Medicamentos antiarritmicos de Clase III (Amiodarona): puede potenciarse el efecto sobre el tiempo de conducción atrio-ventricular. Anestésicos ­ líquidos volátiles halogenados: El uso concomitante de antagonistas beta-adrenégicos y anestésicos puede atenuar la
  <effect gate:gateId="2281" rule="Effect" Simplification="alteración del ritmo cardiaco">taquicardia refleja</effect>
  e incrementar el riesgo de
  <effect gate:gateId="2282" rule="Effect" Simplification="presión arterial baja">hipotensión</effect>
  (ver sección 4.4). Como regla general, evitar la interrupción repentina del tratamiento beta-bloqueante. El anestesista debe ser informado cuando el paciente esté tomando Silostar. Insulina y fármacos antidiabéticos orales: aunque
  <drug gate:gateId="2283" rule="Drug">nebivolol</drug>
  no afecta los niveles de glucosa, el uso concomitante puede enmascarar ciertos síntomas de
  <effect gate:gateId="2284" rule="Effect" Simplification="poca azúcar en la sangre">hipoglucemia</effect>
  (
  <effect gate:gateId="2285" rule="Effect" Simplification="palpitaciones">palpitaciones</effect>
  ,
  <effect gate:gateId="2286" rule="Effect" Simplification="alteración del ritmo cardíaco">taquicardia</effect>
  ). Combinaciones a tener en cuenta Glucósidos digitálicos: el uso concomitante puede incrementar el tiempo de conducción atrio-ventricular. Los estudios clínicos con
  <drug gate:gateId="2287" rule="Drug">nebivolol</drug>
  no han mostrado ninguna evidencia clínica de
  <effect gate:gateId="2288" rule="Effect" Simplification="interacción">interacción</effect>
  . Nebivolol no modifica la cinética de la digoxina. Antagonistas del calcio del tipo de las dihidropiridinas (
  <drug gate:gateId="2289" rule="Drug">amlodipino</drug>
  , felodipino, lacidipino, nifedipino,
  <drug gate:gateId="2290" rule="Drug">nicardipino</drug>
  , nimodipino, nitrendipino): el uso concomitante puede incrementar el riesgo de
  <effect gate:gateId="2291" rule="Effect" Simplification="presión arterial baja">hipotensión</effect>
  , y no puede excluirse un aumento del riesgo de deterioro subsiguiente de la función ventricular sistólica en pacientes con
  <effect gate:gateId="2292" rule="Effect" Simplification="insuficiencia cardiaca">insuficiencia cardiaca</effect>
  . Antipsicóticos, antidepresivos (tricíclicos, barbitúricos y fenotiazinas): el uso concomitante puede aumentar el efecto hipotensor de los beta-bloqueantes (efecto aditivo). Medicamentos antiinflamatorios no esteroideos (AINES): no afectan al efecto reductor de la
  <effect gate:gateId="2293" rule="Effect" Simplification="presión">presión</effect>
  sanguínea del
  <drug gate:gateId="2294" rule="Drug">nebivolol</drug>
  . Agentes simpaticomiméticos: el uso concomitante puede contrarrestar el efecto de los antagonistas beta-adrenérgicos. Los agentes beta-adrenérgicos pueden no oponerse a la acción alfa-adrenérgica de ciertos agentes simpaticomiméticos con ambos efectos tanto alfa como beta adrenérgicos (riesgo de
  <effect gate:gateId="2295" rule="Effect" Simplification="presión arterial alta">hipertensión</effect>
  ,
  <effect gate:gateId="2296" rule="Effect" Simplification="anomalía cardiaca">bradicardia</effect>
  severa y
  <effect gate:gateId="2297" rule="Effect" Simplification="bloqueo cardiaco">bloqueo cardiaco</effect>
  ). Interacciones farmacocinéticas: Dado que la isoenzima CYP2D6 está implicada en el metabolismo del
  <drug gate:gateId="2298" rule="Drug">nebivolol</drug>
  , la administración conjunta con sustancias que inhiben esta enzima, especialmente
  <drug gate:gateId="2299" rule="Drug">paroxetina</drug>
  ,
  <drug gate:gateId="2300" rule="Drug">fluoxetina</drug>
  ,
  <drug gate:gateId="2301" rule="Drug">tioridazina</drug>
  y quinidina puede llevar a aumentar los niveles plasmáticos de
  <drug gate:gateId="2302" rule="Drug">nebivolol</drug>
  lo que se asocia a un riesgo aumentado de
  <effect gate:gateId="2303" rule="Effect" Simplification="anomalía cardiaca">bradicardia</effect>
  intensa y reacciones adversas. La administración conjunta de
  <drug gate:gateId="2304" rule="Drug">cimetidina</drug>
  incrementó los niveles plasmáticos de
  <drug gate:gateId="2305" rule="Drug">nebivolol</drug>
  , sin modificar su efecto clínico. La administración conjunta de
  <drug gate:gateId="2306" rule="Drug">ranitidina</drug>
  no afectó la farmacocinética de
  <drug gate:gateId="2307" rule="Drug">nebivolol</drug>
  . Dado que Silostar puede tomarse con las comidas, y los antiácidos entre comidas, ambos tratamientos pueden co-prescribirse. Combinando
  <drug gate:gateId="2308" rule="Drug">nebivolol</drug>
  con nicardipina se incrementaron ligeramente los niveles en plasma de ambos fármacos, sin modificar el efecto clínico. La administración junto con alcohol,
  <drug gate:gateId="2309" rule="Drug">furosemida</drug>
  o
  <drug gate:gateId="2310" rule="Drug">hidroclorotiazida</drug>
  no afectó la farmacocinética de
  <drug gate:gateId="2311" rule="Drug">nebivolol</drug>
  . Nebivolol no tuvo efecto sobre la farmacocinética y la farmacodinamia de la
  <drug gate:gateId="2312" rule="Drug">warfarina</drug>
  . 4.6. Embarazo y lactancia Uso en el
  <effect gate:gateId="2313" rule="Effect" Simplification="embarazo">embarazo</effect>
  : Nebivolol tiene efectos farmacológicos que pueden causar efectos perjudiciales durante el
  <effect gate:gateId="2314" rule="Effect" Simplification="embarazo">embarazo</effect>
  y/o en el feto/
  <effect gate:gateId="2315" rule="Effect" Simplification="recién nacido">recién nacido</effect>
  . En general, los bloqueantes beta-adrenérgicos reducen la perfusión placentaria, lo cual ha sido asociado a
  <effect gate:gateId="2316" rule="Effect" Simplification="retraso en el crecimiento">retraso en el crecimiento</effect>
  ,
  <effect gate:gateId="2317" rule="Effect" Simplification="muerte fetal">muerte intrauterina</effect>
  ,
  <effect gate:gateId="2318" rule="Effect" Simplification="aborto">aborto</effect>
  o
  <effect gate:gateId="2319" rule="Effect" Simplification="alumbramiento prematuro">parto prematuro</effect>
  . Pueden producirse efectos adversos (por ejemplo
  <effect gate:gateId="2320" rule="Effect" Simplification="poca azúcar en la sangre">hipoglucemia</effect>
  y
  <effect gate:gateId="2321" rule="Effect" Simplification="anomalía cardiaca">bradicardia</effect>
  ) en el feto y en el
  <effect gate:gateId="2322" rule="Effect" Simplification="recién nacido">recién nacido</effect>
  . Si el tratamiento con bloqueantes beta-adrenérgicos es necesario, es preferible administrar un bloqueante adrenérgico beta1-selectivo. Nebivolol no debe usarse durante el
  <effect gate:gateId="2323" rule="Effect" Simplification="embarazo">embarazo</effect>
  a menos que sea claramente necesario. Si el tratamiento con
  <drug gate:gateId="2324" rule="Drug">nebivolol</drug>
  se considera necesario, se debe monitorizar el
  <effect gate:gateId="2325" rule="Effect" Simplification="flujo">flujo</effect>
  sanguíneo uteroplacentario y el crecimiento del feto. En caso de efectos perjudiciales durante el
  <effect gate:gateId="2326" rule="Effect" Simplification="embarazo">embarazo</effect>
  o en el feto, se debe considerar la administración de un tratamiento alternativo. El
  <effect gate:gateId="2327" rule="Effect" Simplification="recién nacido">recién nacido</effect>
  debe ser estrictamente monitorizado. Durante los 3 primeros días, son esperables síntomas de hipoglicemia y
  <effect gate:gateId="2328" rule="Effect" Simplification="anomalía cardiaca">bradicardia</effect>
  . Uso durante la lactancia: Estudios en animales han demostrado que
  <drug gate:gateId="2329" rule="Drug">nebivolol</drug>
  se excreta por la leche materna. Se desconoce si este principio activo se excreta por la lecha humana. La mayoría de beta- bloqueantes, particularmente los compuestos lipofílicos como
  <drug gate:gateId="2330" rule="Drug">nebivolol</drug>
  y sus metabolitos activos, pasan a la leche materna en grado variable. Por lo tanto, no se recomienda la lactancia durante la administración de
  <drug gate:gateId="2331" rule="Drug">nebivolol</drug>
  . 4.7. Efectos sobre la capacidad para conducir vehículos y utilizar maquinaria No se han realizado estudios de los efectos sobre la capacidad de conducir y el uso de maquinaria. Los estudios farmacodinámicos han demostrado que Silostar 5 mg no afecta la función psicomotora. Cuando se conduzcan vehículos o se maneje maquinaria, los pacientes deben tener en cuenta que ocasionalmente pueden aparecer
  <effect gate:gateId="2332" rule="Effect" Simplification="mareo">mareos</effect>
  y
  <effect gate:gateId="2333" rule="Effect" Simplification="___">fatiga.</effect>
  4.8. Reacciones adversas Las reacciones adversas están mencionadas separadamente para la
  <effect gate:gateId="2334" rule="Effect" Simplification="presión arterial alta">hipertensión</effect>
  y para la
  <effect gate:gateId="2335" rule="Effect" Simplification="insuficiencia cardiaca">insuficiencia cardiaca crónica</effect>
  dada la distinta naturaleza de ambas enfermedades. Hipertensión Las reacciones adversas notificadas, que son en la mayoría de los casos de intensidad leve a moderado, se tabulan a continuación, clasificadas por órganos y sistemas y según su frecuencia: ORGANO / SISTEMA Poco frecuentes Muy raras Trastornos psiquiátricos
  <effect gate:gateId="2336" rule="Effect" Simplification="pesadillas">pesadillas</effect>
  ,
  <effect gate:gateId="2337" rule="Effect" Simplification="depresión">depresión</effect>
  Trastornos del sistema
  <effect gate:gateId="2338" rule="Effect" Simplification="nervioso">nervioso</effect>
  <effect gate:gateId="2339" rule="Effect" Simplification="dolor de cabeza">cefalea</effect>
  ,
  <effect gate:gateId="2340" rule="Effect" Simplification="mareo y vértigo">vértigo</effect>
  ,
  <effect gate:gateId="2341" rule="Effect" Simplification="desmayo">síncope</effect>
  Trastornos oculares visión alterada Trastornos cardiacos
  <effect gate:gateId="2342" rule="Effect" Simplification="anomalía cardiaca">bradicardia</effect>
  , insuficiencia Trastornos vasculares
  <effect gate:gateId="2343" rule="Effect" Simplification="presión arterial baja">hipotensión</effect>
  , (aumento de) Trastornos respiratorios, torácicos y
  <effect gate:gateId="2344" rule="Effect" Simplification="jadeo">disnea</effect>
  <effect gate:gateId="2345" rule="Effect" Simplification="trastornos de los bronquios">broncoespasmo</effect>
  mediastínicos Trastornos gastrointestinales
  <effect gate:gateId="2346" rule="Effect" Simplification="estreñimiento">estreñimiento</effect>
  ,
  <effect gate:gateId="2347" rule="Effect" Simplification="enfermedades del estómago ">dispepsia</effect>
  ,
  <effect gate:gateId="2348" rule="Effect" Simplification="flatulencia">flatulencia</effect>
  ,
  <effect gate:gateId="2349" rule="Effect" Simplification="vómitos">vómitos</effect>
  Trastornos de la piel y del tejido
  <effect gate:gateId="2350" rule="Effect" Simplification="picazón">prurito</effect>
  ,
  <effect gate:gateId="2351" rule="Effect" Simplification="alteración de la piel">rash</effect>
  eritematoso
  <effect gate:gateId="2352" rule="Effect" Simplification="hinchazón">edema</effect>
  subcutáneo angioneurótico , Trastornos del aparato reproductor y
  <effect gate:gateId="2353" rule="Effect" Simplification="impotencia">impotencia</effect>
  de la mama Trastornos generales y alteraciones en
  <effect gate:gateId="2354" rule="Effect" Simplification="fatiga">cansancio</effect>
  ,
  <effect gate:gateId="2355" rule="Effect" Simplification="hinchazón">edema</effect>
  el lugar de administración Las siguientes reacciones adversas se han observado también con algunos antagonistas beta- adrenérgicos:
  <effect gate:gateId="2356" rule="Effect" Simplification="alucinaciones">alucinaciones</effect>
  ,
  <effect gate:gateId="2357" rule="Effect" Simplification="psicótico">psicosis</effect>
  ,
  <effect gate:gateId="2358" rule="Effect" Simplification="confusión">confusión</effect>
  , extremidades frías/cianóticas, fenómeno de Raynaud,
  <effect gate:gateId="2359" rule="Effect" Simplification="ojo seco">sequedad de ojos</effect>
  y toxicidad óculo-mucocutánea de tipo practolol. Insuficiencia cardiaca crónica Los datos de reacciones adversas en pacientes con
  <effect gate:gateId="2360" rule="Effect" Simplification="insuficiencia cardiaca">insuficiencia cardiaca crónica</effect>
  se han obtenido de un ensayo clínico controlado, en el que se incluyeron 1067 pacientes que fueron tratados con
  <drug gate:gateId="2361" rule="Drug">nebivolol</drug>
  y 1061 pacientes tratados con placebo. En este estudio, se registraron reacciones adversas que fueron consideradas, como mínimo, posiblemente relacionadas con la medicación en 449 pacientes tratados con
  <drug gate:gateId="2362" rule="Drug">nebivolol</drug>
  (42,1%) y en 334 pacientes tratados con placebo (31,5%). Las reacciones adversas más frecuentes con
  <drug gate:gateId="2363" rule="Drug">nebivolol</drug>
  fueron
  <effect gate:gateId="2364" rule="Effect" Simplification="anomalía cardiaca">bradicardia</effect>
  y
  <effect gate:gateId="2365" rule="Effect" Simplification="mareo">mareo</effect>
  , ambas observadas en aproximadamente el 11% de los pacientes. Las frecuencias correspondientes en el grupo placebo fueron aproximadamente el 2% y el 7%, respectivamente. Se registraron las siguientes incidencias de reacciones adversas (como mínimo posiblemente relacionadas con el medicamento) consideradas específicamente relevantes en el tratamiento de la
  <effect gate:gateId="2366" rule="Effect" Simplification="insuficiencia cardiaca">insuficiencia cardiaca crónica</effect>
  : - El
  <effect gate:gateId="2367" rule="Effect" Simplification="empeoramiento de la insuficiencia cardiaca">empeoramiento de la insuficiencia cardiaca</effect>
  ocurrió en el 5,8% de los pacientes tratados con
  <drug gate:gateId="2368" rule="Drug">nebivolol</drug>
  comparado con el 5,2% de los pacientes tratados con placebo. - La
  <effect gate:gateId="2369" rule="Effect" Simplification="presión sanguínea baja">hipotensión postural</effect>
  fue descrita en un 2,1% de los pacientes tratados con
  <drug gate:gateId="2370" rule="Drug">nebivolol</drug>
  comparado con el 1,0% de los pacientes tratados con placebo. - La intolerancia al medicamento ocurrió en un 1,6% de los pacientes tratados con
  <drug gate:gateId="2371" rule="Drug">nebivolol</drug>
  comparado con el 0,8% de los pacientes tratados con placebo. - El bloqueo atrioventricular de primer grado se observó en un 1,4% de los pacientes tratados con
  <drug gate:gateId="2372" rule="Drug">nebivolol</drug>
  comparado con el 0,9% de los pacientes tratados con placebo. - El
  <effect gate:gateId="2373" rule="Effect" Simplification="hinchazón en las piernas">edema de las extremidades inferiores</effect>
  fue descrito en un 1,0% de los pacientes tratados con
  <drug gate:gateId="2374" rule="Drug">nebivolol</drug>
  comparado con un 0,2% de los pacientes tratados con placebo.
</paragraph>
