<?xml version="1.0" encoding="UTF-8"?>
<paragraph xmlns:gate="http://www.gate.ac.uk" gate:gateId="0" gate:annotMaxId="2009">
  Poblaciones especiales: Uso en niños. No utilizar en niños menores de 3 años. Se recomienda una estricta vigilancia de las reacciones adversas, principalmente neurológicas en niños mayores de 3 años tratados con Sinogan. Se recomienda en este tipo de población utilizar Sinogan gotas. Uso en ancianos. Utilizar con precaución. Sinogan 25 mg/ml,
  <effect gate:gateId="1908" rule="Effect" Simplification="ampollas">ampollas</effect>
  La solución para inyección contiene sulfitos que raramente pueden provocar reacciones de alergias graves y
  <effect gate:gateId="1909" rule="Effect" Simplification="trastornos de los bronquios">broncoespasmo</effect>
  . 4.5. Interacción con otros medicamentos y otras formas de
  <effect gate:gateId="1910" rule="Effect" Simplification="interacción">interacción</effect>
  MINISTERIO - Levodopa. La administración conjunta de levodopa con levomepromazina antagoniza los efectos de la levodopa. En el caso de aparición de
  <effect gate:gateId="1911" rule="Effect" Simplification="movimientos involuntarios">síndrome extrapiramidal</effect>
  inducido por la administración de neurolépticos no se utilizará levodopa si no que se utilizará un anticolinérgico. - Alcohol. La ingestión de alcohol aumenta el efecto sedante de los neurolépticos (ver apartado 4.7 " Efectos sobre la capacidad para conducir y utilizar máquinas") - Sales, óxidos e hidróxidos de aluminio, magnesio y calcio, producen una disminución de la absorción digestiva de los neurolépticos fenotiazínicos. Se aconseja tomarlos, al menos con 2 horas de diferencia. - Antihipertensivos: Efecto aditivo de la actividad antihipertensiva y mayor riesgo de
  <effect gate:gateId="1912" rule="Effect" Simplification="incapacidad de quedarse quieto">hipotensión ortostática</effect>
  . - Otros depresores del sistema
  <effect gate:gateId="1913" rule="Effect" Simplification="nervioso">nervioso</effect>
  central: sedantes, derivados morfínicos, (analgésicos y antitusígenos), barbitúricos, antihistamínicos H1, hipnóticos, ansiolíticos,
  <drug gate:gateId="1914" rule="Drug">clonidina</drug>
  , y sustancias relacionadas,
  <drug gate:gateId="1915" rule="Drug">metadona</drug>
  y
  <drug gate:gateId="1916" rule="Drug">talidomida</drug>
  . Al administrar este tipo de productos concomitantemente con Sinogan se producirá un mayor efecto depresor del sistema
  <effect gate:gateId="1917" rule="Effect" Simplification="nervioso">nervioso</effect>
  central. - Atropina y otras sustancias atropínicas: antidepresivos tipo
  <drug gate:gateId="1918" rule="Drug">imipramina</drug>
  , antihistamínicos H1, sedantes, antiparkinsonianos anticolinérgicos, antiespasmódicos atropínicos,
  <drug gate:gateId="1919" rule="Drug">disopiramida</drug>
  , producen una adición de las reacciones adversas de tipo atropínico (
  <effect gate:gateId="1920" rule="Effect" Simplification="retención urinaria">retención urinaria</effect>
  ,
  <effect gate:gateId="1921" rule="Effect" Simplification="estreñimiento">estreñimiento</effect>
  ,
  <effect gate:gateId="1922" rule="Effect" Simplification="sequedad de boca">sequedad de boca</effect>
  ). - Fármacos que pueden prolongar el intervalo QT: · Antiarrítmicos: quinidina, procainamida,
  <drug gate:gateId="1923" rule="Drug">amiodarona</drug>
  , mibefranil. · Antibióticos:
  <drug gate:gateId="1924" rule="Drug">eritromicina</drug>
  , cotrimoxazol, trimetoprim-sulfametoxazol,
  <drug gate:gateId="1925" rule="Drug">azitromicina</drug>
  ,
  <drug gate:gateId="1926" rule="Drug">ketoconazol</drug>
  , pentamidina. · Fármacos que actúan sobre la motilidad gastrointestinal:
  <drug gate:gateId="1927" rule="Drug">cisapride</drug>
  . · Antihistamínicos: terfenadina, astemizol. · Hipolipemiantes: probucol. · Otros agentes psicotrópicos: antidepresivos tricíclicos y tetracíclicos,
  <drug gate:gateId="1928" rule="Drug">haloperidol</drug>
  y otras fenotiazinas. · Otros agentes: organofosforados y vasopresina. - Fármacos metabolizados por el sistema del citocromo P450 2D6: la levomepromazina y sus metabolitos no hidroxilados son inhibidores del citocromo P450 2D6. La administración conjunta de Sinogan con fármacos metabolizados mayoritariamente a través del sistema enzimático del citocromo P450 2D6 puede producir un aumento de las concentraciones plasmáticas de dichos fármacos. Entre estos fármacos se encuentran: · Antidepresivos tricíclicos:
  <drug gate:gateId="1929" rule="Drug">amitriptilina</drug>
  ,
  <drug gate:gateId="1930" rule="Drug">clomipramina</drug>
  , disipramina,
  <drug gate:gateId="1931" rule="Drug">imipramina</drug>
  . · Antidepresivos inhibidores de la recaptación de serotonina:
  <drug gate:gateId="1932" rule="Drug">fluoxetina</drug>
  ,
  <drug gate:gateId="1933" rule="Drug">fluvoxamina</drug>
  ,
  <drug gate:gateId="1934" rule="Drug">sertralina</drug>
  ,
  <drug gate:gateId="1935" rule="Drug">paroxetina</drug>
  . · Antiarrítmicos: encainida,
  <drug gate:gateId="1936" rule="Drug">flecainida</drug>
  ,
  <drug gate:gateId="1937" rule="Drug">propafenona</drug>
  . · Betabloqueantes:
  <drug gate:gateId="1938" rule="Drug">metoprolol</drug>
  , propranolol. · Antitusígenos:
  <drug gate:gateId="1939" rule="Drug">codeína</drug>
  ,
  <drug gate:gateId="1940" rule="Drug">dextrometorfano</drug>
  . · Otros neurolépticos:
  <drug gate:gateId="1941" rule="Drug">perfenazina</drug>
  . 4.6. Embarazo y lactancia Embarazo Los estudios experimentales en animales no han mostrado evidencias sobre una posible acción teratógena. En la especie humana no se ha evaluado el riesgo teratógeno de la levomepromazina por lo que, si es posible, se desaconseja su uso. Los datos obtenidos de diferentes estudios epidemiológicos prospectivos realizados con otras fenotiazinas son contradictorios con respecto al riesgo de malformaciones. No existen datos disponibles sobre los efectos en el cerebro de fetos de mujeres tratadas con neurolépticos durante el
  <effect gate:gateId="1942" rule="Effect" Simplification="embarazo">embarazo</effect>
  . En recién nacidos cuyas madres han sido tratadas con altas dosis de neurolépticos durante el
  <effect gate:gateId="1943" rule="Effect" Simplification="embarazo">embarazo</effect>
  se han comunicado raramente casos de: · Síntomas gastrointestinales relacionados con las propiedades atropínicas de las fenotiazinas (
  <effect gate:gateId="1944" rule="Effect" Simplification="abdomen prominente">distensión abdominal</effect>
  ,
  <effect gate:gateId="1945" rule="Effect" Simplification="obstrucción intestinal">íleo meconial</effect>
  , excreción retardada del meconio, dificultad en el inicio de la lactancia,
  <effect gate:gateId="1946" rule="Effect" Simplification="alteración del ritmo cardíaco">taquicardia</effect>
  , trastornos neurológicos, etc) · Síndromes extrapiramidales. Si se considera necesario la continuación del tratamiento durante el
  <effect gate:gateId="1947" rule="Effect" Simplification="embarazo">embarazo</effect>
  hay que tener en cuenta que: · Sería necesario limitar la duración del tratamiento durante el
  <effect gate:gateId="1948" rule="Effect" Simplification="embarazo">embarazo</effect>
  . · Disminuir la dosis de neuroléptico lo máximo posible al final del
  <effect gate:gateId="1949" rule="Effect" Simplification="embarazo">embarazo</effect>
  . · Establecer un periodo de vigilancia de las funciones neurológicas y digestivas del
  <effect gate:gateId="1950" rule="Effect" Simplification="recién nacido">recién nacido</effect>
  . Lactancia: Se desaconseja su utilización debido a la
  <effect gate:gateId="1951" rule="Effect" Simplification="ausencia">ausencia</effect>
  de datos sobre el paso a la leche materna de la levomepromazina 4.7. Efectos sobre la capacidad para conducir y utilizar máquinas Por el riesgo de
  <effect gate:gateId="1952" rule="Effect" Simplification="somnolencia excesiva durante el día">somnolencia diurna</effect>
  , se debe advertir a los pacientes que no deberán conducir vehículos ni utilizar máquinas sobretodo al principio del tratamiento. 4.8. Reacciones adversas - Trastornos endocrinos:
  <effect gate:gateId="1953" rule="Effect" Simplification="infertilidad en el hombre">hiperprolactinemia</effect>
  (
  <effect gate:gateId="1954" rule="Effect" Simplification="ausencia de la menstruación">amenorrea</effect>
  ,
  <effect gate:gateId="1955" rule="Effect" Simplification="anormal producción de leche materna">galactorrea</effect>
  ,
  <effect gate:gateId="1956" rule="Effect" Simplification="enfermedades del seno">ginecomastia</effect>
  ), disregulación térmica. - Trastornos del metabolismo y nutrición:
  <effect gate:gateId="1957" rule="Effect" Simplification="aumento de peso">aumento de peso</effect>
  ,
  <effect gate:gateId="1958" rule="Effect" Simplification="alto nivel de azucar">hiperglucemia</effect>
  ,
  <effect gate:gateId="1959" rule="Effect" Simplification="intolerancia a la glucosa">alteración de la tolerancia a la glucosa</effect>
  . - Trastornos psiquiátricos:
  <effect gate:gateId="1960" rule="Effect" Simplification="indiferencia">indiferencia</effect>
  , reacciones de
  <effect gate:gateId="1961" rule="Effect" Simplification="ansiedad">ansiedad</effect>
  , variaciones del estado de ánimo. - Trastornos del sistema
  <effect gate:gateId="1962" rule="Effect" Simplification="nervioso">nervioso</effect>
  :
  <effect gate:gateId="1963" rule="Effect" Simplification="sedación">sedación</effect>
  o
  <effect gate:gateId="1964" rule="Effect" Simplification="somnolencia">somnolencia</effect>
  (más frecuente al principio del tratamiento),
  <effect gate:gateId="1965" rule="Effect" Simplification="incapacidad de quedarse quieto">hipotensión ortostática</effect>
  , efectos anticolinérgicos (
  <effect gate:gateId="1966" rule="Effect" Simplification="sequedad de boca">sequedad de boca</effect>
  ,
  <effect gate:gateId="1967" rule="Effect" Simplification="retención urinaria">retención urinaria</effect>
  , problemas de acomodación ocular),
  <effect gate:gateId="1968" rule="Effect" Simplification="trastorno peligroso">síndrome neuroléptico maligno</effect>
  , discinesias precoces (
  <effect gate:gateId="1969" rule="Effect" Simplification="tortícolis">tortícolis</effect>
  espasmódicas,
  <effect gate:gateId="1970" rule="Effect" Simplification="crisis">crisis</effect>
  oculogiras,
  <effect gate:gateId="1971" rule="Effect" Simplification="rigidez en boca">trismus</effect>
  ,...) o tardías,
  <effect gate:gateId="1972" rule="Effect" Simplification="movimientos involuntarios">síndrome extrapiramidal</effect>
  (
  <effect gate:gateId="1973" rule="Effect" Simplification="incapacidad de realizar movimientos">acinesia</effect>
  ,
  <effect gate:gateId="1974" rule="Effect" Simplification="incapacidad de quedarse quieto">acatisia</effect>
  ,
  <effect gate:gateId="1975" rule="Effect" Simplification="tensión">hipertonía</effect>
  ,
  <effect gate:gateId="1976" rule="Effect" Simplification="excitación">excitación</effect>
  motora). - Trastornos cardiacos: muy raramente, como con otros neurolépticos, prolongación del intervalo QT que puede desencadenar
  <effect gate:gateId="1977" rule="Effect" Simplification="alteración del ritmo cardiaco">arritmia ventricular</effect>
  (ver apartado 4.4 Advertencias y precauciones de uso). Existen informes aislados de
  <effect gate:gateId="1978" rule="Effect" Simplification="muerte repentina">muerte súbita</effect>
  con posibles causas de origen cardiaco (ver apartado 4.4. Advertencias y precauciones especiales de empleo), así como casos de
  <effect gate:gateId="1979" rule="Effect" Simplification="muerte repentina">muerte súbita</effect>
  inexplicable en pacientes que reciben neurolépticos fenotiacínicos. - Trastornos vasculares: levomeprozina, al igual que otros antipsicóticos, aumenta el riesgo de
  <effect gate:gateId="1980" rule="Effect" Simplification="coagulo en una vena">tromboembolismo venoso</effect>
  y
  <effect gate:gateId="1981" rule="Effect" Simplification="embolia pulmonar ">embolia pulmonar</effect>
  . - Trastornos hepato-biliares:
  <effect gate:gateId="1982" rule="Effect" Simplification="piel amarrilla">ictericia</effect>
  colestásica - Trastornos de la piel y tejidos subcutáneos:
  <effect gate:gateId="1983" rule="Effect" Simplification="intolerancia a la luz">fotosensibilidad</effect>
  y
  <effect gate:gateId="1984" rule="Effect" Simplification="alergia">alergia</effect>
  . - Trastornos del aparato genito-urinario:
  <effect gate:gateId="1985" rule="Effect" Simplification="impotencia">impotencia</effect>
  ,
  <effect gate:gateId="1986" rule="Effect" Simplification="disminucion del apetito sexual">frigidez</effect>
  y muy raramente,
  <effect gate:gateId="1987" rule="Effect" Simplification="dolor en el pene">priapismo</effect>
  . - Trastornos oculares: disminución del tono ocular,
  <effect gate:gateId="1988" rule="Effect" Simplification="enfermedades de la retina">retinopatía</effect>
  pigmentaria. - Procedimientos quirúrgicos y médicos: positivación de la determinación de anticuerpos antinucleares sin clínica de
  <effect gate:gateId="1989" rule="Effect" Simplification="daño en los tejidos">lupus eritematoso</effect>
  . - Trastornos de la sangre y del sistema linfático:
  <effect gate:gateId="1990" rule="Effect" Simplification="poca producción de defensas en la sangre">agranulocitosis</effect>
  ,
  <effect gate:gateId="1991" rule="Effect" Simplification="disminución de leucocitos en la sangre">leucopenia</effect>
  . - Trastornos gastrointestinales: muy raramente:
  <effect gate:gateId="1992" rule="Effect" Simplification="inflamación del intestino delgado y colon">enterocolitis</effect>
  necrótica, que puede poner en peligro la vida,
  <effect gate:gateId="1993" rule="Effect" Simplification="estreñimiento">estreñimiento</effect>
  e
  <effect gate:gateId="1994" rule="Effect" Simplification="obstrucción intestinal">íleo paralítico</effect>
  . 4. 9. Sobredosis Síndrome parkinsoniano gravísimo,
  <effect gate:gateId="1995" rule="Effect" Simplification="coma">coma</effect>
  . No existe antídoto específico. En caso de
  <effect gate:gateId="1996" rule="Effect" Simplification="intoxicación">intoxicación</effect>
  aguda, se puede combatir con tratamiento sintomático, (adecuado a la intensidad o a la persistencia de las perturbaciones funcionales) y perfusiones venosas de analépticos cardiovasculares.   5.1. Propiedades farmacodinámicas Neuroléptico: Grupo N05 Los neurolépticos poseen propiedades dopaminérgicas que son responsables a la vez de: - efecto antipsicótico buscado en terapéutica - efectos secundarios (
  <effect gate:gateId="1997" rule="Effect" Simplification="movimientos involuntarios">síndrome extrapiramidal</effect>
  , discinesias,
  <effect gate:gateId="1998" rule="Effect" Simplification="infertilidad en el hombre">hiperprolactinemia</effect>
  ) En el caso de la levomepromazina esta actividad dopaminérgica es de importancia mediana ya que la actividad antipsicótica es adecuada y los efectos extrapiramidales son notorios pero moderados. La molécula posee también propiedades antihistamínicas, que originan una
  <effect gate:gateId="1999" rule="Effect" Simplification="sedación">sedación</effect>
  importante al reducir la psicomotricidad y las reacciones emocionales de donde resulta su utilidad en los estados de
  <effect gate:gateId="2000" rule="Effect" Simplification="agitación">agitación</effect>
  ,
  <effect gate:gateId="2001" rule="Effect" Simplification="agresividad">agresividad</effect>
  y
  <effect gate:gateId="2002" rule="Effect" Simplification="angustia">angustia</effect>
  de los enfermos mentales, especialmente en las
  <effect gate:gateId="2003" rule="Effect" Simplification="psicótico">psicosis</effect>
  agudas y crónicas. Esta actividad sedante es más potente que para otros neurolépticos fenotiazínicos También la levomepromazina presenta propiedades adrenolíticas y anticolinérgicas marcadas. Por otra parte está dotada de una actividad analgésica importante lo que justifica su uso terapéutico en algias intensas. 5.2. Propiedades farmacocinéticas Las concentraciones séricas máximas se alcanzan entre 1 y 3 horas después de la administración oral y entre 30 y 90 minutos tras la administración intramuscular. La vida media de la levomepromazina es muy variable según los sujetos (de 15 a 78 horas). La biodisponibilidad es de un 50 %. Los metabolitos de la levomepromazina son derivados sulfóxidos y un derivado demetilado activo. La eliminación es urinaria y fecal. 5.3. Datos preclínicos sobre seguridad Los valores de toxicidad aguda (DL50 ) en el ratón fueron: 375 mg/kg por vía oral, 70 mg/kg por vía intravenosa y 300 mg/kg por vía subcutanéa. Administrada a dosis diarias de 5 y 10 mg/kg p.o durante un mes a ratas y durante tres meses a perros, el producto se toleró bien en las dos especies, especialmente en el plano hepato-renal y sanguíneo. Los exámenes histológicos de los principales órganos no han mostrado ninguna
  <effect gate:gateId="2004" rule="Effect" Simplification="lesión">lesión</effect>
  importante imputable a la acción tóxica del producto. Además en el perro la levomepromazina administrada por vía oral durante 3 meses a dosis de 20 a 40 mg/Kg/día no produce efectos tóxicos importantes.   6.1. Lista de excipientes Sinogan 25 mg/ml
  <effect gate:gateId="2005" rule="Effect" Simplification="ampollas">ampollas</effect>
  : Ácido ascórbico, sulfito sódico, cloruro sódico y agua para inyectables c.s.p. 1 ml. 6.2. Incompatibilidades No se debe mezclar en la misma jeringa con ningún fármaco excepto con sulfato de atropina y bromuro de escopolamina. 6.3. Período de validez 5 años 6.4. Precauciones especiales de conservación Mantener por debajo de 25 º C y protegido de la luz. 6.5. Naturaleza y contenido del envase Sinogan 25 mg/ml
  <effect gate:gateId="2006" rule="Effect" Simplification="ampollas">ampollas</effect>
  : Cajas con 10
  <effect gate:gateId="2007" rule="Effect" Simplification="ampollas">ampollas</effect>
  de 1 ml. 6.6. Precauciones especiales de eliminación y otras manipulaciones MINISTERIO La eliminación del medicamento no utilizado y de todos los materiales que hayan estado en contacto con él, se realizará de acuerdo con las normativas locales.   Titular : sanofi-aventis France 1-13 Boulevard Romain Rolland 75014 - Paris Representante Local: sanofi-aventis, S.A. Josep Pla nº 2 08019 Barcelona   Sinogan 25 mg/ml
  <effect gate:gateId="2008" rule="Effect" Simplification="ampollas">ampollas</effect>
  : Nº Reg. EN 32.262 9. FECHA DE LA PRIMERA AUTORIZACIÓN/REVISIÓN DE AUTORIZACIÓN Junio 1959/ julio 2004 10. FECHA DE REVISIÓN DEL TEXTO Noviembre de 2007
</paragraph>
