<?xml version="1.0" encoding="UTF-8"?>
<paragraph xmlns:gate="http://www.gate.ac.uk" gate:gateId="0" gate:annotMaxId="324">
  Las reacciones adversas (Tabla 1) se clasifican de acuerdo a las frecuencias, la más frecuente primero siguiendo el siguiente convenio: muy frecuente (&gt; 1/10); frecuente (&gt; 1/100, &lt; 1/10 %); poco frecuente (&gt; 1/1000, &lt; 1/100); rara (&gt; 1/10000, &lt; 1/1000); muy rara (&lt; 1/10000 %), incluído casos aislados. Dentro de cada frecuencia, las reacciones adversas se clasifican en orden decreciente de gravedad. Alteraciones psiquiátricas Rara: Alucinaciones,
  <effect gate:gateId="306" rule="Effect" Simplification="insomnio">insomnio</effect>
  , trastornos del sueño Alteraciones del sistema
  <effect gate:gateId="307" rule="Effect" Simplification="nervioso">nervioso</effect>
  Frecuente: Somnolencia,
  <effect gate:gateId="308" rule="Effect" Simplification="mareo">mareos</effect>
  Alteraciones cardíacas Frecuente: Bradicardia Alteraciones vasculares Frecuente: Hipotensión Alteraciones gastrointestinales Frecuente: Sequedad de boca Rara: Náuseas, alteraciones gastrointestinales Alteraciones hepatobilares Muy rara: Hepatitis Alteraciones en el tejido conjuntivo y musculoesquelético Rara: Debilidad muscular Trastornos generales y en el lugar de la administración Frecuente: Fatiga Laboratorio Frecuente: Disminución de la
  <effect gate:gateId="309" rule="Effect" Simplification="presión">presión</effect>
  sanguínea Rara: Aumento de las transaminasas Con dosis bajas, como las recomendadas para los
  <effect gate:gateId="310" rule="Effect" Simplification="calambre muscular">espasmos musculares</effect>
  dolorosos, las reacciones adversas son normalmente leves y transitorias:
  <effect gate:gateId="311" rule="Effect" Simplification="fatiga ">fatiga</effect>
  ,
  <effect gate:gateId="312" rule="Effect" Simplification="somnolencia">somnolencia</effect>
  , MINISTERIO
  <effect gate:gateId="313" rule="Effect" Simplification="mareo">mareos</effect>
  ,
  <effect gate:gateId="314" rule="Effect" Simplification="presión arterial baja">hipotensión</effect>
  ,
  <effect gate:gateId="315" rule="Effect" Simplification="sequedad de boca">sequedad de boca</effect>
  ,
  <effect gate:gateId="316" rule="Effect" Simplification="náuseas">náuseas</effect>
  , trastornos gastrointestinales, aumentos de las transaminasas. Con dosis mayores, como las recomendadas para el tratamiento de la
  <effect gate:gateId="317" rule="Effect" Simplification="enfermedad en los nervios de los músculos">espasticidad</effect>
  , los efectos secundarios anteriores son más frecuentes y más pronunciados pero casi nunca lo suficientemente graves como para provocar la interrupción del tratamiento. Además, pueden producirse los siguientes efectos:
  <effect gate:gateId="318" rule="Effect" Simplification="presión arterial baja">hipotensión</effect>
  ,
  <effect gate:gateId="319" rule="Effect" Simplification="anomalía cardiaca">bradicardia</effect>
  ,
  <effect gate:gateId="320" rule="Effect" Simplification="debilidad muscular">debilidad muscular</effect>
  ,
  <effect gate:gateId="321" rule="Effect" Simplification="insomnio">insomnio</effect>
  , trastornos del sueño,
  <effect gate:gateId="322" rule="Effect" Simplification="alucinaciones">alucinaciones</effect>
  ,
  <effect gate:gateId="323" rule="Effect" Simplification="hepatitis">hepatitis</effect>
  .
</paragraph>
