<?xml version="1.0" encoding="UTF-8"?>
<paragraph xmlns:gate="http://www.gate.ac.uk" gate:gateId="0" gate:annotMaxId="103">
  · Alteraciones de la piel y tejido subcutáneo Al inicio del tratamiento se puede producir
  <effect gate:gateId="98" rule="Effect" Simplification="irritación">irritación</effect>
  local de la piel (generalmente con sensación de quemazón y
  <effect gate:gateId="99" rule="Effect" Simplification="picor">picor</effect>
  ; ocasionalmente con
  <effect gate:gateId="100" rule="Effect" Simplification="enrojecimiento">eritema</effect>
  y
  <effect gate:gateId="101" rule="Effect" Simplification="descamación">descamación</effect>
  ). En la mayoría de los casos los síntomas de
  <effect gate:gateId="102" rule="Effect" Simplification="irritación">irritación</effect>
  son leves y suelen remitir a lo largo del transcurso del tratamiento. En casos muy raros, se pueden producir reacciones alérgicas cutáneas (p. ej., erupciones) (véase también el apartado "4.3 Contraindicaciones").
</paragraph>
