<?xml version="1.0" encoding="UTF-8"?>
<paragraph xmlns:gate="http://www.gate.ac.uk" gate:gateId="0" gate:annotMaxId="874">
  En los ensayos clínicos, aproximadamente 1070 pacientes con Parkinson recibieron tratamiento con Sogilen y terapia adyuvante con levodopa. De éstos, el 74% presentó al menos un
  <effect gate:gateId="824" rule="Effect" Simplification="acontecimiento adverso">acontecimiento adverso</effect>
  , que fue principalmente, transitorio y de gravedad leve a moderada. Un pequeño porcentaje de los casos requirió la interrupción del tratamiento con Sogilen. En la mayoría de los casos (51%), los acontecimientos adversos estuvieron relacionados con el sistema
  <effect gate:gateId="825" rule="Effect" Simplification="nervioso">nervioso</effect>
  central; en el 33% con el sistema gastrointestinal; en el 27% con el sistema cardiovascular y en el 13% con el sistema respiratorio. Se detallan a continuación en la tabla siguiente: Muy frecuentes Frecuentes Poco frecuentes Infecciones e Infección de las vías infestaciones respiratorias Trastornos Alucinaciones,
  <effect gate:gateId="826" rule="Effect" Simplification="confusión">confusión</effect>
  Insomnio, psiquiátricos
  <effect gate:gateId="827" rule="Effect" Simplification="somnolencia">somnolencia</effect>
  , Trastornos del sistema Disquinesia, hiperquinesia, Cefalea
  <effect gate:gateId="828" rule="Effect" Simplification="nervioso">nervioso</effect>
  <effect gate:gateId="829" rule="Effect" Simplification="mareo">mareo</effect>
  Trastornos cardiacos Angina* Trastornos vasculares Hipotensión postural, Hipotensión Eritromelalgia* MINISTERIO Trastornos respiratorios, torácicos Derrame pleural/Fibrosis y mediastínicos pulmonar Trastornos gastrointestinales Náuseas,
  <effect gate:gateId="830" rule="Effect" Simplification="vómitos">vómitos</effect>
  ,
  <effect gate:gateId="831" rule="Effect" Simplification="enfermedades del estómago ">dispepsia</effect>
  ,
  <effect gate:gateId="832" rule="Effect" Simplification="enfermedades del estómago">gastritis</effect>
  ,
  <effect gate:gateId="833" rule="Effect" Simplification="estreñimiento">estreñimiento</effect>
  Trastornos generales y Edema periférico*,
  <effect gate:gateId="834" rule="Effect" Simplification="fatiga">astenia</effect>
  alteraciones en el lugar de la administración Exploraciones complementarias Disminución en la hemoglobina, hematocrito y/o en el recuento de glóbulos rojos** * Acontecimientos adversos esperados para la clase farmacológica (algunos de ellos debidos a las propiedades vasoconstrictoras). ** En un 6,8% de los pacientes participantes en los ensayos clínicos, que presentaban valores normales antes de participar en los mismos, se observó, al menos en una ocasión, una disminución clínicamente relevante en la hemoglobina, hematocrito y/o en el recuento de glóbulos rojos (&gt;15% sobre el valor basal). Se observó la normalización en un tercio de estos pacientes. Las alteraciones gástricas fueron más frecuentes en mujeres que en hombres, mientras que las alteraciones del SNC fueron más frecuentes en los ancianos. Se ha observado una disminución de 12 y 6 mmHg en la
  <effect gate:gateId="835" rule="Effect" Simplification="presión">presión</effect>
  sistólica y diastólica en bipedestación, así como de 9 y 5 mmHg en
  <effect gate:gateId="836" rule="Effect" Simplification="escaras">decúbito</effect>
  en una minoría de pacientes, aunque el efecto era principalmente evidente durante las primeras semanas de tratamiento. Durante el tratamiento con Sogilen no se ha observado ninguna modificación de la frecuencia cardiaca ni cambios en los trazados del ECG. Durante el tratamiento a largo plazo con Sogilen se han detectado alteraciones clínicamente relevantes en las pruebas analíticas habituales en un 1,5% de los pacientes (
  <effect gate:gateId="837" rule="Effect" Simplification="anemia">anemia</effect>
  ). Se han comunicado casos de lesiones inflamatorias de tipo fibrótico con
  <effect gate:gateId="838" rule="Effect" Simplification="afectación">afectación</effect>
  de serosas, como
  <effect gate:gateId="839" rule="Effect" Simplification="inflamación pulmonar">pleuritis</effect>
  ,
  <effect gate:gateId="840" rule="Effect" Simplification="derrame pulmonar">derrame pleural</effect>
  ,
  <effect gate:gateId="841" rule="Effect" Simplification="exceso de tejido en los pulmones">fibrosis pleural</effect>
  ,
  <effect gate:gateId="842" rule="Effect" Simplification="exceso de tejido en los pulmones">fibrosis pulmonar</effect>
  ,
  <effect gate:gateId="843" rule="Effect" Simplification="problemas en el corazón">pericarditis</effect>
  ,
  <effect gate:gateId="844" rule="Effect" Simplification="problemas en el corazón">derrame pericárdico</effect>
  ,
  <effect gate:gateId="845" rule="Effect" Simplification="afección en el corazón">valvulopatía cardiaca</effect>
  y
  <effect gate:gateId="846" rule="Effect" Simplification="exceso de tejido por el estomago">fibrosis retroperitoneal</effect>
  en pacientes en tratamiento con
  <drug gate:gateId="847" rule="Drug">cabergolina</drug>
  (ver epígrafe 4.4 Advertencias y precauciones especiales de empleo). Se desconoce la incidencia de valvulopatía en relación con
  <drug gate:gateId="848" rule="Drug">cabergolina</drug>
  , si bien estudios recientes sobre la prevalencia de la insuficiencia valvular (el marcador ecocardiográfico más sensible para la valvulopatía restrictiva), indican que la prevalencia de la
  <effect gate:gateId="849" rule="Effect" Simplification="vómitos">regurgitación</effect>
  (virtualmente asintomática en todos los casos) potencialmente atribuible a
  <drug gate:gateId="850" rule="Drug">cabergolina</drug>
  es del 20% o superior. La información disponible sobre la reversibilidad de estas reacciones es limitada. En pacientes tratados para la
  <effect gate:gateId="851" rule="Effect" Simplification="enfermedad">enfermedad</effect>
  de Parkinson con agonistas dopaminérgicos, entre los que se incluye
  <drug gate:gateId="852" rule="Drug">cabergolina</drug>
  especialmente a dosis altas, se notificaron signos evidentes de
  <effect gate:gateId="853" rule="Effect" Simplification="ludopatía ">juego patológico</effect>
  , aumento de la libido e
  <effect gate:gateId="854" rule="Effect" Simplification="hipersexualidad">hipersexualidad</effect>
  . Estos signos generalmente revertían al reducir la dosis o tras la interrupción del tratamiento. Durante el periodo postcomercialización se han notificado además los siguientes acontecimientos adversos asociados a
  <drug gate:gateId="855" rule="Drug">cabergolina</drug>
  : - Trastornos del sistema inmunológico:
  <effect gate:gateId="856" rule="Effect" Simplification="alergia">reacción de hipersensibilidad</effect>
  - Trastornos psiquiátricos: delirios,
  <effect gate:gateId="857" rule="Effect" Simplification="somnolencia">somnolencia</effect>
  - Trastornos del sistema
  <effect gate:gateId="858" rule="Effect" Simplification="nervioso">nervioso</effect>
  :
  <effect gate:gateId="859" rule="Effect" Simplification="dolor de cabeza">dolor de cabeza</effect>
  ,
  <effect gate:gateId="860" rule="Effect" Simplification="dormir rápidamente">acceso súbito de sueño</effect>
  - Trastornos cardiacos: valvulopatía - Trastornos vasculares:
  <effect gate:gateId="861" rule="Effect" Simplification="desmayo">síncope</effect>
  ,
  <effect gate:gateId="862" rule="Effect" Simplification="vasoespasmo">angioespasmo</effect>
  digital* - Trastornos respiratorios, torácicos y mediastínicos:
  <effect gate:gateId="863" rule="Effect" Simplification="jadeo">disnea</effect>
  ,
  <effect gate:gateId="864" rule="Effect" Simplification="trastorno respiratorio">trastorno respiratorio</effect>
  ,
  <effect gate:gateId="865" rule="Effect" Simplification="insuficiencia respiratoria">insuficiencia respiratoria</effect>
  - Trastornos hepatobiliares:
  <effect gate:gateId="866" rule="Effect" Simplification="problemas en el hígado">función hepática anormal</effect>
  - Trastornos de la piel y del tejido subcutáneo:
  <effect gate:gateId="867" rule="Effect" Simplification="pérdida de cabello ">alopecia</effect>
  ,
  <effect gate:gateId="868" rule="Effect" Simplification="inflamación">erupción</effect>
  - Trastornos musculoesqueléticos y del tejido conjuntivo:
  <effect gate:gateId="869" rule="Effect" Simplification="calambres en las piernas">calambres en las piernas</effect>
  * - Trastornos generales y alteraciones en el lugar de administración:
  <effect gate:gateId="870" rule="Effect" Simplification="fatiga">astenia</effect>
  ,
  <effect gate:gateId="871" rule="Effect" Simplification="hinchazón">edema</effect>
  ,
  <effect gate:gateId="872" rule="Effect" Simplification="fatiga">cansancio</effect>
  ,
  <effect gate:gateId="873" rule="Effect" Simplification="exceso de tejido">fibrosis</effect>
  - Exploraciones complementarias: niveles de creatinfosfoquinasa en sangre aumentados, pruebas de función hepática anormales *Como derivado ergótico, Sogilen puede actuar como vasoconstrictor.
</paragraph>
