<?xml version="1.0" encoding="UTF-8"?>
<paragraph xmlns:gate="http://www.gate.ac.uk" gate:gateId="0" gate:annotMaxId="1729">
  MINISTERIO Amisulprida se elimina por vía renal. En caso de
  <effect gate:gateId="1656" rule="Effect" Simplification="insuficiencia renal ">insuficiencia renal</effect>
  grave, la dosis debe reducirse o podría considerarse el tratamiento intermitente (Ver apartado 4.2. Posología y forma de administración). Amisulprida puede reducir el umbral convulsivo. Así, los pacientes con antecedentes de
  <effect gate:gateId="1657" rule="Effect" Simplification="crisis">crisis</effect>
  epilépticas requieren una vigilancia estrecha durante la terapia con amisulprida. Como con otros agentes antidopaminérgicos, la prescripción de amisulprida debe realizarse con precaución a pacientes con
  <effect gate:gateId="1658" rule="Effect" Simplification="enfermedad">enfermedad</effect>
  de Parkinson, ya que puede empeorar esta
  <effect gate:gateId="1659" rule="Effect" Simplification="enfermedad">enfermedad</effect>
  . Amisulprida sólo debería utilizarse si el tratamiento neuroléptico fuera imprescindible. (Ver apartado 4.5 Interacción con otros medicamentos y otras formas de
  <effect gate:gateId="1660" rule="Effect" Simplification="interacción">interacción</effect>
  ) Amisulprida al igual que otros neurolépticos debe usarse con precaución en pacientes geriátricos ya que puede haber mayor riesgo de presentar
  <effect gate:gateId="1661" rule="Effect" Simplification="incapacidad de quedarse quieto">hipotensión ortostática</effect>
  ,
  <effect gate:gateId="1662" rule="Effect" Simplification="sedación">sedación</effect>
  y trastornos extrapiramidales como
  <effect gate:gateId="1663" rule="Effect" Simplification="movimientos anormales">discinesia tardía</effect>
  . Se recomienda observación durante el tratamiento para detectar signos precoces y la reducción o interrupción del mismo si aparece alguna de las situaciones anteriormente citadas. Asimismo es recomendable el control de la función cardíaca. Los pacientes geriátricos, pueden necesitar una menor dosis inicial y un ajuste gradual de la misma. (Ver apartado 4.2 Posología y forma de administración) Prolongación del intervalo QT Amisulprida produce una prolongación del intervalo QT dosis-dependiente (Ver apartado 4.8 Reacciones Adversas). Este efecto es conocido por potenciar el riesgo de aparición de arritmias ventriculares graves, tales como
  <effect gate:gateId="1664" rule="Effect" Simplification="arritmia">torsade de pointes</effect>
  . Antes de cualquier administración, y si es posible teniendo en cuenta el estado clínico del paciente, se recomienda descartar factores que podrían favorecer la instauración de esta alteración del ritmo, como por ejemplo: -
  <effect gate:gateId="1665" rule="Effect" Simplification="anomalía cardiaca">bradicardia</effect>
  (menos de 55 lpm), -
  <effect gate:gateId="1666" rule="Effect" Simplification="alteraciones en el agua del cuerpo">desequilibrio hidroelectrolítico</effect>
  , en particular hipokaliemia, - prolongación congénita del intervalo QT, - tratamiento concomitante que pueda producir
  <effect gate:gateId="1667" rule="Effect" Simplification="anomalía cardiaca">bradicardia</effect>
  acusada (&lt; 55 lpm), hipokaliemia, enlentecimiento de la conducción intracardíaca, o prolongación del intervalo QT (Ver apartado 4.5 Interacción con otros medicamentos y otras formas de
  <effect gate:gateId="1668" rule="Effect" Simplification="interacción">interacción</effect>
  ). Infarto cerebral En ensayos clínicos randomizados versus placebo, realizados en una población de pacientes ancianos con
  <effect gate:gateId="1669" rule="Effect" Simplification="demencia">demencia</effect>
  y tratados con ciertos fármacos antipsicóticos atípicos, se ha observado un riesgo 3 veces mayor de sufrir un evento cerebrovascular. No se conoce el mecanismo del incremento de este riesgo. No se puede excluir un incremento del riesgo con otros fármacos antipsicóticos u otras poblaciones de pacientes. Amisulprida debe utilizarse con precaución en pacientes con factores de riesgo de
  <effect gate:gateId="1670" rule="Effect" Simplification="infarto cerebral">infarto cerebral</effect>
  . Hiperglucemia Se han reportado casos de
  <effect gate:gateId="1671" rule="Effect" Simplification="alto nivel de azucar">hiperglucemia</effect>
  en pacientes tratados con algunos agentes antipsicóticos atípicos, incluido amisulprida, por lo tanto los pacientes con un diagnostico establecido de
  <effect gate:gateId="1672" rule="Effect" Simplification="diabetes">diabetes mellitus</effect>
  o con factores de riesgo de
  <effect gate:gateId="1673" rule="Effect" Simplification="diabetes">diabetes</effect>
  que están empezando un tratamiento con amisulprida deben seguir una monitorización glucémica adecuada. Advertencia sobre excipientes: Solian 100mg/ml solución oral Este medicamento contiene 0,52 mg de
  <drug gate:gateId="1674" rule="Drug">potasio</drug>
  por ml de solución oral, lo que debe ser tenido en cuenta en pacientes con
  <effect gate:gateId="1675" rule="Effect" Simplification="insuficiencia renal ">insuficiencia renal</effect>
  o en pacientes con dietas pobres en
  <drug gate:gateId="1676" rule="Drug">potasio</drug>
  . Por contener parahidroxibenzoato de propilo (E216) y parahidroxibenzoato de metilo (E218) como excipientes, este medicamento puede producir reacciones alérgicas (posiblemente retardadas) y, excepcionalmente
  <effect gate:gateId="1677" rule="Effect" Simplification="trastornos de los bronquios">broncoespasmo</effect>
  . Este medicamento contiene como máximo 4 mg de sodio por ml de solución oral, lo que debe ser tenido en cuenta en pacientes con dietas pobres en sodio. Solian 100mg, 200mg y 400 mg comprimidos Contienen lactosa, por lo que los pacientes con intolerancia hereditaria a galactosa, de insuficiencia de lactasa de Lapp (insuficiencia dada en ciertas poblaciones de Laponia) o problemas de absorción de glucosa o galactosa no deben tomar este medicamento. 4.5 Interacción con otros medicamentos y otras formas de
  <effect gate:gateId="1678" rule="Effect" Simplification="interacción">interacción</effect>
  ASOCIACIONES CONTRAINDICADAS Medicamentos que podrían inducir
  <effect gate:gateId="1679" rule="Effect" Simplification="arritmia">torsade de pointes</effect>
  : - Agentes antiarrítmicos clase Ia tales como quinidina,
  <drug gate:gateId="1680" rule="Drug">disopiramida</drug>
  , - Agentes antiarrítmicos clase III tales como
  <drug gate:gateId="1681" rule="Drug">amiodarona</drug>
  ,
  <drug gate:gateId="1682" rule="Drug">sotalol</drug>
  , - Otros medicamentos tales como bepridil,
  <drug gate:gateId="1683" rule="Drug">cisaprida</drug>
  , sultoprida,
  <drug gate:gateId="1684" rule="Drug">tioridazina</drug>
  ,
  <drug gate:gateId="1685" rule="Drug">metadona</drug>
  ,
  <drug gate:gateId="1686" rule="Drug">eritromicina</drug>
  EV, vincamina EV, halofantrina, pentamidina, esparfloxacino. Levodopa: inhibición mutua de efectos entre levodopa y neurolépticos, por antagonismo a nivel de la acción dopaminérgica. ASOCIACIONES NO RECOMENDADAS Alcohol: Amisulprida puede potenciar los efectos centrales del alcohol. Deberá evitarse el consumo de bebidas alcohólicas y medicamentos que contengan alcohol. Medicamentos que pueden potenciar el riesgo de
  <effect gate:gateId="1687" rule="Effect" Simplification="arritmia">torsade de pointes</effect>
  o prolongar el intervalo QT: - Medicamentos que inducen
  <effect gate:gateId="1688" rule="Effect" Simplification="anomalía cardiaca">bradicardia</effect>
  : betabloqueantes, bloqueantes de los canales de calcio inductores de
  <effect gate:gateId="1689" rule="Effect" Simplification="anomalía cardiaca">bradicardia</effect>
  tales como
  <drug gate:gateId="1690" rule="Drug">diltiazem</drug>
  y
  <drug gate:gateId="1691" rule="Drug">verapamilo</drug>
  ,
  <drug gate:gateId="1692" rule="Drug">clonidina</drug>
  ,
  <drug gate:gateId="1693" rule="Drug">guanfacina</drug>
  , digitálicos - Medicamentos que inducen hipokaliemia: diuréticos hipokalémicos,
  <drug gate:gateId="1694" rule="Drug">laxantes</drug>
  estimulantes, anfotericina B EV, glucocorticoides, tetracosactida. La hipokaliemia debe ser corregida. - Neurolépticos tales como
  <drug gate:gateId="1695" rule="Drug">pimozida</drug>
  ,
  <drug gate:gateId="1696" rule="Drug">haloperidol</drug>
  ,
  <drug gate:gateId="1697" rule="Drug">imipramina</drug>
  , antidepresivos,
  <drug gate:gateId="1698" rule="Drug">litio</drug>
  . ASOCIACIONES A TENER EN CUENTA Sales de
  <drug gate:gateId="1699" rule="Drug">litio</drug>
  : La administración conjunta de amisulprida con sales de
  <drug gate:gateId="1700" rule="Drug">litio</drug>
  puede dar lugar a la aparición de
  <effect gate:gateId="1701" rule="Effect" Simplification="síntomas musculares">síntomas extrapiramidales</effect>
  . Sucralfato: La administración conjunta de amisulprida con
  <drug gate:gateId="1702" rule="Drug">sucralfato</drug>
  puede reducir los niveles plasmáticos de amisulprida, pudiendo ocasionar una disminución o pérdida de la actividad terapéutica. Antiácidos: La administración conjunta de amisulprida con antiácidos que contengan sales de magnesio o aluminio puede provocar una disminución de los niveles plasmáticos de amisulprida, pudiendo llevar a una reducción o pérdida de la actividadterapéutica. Agentes antihipertensivos: efecto antihipertensivo y posibilidad de incrementar la aparición de
  <effect gate:gateId="1703" rule="Effect" Simplification="presión sanguínea baja">hipotensión postural</effect>
  (efecto aditivo) Depresores del SNC: incluyendo narcóticos, analgésicos, antagonistas de los receptores de Histamina H1, barbitúricos, benzodiazepinas y otros ansiolíticos,
  <drug gate:gateId="1704" rule="Drug">clonidina</drug>
  y derivados. 4.6. Embarazo y lactancia Embarazo En animales, amisulprida no mostró toxicidad reproductora directa. Se observó una disminución en la fertilidad relacionada con los efectos farmacológicos del fármaco (efecto mediado por prolactina). No se observaron efectos teratogénicos con amisulprida. No existen datos clínicos suficientes sobre la utilización de amisulprida en mujeres embarazadas. Por tanto, no se ha establecido la seguridad del uso de amisulprida durante la gestación humana. No se recomienda el uso del fármaco durante el
  <effect gate:gateId="1705" rule="Effect" Simplification="embarazo">embarazo</effect>
  a no ser que los beneficios justifiquen los riesgos potenciales. Si amisulprida se utiliza durante el
  <effect gate:gateId="1706" rule="Effect" Simplification="embarazo">embarazo</effect>
  , los neonatos podrían mostrar los efectos adversos de la amisulprida, por lo que además se debería considerar una monitorización adecuada. Lactancia Se desconoce si amisulprida se excreta por la leche materna, por tanto, se recomienda interrumpir la lactancia durante el tratamiento con amisulprida. 4.7. Efectos sobre la capacidad para conducir y utilizar máquinas Aún utilizándose según las recomendaciones, amisulprida puede causar
  <effect gate:gateId="1707" rule="Effect" Simplification="somnolencia">somnolencia</effect>
  , por lo que puede alterar la capacidad de conducir vehículos o utilizar máquinas (Ver apartado 4.8 Reacciones Adversas). 4.8. Reacciones adversas Las reacciones adversas se presentan en orden decreciente de gravedad dentro de cada frecuencia: muy frecuentes (&gt;1/10); frecuentes (&gt; 1/100, &lt;1/10); poco frecuentes (&gt;1/1.000, &lt;1/100); raras (&gt; 1/10.000, &lt; 1/1.000); muy raras (&lt; 1/10.000), frecuencia no conocida (no puede estimarse a partir de los datos disponibles). Datos de ensayos clínicos En ensayos clínicos controlados se han observado las siguientes reacciones adversas. En algunas circunstancias puede ser difícil diferenciar las reacciones adversas, de los síntomas de la
  <effect gate:gateId="1708" rule="Effect" Simplification="enfermedad">enfermedad</effect>
  subyacente. Trastornos del sistema
  <effect gate:gateId="1709" rule="Effect" Simplification="nervioso">nervioso</effect>
  Muy frecuentes Pueden darse
  <effect gate:gateId="1710" rule="Effect" Simplification="síntomas musculares">síntomas extrapiramidales</effect>
  :
  <effect gate:gateId="1711" rule="Effect" Simplification="temblor">temblor</effect>
  ,
  <effect gate:gateId="1712" rule="Effect" Simplification="rigidez">rigidez</effect>
  , hipocinesia, Frecuentes Puede aparecer
  <effect gate:gateId="1713" rule="Effect" Simplification="movimiento involuntario">distonía aguda</effect>
  (
  <effect gate:gateId="1714" rule="Effect" Simplification="tortícolis">tortícolis espástica</effect>
  ,
  <effect gate:gateId="1715" rule="Effect" Simplification="crisis">crisis</effect>
  oculogírica, Poco frecuentes Se ha descrito
  <effect gate:gateId="1716" rule="Effect" Simplification="movimientos anormales">discinesia tardía</effect>
  caracterizada por movimientos rítmicos, Trastornos psiquiátricos Frecuentes Insomnio,
  <effect gate:gateId="1717" rule="Effect" Simplification="ansiedad">ansiedad</effect>
  ,
  <effect gate:gateId="1718" rule="Effect" Simplification="agitación">agitación</effect>
  , disfunción orgásmica. Trastornos gastrointestinales Frecuentes Estreñimiento,
  <effect gate:gateId="1719" rule="Effect" Simplification="náuseas">náuseas</effect>
  ,
  <effect gate:gateId="1720" rule="Effect" Simplification="vómitos">vómitos</effect>
  ,
  <effect gate:gateId="1721" rule="Effect" Simplification="sequedad de boca">sequedad de boca</effect>
  . Trastornos endocrinos Frecuentes Amisulprida causa un incremento de los niveles plasmáticos de prolactina Trastornos del metabolismo y nutrición Poco frecuentes Hiperglucemia (Ver apartado 4.4 Advertencias y precauciones especiales de Trastornos cardiovasculares Frecuentes: Hipotensión. Poco frecuentes Bradicardia. Exploraciones complementarias Frecuentes: Aumento de peso. Poco frecuentes: Elevación de las enzimas hepáticas, principalmente transaminasas. Trastornos del sistema inmunológico Poco frecuentes Reacción alérgica. MINISTERIO Datos post-comercialización Además, casos de las siguientes reacciones adversas han sido reportados sólo de forma · Trastornos del sistema
  <effect gate:gateId="1722" rule="Effect" Simplification="nervioso">nervioso</effect>
  Frecuencia no conocida: Síndrome Neuroléptico Maligno (ver apartado 4.4 Advertencias y precauciones especiales de empleo). · Trastornos cardiacos Frecuencia no conocida: Prolongación del intervalo QT y arritmias ventriculares como
  <effect gate:gateId="1723" rule="Effect" Simplification="arritmia">torsade de pointes</effect>
  ,
  <effect gate:gateId="1724" rule="Effect" Simplification="alteración del ritmo cardiaco">taquicardia ventricular</effect>
  , que puede dar lugar a
  <effect gate:gateId="1725" rule="Effect" Simplification="alteración en el ritmo cardiaco">fibrilación ventricular</effect>
  o paro cardíaco,
  <effect gate:gateId="1726" rule="Effect" Simplification="muerte repentina">muerte súbita</effect>
  (ver apartado 4.4 Advertencias y precauciones especiales de empleo). Reacciones adversas observadas en niños Muy frecuentes Insomnio Frecuentes Somnolencia,
  <effect gate:gateId="1727" rule="Effect" Simplification="ansiedad">ansiedad</effect>
  ,
  <effect gate:gateId="1728" rule="Effect" Simplification="agitación">agitación</effect>
  .
</paragraph>
