<?xml version="1.0" encoding="UTF-8"?>
<paragraph xmlns:gate="http://www.gate.ac.uk" gate:gateId="0" gate:annotMaxId="641">
  Cada gramo de
  <drug gate:gateId="603" rule="Drug">fosfomicina</drug>
  contiene 14,5 mEq de sodio; por consiguiente, en los enfermos que requieran restricción de sodio (cardiopatía,
  <effect gate:gateId="604" rule="Effect" Simplification="presión arterial alta">hipertensión</effect>
  ,
  <effect gate:gateId="605" rule="Effect" Simplification="hinchazón">edema</effect>
  agudo de pulmón, etc.), cuando se administren dosis altas y prolongadas, se debe reducir la ingesta de cloruro sódico y controlar periódicamente la concentración en sangre de los iones de sodio,
  <drug gate:gateId="606" rule="Drug">potasio</drug>
  y cloro. SOLUFOS I.M. 1 g contiene lidocaína en el disolvente para aumentar la
  <effect gate:gateId="607" rule="Effect" Simplification="tolerancia">tolerancia</effect>
  local en inyección. En consecuencia, no debe administrarse por vía intravenosa ni en pacientes con historial de
  <effect gate:gateId="608" rule="Effect" Simplification="alergia">hipersensibilidad</effect>
  a la lidocaína. Además, se debe informar a los deportistas que este medicamento contiene un componente que puede establecer un resultado analítico de control del dopaje como positivo. 4.5. Interacción con otros medicamentos y otras formas de
  <effect gate:gateId="609" rule="Effect" Simplification="interacción">interacción</effect>
  No se han reportado casos de
  <effect gate:gateId="610" rule="Effect" Simplification="interacción">interacción</effect>
  con otros medicamentos por las vías de administración intravenosa e intramuscular. Interacción con alcohol: No se ha encontrado ninguna
  <effect gate:gateId="611" rule="Effect" Simplification="interacción">interacción</effect>
  específica con bebidas alcohólicas. No obstante, siempre es aconsejable evitar el
  <effect gate:gateId="612" rule="Effect" Simplification="consumo de alcohol">consumo de alcohol</effect>
  durante un tratamiento farmacológico 4.6. Embarazo y lactancia Estudios realizados en animales no han evidenciado efectos teratógenos, pero no se conoce su posible efecto en la mujer
  <effect gate:gateId="613" rule="Effect" Simplification="embarazada">embarazada</effect>
  . Una pequeña cantidad de
  <drug gate:gateId="614" rule="Drug">fosfomicina</drug>
  se elimina por la leche materna. 4.7. Efectos sobre la capacidad para conducir y utilizar maquinaria No existe evidencia en relación a la alteración de estas habilidades por la Fosfomicina. 4.8. Reacciones adversas Reacciones de
  <effect gate:gateId="615" rule="Effect" Simplification="alergia">hipersensibilidad</effect>
  . Raramente se han observado casos de
  <effect gate:gateId="616" rule="Effect" Simplification="erupción">exantema</effect>
  ,
  <effect gate:gateId="617" rule="Effect" Simplification="urticaria">urticaria</effect>
  y
  <effect gate:gateId="618" rule="Effect" Simplification="hinchazón debajo de la piel">angioedema</effect>
  y reacciones de
  <effect gate:gateId="619" rule="Effect" Simplification="alergia">hipersensibilidad</effect>
  graves (
  <effect gate:gateId="620" rule="Effect" Simplification="anafilaxia">anafilaxia</effect>
  ) (Ver apartado 4.4. Advertencias y precauciones especiales de empleo). Trastornos digestivos. Raramente,
  <effect gate:gateId="621" rule="Effect" Simplification="vómitos">vómitos</effect>
  ,
  <effect gate:gateId="622" rule="Effect" Simplification="diarrea">diarrea</effect>
  ,
  <effect gate:gateId="623" rule="Effect" Simplification="enfermedades del estómago ">dispepsia</effect>
  ,
  <effect gate:gateId="624" rule="Effect" Simplification="___">náuseas.</effect>
  Alteraciones de la función hepática. Incrementos transitorios de aminotransferasas y de la fosfatasa alcalina en plasma. Alteraciones hematológicas. Se han descrito raros casos de ligeros aumentos de eosinófilos y plaquetas, así como alguna reacción petequial leve. Raramente se ha descrito
  <effect gate:gateId="625" rule="Effect" Simplification="anemia">anemia aplásica</effect>
  . Al emplearse la sal sódica de
  <drug gate:gateId="626" rule="Drug">fosfomicina</drug>
  , puede aparecer un incremento de los niveles de sodio en sangre y una disminución de los niveles de
  <drug gate:gateId="627" rule="Drug">potasio</drug>
  . Otras reacciones adversas. Se han comunicado casos de
  <effect gate:gateId="628" rule="Effect" Simplification="alteraciones visuales">alteraciones visuales</effect>
  ,
  <effect gate:gateId="629" rule="Effect" Simplification="falta de apetito">inapetencia</effect>
  ,
  <effect gate:gateId="630" rule="Effect" Simplification="inflamación de una vena">flebitis</effect>
  ,
  <effect gate:gateId="631" rule="Effect" Simplification="jadeo">disnea</effect>
  ,
  <effect gate:gateId="632" rule="Effect" Simplification="trastornos de los bronquios">broncoespasmo</effect>
  y
  <effect gate:gateId="633" rule="Effect" Simplification="dolor de cabeza">cefalea</effect>
  . En ocasiones, se han descrito sobreinfecciones por bacterias resistentes. MINISTERIO Reacciones locales. Dolor/incomodidad en el lugar de la inyección. SOLUFOS I.M. 1 g, por contener lidocaina, puede originar, de forma común, reacciones locales transitorias en la zona de aplicación, como
  <effect gate:gateId="634" rule="Effect" Simplification="palidez">palidez</effect>
  ,
  <effect gate:gateId="635" rule="Effect" Simplification="enrojecimiento">eritema</effect>
  y
  <effect gate:gateId="636" rule="Effect" Simplification="hinchazón">edema</effect>
  . También se han observado, con cierta frecuencia, reacciones cutáneas (quemazón inicial generalmente leve, sensación de
  <effect gate:gateId="637" rule="Effect" Simplification="picor">picor</effect>
  o
  <effect gate:gateId="638" rule="Effect" Simplification="calor en la zona de aplicación">calor en la zona de aplicación</effect>
  ). Se ha descrito, con menos frecuencia,
  <effect gate:gateId="639" rule="Effect" Simplification="irritación">irritación</effect>
  cutánea en la zona de aplicación. Raramente, los anestésicos locales se han asociado a reacciones alérgicas (en el caso más grave,
  <effect gate:gateId="640" rule="Effect" Simplification="reacción alérgica mortal">shock anafiláctico</effect>
  ).
</paragraph>
