<?xml version="1.0" encoding="UTF-8"?>
<paragraph xmlns:gate="http://www.gate.ac.uk" gate:gateId="0" gate:annotMaxId="768">
  a) Descripción general Muchas de las reacciones adversas listadas pueden atribuirse a las propiedades anticolinérgicas del bromuro de tiotropio. En estudios combinados de un año y tres meses de duración con 849 pacientes que recibieron bromuro de tiotropio, la
  <effect gate:gateId="741" rule="Effect" Simplification="alergia ">reacción adversa</effect>
  observada con mayor frecuencia fue la
  <effect gate:gateId="742" rule="Effect" Simplification="sequedad de boca">sequedad de boca</effect>
  , que ocurrió en aproximadamente el 6% de los pacientes. b) Tabla de reacciones adversas según la terminología MedDRA Las frecuencias asignadas a las reacciones adversas listadas a continuación se basan en porcentajes de incidencia bruta de reacciones adversas al fármaco (es decir, acontecimientos atribuidos a tiotropio por los investigadores del estudio) observadas en el grupo de tiotropio (849 pacientes) recopiladas de dos ensayos clínicos de tres meses de duración y dos de un año de duración de fase III, controlados con placebo. Mientras algunas de las reacciones adversas descritas pueden en realidad tener lugar con una frecuencia inferior a la indicada, el tamaño de la base de datos no permitió asignar una frecuencia inferior a la categoría de "poco frecuentes" (&gt; 1/1.000, &lt; 1/100). Frecuencia1 Clasificación por órganos y sistemas/Término preferente MedDRA Trastornos del sistema
  <effect gate:gateId="743" rule="Effect" Simplification="nervioso">nervioso</effect>
  Mareos Poco frecuente Cefalea Poco frecuente Trastornos oculares Visión borrosa Poco frecuente Aumento de la
  <effect gate:gateId="744" rule="Effect" Simplification="presión">presión</effect>
  intraocular Desconocida* Glaucoma Desconocida* Trastornos cardiacos Palpitaciones Poco frecuente Taquicardia supraventricular Poco frecuente Fibrilación auricular Poco frecuente Taquicardia Desconocida* Trastornos respiratorios, torácicos y mediastínicos Tos Poco frecuente Faringitis y otras irritaciones en el lugar de aplicación Poco frecuente Disfonía Poco frecuente Broncoespasmo Desconocida* Epistaxis Desconocida* Sinusitis Desconocida* Trastornos gastrointestinales Sequedad de boca2 Frecuente Candidiasis oral Poco frecuente Reflujo gastroesofágico Poco frecuente Disfagia Poco frecuente Caries dental Desconocida* Estreñimiento2 Desconocida* Obstrucción intestinal, incluyendo
  <effect gate:gateId="745" rule="Effect" Simplification="obstrucción intestinal">íleo paralítico</effect>
  2 Desconocida* Náuseas Desconocida* Trastornos de la piel y del tejido subcutáneo, trastornos del sistema inmunológico Prurito Poco frecuente Edema angioneurótico Desconocida* Erupción Desconocida* Urticaria Desconocida* Otras hipersensibilidades (incluyendo reacciones Desconocida* inmediatas) Clasificación por órganos y sistemas/Término preferente MedDRA Trastornos renales y urinarios Disuria Poco frecuente Retención urinaria2 Poco frecuente Infección del tracto urinario Desconocida* 1 frecuentes &gt; 1/100, &lt; 1/10; poco frecuentes &gt; 1/1.000, &lt; 1/100 de acuerdo con la convención sobre frecuencias 2 ver sección c) *frecuencia desconocida, no se observó
  <effect gate:gateId="746" rule="Effect" Simplification="alergia ">reacción adversa</effect>
  al fármaco en 849 pacientes c) Información relativa a las reacciones adversas individuales graves y/o que ocurren con frecuencia La
  <effect gate:gateId="747" rule="Effect" Simplification="alergia ">reacción adversa</effect>
  de tipo anticolinérgico descrita con mayor frecuencia por los pacientes con EPOC fue la
  <effect gate:gateId="748" rule="Effect" Simplification="sequedad de boca">sequedad de boca</effect>
  . Ésta fue leve en la mayoría de los casos. En general, se inició entre la tercera y la quinta semana. Normalmente, la
  <effect gate:gateId="749" rule="Effect" Simplification="sequedad de boca">sequedad de boca</effect>
  desapareció mientras los pacientes seguían en tratamiento con bromuro de tiotropio pero provocó el abandono de los estudios combinados de un año y tres meses de duración en 2 de los 849 pacientes (0,2%) del grupo de tratamiento activo. Reacciones adversas graves relacionadas con efectos anticolinérgicos incluyen
  <effect gate:gateId="750" rule="Effect" Simplification="estreñimiento">estreñimiento</effect>
  ,
  <effect gate:gateId="751" rule="Effect" Simplification="obstrucción intestinal">obstrucción intestinal</effect>
  incluyendo
  <effect gate:gateId="752" rule="Effect" Simplification="obstrucción intestinal">íleo paralítico</effect>
  y
  <effect gate:gateId="753" rule="Effect" Simplification="retención urinaria">retención urinaria</effect>
  , aunque ninguna de estas reacciones fue notificada en el programa de desarrollo de tiotropio Respimat. d) Reacciones adversas de clase farmacológica Varios sistemas orgánicos y funciones están bajo el control del sistema
  <effect gate:gateId="754" rule="Effect" Simplification="nervioso">nervioso</effect>
  parasimpático y pueden, por tanto, verse afectados por los agentes anticolinérgicos. Las posibles reacciones adversas atribuibles a los efectos anticolinérgicos sistémicos incluyen
  <effect gate:gateId="755" rule="Effect" Simplification="sequedad de boca">sequedad de boca</effect>
  ,
  <effect gate:gateId="756" rule="Effect" Simplification="sequedad">sequedad</effect>
  de garganta,
  <effect gate:gateId="757" rule="Effect" Simplification="alteración del ritmo cardíaco">taquicardia</effect>
  ,
  <effect gate:gateId="758" rule="Effect" Simplification="visión borrosa">visión borrosa</effect>
  , aumento de la
  <effect gate:gateId="759" rule="Effect" Simplification="presión">presión</effect>
  intraocular,
  <effect gate:gateId="760" rule="Effect" Simplification="perdida de la visión">glaucoma</effect>
  , dificultad en la micción,
  <effect gate:gateId="761" rule="Effect" Simplification="retención urinaria">retención urinaria</effect>
  y
  <effect gate:gateId="762" rule="Effect" Simplification="___">estreñimiento.</effect>
  La
  <effect gate:gateId="763" rule="Effect" Simplification="retención urinaria">retención urinaria</effect>
  , notificada en la base de datos global de tiotropio, normalmente se observó en varones ancianos con factores predisponentes (p. ej.
  <effect gate:gateId="764" rule="Effect" Simplification="agrandamiento de la próstata">hiperplasia de próstata</effect>
  ). Con la edad puede aumentar la incidencia de
  <effect gate:gateId="765" rule="Effect" Simplification="sequedad de boca">sequedad de boca</effect>
  y
  <effect gate:gateId="766" rule="Effect" Simplification="___">estreñimiento.</effect>
  Como todos los tratamientos inhalados, el bromuro de tiotropio puede causar
  <effect gate:gateId="767" rule="Effect" Simplification="trastornos de los bronquios">broncoespasmo</effect>
  inducido por inhalación. Además, en los pacientes que recibían bromuro de tiotropio se observaron fenómenos irritativos locales de las vías aéreas superiores.
</paragraph>
