<?xml version="1.0" encoding="UTF-8"?>
<paragraph xmlns:gate="http://www.gate.ac.uk" gate:gateId="0" gate:annotMaxId="262">
  Estimación de frecuencia: muy habituales 10%, habituales 1 - &lt; 10%, no habituales 0,1 - &lt; 1%, raros 0,01 - &lt; 0,1%, muy raros &lt; 0,01% Diversos: - No habituales:
  <effect gate:gateId="244" rule="Effect" Simplification="dolor">dolor</effect>
  ,
  <effect gate:gateId="245" rule="Effect" Simplification="enrojecimiento">eritema</effect>
  ,
  <effect gate:gateId="246" rule="Effect" Simplification="hinchazón">edema</effect>
  y
  <effect gate:gateId="247" rule="Effect" Simplification="enrojecimiento">enrojecimiento</effect>
  a nivel de vena infundida durante la administración. Estos efectos adversos locales, ya sean causados por el fármaco o por el procedimiento de punción, desaparecen al disminuir la dosis o al suspender la infusión. Cefalea, aumento de la temperatura,
  <effect gate:gateId="248" rule="Effect" Simplification=" sudoración ">sudoración</effect>
  ,
  <effect gate:gateId="249" rule="Effect" Simplification="escalofríos">escalofríos</effect>
  ,
  <effect gate:gateId="250" rule="Effect" Simplification="fiebre">fiebre</effect>
  y reacciones alérgicas. - Muy raros:
  <effect gate:gateId="251" rule="Effect" Simplification="cosquilleo">parestesias</effect>
  , síntomas articulares, estados confusionales,
  <effect gate:gateId="252" rule="Effect" Simplification="ataque">convulsiones</effect>
  , alteraciones de la proteína C reactiva. En un número muy reducido de pacientes, tratados durante un período superior a 4 semanas, se ha podido observar
  <effect gate:gateId="253" rule="Effect" Simplification="crecimiento excesivo del hueso">hiperostosis</effect>
  reversible de huesos largos. Tracto gastrointestinal: - No habituales:
  <effect gate:gateId="254" rule="Effect" Simplification="diarrea">diarrea</effect>
  ,
  <effect gate:gateId="255" rule="Effect" Simplification="vómitos">náuseas y vómitos</effect>
  . MINISTERIO Cardiovasculares: - No habituales:
  <effect gate:gateId="256" rule="Effect" Simplification="rubor">rubor</effect>
  , disminución de la
  <effect gate:gateId="257" rule="Effect" Simplification="tensión">tensión</effect>
  arterial,
  <effect gate:gateId="258" rule="Effect" Simplification="alteración del ritmo cardíaco">taquicardia</effect>
  , síntomas anginosos - Muy raros:
  <effect gate:gateId="259" rule="Effect" Simplification="hinchazón">edema</effect>
  agudo de pulmón e insuficiencia cardíaca Hepáticos: - No habituales: elevación de las transaminasas Hematológicos: - Muy raros: variaciones en el recuento leucocitario (
  <effect gate:gateId="260" rule="Effect" Simplification="disminución de leucocitos en la sangre">leucopenia</effect>
  o
  <effect gate:gateId="261" rule="Effect" Simplification="problema en la sangre">leucocitosis</effect>
  ).
</paragraph>
