<?xml version="1.0" encoding="UTF-8"?>
<paragraph xmlns:gate="http://www.gate.ac.uk" gate:gateId="0" gate:annotMaxId="2240">
  Después del uso de un inhibidor selectivo de la recaptación de la serotonina (SSRI) y sumatriptán, en raras ocasiones, se han comunicado casos aislados post- comercialización de pacientes con
  <effect gate:gateId="2190" rule="Effect" Simplification="debilidad">debilidad</effect>
  ,
  <effect gate:gateId="2191" rule="Effect" Simplification="aumento de reflejos">hiperreflexia</effect>
  e incoordinación. Si se justifica clínicamente el tratamiento concomitante de sumatriptán y un ISRR, se aconseja mantener al paciente bajo observación. Sumatriptán debe administrarse con precaución a pacientes cuyas condiciones pueden alterar la absorción, metabolismo o excreción del fármaco, por ejemplo la
  <effect gate:gateId="2192" rule="Effect" Simplification="insuficiencia renal ">insuficiencia renal</effect>
  o hepática Sumatriptán debe utilizarse con precaución en pacientes con historial de
  <effect gate:gateId="2193" rule="Effect" Simplification="ataque">convulsiones</effect>
  u otros factores de riesgo que disminuyen el umbral del
  <effect gate:gateId="2194" rule="Effect" Simplification="ataque">ataque</effect>
  , ya que se han comunicado casoss de ataques epilépticos en asociación con sumatriptán (ver 4.8 Reacciones adversas) Los pacientes con una
  <effect gate:gateId="2195" rule="Effect" Simplification="alergia">hipersensibilidad</effect>
  conocida a las sulfonamidas pueden experimentar una
  <effect gate:gateId="2196" rule="Effect" Simplification="alergia">reacción alérgica</effect>
  después de la administración de sumatriptán. Las reacciones pueden ser desde
  <effect gate:gateId="2197" rule="Effect" Simplification="alergia">hipersensibilidad</effect>
  cutánea hasta anafilaxis. La evidencia de sensibilidad cruzada es limitada, no obstante, deberá tenerse precaución antes de utilizar sumatriptán en estos pacientes. Las reacciones adversas son más comunes durante la administración concomitante de triptanos y preparados de hierbas medicinales que contegan hierba de San Juan (Hypericum perforatum). Al igual que con otros tratamientos de la
  <effect gate:gateId="2198" rule="Effect" Simplification="migraña">migraña aguda</effect>
  , se ha descrito
  <effect gate:gateId="2199" rule="Effect" Simplification="dolor de cabeza">cefalea</effect>
  diaria crónica/
  <effect gate:gateId="2200" rule="Effect" Simplification="dolor">exacerbación del dolor</effect>
  de cabeza con la
  <effect gate:gateId="2201" rule="Effect" Simplification="sobredosis">sobredosificación</effect>
  de sumatriptán, pudiendo ser necesaria la retirada del fármaco No debe excederse la dosis recomendada de Sumatriptán Sandoz. Este medicamento contiene aspartamo. Las personas afectadas de
  <effect gate:gateId="2202" rule="Effect" Simplification="problemas en la piel">fenilcetonuria</effect>
  tendrán en cuenta que cada comprimido de 50 mg contiene 0,05 mg de fenilalanina y que cada comprimido de 100 mg contiene 0,10 mg de fenilalanina. Los pacientes con
  <effect gate:gateId="2203" rule="Effect" Simplification="intolerancia a la lactosa">intolerancia a la galactosa</effect>
  , de insuficiencia de lactasa de Lapp (insuficiencia observada en ciertas poblaciones de Laponia) o problemas de absorción de glucosa o galactosa no deben tomar este fármaco. Interacción con otros medicamentos y otras formas de
  <effect gate:gateId="2204" rule="Effect" Simplification="interacción">interacción</effect>
  No existen evidencias de interacciones con propranolol, flunarizina, pizotifeno o alcohol. Existen datos limitados sobre una
  <effect gate:gateId="2205" rule="Effect" Simplification="interacción">interacción</effect>
  con preparaciones que contienen ergotamina. El riesgo incrementado de
  <effect gate:gateId="2206" rule="Effect" Simplification="construcción en los vasos sanguíneos">vasoespasmo coronario</effect>
  es una posibilidad teórica por lo que la administración concomitante está contraindicada. No se conoce el período de tiempo que debe transcurrir entre el uso de sumatriptán y preparaciones que contienen ergotamina. Puede depender de la dosis y el tipo de derivados ergotaminicos. Los efectos pueden ser aditivos. Se aconseja esperar al menos 24 horas después de la utilización de preparaciones que contienen ergotamina antes de la administración de sumatriptán. A la inversa se aconseja esperar un mínimo de 6 horas después de uso de sumatriptán antes de la administración de productos que contienen ergotamina (ver 4.3 Contraindicaciones). Pueden producirse interacciones entre sumatriptán y los MAOIs, por tanto la administración concomitante está contraindicada (ver 4.3 Contraindicaciones). Raramente puede producirse
  <effect gate:gateId="2207" rule="Effect" Simplification="interacción">interacción</effect>
  entre sumatriptán y SSRIs. También existe riesgo de síndrome serotonérgico si se usa sumatriptán concomitantemente con
  <drug gate:gateId="2208" rule="Drug">litio</drug>
  Embarazo y lactancia Se dispone de datos post-comercialización del uso de sumatriptán durante el primer trimestre en más de 1.000 mujeres. A pesar de que estos datos contienen información insuficiente para trazar unas conclusiones definitivas, no apuntan a un aumento del riesgo de defectos congénitos. La experiencia de uso de sumatriptán en el segundo y tercer trimestre es limitada. La evaluación de los estudios experimentales en animales no indica efectos teratogénicos directos o efectos perjudiciales sobre el desarrollo peri y post-natal. Sin embargo, si se afecta la viabilidad embriofetal en el conejo (ver 5.3 Datos preclínicos de seguridad). La administración de sumatriptán debe considerarse únicamente si el beneficio esperado es mayor que un posible riesgo del feto. Se ha demostrado que tras la administración subcutánea, sumatriptán se excreta en la leche materna. La exposición del niño puede minimizarse evitando la lactancia durante 24 horas después del tratamiento. Efectos sobre la capacidad para conducir vehículos y utilizar maquinaria No se han realizado estudios sobre el efecto de la capacidad para conducir y usar maquinarias. La
  <effect gate:gateId="2209" rule="Effect" Simplification="migraña">migraña</effect>
  o su tratamiento con sumatriptán pueden provocar
  <effect gate:gateId="2210" rule="Effect" Simplification="___">somnolencia.</effect>
  Esto puede influenciar sobre la capacidad para conducir y para el manejo de maquinaria. Reacciones adversas Las reacciones adversas están listadas abajo por la clase de órgano del sistema y la frecuencia. Las frecuencias están definidas como: muy frecuentes (&gt;1/10), frecuentes (&gt;1/100, &lt;1/10), poco frecuentes (&gt;1/1000, &lt;1/100), raras (&gt;1/10,000, &lt;1/1000) y muy raras (&lt;1/10,000) incluyendo informes aislados: Datos de los ensayos clínicos: Desórdenes del sistema
  <effect gate:gateId="2211" rule="Effect" Simplification="nervioso">nervioso</effect>
  : Frecuente: Hormigueo,
  <effect gate:gateId="2212" rule="Effect" Simplification="mareo y vértigo">vértigo</effect>
  ,
  <effect gate:gateId="2213" rule="Effect" Simplification="___">somnolencia.</effect>
  Desórdenes vasculares Frecuente: Aumentos transitorios en la
  <effect gate:gateId="2214" rule="Effect" Simplification="presión">presión</effect>
  sanguínea poco después del tratamiento. Rubor. Desórdenes gastrointestinales Frecuente: Náuseas y
  <effect gate:gateId="2215" rule="Effect" Simplification="vómitos">vómitos</effect>
  aparecen en algunos pacientes pero no está claro que estén relacionados con sumatriptán o en la condición implícita Desórdenes musculoesqueléticos, del tejido conectivo y del hueso Frecuente: Sensaciones de pesadez (normalmente transitorias y pueden ser intensas y afectar cualquier parte del cuerpo incluyendo el tórax y la garganta). Desórdenes generales y condiciones del lugar de administración Frecuente: Dolor, sensaciones de
  <effect gate:gateId="2216" rule="Effect" Simplification="calor">calor</effect>
  ,
  <effect gate:gateId="2217" rule="Effect" Simplification="presión">presión</effect>
  o
  <effect gate:gateId="2218" rule="Effect" Simplification="problemas en ligamentos">tirantez</effect>
  (estos efectos son normalmente transitorios y pueden ser intensos y afectar a cualquier parte del cuerpo incluyendo el tórax y la garganta). Frecuente: Sensación de
  <effect gate:gateId="2219" rule="Effect" Simplification="debilidad">debilidad</effect>
  ,
  <effect gate:gateId="2220" rule="Effect" Simplification="fatiga ">fatiga</effect>
  (ambos efectos son mayoritariamente de leves a moderados en intensidad y son transitorios). Investigaciones Muy raras: Se han observado ocasionalmente alteraciones menores en los ensayos de la función hepática. Datos post-comercialización Desórdenes del sistema inmune Muy raras: Reacciones de
  <effect gate:gateId="2221" rule="Effect" Simplification="alergia">hipersensibilidad</effect>
  oscilando desde
  <effect gate:gateId="2222" rule="Effect" Simplification="alergia">hipersensibilidad</effect>
  cutánea hasta casos raros de anafilaxis. Desórdenes del sistema
  <effect gate:gateId="2223" rule="Effect" Simplification="nervioso">nervioso</effect>
  Muy raras: Convulsiones. Se ha observado en pacientes con antecedentes epilépticos, en pacientes con factores aparentes de predisposición y en pacientes sin factores aparentes de predisposición. Nistagmo,
  <effect gate:gateId="2224" rule="Effect" Simplification="ceguera parcial">escotoma</effect>
  . Desórdenes oculares Muy raras: Pestañeo,
  <effect gate:gateId="2225" rule="Effect" Simplification="visión doble">diplopía</effect>
  , visión reducida. Pérdida de visión incluyendo informes de defectos permanentes. Si bien, las
  <effect gate:gateId="2226" rule="Effect" Simplification="alteraciones visuales">alteraciones visuales</effect>
  también pueden darse durante el propio
  <effect gate:gateId="2227" rule="Effect" Simplification="ataque">ataque</effect>
  de
  <effect gate:gateId="2228" rule="Effect" Simplification="migraña">migraña</effect>
  . Desórdenes cardíacos Muy raras: Bradicardia,
  <effect gate:gateId="2229" rule="Effect" Simplification="alteración del ritmo cardíaco">taquicardia</effect>
  ,
  <effect gate:gateId="2230" rule="Effect" Simplification="palpitaciones">palpitaciones</effect>
  , arritmias cardíacas, cambios transitorios isquémicos en el ECG,
  <effect gate:gateId="2231" rule="Effect" Simplification="construcción en los vasos sanguíneos">vasoespasmo</effect>
  de la arteria coronaria,
  <effect gate:gateId="2232" rule="Effect" Simplification="infarto">infarto de miocardio</effect>
  (ver 4.3. Contraindicaciones y 4.4.Advertencias y precauciones especiales de empleo). Desórdenes vasculares Muy raras: Hipotensión, fenómeno Raynaud's. Gastrointestinal Muy raras: Colitis isquémica. Desórdenes musculoesquelético, tejido conectivo y los huesos Muy raras: Rigidez del cuello. Sobredosis Los pacientes que han recibido hasta 12 mg de sumatriptán, como una única inyección subcutánea no han presentado reacciones adversas significativas. Con dosis subcutáneas superiores a 16 mg y dosis orales superiores a 400 mg, no se han observado efectos secundarios distintos a los mencionados en la sección 4.8. En casos de
  <effect gate:gateId="2233" rule="Effect" Simplification="sobredosis">sobredosificación</effect>
  , el paciente deberá ser monitorizado durante al menos 10 horas y si es necesario, se le administrará un tratamiento estándar de apoyo. No se dispone de información acerca del efecto de la hemodiálisis o la diálisis peritoneal en las concentraciones plasmáticas de sumatriptán. PROPIEDADES FARMACOLÓGICAS Propiedades farmacodinámicas Grupo farmacoterapéutico: Analgésicos: preparados antimigrañosos, agonistas selectivos de serotonina (5HT1). Código ATC: N02CC01 Sumatriptán es un agonista específico y selectivo del receptor vascular 5-hidroxitriptamina1 sin efecto sobre otros subtipos del receptor de la 5HT. Este tipo de receptores se encuentra principalmente en los vasos sanguíneos craneales. En animales, sumatriptán causa
  <effect gate:gateId="2234" rule="Effect" Simplification="estrechamiento de vasos sanguíneos">vasoconstricción</effect>
  selectiva sobre la circulación arterial de la carótida que aporta sangre a los tejidos extracraneales e intracraneales, tales como las meninges. Se considera que la dilatación de estos vasos es el mecanismo subyacente de la
  <effect gate:gateId="2235" rule="Effect" Simplification="migraña">migraña</effect>
  en humanos. Los resultados en los estudios realizados con animales demuestran que sumatriptán también inhibe la actividad del nervio trigémino. Ambas acciones (
  <effect gate:gateId="2236" rule="Effect" Simplification="estrechamiento de vasos sanguíneos">vasoconstricción</effect>
  craneal e inhibición de la actividad del nervio trigémino) pueden explicar el efecto inhibidor de la
  <effect gate:gateId="2237" rule="Effect" Simplification="migraña">migraña</effect>
  de sumatriptán en humanos. La respuesta clínica se inicia alrededor de 30 minutos después de una dosis oral de 100 mg. Propiedades farmacocinéticas Después de la administración oral, sumatriptán es rápidamente absorbido y se alcanza un 70 % de la concentración máxima después de 45 minutos. La concentración plasmática máxima media después de una dosis de 100 mg es de 54 ng/ml. La biodisponibilidad absoluta media después de la administración oral es de un 14 %, parcialmente debido al metabolismo presistémico y en parte debido a la absorción incompleta. La vida media de eliminación es de aproximadamente 2 horas. La unión a proteínas plasmáticas es baja (14 ­ 21 %) y el volumen medio de distribución es de 170 litros. El aclaramiento total medio es de aproximadamente 1160 ml/min y el aclaramiento renal medio es de aproximadamente 260 ml/min. El aclaramiento no renal es de aproximadamente el 80 % del total, por lo que el sumatriptán es eliminado principalmente por el metabolismo. El principal metabolito, el análogo del ácido indol acético de sumatriptán, se excreta principalmente en la orina como ácido libre y glucurónido conjugado. Carece de actividad 5HT1 o 5HT2 conocida. No se han identificado metabolitos menores. Los ataques de
  <effect gate:gateId="2238" rule="Effect" Simplification="migraña">migraña</effect>
  no parecen tener un efecto significativo en la farmacocinética de sumatriptán administrado oralmente. Datos preclínicos sobre seguridad En un estudio de fertilidad en rata se observó una reducción en los éxitos de inseminación a exposiciones que excedían suficientemente la exposición máxima en humanos. En conejos se observó embrioletalidad, sin defectos teratogénicos marcados. La importancia de estos hallazgos para los humanos es desconocida. Sumatriptán no tuvo actividad genotóxica y carcinogenética en los sistemas in vitro y en los estudios con animales. DATOS FARMACÉUTICOS Relación de excipientes Sumatriptán Sandoz 50 mg: Núcleo del comprimido: lactosa monohidrato, celulosa microcristalina, croscarmelosa sódica, estearato de magnesio Recubrimiento del comprimido: almidón de maíz, almidón soluble, manitol, aspartamo, polisorbato 80, dióxido de titanio (E171) óxido de hierro rojo (E172), talco lactosa hidratada Sumatriptán Sandoz 100 mg: Núcleo del comprimido: lactosa monohidrato, celulosa microcristalina, croscarmelosa sódica, estearato de magnesio Recubrimiento del comprimido: almidón de maíz, almidón soluble, manitol, aspartamo, polisorbato 80, dióxido de titanio (E171), óxido de hierro amarillo (E172) talco. lactosa hidratada Incompatibilidades No se han descrito. Periodo de validez 2 años en strip Alu/Alu y blister PVC/PE/PVDC/Al. 1 año en envase de PP con tapón LDPE Precauciones especiales de conservación No se precisan condiciones especiales de conservación. Naturaleza y contenido del envase Sumatriptan Sandoz 50 mg: Strip Alu/Alu. Tamaño del envase: 1, 2, 4, 6, 12 comprimidos recubiertos con película Blister PVC/PE/PVDC/Al. Tamaño del envase: 1, 2, 4, 6, 12, 18 comprimidos recubiertos con película Envase PP con tapón LDPE. Tamaño del envase: 12 comprimidos recubiertos con película Sumatriptán Sandoz 100 mg: Strip Alu/Alu Tamaño del envase: 1, 2, 3, 4, 6, 12, 18 comprimidos recubiertos con película Blister PVC/PE/PVDC/Al. Tamaño del envase: 1, 2, 3, 4, 6, 12, 18 comprimidos recubiertos con película Envase PP con LDPE. Tamaño del envase: 12, 18 comprimidos recubiertos con película Algunos de los tamaños de envase pueden no comercializarse. Instrucciones del uso / manipulación Ningún requisito especial TITULAR DE LA AUTORIZACIÓN DE COMERCIALIZACIÓN Sandoz Farmacéutica, S.A. Gran Via de
  <effect gate:gateId="2239" rule="Effect" Simplification="enfermedad del sistema inmune">les</effect>
  Corts Catalanes, 764 08013 Barcelona NÚMERO DE AUTORIZACIÓN DE COMERCIALIZACIÓN FECHA DE LA PRIMERA AUTORIZACIÓN/RENOVACIÓN DE LA AUTORIZACIÓN Octubre 2004 FECHA DE LA REVISIÓN DEL TEXTO Octubre 2004
</paragraph>
