<?xml version="1.0" encoding="UTF-8"?>
<paragraph xmlns:gate="http://www.gate.ac.uk" gate:gateId="0" gate:annotMaxId="711">
  MINISTERIO Al comienzo del tratamiento, por lo general, se produce una elevación transitoria de los niveles séricos de testosterona que puede dar lugar a una activación temporal del tumor con reacciones secundarias como son: - la aparición o
  <effect gate:gateId="664" rule="Effect" Simplification="dolor">exacerbación del dolor</effect>
  óseo, en pacientes con
  <effect gate:gateId="665" rule="Effect" Simplification="expansión de una enfermedad">metástasis</effect>
  . - signos de
  <effect gate:gateId="666" rule="Effect" Simplification="trastorno del sistema nervioso">déficit neurológico</effect>
  debidos a la compresión del tumor que se pueden manifestar p. ej. por
  <effect gate:gateId="667" rule="Effect" Simplification="debilidad muscular">debilidad muscular</effect>
  en las piernas. - alteraciones en la micción,
  <effect gate:gateId="668" rule="Effect" Simplification="inflamación del riñón">hidronefrosis</effect>
  y
  <effect gate:gateId="669" rule="Effect" Simplification="acumulación de líquido en los tejidos">linfostasis</effect>
  . -
  <effect gate:gateId="670" rule="Effect" Simplification="coagulo">trombosis</effect>
  con
  <effect gate:gateId="671" rule="Effect" Simplification="embolia pulmonar ">embolia pulmonar</effect>
  . Estas reacciones se pueden evitar en gran medida con la administración concomitante de un antiandrógeno en la fase inicial del tratamiento con buserelina (ver también "Advertencias y precauciones especiales de empleo"). Las frecuencias se definen como: muy frecuentes (&gt;1/10); frecuentes (&gt;1/100, &lt;1/10); poco frecuentes (&gt;1/1.000, &lt;1/100), raras (&gt;1/10.000, &lt;1/1.000); muy raras (&lt;1/10.000), casos aislados. Neoplasias benignas Muy raras: se han notificado casos de crecimiento de adenomas pituitarios durante el Trastornos de la sangre: Muy raros:
  <effect gate:gateId="672" rule="Effect" Simplification="problemas de coagulación">trombocitopenia</effect>
  ,
  <effect gate:gateId="673" rule="Effect" Simplification="disminución de leucocitos en la sangre">leucopenia</effect>
  Trastornos del sistema inmunitario: Poco frecuentes: reacciones de
  <effect gate:gateId="674" rule="Effect" Simplification="alergia">hipersensibilidad</effect>
  , tales como
  <effect gate:gateId="675" rule="Effect" Simplification="enrojecimiento">enrojecimiento</effect>
  de la Raros: reacciones graves de
  <effect gate:gateId="676" rule="Effect" Simplification="alergia">hipersensibilidad</effect>
  con
  <effect gate:gateId="677" rule="Effect" Simplification="trastornos de los bronquios">broncoespasmo</effect>
  y
  <effect gate:gateId="678" rule="Effect" Simplification="jadeo">disnea</effect>
  Muy raros: reacciones graves de
  <effect gate:gateId="679" rule="Effect" Simplification="alergia">hipersensibilidad</effect>
  con
  <effect gate:gateId="680" rule="Effect" Simplification="shock">shock</effect>
  (puede ser necesario la Trastornos del metabolismo y la nutrición: Muy raros:
  <effect gate:gateId="681" rule="Effect" Simplification="aumento de la sed">aumento de la sed</effect>
  ,
  <effect gate:gateId="682" rule="Effect" Simplification="___">aumento o disminución del apetito.</effect>
  Trastornos psiquiátricos: Frecuentes: pérdida de la líbido Raros:
  <effect gate:gateId="683" rule="Effect" Simplification=" nerviosismo ">nerviosismo</effect>
  ,
  <effect gate:gateId="684" rule="Effect" Simplification="inestabilidad emocional">inestabilidad emocional</effect>
  ,
  <effect gate:gateId="685" rule="Effect" Simplification="ansiedad">ansiedad</effect>
  ,
  <effect gate:gateId="686" rule="Effect" Simplification="depresión">depresión</effect>
  (que puede Trastornos del sistema
  <effect gate:gateId="687" rule="Effect" Simplification="nervioso">nervioso</effect>
  : Frecuentes:
  <effect gate:gateId="688" rule="Effect" Simplification="dolor de cabeza">dolor de cabeza</effect>
  Poco frecuentes:
  <effect gate:gateId="689" rule="Effect" Simplification="somnolencia">somnolencia</effect>
  ,
  <effect gate:gateId="690" rule="Effect" Simplification="mareo">mareo</effect>
  Raros: trastornos del sueño, trastornos de la memoria y la concentración. Muy raros: tinnitus, trastornos de la audición. En casos aislados se ha observado Trastornos oculares: Muy raros: trastornos de la visión (p.ej.
  <effect gate:gateId="691" rule="Effect" Simplification="visión borrosa">visión borrosa</effect>
  ) y
  <effect gate:gateId="692" rule="Effect" Simplification="sensación de presión">sensación de presión</effect>
  detrás MINISTERIO Trastornos cardíacos: Raros:
  <effect gate:gateId="693" rule="Effect" Simplification="palpitaciones">palpitaciones</effect>
  . Trastornos vasculares: Frecuentes:
  <effect gate:gateId="694" rule="Effect" Simplification="sofoco">sofocos</effect>
  Raros: aumento en los niveles de
  <effect gate:gateId="695" rule="Effect" Simplification="presión">presión</effect>
  arterial en pacientes hipertensos Trastornos gastrointestinales: Poco frecuentes:
  <effect gate:gateId="696" rule="Effect" Simplification="estreñimiento">estreñimiento</effect>
  Raros:
  <effect gate:gateId="697" rule="Effect" Simplification="náuseas">náuseas</effect>
  ,
  <effect gate:gateId="698" rule="Effect" Simplification="vómitos">vómitos</effect>
  ,
  <effect gate:gateId="699" rule="Effect" Simplification="diarrea">diarrea</effect>
  Trastornos cutáneos: Raros: aumento o disminución del cabello o del vello corporal Trastornos músculo-esqueléticos: Muy raros: molestias músculo-esqueléticas y
  <effect gate:gateId="700" rule="Effect" Simplification="dolor">dolor</effect>
  El uso de agonistas LHRH puede estar asociado con la disminución de la densidad ósea y puede llevar a una
  <effect gate:gateId="701" rule="Effect" Simplification="problemas en los huesos">osteoporosis</effect>
  así como a un aumento del riesgo de
  <effect gate:gateId="702" rule="Effect" Simplification="fractura">fractura ósea</effect>
  . El riesgo de rotura esquelética aumenta con la duración de la terapia. Trastornos del sistema reproductivo: Frecuentes:
  <effect gate:gateId="703" rule="Effect" Simplification="impotencia">impotencia</effect>
  ,
  <effect gate:gateId="704" rule="Effect" Simplification="poco desarrollo en los testículos">atrofia testicular</effect>
  . Poco frecuentes:
  <effect gate:gateId="705" rule="Effect" Simplification="enfermedades del seno">ginecomastia</effect>
  (indolora) Trastornos generales y reacciones locales tras la administración: Frecuentes:
  <effect gate:gateId="706" rule="Effect" Simplification="dolor">dolor</effect>
  u otras reacciones locales (p.ej.,
  <effect gate:gateId="707" rule="Effect" Simplification="enrojecimiento">enrojecimiento</effect>
  ,
  <effect gate:gateId="708" rule="Effect" Simplification="hinchazón">hinchazón</effect>
  ) en el Poco frecuentes:
  <effect gate:gateId="709" rule="Effect" Simplification="hinchazón">edema</effect>
  (leve) alrededor del tobillo y parte inferior de las piernas, Muy raros: deterioro del bienestar general Investigaciones: Poco frecuentes: aumento de los niveles de enzimas hepáticos (p.ej., Raros: aumento o disminución de los niveles de los lípidos en sangre, aumento Muy raros: disminución de la
  <effect gate:gateId="710" rule="Effect" Simplification="tolerancia">tolerancia</effect>
  a la glucosa (lo que en pacientes diabéticos La mayoría de efectos referidos se hallan directa o indirectamente relacionados con la supresión de testosterona por la buserelina (síntomas de déficit androgénico).
</paragraph>
