<?xml version="1.0" encoding="UTF-8"?>
<paragraph xmlns:gate="http://www.gate.ac.uk" gate:gateId="0" gate:annotMaxId="2948">
  Efavirenz se ha estudiado en más de 9.000 pacientes. En un subgrupo de 1.008 pacientes adultos que recibieron 600 mg diarios de
  <drug gate:gateId="2785" rule="Drug">efavirenz</drug>
  en combinación con IPs y/o INTIs en ensayos clínicos controlados, las reacciones adversas relacionadas con el tratamiento, consideradas como mínimo de gravedad moderada y descritas con mayor frecuencia en al menos un 5% de los pacientes fueron:
  <effect gate:gateId="2786" rule="Effect" Simplification="inflamación">erupción</effect>
  (11,6%),
  <effect gate:gateId="2787" rule="Effect" Simplification="mareo">mareos</effect>
  (8,5%),
  <effect gate:gateId="2788" rule="Effect" Simplification="náuseas">náuseas</effect>
  (8,0%),
  <effect gate:gateId="2789" rule="Effect" Simplification="dolor de cabeza">cefalea</effect>
  (5,7%) y
  <effect gate:gateId="2790" rule="Effect" Simplification="fatiga ">fatiga</effect>
  (5,5%). Las reacciones adversas más relevantes asociadas a
  <drug gate:gateId="2791" rule="Drug">efavirenz</drug>
  son
  <effect gate:gateId="2792" rule="Effect" Simplification="inflamación">erupción</effect>
  y síntomas del sistema
  <effect gate:gateId="2793" rule="Effect" Simplification="nervioso">nervioso</effect>
  . La administración de SUSTIVA con alimentos puede incrementar la exposición a
  <drug gate:gateId="2794" rule="Drug">efavirenz</drug>
  y conducir a un aumento de la frecuencia de las reacciones adversas (ver sección 4.4). En un ensayo clínico controlado (006), se evaluó el perfil de seguridad a largo plazo de tratamientos antirretrovirales que contenían
  <drug gate:gateId="2795" rule="Drug">efavirenz</drug>
  .Los pacientes recibieron
  <drug gate:gateId="2796" rule="Drug">efavirenz</drug>
  + zidovudina +
  <drug gate:gateId="2797" rule="Drug">lamivudina</drug>
  (n= 412, duración media 180 semanas), o
  <drug gate:gateId="2798" rule="Drug">efavirenz</drug>
  +
  <drug gate:gateId="2799" rule="Drug">indinavir</drug>
  (n= 415, duración media 102 semanas) o
  <drug gate:gateId="2800" rule="Drug">indinavir</drug>
  + zidovudina +
  <drug gate:gateId="2801" rule="Drug">lamivudina</drug>
  (n= 401, duración media 76 semanas). En este estudio, no se relacionó la administración de
  <drug gate:gateId="2802" rule="Drug">efavirenz</drug>
  a largo plazo con la aparición de ningún problema nuevo de seguridad. Erupción: en los ensayos clínicos, el 26% de los pacientes tratados con 600 mg de
  <drug gate:gateId="2803" rule="Drug">efavirenz</drug>
  experimentó
  <effect gate:gateId="2804" rule="Effect" Simplification="inflamación">erupción cutánea</effect>
  , frente al 17% de los pacientes tratados en los grupos control. La
  <effect gate:gateId="2805" rule="Effect" Simplification="inflamación">erupción cutánea</effect>
  se consideró relacionada con el tratamiento en un 18% de los pacientes tratados con
  <drug gate:gateId="2806" rule="Drug">efavirenz</drug>
  . Se produjo
  <effect gate:gateId="2807" rule="Effect" Simplification="inflamación">erupción</effect>
  grave en menos del 1% de los pacientes tratados con
  <drug gate:gateId="2808" rule="Drug">efavirenz</drug>
  , y el 1,7% de los pacientes abandonó el tratamiento a causa de la
  <effect gate:gateId="2809" rule="Effect" Simplification="inflamación">erupción</effect>
  . La incidencia de
  <effect gate:gateId="2810" rule="Effect" Simplification="múltiples manchas rojas">eritema multiforme</effect>
  o de síndrome de Stevens-Johnson fue aproximadamente del 0,1%. Normalmente las erupciones consisten en
  <effect gate:gateId="2811" rule="Effect" Simplification="inflamación">erupciones cutáneas</effect>
  maculopapulares de leves a moderadas que se producen durante las dos primeras semanas siguientes al inicio del tratamiento con
  <drug gate:gateId="2812" rule="Drug">efavirenz</drug>
  . En la mayoría de los pacientes la
  <effect gate:gateId="2813" rule="Effect" Simplification="inflamación">erupción</effect>
  se resolvió durante el tratamiento continuado de
  <drug gate:gateId="2814" rule="Drug">efavirenz</drug>
  en el transcurso de un mes. El tratamiento con
  <drug gate:gateId="2815" rule="Drug">efavirenz</drug>
  puede reiniciarse en aquellos pacientes en los que se suspendió el tratamiento a causa de la
  <effect gate:gateId="2816" rule="Effect" Simplification="inflamación">erupción</effect>
  . Se recomienda la utilización de los antihistamínicos y/o corticosteroides apropiados al reiniciar el tratamiento con
  <drug gate:gateId="2817" rule="Drug">efavirenz</drug>
  . 12 La experiencia con
  <drug gate:gateId="2818" rule="Drug">efavirenz</drug>
  en pacientes en los que se haya suspendido el tratamiento con otros agentes antirretrovirales de la clase INNTI es limitada. Diecinueve pacientes que abandonaron el tratamiento con
  <drug gate:gateId="2819" rule="Drug">nevirapina</drug>
  a causa de la
  <effect gate:gateId="2820" rule="Effect" Simplification="inflamación">erupción</effect>
  fueron tratados con
  <drug gate:gateId="2821" rule="Drug">efavirenz</drug>
  . En nueve de ellos se presentó
  <effect gate:gateId="2822" rule="Effect" Simplification="inflamación">erupción</effect>
  de leve a moderada mientras estuvieron en tratamiento con
  <drug gate:gateId="2823" rule="Drug">efavirenz</drug>
  , y dos de ellos abandonaron el tratamiento debido a la
  <effect gate:gateId="2824" rule="Effect" Simplification="inflamación">erupción</effect>
  . Síntomas psiquiátricos: se han notificado efectos adversos psiquiátricos graves en pacientes tratados con
  <drug gate:gateId="2825" rule="Drug">efavirenz</drug>
  . En ensayos clínicos controlados con 1.008 pacientes tratados con regímenes conteniendo
  <drug gate:gateId="2826" rule="Drug">efavirenz</drug>
  durante una media de 1,6 años y 635 pacientes tratados con regímenes control durante una media de 1,3 años, las frecuencias de acontecimientos psiquiátricos graves específicos se detallan a continuación: Tratamiento Efavirenz Tratamiento -
  <effect gate:gateId="2827" rule="Effect" Simplification="depresión">depresión</effect>
  grave 1,6% 0,6% -
  <effect gate:gateId="2828" rule="Effect" Simplification="suicidio">ideación suicida</effect>
  0,6% 0,3% - intentos de
  <effect gate:gateId="2829" rule="Effect" Simplification="suicidio">suicidio</effect>
  fallidos 0,4% 0% -
  <effect gate:gateId="2830" rule="Effect" Simplification="comportamiento agresivo">comportamiento agresivo</effect>
  0,4% 0,3% - reacciones paranoides 0,4% 0,3% - reacciones maníacas 0,1% 0% Los pacientes con historial de trastornos psiquiátricos parecen tener mayor riesgo de efectos adversos psiquiátricos graves. La frecuencia de cada uno de los acontecimientos anteriores varía en un rango de 0,3% para reacciones maníacas a 2,0% tanto para
  <effect gate:gateId="2831" rule="Effect" Simplification="depresión">depresión</effect>
  grave como
  <effect gate:gateId="2832" rule="Effect" Simplification="suicidio">ideación suicida</effect>
  . Ha habido también notificaciones postcomercialización de
  <effect gate:gateId="2833" rule="Effect" Simplification="muerte">muerte</effect>
  por
  <effect gate:gateId="2834" rule="Effect" Simplification="suicidio">suicidio</effect>
  , delirios y comportamiento de tipo
  <effect gate:gateId="2835" rule="Effect" Simplification="psicótico">psicótico</effect>
  . Trastornos del sistema
  <effect gate:gateId="2836" rule="Effect" Simplification="nervioso">nervioso</effect>
  : en ensayos clínicos controlados en los que los pacientes recibieron 600 mg de
  <drug gate:gateId="2837" rule="Drug">efavirenz</drug>
  junto con otros agentes antirretrovirales, los síntomas descritos con mayor frecuencia, aunque no los únicos descritos, fueron
  <effect gate:gateId="2838" rule="Effect" Simplification="mareo">mareos</effect>
  ,
  <effect gate:gateId="2839" rule="Effect" Simplification="insomnio">insomnio</effect>
  ,
  <effect gate:gateId="2840" rule="Effect" Simplification="somnolencia">somnolencia</effect>
  , alteraciones de la concentración y
  <effect gate:gateId="2841" rule="Effect" Simplification="sueños anormales">sueños anormales</effect>
  . El 19,4% de los pacientes experimentó síntomas del sistema
  <effect gate:gateId="2842" rule="Effect" Simplification="nervioso">nervioso</effect>
  con una intensidad moderada a grave en comparación con el 9,0% de los pacientes del grupo control. Estos síntomas fueron graves en un 2,0% de los pacientes que recibieron 600 mg diarios de
  <drug gate:gateId="2843" rule="Drug">efavirenz</drug>
  y en un 1,3% de los pacientes del grupo control. En los ensayos clínicos, el 2,1% de los pacientes tratados con 600 mg de
  <drug gate:gateId="2844" rule="Drug">efavirenz</drug>
  interrumpió el tratamiento debido a los síntomas del sistema
  <effect gate:gateId="2845" rule="Effect" Simplification="nervioso">nervioso</effect>
  . Los síntomas del sistema
  <effect gate:gateId="2846" rule="Effect" Simplification="nervioso">nervioso</effect>
  normalmente se manifiestan durante el primer o segundo día de tratamiento y generalmente se resuelven después de las primeras 2 ­ 4 semanas. En un ensayo clínico, la prevalencia mensual de los síntomas del sistema
  <effect gate:gateId="2847" rule="Effect" Simplification="nervioso">nervioso</effect>
  de gravedad considerada al menos como moderada, entre las semanas 4 y 48, osciló entre 5% - 9% en pacientes tratados con regímenes que contenían
  <drug gate:gateId="2848" rule="Drug">efavirenz</drug>
  y entre 3% - 5% en pacientes tratados con el tratamiento de control. En un estudio de voluntarios no infectados, el tiempo medio hasta la aparición de un síntoma del sistema
  <effect gate:gateId="2849" rule="Effect" Simplification="nervioso">nervioso</effect>
  representativo fue 1 hora desde la administración de la dosis y el tiempo medio de duración de dicho síntoma fue 3 horas. Los síntomas del sistema
  <effect gate:gateId="2850" rule="Effect" Simplification="nervioso">nervioso</effect>
  pueden aparecer con más frecuencia si se administra
  <drug gate:gateId="2851" rule="Drug">efavirenz</drug>
  junto con alimentos posiblemente debido a un aumento de los niveles plasmáticos de
  <drug gate:gateId="2852" rule="Drug">efavirenz</drug>
  (ver sección 5.2). La administración de este fármaco a la hora de acostarse parece que mejora la
  <effect gate:gateId="2853" rule="Effect" Simplification="tolerancia">tolerancia</effect>
  a estos síntomas, y es recomendable durante las primeras semanas del tratamiento y en aquellos pacientes que continúen experimentando dichos síntomas (ver sección 4.2). No se ha observado ningún beneficio con la reducción de la dosis o la división de la dosis diaria. El análisis de los datos a largo plazo del ensayo 006 (con un seguimiento medio de 180 semanas, 102 semanas y 76 semanas para pacientes tratados con
  <drug gate:gateId="2854" rule="Drug">efavirenz</drug>
  + zidovudina +
  <drug gate:gateId="2855" rule="Drug">lamivudina</drug>
  ,
  <drug gate:gateId="2856" rule="Drug">efavirenz</drug>
  +
  <drug gate:gateId="2857" rule="Drug">indinavir</drug>
  e
  <drug gate:gateId="2858" rule="Drug">indinavir</drug>
  + zidovudina +
  <drug gate:gateId="2859" rule="Drug">lamivudina</drug>
  , respectivamente), mostraron que a partir de 24 semanas de tratamiento, la incidencia de síntomas del sistema
  <effect gate:gateId="2860" rule="Effect" Simplification="nervioso">nervioso</effect>
  de nueva aparición en los pacientes tratados con
  <drug gate:gateId="2861" rule="Drug">efavirenz</drug>
  era similar a la obtenida en la rama de control. A continuación se enumeran las reacciones adversas graves o moderadas consideradas como al menos posiblemente relacionadas con el fármaco (según la asignación de los investigadores) que se notificaron en los ensayos clínicos en los que se administró
  <drug gate:gateId="2862" rule="Drug">efavirenz</drug>
  a las dosis recomendadas como parte de una terapia combinada (n = 1.008). La frecuencia de los efectos adversos se define utilizando el siguiente convenio: muy frecuente ( 1/10); frecuente ( 1/100, &lt; 1/10); poco frecuente ( 1/1.000, &lt; 1/100); raro ( 1/10.000, &lt; 1/1.000); muy raro (&lt; 1/10.000) incluyendo casos aislados. Trastornos del sistema
  <effect gate:gateId="2863" rule="Effect" Simplification="nervioso">nervioso</effect>
  frecuentes:
  <effect gate:gateId="2864" rule="Effect" Simplification="sueños anormales">sueños anormales</effect>
  , trastornos de la concentración,
  <effect gate:gateId="2865" rule="Effect" Simplification="mareo">mareos</effect>
  ,
  <effect gate:gateId="2866" rule="Effect" Simplification="dolor de cabeza">dolor de cabeza</effect>
  ,
  <effect gate:gateId="2867" rule="Effect" Simplification="insomnio">insomnio</effect>
  ,
  <effect gate:gateId="2868" rule="Effect" Simplification="somnolencia">somnolencia</effect>
  poco frecuentes:
  <effect gate:gateId="2869" rule="Effect" Simplification="agitación">agitación</effect>
  ,
  <effect gate:gateId="2870" rule="Effect" Simplification="amnesia">amnesia</effect>
  ,
  <effect gate:gateId="2871" rule="Effect" Simplification="descoordinación muscular">ataxia</effect>
  ,
  <effect gate:gateId="2872" rule="Effect" Simplification="coordinación anormal">coordinación anormal</effect>
  , estado de
  <effect gate:gateId="2873" rule="Effect" Simplification="confusión">confusión</effect>
  ,
  <effect gate:gateId="2874" rule="Effect" Simplification="ataque">convulsiones</effect>
  ,
  <effect gate:gateId="2875" rule="Effect" Simplification="pensamientos anormales">pensamientos anormales</effect>
  Trastornos oculares poco frecuente:
  <effect gate:gateId="2876" rule="Effect" Simplification="visión borrosa">visión borrosa</effect>
  Trastornos del oído y laberinto poco frecuente:
  <effect gate:gateId="2877" rule="Effect" Simplification="mareo y vértigo">vértigo</effect>
  Trastornos gastrointestinales frecuentes:
  <effect gate:gateId="2878" rule="Effect" Simplification="dolor abdominal">dolor abdominal</effect>
  ,
  <effect gate:gateId="2879" rule="Effect" Simplification="diarrea">diarrea</effect>
  , nauseas,
  <effect gate:gateId="2880" rule="Effect" Simplification="vómitos">vómitos</effect>
  poco frecuentes:
  <effect gate:gateId="2881" rule="Effect" Simplification="pancreatitis">pancreatitis aguda</effect>
  Trastornos de la piel y del tejido subcutáneo muy frecuente:
  <effect gate:gateId="2882" rule="Effect" Simplification="inflamación">erupción cutánea</effect>
  frecuente:
  <effect gate:gateId="2883" rule="Effect" Simplification="picazón">prurito</effect>
  poco frecuente:
  <effect gate:gateId="2884" rule="Effect" Simplification="múltiples manchas rojas">eritema multiforme</effect>
  Trastornos generales y alteraciones en el lugar de administración frecuentes:
  <effect gate:gateId="2885" rule="Effect" Simplification="fatiga ">fatiga</effect>
  Trastornos del sistema inmunológico poco frecuente:
  <effect gate:gateId="2886" rule="Effect" Simplification="alergia">hipersensibilidad</effect>
  Trastornos hepatobiliares poco frecuentes:
  <effect gate:gateId="2887" rule="Effect" Simplification="hepatitis">hepatitis aguda</effect>
  Trastornos del aparato reproductor y de la mama poco frecuentes:
  <effect gate:gateId="2888" rule="Effect" Simplification="enfermedades del seno">ginecomastia</effect>
  Trastornos psiquiátricos frecuentes:
  <effect gate:gateId="2889" rule="Effect" Simplification="ansiedad">ansiedad</effect>
  ,
  <effect gate:gateId="2890" rule="Effect" Simplification="depresión">depresión</effect>
  poco frecuentes:
  <effect gate:gateId="2891" rule="Effect" Simplification="inestabilidad emocional">inestabilidad emocional</effect>
  ,
  <effect gate:gateId="2892" rule="Effect" Simplification="agresividad">agresión</effect>
  ,
  <effect gate:gateId="2893" rule="Effect" Simplification="euforia">euforia</effect>
  ,
  <effect gate:gateId="2894" rule="Effect" Simplification="alucinaciones">alucinaciones</effect>
  ,
  <effect gate:gateId="2895" rule="Effect" Simplification="manía">manía</effect>
  ,
  <effect gate:gateId="2896" rule="Effect" Simplification="trastorno delirante">paranoia</effect>
  ,
  <effect gate:gateId="2897" rule="Effect" Simplification="intento de suicidio">intento de suicidio</effect>
  ,
  <effect gate:gateId="2898" rule="Effect" Simplification="suicidio">ideación suicida</effect>
  Síndrome de Reconstitución Inmune: en los pacientes infectados por VIH que presenten una deficiencia inmune grave, en el momento en el que se inicie la terapia antirretroviral combinada puede aparecer una respuesta inflamatoria frente a
  <effect gate:gateId="2899" rule="Effect" Simplification="infecciones">infecciones</effect>
  oportunistas latentes o asintomáticas (ver sección 4.4). Lipodistrofia y alteraciones metabólicas: la terapia antirretroviral combinada se ha asociado con una redistribución de la grasa corporal (
  <effect gate:gateId="2900" rule="Effect" Simplification="cambios en la forma del cuerpo">lipodistrofia</effect>
  ) en pacientes VIH, que incluye pérdida de grasa subcutánea periférica y facial, aumento de la grasa intra-abdominal y visceral,
  <effect gate:gateId="2901" rule="Effect" Simplification="hinchazón de músculos">hipertrofia</effect>
  de las mamas y acumulación de la grasa dorsocervical (
  <effect gate:gateId="2902" rule="Effect" Simplification="joroba de búfalo">joroba de búfalo</effect>
  ). 14 La terapia antirretroviral combinada se ha asociado con anomalías metabólicas tales como
  <effect gate:gateId="2903" rule="Effect" Simplification="aumento de grasa en la sangre">hipertrigliceridemia</effect>
  ,
  <effect gate:gateId="2904" rule="Effect" Simplification="aumento de colesterol en la sangre">hipercolesterolemia</effect>
  ,
  <effect gate:gateId="2905" rule="Effect" Simplification="resistencia a la insulina">resistencia a la insulina</effect>
  ,
  <effect gate:gateId="2906" rule="Effect" Simplification="alto nivel de azucar">hiperglucemia</effect>
  e
  <effect gate:gateId="2907" rule="Effect" Simplification="problemas en la sangre">hiperlactacidemia</effect>
  (ver sección 4.4). Osteonecrosis: se han notificado casos de
  <effect gate:gateId="2908" rule="Effect" Simplification="problemas en los huesos">osteonecrosis</effect>
  , especialmente en pacientes con factores de riesgo generalmente reconocidos,
  <effect gate:gateId="2909" rule="Effect" Simplification="enfermedad">enfermedad</effect>
  avanzada por VIH o exposición prolongada al tratamiento antirretroviral combinado (TARC). Se desconoce la frecuencia de esta
  <effect gate:gateId="2910" rule="Effect" Simplification="alergia ">reacción adversa</effect>
  (ver sección 4.4). Alteraciones en pruebas de laboratorio: Enzimas hepáticas: se observaron elevaciones de aminotransferasa aspartato (AST) y aminotransferasa alanina (ALT) de más de cinco veces el límite superior del rango normal en el 3% de 1.008 pacientes tratados con 600 mg de
  <drug gate:gateId="2911" rule="Drug">efavirenz</drug>
  (5-8% después del tratamiento a largo plazo en el estudio 006). Se observaron elevaciones similares en pacientes tratados con regímenes de control (5% después del tratamiento a largo plazo). Se detectaron elevaciones de gamma-glutamil transferasa (GGT) de más de cinco veces el límite superior del rango normal en un 4% de los pacientes tratados con 600 mg de
  <drug gate:gateId="2912" rule="Drug">efavirenz</drug>
  y en 1.5-2% de los pacientes tratados con regímenes de control (7% de pacientes tratados con
  <drug gate:gateId="2913" rule="Drug">efavirenz</drug>
  y 3% de pacientes tratados con regímenes de control después del tratamiento a largo plazo). Las elevaciones aisladas de GGT en pacientes que recibieron
  <drug gate:gateId="2914" rule="Drug">efavirenz</drug>
  pueden reflejar
  <effect gate:gateId="2915" rule="Effect" Simplification="incremento de proteínas">inducción enzimática</effect>
  . En el estudio a largo plazo (006) un 1% de los pacientes de cada brazo interrumpieron el tratamiento debido a alteraciones hepáticas o del sistema biliar. En los datos del ensayo a largo plazo 006, 137 pacientes tratados con una terapia combinada que contenía
  <drug gate:gateId="2916" rule="Drug">efavirenz</drug>
  (68 semanas de duración media del tratamiento) y 84 en el brazo control (56 semanas de duración media del tratamiento) fueron seropositivos a la exploración para
  <effect gate:gateId="2917" rule="Effect" Simplification="hepatitis">hepatitis</effect>
  B (antígeno de superficie positivo) y/o
  <effect gate:gateId="2918" rule="Effect" Simplification="hepatitis">hepatitis</effect>
  C (anticuerpos frente a
  <effect gate:gateId="2919" rule="Effect" Simplification="hepatitis">hepatitis</effect>
  C positivo). Entre estos pacientes co-infectados se observaron elevaciones de AST de más de cinco veces el límite superior del rango normal en 13% de los pacientes incluidos en los brazos de tratamiento con
  <drug gate:gateId="2920" rule="Drug">efavirenz</drug>
  y en 7% en los del brazo control, y elevaciones de ALT de más de cinco veces el límite superior del rango normal, desarrollado en 20% de los pacientes incluidos en los brazos de tratamiento con
  <drug gate:gateId="2921" rule="Drug">efavirenz</drug>
  y en 7% de los pacientes del brazo control. Entre los pacientes co-infectados, el 3% de aquellos tratados con tratamientos con
  <drug gate:gateId="2922" rule="Drug">efavirenz</drug>
  y el 2% del brazo control, abandonaron el estudio debido a alteraciones hepáticas o del sistema biliar. Entre las razones para la interrupción del tratamiento entre los co- infectados que estaban recibiendo
  <drug gate:gateId="2923" rule="Drug">efavirenz</drug>
  se incluyó la presencia de alteraciones en los niveles de enzimas hepáticas; no se han notificado casos de interrupción del tratamiento provocada por
  <effect gate:gateId="2924" rule="Effect" Simplification="hepatitis">hepatitis colestática</effect>
  ,
  <effect gate:gateId="2925" rule="Effect" Simplification="insuficiencia hepática">fallo hepático</effect>
  o hígado adiposo (ver sección 4.4). Amilasa: en ensayos clínicos en los que se incluyeron 1008 pacientes, se observaron elevaciones asintomáticas de los niveles séricos de amilasa de más de 1,5 veces el límite superior del rango normal, en el 10% de los pacientes tratados con
  <drug gate:gateId="2926" rule="Drug">efavirenz</drug>
  y el 6% de los pacientes tratados con los regímenes de control. Se desconoce la relevancia clínica del aumento asintomático de los niveles séricos de amilasa. Lípidos: se han observado elevaciones del 10-20% de los niveles de colesterol total en algunos voluntarios no infectados que recibieron
  <drug gate:gateId="2927" rule="Drug">efavirenz</drug>
  . En varios ensayos clínicos con pacientes naive a los que se
  <effect gate:gateId="2928" rule="Effect" Simplification="enfermedad del sistema inmune">les</effect>
  administraba con régimenes que contenían
  <drug gate:gateId="2929" rule="Drug">efavirenz</drug>
  , se observaron aumentos del colesterol total, colesterol-HDL y triglicéridos a las 48 semanas de tratamiento (21-31%, 23-34% y 23-49%, respectivamente). La proporción de pacientes con un índice de colesterol total/colesterol- HDL superior a 5, permaneció inalterado. La magnitud de los cambios en los niveles lipídicos puede estar influenciada por factores como la duración del tratamiento y la presencia de otros medicamentos en el tratamiento antirretroviral. Interacción con la prueba de cannabis:
  <drug gate:gateId="2930" rule="Drug">efavirenz</drug>
  no se fija a los receptores de cannabinoides. Se han notificado resultados falsos positivos de la prueba del cannabis en orina, en voluntarios no infectados que recibieron
  <drug gate:gateId="2931" rule="Drug">efavirenz</drug>
  . Los resultados falsos positivos solo se observaron, cuando se utilizó para el 15 análisis el método de THC (delta-
  <effect gate:gateId="2932" rule="Effect" Simplification="..">l</effect>
  -tetrahidrocannabinol) de Niveles Múltiples CEDIA DAU, el cual se usó para el examen y no se han observado con otros métodos de análisis cannabinoides incluidos los métodos usados para la confirmación de resultados positivos. Post-comercialización: desde la comercialización de
  <drug gate:gateId="2933" rule="Drug">efavirenz</drug>
  administrado en tratamientos de combinación con otros agentes antirretrovirales, se han notificado las siguientes reacciones adversas: trastornos de coordinación cerebelosa y equilibrio,
  <effect gate:gateId="2934" rule="Effect" Simplification="delirio">delirio</effect>
  , alteraciones hepáticas,
  <effect gate:gateId="2935" rule="Effect" Simplification="trastornos nerviosos">neurosis</effect>
  ,
  <effect gate:gateId="2936" rule="Effect" Simplification="dermatitis">dermatitis</effect>
  fotoalérgica,
  <effect gate:gateId="2937" rule="Effect" Simplification="psicótico">psicosis</effect>
  e
  <effect gate:gateId="2938" rule="Effect" Simplification="suicidio">ideación suicida</effect>
  . Adolescentes y niños: las reacciones adversas en niños fueron generalmente similares a las observadas en los pacientes adultos. La
  <effect gate:gateId="2939" rule="Effect" Simplification="inflamación">erupción cutánea</effect>
  se observó con mayor frecuencia en niños (en un ensayo clínico en el que se incluyeron 57 niños que recibieron
  <drug gate:gateId="2940" rule="Drug">efavirenz</drug>
  durante un período de 48 semanas, se observó
  <effect gate:gateId="2941" rule="Effect" Simplification="inflamación">erupción cutánea</effect>
  en un 46% de los pacientes) y fue mas frecuentemente de mayor intensidad que en los adultos (se notificaron casos de
  <effect gate:gateId="2942" rule="Effect" Simplification="inflamación">erupción cutánea</effect>
  grave en el 5,3% de los niños). Antes de iniciar el tratamiento con
  <drug gate:gateId="2943" rule="Drug">efavirenz</drug>
  en niños, deberá considerarse la administración de un tratamiento profiláctico con los antihistamínicos apropiados. Aunque es difícil detectar la aparición de alteraciones del sistema
  <effect gate:gateId="2944" rule="Effect" Simplification="nervioso">nervioso</effect>
  en niños pequeños, en general estos trastornos fueron menos frecuentes en los niños y por lo general muy leves. En el ensayo anteriormente citado en el que se incluyeron 57 niños, el 3,5% de los pacientes presentaron alteraciones del sistema
  <effect gate:gateId="2945" rule="Effect" Simplification="nervioso">nervioso</effect>
  de intensidad moderada, siendo la más frecuente el
  <effect gate:gateId="2946" rule="Effect" Simplification="mareo">mareo</effect>
  . Ningún niño presentó síntomas graves o tuvo que interrumpir el tratamiento debido a los trastornos del sistema
  <effect gate:gateId="2947" rule="Effect" Simplification="nervioso">nervioso</effect>
  .
</paragraph>
