<?xml version="1.0" encoding="UTF-8"?>
<paragraph xmlns:gate="http://www.gate.ac.uk" gate:gateId="0" gate:annotMaxId="1332">
  La seguridad del
  <drug gate:gateId="1206" rule="Drug">bexaroteno</drug>
  se ha examinado en ensayos clínicos de 193 pacientes con LCCT que recibieron
  <drug gate:gateId="1207" rule="Drug">bexaroteno</drug>
  hasta un máximo de 118 semanas y en 420 pacientes con
  <effect gate:gateId="1208" rule="Effect" Simplification="cáncer">cáncer</effect>
  , sin LCCT, en otros ensayos. En 109 pacientes con LCCT tratados a la dosis inicial recomendada de 300 mg/m2/día, las reacciones adversas más frecuentemente comunicadas fueron
  <effect gate:gateId="1209" rule="Effect" Simplification="lípidos en la sangre">hiperlipemia</effect>
  (triglicéridos primariamente elevados) (74%),
  <effect gate:gateId="1210" rule="Effect" Simplification="problemas en la tiroides">hipotiroidismo</effect>
  (29%),
  <effect gate:gateId="1211" rule="Effect" Simplification="aumento de colesterol en la sangre">hipercolesterolemia</effect>
  (28%),
  <effect gate:gateId="1212" rule="Effect" Simplification="dolor de cabeza">cefalea</effect>
  (27%),
  <effect gate:gateId="1213" rule="Effect" Simplification="disminución de leucocitos en la sangre">leucopenia</effect>
  (20%),
  <effect gate:gateId="1214" rule="Effect" Simplification="picazón">prurito</effect>
  (20%),
  <effect gate:gateId="1215" rule="Effect" Simplification="fatiga">astenia</effect>
  (19%),
  <effect gate:gateId="1216" rule="Effect" Simplification="inflamación">erupción</effect>
  (16%),
  <effect gate:gateId="1217" rule="Effect" Simplification="inflamación en la piel">dermatitis exfoliativa</effect>
  (15%) y
  <effect gate:gateId="1218" rule="Effect" Simplification="dolor">dolor</effect>
  (12%). Durante los ensayos clínicos en pacientes con LCCT (N=109) tratados con la dosis inicial recomendada de 300 mg/m2/día se comunicaron las siguientes reacciones adversas relacionadas con el tratamiento. La frecuencia de las reacciones adversas se clasifica como muy frecuentes (1/10), frecuentes (1/100, &lt;1/10), poco frecuentes (1/1.000, &lt;1/100), raras (1/10.000, &lt;1/1.000) y muy rara (&lt;1/10.000). Las reacciones adversas se enumeran en orden decreciente de gravedad dentro de cada intervalo frecuencia. Trastornos de la sangre y del sistema linfático Muy frecuentes: Leucopenia Frecuentes: Poco frecuentes: Discrasia sanguínea, púrpura, alteración de la
  <effect gate:gateId="1219" rule="Effect" Simplification="coagulación">coagulación</effect>
  , incremento del Trastornos endocrinos Muy frecuentes: Hipotiroidismo Frecuentes: Afección tiroidea Poco frecuentes: Hipertiroidismo Trastornos del metabolismo y de la nutrición Muy frecuentes: Hiperlipemia,
  <effect gate:gateId="1220" rule="Effect" Simplification="aumento de colesterol en la sangre">hipercolesterolemia</effect>
  Frecuentes: Aumento de peso, incremento de GOT, incremento de GPT, incremento de Poco frecuentes: Trastornos del sistema
  <effect gate:gateId="1221" rule="Effect" Simplification="nervioso">nervioso</effect>
  Frecuentes: Mareos,
  <effect gate:gateId="1222" rule="Effect" Simplification="entumecimiento">hipoestesia</effect>
  ,
  <effect gate:gateId="1223" rule="Effect" Simplification="insomnio">insomnio</effect>
  Poco frecuentes: Trastornos oculares Frecuentes: Ojos secos, afección de los ojos Poco frecuentes: Trastornos del oído y del laberinto Frecuentes: Sordera Poco frecuentes: Afección del oído Trastornos cardíacos Poco frecuentes: Taquicardia Trastornos vasculares Frecuentes: Edema periférico Poco frecuentes: Trastornos gastrointestinales Frecuentes: Poco frecuentes: Trastornos de la piel y del tejido subcutáneo Muy frecuentes: Dermatitis exfoliativa,
  <effect gate:gateId="1224" rule="Effect" Simplification="picazón">prurito</effect>
  ,
  <effect gate:gateId="1225" rule="Effect" Simplification="inflamación">erupción</effect>
  Frecuentes: Poco frecuentes: Trastornos musculoesqueléticos y del tejido conjuntivo Frecuentes: Dolor de huesos,
  <effect gate:gateId="1226" rule="Effect" Simplification="dolor articular">artralgia</effect>
  ,
  <effect gate:gateId="1227" rule="Effect" Simplification="dolor muscular">mialgia</effect>
  Poco frecuentes: Trastornos renales y urinarios Poco frecuentes: Trastornos generales y alteraciones en el lugar de administración Muy frecuentes: Dolor,
  <effect gate:gateId="1228" rule="Effect" Simplification="dolor de cabeza">cefalea</effect>
  ,
  <effect gate:gateId="1229" rule="Effect" Simplification="fatiga">astenia</effect>
  Frecuentes: Poco frecuentes: 7 1: reacciones adversas observadas con mayor frecuencia al administrar
  <drug gate:gateId="1230" rule="Drug">bexaroteno</drug>
  a una dosis de &gt;300 mg/m2/día 2: reacciones adversas observadas con mayor frecuencia al administrar
  <drug gate:gateId="1231" rule="Drug">bexaroteno</drug>
  a una dosis de 300 mg/m2/día en pacientes cancerosos sin LCCT 3: reacciones adversas observadas con mayor frecuencia al administrar
  <drug gate:gateId="1232" rule="Drug">bexaroteno</drug>
  a una dosis de &gt;300 mg/m2/día (en comparación con la administración a pacientes con CTTL a 300 mg/m2/día) en pacientes cancerosos sin LCCT Reacciones adversas adicionales observadas al utilizarse fuera de las dosis e indicación recomendadas (es decir, su uso en LCCT con una dosis inicial &gt; 300 mg/m2/día o en indicaciones aparte de
  <effect gate:gateId="1233" rule="Effect" Simplification="cáncer">cáncer</effect>
  LCCT): Reacciones adversas observadas por primera vez:
  <effect gate:gateId="1234" rule="Effect" Simplification="moretones ">equimosis</effect>
  ,
  <effect gate:gateId="1235" rule="Effect" Simplification="manchas en la piel">petequia</effect>
  ,
  <effect gate:gateId="1236" rule="Effect" Simplification="leucocitos anormales">leucocitos anormales</effect>
  , disminución de tromboplastina,
  <effect gate:gateId="1237" rule="Effect" Simplification="hematíes anormales">eritrocitos anormales</effect>
  ,
  <effect gate:gateId="1238" rule="Effect" Simplification="deshidratación">deshidratación</effect>
  , incremento de hormona luteinizante gonadotrópica,
  <effect gate:gateId="1239" rule="Effect" Simplification="pérdida de peso">pérdida de peso</effect>
  , incremento de fosfatasa alcalina, incremento de creatinin- fosfoquinasa, incremento de lipasa,
  <effect gate:gateId="1240" rule="Effect" Simplification="aumento de calcio en la sangre">hipercalcemia</effect>
  ,
  <effect gate:gateId="1241" rule="Effect" Simplification="migraña">migraña</effect>
  ,
  <effect gate:gateId="1242" rule="Effect" Simplification="inflamación de nervios">neuritis periférica</effect>
  ,
  <effect gate:gateId="1243" rule="Effect" Simplification="cosquilleo">parestesia</effect>
  ,
  <effect gate:gateId="1244" rule="Effect" Simplification="tensión">hipertonía</effect>
  ,
  <effect gate:gateId="1245" rule="Effect" Simplification="confusión">confusión</effect>
  ,
  <effect gate:gateId="1246" rule="Effect" Simplification="ansiedad">ansiedad</effect>
  ,
  <effect gate:gateId="1247" rule="Effect" Simplification="problema psiquiátrico">labilidad emocional</effect>
  ,
  <effect gate:gateId="1248" rule="Effect" Simplification="somnolencia">somnolencia</effect>
  , disminución de la líbido,
  <effect gate:gateId="1249" rule="Effect" Simplification=" nerviosismo ">nerviosismo</effect>
  ,
  <effect gate:gateId="1250" rule="Effect" Simplification="ceguera nocturna">ceguera nocturna</effect>
  , nistagmo, afección del lacrimal, tinnitus,
  <effect gate:gateId="1251" rule="Effect" Simplification="alteración del gusto">alteración del gusto</effect>
  ,
  <effect gate:gateId="1252" rule="Effect" Simplification="dolor de pecho">dolor de pecho</effect>
  ,
  <effect gate:gateId="1253" rule="Effect" Simplification="arritmia">arritmia</effect>
  , afección vascular periférica,
  <effect gate:gateId="1254" rule="Effect" Simplification="hinchazón en todo el cuerpo">edema generalizado</effect>
  ,
  <effect gate:gateId="1255" rule="Effect" Simplification="sangre en los pulmones">hemoptisis</effect>
  ,
  <effect gate:gateId="1256" rule="Effect" Simplification="jadeo">disnea</effect>
  , aumento de la
  <effect gate:gateId="1257" rule="Effect" Simplification="tos">tos</effect>
  ,
  <effect gate:gateId="1258" rule="Effect" Simplification="inflamación nasal">sinusitis</effect>
  ,
  <effect gate:gateId="1259" rule="Effect" Simplification="faringitis">faringitis</effect>
  ,
  <effect gate:gateId="1260" rule="Effect" Simplification="problemas para tragar">disfagia</effect>
  , úlceras de boca,
  <effect gate:gateId="1261" rule="Effect" Simplification="enfermedad de transmisión sexual">moniliasis oral</effect>
  ,
  <effect gate:gateId="1262" rule="Effect" Simplification="inflamación en la boca">estomatitis</effect>
  ,
  <effect gate:gateId="1263" rule="Effect" Simplification="enfermedades del estómago ">dispepsia</effect>
  ,
  <effect gate:gateId="1264" rule="Effect" Simplification="sed">sed</effect>
  ,
  <effect gate:gateId="1265" rule="Effect" Simplification="heces anormales">heces anormales</effect>
  ,
  <effect gate:gateId="1266" rule="Effect" Simplification="eructos">eructos</effect>
  ,
  <effect gate:gateId="1267" rule="Effect" Simplification="inflamación">erupción</effect>
  vesicobullosa,
  <effect gate:gateId="1268" rule="Effect" Simplification="pequeñas manchas rojas">erupción maculopapular</effect>
  ,
  <effect gate:gateId="1269" rule="Effect" Simplification="calambres en las piernas">calambres en las piernas</effect>
  ,
  <effect gate:gateId="1270" rule="Effect" Simplification="orina y micción">hematuria</effect>
  ,
  <effect gate:gateId="1271" rule="Effect" Simplification="gripe">síndrome gripal</effect>
  ,
  <effect gate:gateId="1272" rule="Effect" Simplification="dolor">dolor</effect>
  de pelvis y
  <effect gate:gateId="1273" rule="Effect" Simplification="olor anormal de la piel">mal olor corporal</effect>
  . También se han informado de observaciones aisladas de:
  <effect gate:gateId="1274" rule="Effect" Simplification="depresión">depresión</effect>
  de la médula, descenso de protrombina, descenso de hormona luteinizante gonadotrópica, incremento de amilasa,
  <effect gate:gateId="1275" rule="Effect" Simplification="problemas en la sangre">hiponatremia</effect>
  ,
  <effect gate:gateId="1276" rule="Effect" Simplification="bajo nivel de potasio en la sangre">hipocaliemia</effect>
  ,
  <effect gate:gateId="1277" rule="Effect" Simplification="gota">hiperuricemia</effect>
  ,
  <effect gate:gateId="1278" rule="Effect" Simplification="bajo nivel de colesterol">hipocolesterolemia</effect>
  ,
  <effect gate:gateId="1279" rule="Effect" Simplification="disminución de triglicéridos en la sangre">hipolipemia</effect>
  ,
  <effect gate:gateId="1280" rule="Effect" Simplification="nivel alto de magnesio">hipomagnesemia</effect>
  ,
  <effect gate:gateId="1281" rule="Effect" Simplification="marcha anormal">marcha anormal</effect>
  ,
  <effect gate:gateId="1282" rule="Effect" Simplification="estupor">estupor</effect>
  ,
  <effect gate:gateId="1283" rule="Effect" Simplification="cosquilleo">parestesia</effect>
  circumoral,
  <effect gate:gateId="1284" rule="Effect" Simplification="pensamientos anormales">pensamientos anormales</effect>
  ,
  <effect gate:gateId="1285" rule="Effect" Simplification="dolor de ojos">dolor de ojos</effect>
  ,
  <effect gate:gateId="1286" rule="Effect" Simplification="disminución de sangre">hipovolemia</effect>
  ,
  <effect gate:gateId="1287" rule="Effect" Simplification="hemorragia en la cabeza">hematoma subdural</effect>
  , cardiopatía congestiva,
  <effect gate:gateId="1288" rule="Effect" Simplification="palpitaciones">palpitaciones</effect>
  ,
  <effect gate:gateId="1289" rule="Effect" Simplification="sangrado nasal">epistaxis</effect>
  ,
  <effect gate:gateId="1290" rule="Effect" Simplification="anomalía en los vasos sanguíneos">anomalía vascular</effect>
  , afección vascular,
  <effect gate:gateId="1291" rule="Effect" Simplification="palidez">palidez</effect>
  ,
  <effect gate:gateId="1292" rule="Effect" Simplification="neumonía">neumonía</effect>
  , afección respiratoria, afección pulmonar, afección pleural,
  <effect gate:gateId="1293" rule="Effect" Simplification="enfermedad de la vesícula biliar">colecistitis</effect>
  ,
  <effect gate:gateId="1294" rule="Effect" Simplification="lesión hepática">lesión hepática</effect>
  ,
  <effect gate:gateId="1295" rule="Effect" Simplification="piel amarrilla">ictericia</effect>
  ,
  <effect gate:gateId="1296" rule="Effect" Simplification="problemas en los conductos biliares">ictericia colestática</effect>
  ,
  <effect gate:gateId="1297" rule="Effect" Simplification="melenas">melenas</effect>
  ,
  <effect gate:gateId="1298" rule="Effect" Simplification="vómitos">vómitos</effect>
  ,
  <effect gate:gateId="1299" rule="Effect" Simplification="espasmos en la garganta">laringismo</effect>
  ,
  <effect gate:gateId="1300" rule="Effect" Simplification="contracción de órganos">tenesmo</effect>
  ,
  <effect gate:gateId="1301" rule="Effect" Simplification="inflamación en las fosas nasales">rinitis</effect>
  ,
  <effect gate:gateId="1302" rule="Effect" Simplification="aumento del apetito">aumento del apetito</effect>
  ,
  <effect gate:gateId="1303" rule="Effect" Simplification="inflamacion de encias">gingivitis</effect>
  ,
  <effect gate:gateId="1304" rule="Effect" Simplification="herpes">herpes</effect>
  zoster,
  <effect gate:gateId="1305" rule="Effect" Simplification="enfermedad de la piel">psoriasis</effect>
  , forunculosis,
  <effect gate:gateId="1306" rule="Effect" Simplification="dermatitis de contacto">dermatitis de contacto</effect>
  ,
  <effect gate:gateId="1307" rule="Effect" Simplification="problemas en la piel">seborrea</effect>
  ,
  <effect gate:gateId="1308" rule="Effect" Simplification="inflamación en la piel">dermatitis liquenoide</effect>
  ,
  <effect gate:gateId="1309" rule="Effect" Simplification="artritis">artritis</effect>
  , afección articular,
  <effect gate:gateId="1310" rule="Effect" Simplification="retención urinaria">retención urinaria</effect>
  , micción afectada,
  <effect gate:gateId="1311" rule="Effect" Simplification="orina abundante">poliuria</effect>
  ,
  <effect gate:gateId="1312" rule="Effect" Simplification="necesidad de orinar">nocturia</effect>
  ,
  <effect gate:gateId="1313" rule="Effect" Simplification="impotencia">impotencia</effect>
  ,
  <effect gate:gateId="1314" rule="Effect" Simplification="anormalidad de la orina">anormalidad de la orina</effect>
  , aumento del tamaño del pecho,
  <effect gate:gateId="1315" rule="Effect" Simplification="cáncer">carcinoma</effect>
  ,
  <effect gate:gateId="1316" rule="Effect" Simplification="intolerancia a la luz">reacción de fotosensibilidad</effect>
  ,
  <effect gate:gateId="1317" rule="Effect" Simplification="hinchazón">edema</effect>
  facial,
  <effect gate:gateId="1318" rule="Effect" Simplification="malestar">malestar</effect>
  ,
  <effect gate:gateId="1319" rule="Effect" Simplification="infección por virus">infección vírica</effect>
  ,
  <effect gate:gateId="1320" rule="Effect" Simplification="abdomen hinchado">abdomen hinchado</effect>
  . La mayoría de las reacciones adversas se observaron con mayor incidencia a dosis superiores a 300 mg/m2/día. Por regla general, se resolvieron sin secuelas al reducir la dosis o suprimir el medicamento. No obstante, en un total de 810 pacientes, entre ellos los no cancerosos, tratados con
  <drug gate:gateId="1321" rule="Drug">bexaroteno</drug>
  , se dieron tres reacciones adversas graves y posterior
  <effect gate:gateId="1322" rule="Effect" Simplification="muerte">muerte</effect>
  (
  <effect gate:gateId="1323" rule="Effect" Simplification="pancreatitis">pancreatitis aguda</effect>
  ,
  <effect gate:gateId="1324" rule="Effect" Simplification="hemorragia en la cabeza">hematoma subdural</effect>
  y fracaso hepático). De ellas, el fracaso hepático, que posteriormente se determinó no estar relacionado con el
  <drug gate:gateId="1325" rule="Drug">bexaroteno</drug>
  , fue el único en darse en un paciente con LCCT. El
  <effect gate:gateId="1326" rule="Effect" Simplification="problemas en la tiroides">hipotiroidismo</effect>
  se produce por lo general entre 4 y 8 semanas después de iniciar el tratamiento. Puede ser asintomático y responde al tratamiento con tiroxina y se resuelve al suprimir la medicación. El
  <drug gate:gateId="1327" rule="Drug">bexaroteno</drug>
  tiene un perfil de
  <effect gate:gateId="1328" rule="Effect" Simplification="alergia ">reacción adversa</effect>
  distinto al de otros medicamentos retinoides orales no selectivos de RXR. Dada su actividad principalmente quelante de RXR, es menos probable que el
  <drug gate:gateId="1329" rule="Drug">bexaroteno</drug>
  produzca toxicidad mucocutánea, de las uñas y del pelo,
  <effect gate:gateId="1330" rule="Effect" Simplification="dolor articular">artralgia</effect>
  y
  <effect gate:gateId="1331" rule="Effect" Simplification="dolor muscular">mialgia</effect>
  , que se comunican con frecuencia con los agentes quelantes de receptores de ácido retinoico (RAR).
</paragraph>
