<?xml version="1.0" encoding="UTF-8"?>
<paragraph xmlns:gate="http://www.gate.ac.uk" gate:gateId="0" gate:annotMaxId="4723">
  Las reacciones adversas consideradas como posible o probablemente relacionadas con la administración de docetaxel se han obtenido en: 1312 y 121 pacientes que recibieron 100 mg/m2 y 75 mg/m2 de docetaxel en monoterapia, · respectivamente · 258 pacientes que recibieron docetaxel en combinación con doxorubicina · 406 pacientes que recibieron docetaxel en combinación con cisplatino. · 92 pacientes tratados con docetaxel en combinación con trastuzumab. · 255 pacientes que recibieron docetaxel en combinación con
  <drug gate:gateId="4573" rule="Drug">capecitabina</drug>
  . · 332 pacientes que recibieron docetaxel en combinación con
  <drug gate:gateId="4574" rule="Drug">prednisona</drug>
  o prednisolona (se presentan las reacciones adversas clínicamente importantes relacionadas con el tratamiento). · 744 pacientes que recibieron docetaxel en combinación con doxorubicina y
  <drug gate:gateId="4575" rule="Drug">ciclofosfamida</drug>
  (se describen reacciones adversas clínicamente importantes relacionadas con el tratamiento). · 300 pacientes con
  <effect gate:gateId="4576" rule="Effect" Simplification="cáncer al estomago">adenocarcinoma gástrico</effect>
  (221 pacientes incluidos en la fase III y 79 pacientes incluidos en la fase II) que recibieron docetaxel en combinación con cisplatino y 5-fluorouracilo (se describen reacciones adversas clínicamente importantes relacionadas con el tratamiento). · 174 y 251 pacientes con
  <effect gate:gateId="4577" rule="Effect" Simplification="cáncer de cabeza y cuello">cáncer de cabeza y cuello</effect>
  que recibieron docetaxel en combinación con cisplatino y 5-fluorouracilo (se describen reacciones adversas clínicamente importantes relacionadas con el tratamiento). Estas reacciones se describen utilizando el Criterio de Toxicidad Común (NCI Common Toxicity Criteria; grado 3 = G3; grado 3-4 = G3/4; grado 4 = G4) y los términos COSTART. Las frecuencias se definen como: muy frecuentes ( 1/10); frecuentes ( 1/100, &lt; 1/10); poco frecuentes ( 1/1.000, &lt; 1/100); raras ( 1/10.000, &lt; 1/1.000); muy raras (&lt; 1/10.000). Las reacciones adversas se enumeran en orden decreciente de gravedad dentro de cada intervalo de frecuencia. Las reacciones adversas notificadas con mayor frecuencia para docetaxel solo, son:
  <effect gate:gateId="4578" rule="Effect" Simplification="problemas en la sangre">neutropenia</effect>
  (que fue reversible y no acumulativa; la mediana de los días hasta el punto más bajo fue de 7 días y la mediana de la duración de la
  <effect gate:gateId="4579" rule="Effect" Simplification="problemas en la sangre">neutropenia</effect>
  grave (&lt; 500 células/mm3) fue de 7 días),
  <effect gate:gateId="4580" rule="Effect" Simplification="anemia">anemia</effect>
  ,
  <effect gate:gateId="4581" rule="Effect" Simplification="pérdida de cabello ">alopecia</effect>
  ,
  <effect gate:gateId="4582" rule="Effect" Simplification="náuseas">náuseas</effect>
  ,
  <effect gate:gateId="4583" rule="Effect" Simplification="vómitos">vómitos</effect>
  ,
  <effect gate:gateId="4584" rule="Effect" Simplification="inflamación en la boca">estomatitis</effect>
  ,
  <effect gate:gateId="4585" rule="Effect" Simplification="diarrea">diarrea</effect>
  y
  <effect gate:gateId="4586" rule="Effect" Simplification="fatiga">astenia</effect>
  . La gravedad de las reacciones adversas de docetaxel puede aumentar cuando se administra en combinación con otros agentes quimioterápicos. Para la combinación con trastuzumab, se presentan reacciones adversas (de todos los grados) notificadas en 10%. Se produjo una mayor incidencia de reacciones adversas graves (40% frente a 31%) y de reacciones adversas de grado 4 (34% frente a 23%) en el grupo tratado con la asociación con trastuzumab, en comparación con la monoterapia de docetaxel. En combinación con
  <drug gate:gateId="4587" rule="Drug">capecitabina</drug>
  , se presentan los efectos adversos más frecuentes relacionados con el tratamiento ( 5%) notificados en un ensayo fase III en pacientes con
  <effect gate:gateId="4588" rule="Effect" Simplification="cáncer de mama">cáncer de mama</effect>
  que no responden al tratamiento con antraciclina (ver Ficha técnica de
  <drug gate:gateId="4589" rule="Drug">capecitabina</drug>
  ) Se han observado con frecuencia las siguientes reacciones adversas con docetaxel: Trastornos del sistema
  <effect gate:gateId="4590" rule="Effect" Simplification="nervioso">nervioso</effect>
  El desarrollo de
  <effect gate:gateId="4591" rule="Effect" Simplification="sistema nervioso alterado">neurotoxicidad</effect>
  periférica grave requiere una reducción de la dosis (ver secciones 4.2 y 4.4). Los signos neurosensoriales de leves a moderados se caracterizan por
  <effect gate:gateId="4592" rule="Effect" Simplification="cosquilleo">parestesia</effect>
  ,
  <effect gate:gateId="4593" rule="Effect" Simplification="alteración de la sensibilidad">disestesia</effect>
  o 10
  <effect gate:gateId="4594" rule="Effect" Simplification="dolor">dolor</effect>
  con sensación de quemazón. Los signos neuromotores se caracterizan, primordialmente, por
  <effect gate:gateId="4595" rule="Effect" Simplification="___">debilidad.</effect>
  Trastornos de la piel y del tejido subcutáneo Se han observado reacciones cutáneas reversibles y se consideraron generalmente como de leves a moderadas. Las reacciones se caracterizaron por
  <effect gate:gateId="4596" rule="Effect" Simplification="alteración de la piel">rash</effect>
  , incluyendo erupciones localizadas, principalmente en manos y pies (incluido el síndrome mano-pie grave), aunque también en los brazos, cara o tórax y se asociaron con frecuencia a
  <effect gate:gateId="4597" rule="Effect" Simplification="picazón">prurito</effect>
  . Generalmente, las erupciones aparecieron en la semana después de la perfusión de docetaxel. Menos frecuentemente, se observaron síntomas graves, como erupciones seguidas de
  <effect gate:gateId="4598" rule="Effect" Simplification="descamación">descamación</effect>
  que raramente ocasionaron la interrupción o suspensión del tratamiento con docetaxel (ver secciones 4.2 y 4.4) Los trastornos graves en las uñas se caracterizan por
  <effect gate:gateId="4599" rule="Effect" Simplification="hipotermia">hipo</effect>
  - o hiperpigmentación y algunas veces
  <effect gate:gateId="4600" rule="Effect" Simplification="dolor">dolor</effect>
  y
  <effect gate:gateId="4601" rule="Effect" Simplification="separación de uña y piel">onicolisis</effect>
  . Trastornos generales y alteraciones en el lugar de administración Las reacciones en el lugar de la perfusión fueron generalmente leves y consistieron en hiperpigmentación,
  <effect gate:gateId="4602" rule="Effect" Simplification="inflamación">inflamación</effect>
  ,
  <effect gate:gateId="4603" rule="Effect" Simplification="enrojecimiento o sequedad de la piel">enrojecimiento o sequedad de la piel</effect>
  ,
  <effect gate:gateId="4604" rule="Effect" Simplification="inflamación de una vena">flebitis</effect>
  o
  <effect gate:gateId="4605" rule="Effect" Simplification="perdida de líquido venoso">extravasación</effect>
  y tumefacción de la vena. Se ha comunicado
  <effect gate:gateId="4606" rule="Effect" Simplification="retención de líquidos">retención de líquidos</effect>
  , incluyendo casos de
  <effect gate:gateId="4607" rule="Effect" Simplification="hinchazón en la pierna">edema periférico</effect>
  y, con menor frecuencia,
  <effect gate:gateId="4608" rule="Effect" Simplification="derrame pulmonar">derrame pleural</effect>
  ,
  <effect gate:gateId="4609" rule="Effect" Simplification="problemas en el corazón">derrame pericárdico</effect>
  ,
  <effect gate:gateId="4610" rule="Effect" Simplification="acumulación de líquido en el área del abdomen">ascitis</effect>
  y
  <effect gate:gateId="4611" rule="Effect" Simplification="___">aumento de peso.</effect>
  El
  <effect gate:gateId="4612" rule="Effect" Simplification="hinchazón en la pierna">edema periférico</effect>
  , generalmente, comienza en las extremidades inferiores y puede llegar a ser generalizado con un
  <effect gate:gateId="4613" rule="Effect" Simplification="aumento de peso">aumento de peso</effect>
  de 3 ó más kg. La
  <effect gate:gateId="4614" rule="Effect" Simplification="retención de líquidos">retención de líquidos</effect>
  es acumulativa en incidencia y en gravedad (ver sección 4.4). Trastornos del sistema inmunológico Las reacciones de
  <effect gate:gateId="4615" rule="Effect" Simplification="alergia">hipersensibilidad</effect>
  aparecieron generalmente pocos minutos después del comienzo de la perfusión con docetaxel y fueron, generalmente, de leves a moderadas. Los síntomas notificados con mayor frecuencia fueron
  <effect gate:gateId="4616" rule="Effect" Simplification="enrojecimiento">enrojecimiento</effect>
  ,
  <effect gate:gateId="4617" rule="Effect" Simplification="alteración de la piel">rash</effect>
  con o sin
  <effect gate:gateId="4618" rule="Effect" Simplification="picazón">prurito</effect>
  ,
  <effect gate:gateId="4619" rule="Effect" Simplification="rigidez">rigidez</effect>
  torácica,
  <effect gate:gateId="4620" rule="Effect" Simplification="dolor de espalda">dolor de espalda</effect>
  ,
  <effect gate:gateId="4621" rule="Effect" Simplification="jadeo">disnea</effect>
  y
  <effect gate:gateId="4622" rule="Effect" Simplification="fiebre o escalofríos">fiebre o escalofríos</effect>
  por el fármaco. Las reacciones graves se caracterizaron por
  <effect gate:gateId="4623" rule="Effect" Simplification="presión arterial baja">hipotensión</effect>
  y/o
  <effect gate:gateId="4624" rule="Effect" Simplification="trastornos de los bronquios">broncoespasmo</effect>
  o
  <effect gate:gateId="4625" rule="Effect" Simplification="alteración de la piel">rash</effect>
  /
  <effect gate:gateId="4626" rule="Effect" Simplification="erupciones en todo el cuerpo">eritema generalizado</effect>
  (ver sección 4.4). TAXOTERE 100 mg/m² en monoterapia Sistema de Reacciones adversas Reacciones adversas Reacciones adversas clasificación de muy frecuentes frecuentes poco frecuentes órganos MedDRA 10% de los pacientes 1 a &lt; 10% de los 0,1 a &lt; 1% de los Exploraciones Aumento de bilirrubina complementarias en sangre G3/4 (&lt; 5%); Trastornos cardiacos Arritmia (G3/4: 0,7%) Fallo cardiaco Trastornos de la sangre Neutropenia (G4: Trombocitopenia (G4: y del sistema linfático 76,4%); 0,2%) Sistema de Reacciones adversas Reacciones adversas Reacciones adversas clasificación de muy frecuentes frecuentes poco frecuentes órganos MedDRA 10% de los pacientes 1 a &lt; 10% de los 0,1 a &lt; 1% de los Trastornos del sistema Neuropatía sensorial
  <effect gate:gateId="4627" rule="Effect" Simplification="nervioso">nervioso</effect>
  periférica (G3: 4,1%); Trastornos respiratorios, Disnea (grave: 2,7%) torácicos y mediastínicos Trastornos Estomatitis (G3/4: Estreñimiento (grave: Esofagitis (grave: 0,4%) gastrointestinales 5,3%); 0,2%); Trastornos de la piel y Alopecia; del tejido subcutáneo Reacciones cutáneas Trastornos Mialgia (grave: 1,4%) Artralgia musculoesqueléticos y del tejido conjuntivo Trastornos del Anorexia metabolismo y de la nutrición Infecciones e Infecciones (G3/4: Infección asociada a infestaciones 5,7%; incluyendo
  <effect gate:gateId="4628" rule="Effect" Simplification="enfermedad del sistema inmunológico">sepsis</effect>
  <effect gate:gateId="4629" rule="Effect" Simplification="problemas en la sangre">neutropenia</effect>
  G4 (G3/4: Trastornos vasculares Hipotensión; Trastornos generales y Retención de líquidos Reacción en la zona de alteraciones en el lugar (grave: 6,5%); perfusión; de administración Astenia (grave: 11,2%); Dolor torácico no Trastornos del sistema Hipersensibilidad inmunológico (G3/4: 5,3%) Trastornos de la sangre y del sistema linfático Raros: Episodios hemorrágicos asociados a
  <effect gate:gateId="4630" rule="Effect" Simplification="problemas de coagulación">trombocitopenia</effect>
  G3/4. Trastornos del sistema
  <effect gate:gateId="4631" rule="Effect" Simplification="nervioso">nervioso</effect>
  Se dispone de datos de reversibilidad en el 35,3% de los pacientes que desarrollaron
  <effect gate:gateId="4632" rule="Effect" Simplification="sistema nervioso alterado">neurotoxicidad</effect>
  tras el tratamiento con docetaxel a 100 mg/m2 en monoterapia. Estas reacciones fueron spontáneamente reversibles en 3 meses. Trastornos de la piel y del tejido subcutáneo Muy raro: un caso de
  <effect gate:gateId="4633" rule="Effect" Simplification="pérdida de cabello ">alopecia</effect>
  no reversible al final del estudio. El 73% de las reacciones cutáneas fueron reversibles en 21 días. 12 Trastornos generales y alteraciones en el lugar de administración La mediana de la dosis acumulada para la interrupción del tratamiento fue de más de 1000 mg/m2 y la mediana del tiempo para la reversibilidad de la
  <effect gate:gateId="4634" rule="Effect" Simplification="retención de líquidos">retención de líquidos</effect>
  fue de 16,4 semanas (rango de 0 a 42 semanas). El comienzo de la retención severa o moderada se retrasa (mediana de la dosis acumulada: 818,9 mg/m2 ) en pacientes con premedicación, comparado con los pacientes sin premedicación (mediana de la dosis acumulada: 489,7 mg/m2); sin embargo, se ha notificado en algunos pacientes en los ciclos iniciales del tratamiento. TAXOTERE 75 mg/m² en monoterapia Sistema de clasificación de Reacciones adversas muy Reacciones adversas órganos MedDRA frecuentes frecuentes Exploraciones complementarias Aumento de bilirrubina en Trastornos cardiacos Arritmia (no grave) Trastornos de la sangre y del sistema linfático Trastornos del sistema
  <effect gate:gateId="4635" rule="Effect" Simplification="nervioso">nervioso</effect>
  Neuropatía sensorial periférica Neuropatía motora periférica Trastornos gastrointestinales Náuseas (G3/4: 3,3%); Estreñimiento Trastornos de la piel y del tejido Alopecia; Alteraciones de las uñas (grave subcutáneo Reacciones cutáneas (G3/4: 0,8%) Trastornos musculoesqueléticos Mialgia y del tejido conjuntivo Trastornos del metabolismo y de Anorexia la nutrición Infecciones e infestaciones Trastornos vasculares Hipotensión Trastornos generales y Astenia (grave: 12,4%); alteraciones en el lugar de Retención de líquidos (grave: administración 0,8%); Trastornos del sistema Hipersensibilidad (no grave) inmunológico TAXOTERE 75 mg/m² en combinación con doxorubicina Sistema de Reacciones adversas Reacciones adversas Reacciones adversas clasificación de muy frecuentes frecuentes poco frecuentes órganos MedDRA 10% de los 1 a &lt; 10% de los 0,1 a &lt; 1 % de los Exploraciones Aumento de bilirrubina Aumento de AST G3/4 complementarias en sangre G3/4 (&lt; 1%); Trastornos cardiacos Fallo cardiaco; Trastornos de la sangre Neutropenia (G4: y del sistema linfático 91,7%); Trastornos del sistema Neuropatía sensorial Neuropatía motora
  <effect gate:gateId="4636" rule="Effect" Simplification="nervioso">nervioso</effect>
  periférica (G3: 0,4%) periférica (G3/4: 0,4%) Trastornos Náuseas (G3/4: 5%); gastrointestinales Estomatitis (G3/4: Trastornos de la piel y Alopecia; del tejido subcutáneo Alteraciones de las uñas Trastornos Mialgia musculoesqueléticos y del tejido conjuntivo Trastornos del Anorexia metabolismo y de la nutrición Infecciones e Infección (G3/4: 7,8%) infestaciones Trastornos vasculares Hipotensión Trastornos generales y Astenia (grave 8,1%); Reacción en la zona de alteraciones en el lugar Retención de líquidos perfusión de administración (grave 1,2%); Trastornos del sistema Hipersensibilidad inmunológico (G3/4: 1,2%) TAXOTERE 75 mg/m² en combinación con cisplatino Sistema de Reacciones adversas Reacciones adversas Reacciones adversas clasificación de muy frecuentes frecuentes poco frecuentes órganos MedDRA 10% de los 1 a &lt; 10% de los Exploraciones Aumento de bilirrubina Aumento de AST G3/4 complementarias en sangre G3/4 (2,1%); (0,5%); Trastornos cardiacos Arritmia (G3/4: 0,7%) Fallo cardiaco Trastornos de la sangre Neutropenia (G4: Neutropenia febril y del sistema linfático 51,5%); Trastornos del sistema Neuropatía sensorial
  <effect gate:gateId="4637" rule="Effect" Simplification="nervioso">nervioso</effect>
  periférica (G3: 3,7%); Trastornos Náuseas (G3/4: 9,6%); Estreñimiento gastrointestinales Vómitos (G3/4: 7,6%); Trastornos de la piel y Alopecia; del tejido subcutáneo Alteraciones de las uñas Trastornos Mialgia (grave: 0,5%) musculoesqueléticos y del tejido conjuntivo Trastornos del Anorexia metabolismo y de la nutrición Infecciones e Infección (G3/4: 5,7%) infestaciones Trastornos vasculares Hipotensión (G3/4: Trastornos generales y Astenia (grave: 9,9%); Reacción en la zona alteraciones en el lugar Retención de líquidos deperfusión; de administración (grave: 0,7%); Dolor Trastornos del sistema Hipersensibilidad inmunológico (G3/4: 2,5%) TAXOTERE 100 mg/m² en combinación con trastuzumab Sistema de clasificación de Reacciones adversas muy Reacciones adversas órganos MedDRA frecuentes frecuentes Exploraciones complementarias Aumento de peso Trastornos cardiacos Fallo cardiaco Trastornos de la sangre y del Neutropenia (G3/4: 32%); sistema linfático Neutropenia febril (incluida Trastornos del sistema
  <effect gate:gateId="4638" rule="Effect" Simplification="nervioso">nervioso</effect>
  Parestesia; Cefalea; Disgeusia; Trastornos oculares Aumento del
  <effect gate:gateId="4639" rule="Effect" Simplification="lagrimeo">lagrimeo</effect>
  ; Trastornos respiratorios, Epistaxis; Dolor faringolaríngeo; torácicos y mediastínicos Nasofaringitis; Disnea; Trastornos gastrointestinales Náuseas; Diarrea; Vómitos; Trastornos de la piel y del tejido Alopecia; Eritema; Rash; subcutáneo Alteraciones de las uñas Trastornos musculoesqueléticos Mialgia; Artralgia; Dolor en y del tejido conjuntivo extremidades; Dolor óseo; Dolor Trastornos del metabolismo y de Anorexia la nutrición Trastornos vasculares Linfedema Trastornos generales y Astenia; Edema periférico; Letargo alteraciones en el lugar de Pirexia; Fatiga; Inflamación de administración las mucosas; Dolor; Síntomas Trastornos psiquiátricos Insomnio Trastornos cardiacos: Se ha notificado
  <effect gate:gateId="4640" rule="Effect" Simplification="fallo cardíaco">fallo cardiaco</effect>
  sintomático en el 2,2% de los pacientes que recibieron docetaxel con trastuzumab, comparado con el 0% de los pacientes a los que se
  <effect gate:gateId="4641" rule="Effect" Simplification="enfermedad del sistema inmune">les</effect>
  ha dado docetaxel en monoterapia. En el grupo tratado con docetaxel en asociación con trastuzumab, el 64% había recibido una antraciclina como terapia adyuvante, comparado con el 55% en el grupo tratado con docetaxel en monoterapia. Trastornos de la sangre y del sistema linfático Muy frecuente: La toxicidad hematológica aumentó en los pacientes que recibieron trastuzumab y docetaxel, en comparación con docetaxel en monoterapia (
  <effect gate:gateId="4642" rule="Effect" Simplification="problemas en la sangre">neutropenia</effect>
  grado 3/4, 32% frente al 22%, según el criterio NCI-CTC). Se debe tener en cuenta que esto está probablemente infravalorado, ya que se sabe que una dosis de 100 mg/m2 de docetaxel produce
  <effect gate:gateId="4643" rule="Effect" Simplification="problemas en la sangre">neutropenia</effect>
  en el 97% de los pacientes, 76% de grado 4, según los recuentos sanguíneos en el punto más bajo. También aumentó la incidencia de
  <effect gate:gateId="4644" rule="Effect" Simplification="disminución de plaquetas en la sangre">neutropenia febril</effect>
  /
  <effect gate:gateId="4645" rule="Effect" Simplification="fiebres">sepsis neutropénica</effect>
  en los pacientes tratados con trastuzumab y docetaxel (23% frente a 17% en pacientes tratados sólo con docetaxel). TAXOTERE 75 mg/m² en combinación con
  <drug gate:gateId="4646" rule="Drug">capecitabina</drug>
  Sistema de clasificación de Reacciones adversas muy Reacciones adversas órganos MedDRA frecuentes frecuentes Exploraciones complementarias Reducción de peso; Trastornos de la sangre y del Neutropenia (G3/4: 63%); Trombocitopenia (G3/4: 3%) sistema linfático Anemia (G3/4: 10%) Trastornos del sistema
  <effect gate:gateId="4647" rule="Effect" Simplification="nervioso">nervioso</effect>
  Disgeusia (G3/4: &lt; 1%); Mareos; Trastornos oculares Aumento del
  <effect gate:gateId="4648" rule="Effect" Simplification="lagrimeo">lagrimeo</effect>
  Trastornos respiratorios, Dolor faringolaringeo Disnea (G3/4: 1%); torácicos y mediastínicos (G3/4: 2%) Tos (G3/4: &lt; 1%); Trastornos gastrointestinales Estomatitis (G3/4: 18%); Dolor abdominal superior; Trastornos de la piel y del tejido Síndrome mano-pie (G3/4: Dermatitis; subcutáneo 24%); Rash eritematoso (G3/4: &lt; 1%); Trastornos musculoesqueléticos Mialgia (G3/4: 2%); Dolor en extremidades (G3/4: y del tejido conjuntivo Artralgia (G3/4: 1%) &lt; 1%); Trastornos del metabolismo y de Anorexia (G3/4: 1%); Deshidratación (G3/4: 2%); la nutrición Diminución del apetito Infecciones e infestaciones Candidiasis oral (G3/4: &lt; 1%) Trastornos generales y Astenia (G3/4: 3%); Letargo; alteraciones en el lugar de Pirexia (G3/4: 1%); Dolor administración Fatiga/
  <effect gate:gateId="4649" rule="Effect" Simplification="debilidad">debilidad</effect>
  (G3/4: 5%); TAXOTERE 75 mg/m² en combinación con
  <drug gate:gateId="4650" rule="Drug">prednisona</drug>
  o prednisolona Sistema de clasificación de Reacciones adversas muy Reacciones adversas órganos MedDRA frecuentes frecuentes Trastornos cardiacos Reducción de la función Trastornos de la sangre y del Neutropenia (G3/4: 32%); Trombocitopenia; (G3/4: 0,6%); sistema linfático Anemia (G3/4: 4,9%) Neutropenia febril Trastornos del sistema
  <effect gate:gateId="4651" rule="Effect" Simplification="nervioso">nervioso</effect>
  Neuropatía sensorial periférica Neuropatía motora periférica Trastornos oculares Aumento del
  <effect gate:gateId="4652" rule="Effect" Simplification="lagrimeo">lagrimeo</effect>
  Trastornos respiratorios, Epistaxis (G3/4: 0%); torácicos y mediastínicos Disnea (G3/4: 0,6%); Trastornos gastrointestinales Náuseas (G3/4: 2,4%); Trastornos de la piel y del tejido Alopecia; Rash exfoliativo (G3/4: 0,3%) subcutáneo Alteraciones de las uñas (no Trastornos musculoesqueléticos Artralgia (G3/4: 0,3%); y del tejido conjuntivo Mialgia (G3/4: 0,3%) Trastornos del metabolismo y de Anorexia (G3/4: 0,6%) la nutrición Infecciones e infestaciones Infección (G3/4: 3,3%) Trastornos generales y Fatiga (G3/4: 3,9%); alteraciones en el lugar de Retención de líquidos (grave administración 0,6%) Trastornos del sistema Hipersensibilidad (G3/4: 0,6%) inmunológico TAXOTERE 75 mg/m² en combinación con doxorubicina y
  <drug gate:gateId="4653" rule="Drug">ciclofosfamida</drug>
  Sistema de Reacciones adversas Reacciones adversas Reacciones adversas clasificación de muy frecuentes frecuentes poco frecuentes órganos MedDRA 10% de los pacientes 1 a &lt;10% de los 0,1 a &lt; 1% de los Exploraciones Aumento o disminución complementarias de peso (G3/4: 0,3%) Trastornos cardiacos Arritmia (G3/4: 0,1%); Trastornos de la sangre Anemia (G3/4: 4,3%); y del sistema linfático Neutropenia (G3/4: Trastornos del sistema Disgeusia (G3/4: 0,7%); Neuropatía motora Síncope (G3/4: 0%)
  <effect gate:gateId="4654" rule="Effect" Simplification="nervioso">nervioso</effect>
  Neuropatía sensorial periférica (G3/4: 0%); Trastornos oculares Alteración del
  <effect gate:gateId="4655" rule="Effect" Simplification="lagrimeo">lagrimeo</effect>
  Trastornos respiratorios, Tos (G3/4: 0%) torácicos y mediastínicos Trastornos Náuseas (G3/4: 5,1%); Dolor abdominal (G3/4: Colitis/
  <effect gate:gateId="4656" rule="Effect" Simplification="inflamación del intestino delgado">enteritis</effect>
  /perforac gastrointestinales Estomatitis (G3/4: 0,5%) ión del intestino grueso Trastornos de la piel y Alopecia; del tejido subcutáneo Toxicidad cutánea Trastornos Mialgia (G3/4: 0,8%); musculoesqueléticos y Artralgia (G3/4: 0,4%) del tejido conjuntivo Trastornos del Anorexia (G3/4: 2,2%) metabolismo y de la nutrición Infecciones e Infección (G3/4: 3,2%); infestaciones Infección neutropénica Trastornos vasculares Vasodilatación (G3/4: Hipotension (G3/4: 0%) Flebitis (G3/4: 0%); Sistema de Reacciones adversas Reacciones adversas Reacciones adversas clasificación de muy frecuentes frecuentes poco frecuentes órganos MedDRA 10% de los pacientes 1 a &lt;10% de los 0,1 a &lt; 1% de los Trastornos generales y Astenia (G3/4: 11%); alteraciones en el lugar Fiebre (G3/4: 1,2%); de administración Edema periférico (G3/4: Trastornos del sistema Hipersensibilidad inmunológico (G3/4: 1,1%) Trastornos del aparato Amenorrea reproductor y de la mama Trastornos cardiacos También se ha notificado
  <effect gate:gateId="4657" rule="Effect" Simplification="fallo cardíaco">fallo cardiaco congestivo</effect>
  (CHF) (2,3% con una mediana de tiempo de seguimiento de 70 meses). En cada grupo de tratamiento falleció un paciente debido a
  <effect gate:gateId="4658" rule="Effect" Simplification="fallo cardíaco">fallo cardiaco</effect>
  . Trastornos del sistema
  <effect gate:gateId="4659" rule="Effect" Simplification="nervioso">nervioso</effect>
  Se observó que la
  <effect gate:gateId="4660" rule="Effect" Simplification="afección en los nervios">neuropatía sensorial</effect>
  periférica continuaba en la mediana del tiempo de seguimiento de 55 meses en 9 de los 73 pacientes que presentaron efectos neurosensoriales al final de la quimioterapia. Trastornos de la piel y del tejido subcutáneo Se observó que la
  <effect gate:gateId="4661" rule="Effect" Simplification="pérdida de cabello ">alopecia</effect>
  continuaba, en la mediana del tiempo de seguimiento de 55 meses, en 22 de los 687 pacientes que presentaron
  <effect gate:gateId="4662" rule="Effect" Simplification="pérdida de cabello ">alopecia</effect>
  al final de la quimioterapia. Trastornos generales y alteraciones en el lugar de administración Se observó que el
  <effect gate:gateId="4663" rule="Effect" Simplification="hinchazón en la pierna">edema periférico</effect>
  continuaba, en la mediana del tiempo de seguimiento de 55 meses, en 18 de los 112 pacientes que presentaron
  <effect gate:gateId="4664" rule="Effect" Simplification="hinchazón en la pierna">edema periférico</effect>
  al final de la quimioterapia. Trastornos del aparato reproductor y de la mama Se observó que la
  <effect gate:gateId="4665" rule="Effect" Simplification="ausencia de la menstruación">amenorrea</effect>
  continuaba en la mediana del tiempo de seguimiento de 55 meses en 133 de los 233 pacientes que presentaron
  <effect gate:gateId="4666" rule="Effect" Simplification="ausencia de la menstruación">amenorrea</effect>
  al final de la quimioterapia. TAXOTERE 75 mg/m² en combinación con cisplatino y 5-fluorouracilo (para
  <effect gate:gateId="4667" rule="Effect" Simplification="cáncer al estomago">adenocarcinoma gástrico</effect>
  ) Sistema de clasificación de Reacciones adversas muy Reacciones adversas órganos MedDRA frecuentes frecuentes Trastornos cardiacos Arritmia (G3/4: 1,0%). Trastornos de la sangre y del Anemia (G3/4: 20,9%); sistema linfático Neutropenia (G3/4: 83,2%); Trastornos del sistema
  <effect gate:gateId="4668" rule="Effect" Simplification="nervioso">nervioso</effect>
  Neuropatía sensorial periférica Mareos (G3/4: 2,3%); Trastornos oculares Aumento del
  <effect gate:gateId="4669" rule="Effect" Simplification="lagrimeo">lagrimeo</effect>
  (G3/4: Trastornos del oído y del Audición alterada (G3/4: 0%) laberinto Trastornos gastrointestinales Diarrea (G3/4: 19,7%); Estreñimiento (G3/4: 1,0%); Trastornos de la piel y del tejido Alopecia (G3/4: 4,0%) Rash/
  <effect gate:gateId="4670" rule="Effect" Simplification="picor">picor</effect>
  (G3/4: 0,7%); subcutáneo Alteraciones de las uñas (G3/4: Trastornos del metabolismo y de Anorexia (G3/4: 11,7%) la nutrición Infecciones e infestaciones Infección neutropénica; Trastornos generales y Letargo (G3/4: 19,0%); alteraciones en el lugar de Fiebre (G3/4: 2,3%); administración Retención de líquidos Trastornos del sistema Hipersensibilidad (G3/4: 1,7%) inmunológico Trastornos de la sangre y del sistema linfático La
  <effect gate:gateId="4671" rule="Effect" Simplification="disminución de plaquetas en la sangre">neutropenia febril</effect>
  y la
  <effect gate:gateId="4672" rule="Effect" Simplification="infección">infección neutropénica</effect>
  aparecieron, respectivamente, en el 17,2% y el 13,5% de los pacientes, independientemente del uso de G-CSF. Se utilizó G-CSF como profilaxis secundaria en el 19,3% de los pacientes (10,7% de los ciclos). La
  <effect gate:gateId="4673" rule="Effect" Simplification="disminución de plaquetas en la sangre">neutropenia febril</effect>
  y la
  <effect gate:gateId="4674" rule="Effect" Simplification="infección">infección neutropénica</effect>
  aparecieron, respectivamente, en el 12,1% y el 3,4% de los pacientes, cuando éstos recibireron G-CSF en profilaxis y en el 15,6% y el 12,9% de los pacientes sin G-CSF en profilaxis (ver sección 4.2). TAXOTERE 75 mg/m² en combinación con cisplatino y 5-fluorouracilo (para
  <effect gate:gateId="4675" rule="Effect" Simplification="cáncer de cabeza y cuello">cáncer de cabeza y cuello</effect>
  ) · Terapia de inducción seguida de radioterapia (TAX323) Sistema de Reacciones adversas Reacciones adversas Reacciones adversas clasificación de muy frecuentes frecuentes poco frecuentes órganos MedDRA 10% de los pacientes 1 a &lt; 10% de los 0,1 a &lt; 1% de los Exploraciones Aumento de peso complementarias Trastornos cardiacos Isquemia de miocardio Arritmia (G3/4: 0,6%) Trastornos de la sangre Neutropenia (G3/4: Neutropenia febril y del sistema linfático 76,3%); Trastornos del sistema Disgeusia/Parosmia; Mareos
  <effect gate:gateId="4676" rule="Effect" Simplification="nervioso">nervioso</effect>
  Neuropatía sensorial Trastornos oculares Aumento del
  <effect gate:gateId="4677" rule="Effect" Simplification="lagrimeo">lagrimeo</effect>
  ; Trastornos del oído y Audición alterada del laberinto Trastornos Náuseas (G3/4: 0,6%); Estreñimiento gastrointestinales Estomatitis (G3/4: Esofagitis/
  <effect gate:gateId="4678" rule="Effect" Simplification="problemas para tragar">disfagia</effect>
  /odin Trastornos de la piel y Alopecia (G3/4: 10,9%) Rash/
  <effect gate:gateId="4679" rule="Effect" Simplification="picor">picor</effect>
  ; del tejido subcutáneo Sequedad de la piel; Trastornos Mialgia (G3/4: 0,6%) musculoesqueléticos y del tejido conjuntivo Trastornos del Anorexia (G3/4: 0,6%) metabolismo y de la nutrición Infecciones e Infección (G3/4: 6,3%); infestaciones Infección neutropénica Neoplasias benignas y Dolor de origen malignas (incl. quistes y neoplásico (G3/4: 0,6%)
  <effect gate:gateId="4680" rule="Effect" Simplification="tejido extra en el cuerpo">pólipos</effect>
  ) Trastornos vasculares Trastornos venosos Trastornos generales y Letargo (G3/4: 3,4%) alteraciones en el lugar Piresis (G3/4: 0,6%); de administración Retención de líquidos; Trastornos del sistema Hipersensibilidad (no inmunológico grave) 22 · Terapia de inducción seguida de quimioradioterapia (TAX324) Sistema de Reacciones adversas Reacciones adversas Reacciones adversas clasificación de muy frecuentes frecuentes poco frecuentes órganos MedDRA 10% de los pacientes 1 a &lt; 10% de los 0,1 a &lt; 1% de los Exploraciones Disminución de peso Aumento de peso complementarias Trastornos cardiacos Arritmia (G3/4: 2,0%) Isquemia de miocardio Trastornos de la sangre Neutropenia (G3/4: y del sistema linfático 83,5%); Trastornos del sistema Disgeusia/Parosmia Mareos (G3/4: 2,0%);
  <effect gate:gateId="4681" rule="Effect" Simplification="nervioso">nervioso</effect>
  (G3/4: 0,4%); Neuropatía motora Trastornos oculares Aumento del
  <effect gate:gateId="4682" rule="Effect" Simplification="lagrimeo">lagrimeo</effect>
  Conjuntivitis Trastornos del oído y Audición alterada del laberinto (G3/4:1,2%) Trastornos Náuseas (G3/4: 13,9%); Dispepsia (G3/4: 0,8%); gastrointestinales Estomatitis (G3/4: Dolor gastrointestinal Trastornos de la piel y Alopecia (G3/4: 4,0%); Sequedad de la piel; del tejido subcutáneo Rash/
  <effect gate:gateId="4683" rule="Effect" Simplification="picor">picor</effect>
  Descamación cutánea Trastornos Mialgia (G3/4: 0,4%) musculoesqueléticos y del tejido conjuntivo Trastornos del Anorexia (G3/4: 12,0%) metabolismo y de la nutrición Infecciones e Infección (G3/4: 3,6%) Infección neutropénica infestaciones Neoplasias benignas y Dolor de origen malignas (incl. quistes y neoplásico (G3/4: 1,2%)
  <effect gate:gateId="4684" rule="Effect" Simplification="tejido extra en el cuerpo">pólipos</effect>
  ) Trastornos vasculares Trastornos venosos Trastornos generales y Letargo (G3/4: 4,0%) alteraciones en el lugar Piresis (G3/4: 3,6%); de administración Retención de líquidos Trastornos del sistema Hipersensibilidad inmunológico Experiencia post-comercialización Trastornos cardiacos Se han notificado casos raros de
  <effect gate:gateId="4685" rule="Effect" Simplification="infarto">infarto de miocardio</effect>
  . Trastornos de la sangre y del sistema linfático Se ha notificado supresión de la médula ósea y otras reacciones adversas hematológicas. Se ha notificado
  <effect gate:gateId="4686" rule="Effect" Simplification="coagulación acelerada de la sangre">coagulación intravascular diseminada</effect>
  (CID), a menudo asociada a
  <effect gate:gateId="4687" rule="Effect" Simplification="enfermedad del sistema inmunológico">sepsis</effect>
  o
  <effect gate:gateId="4688" rule="Effect" Simplification="fallo multiorgánico">fallo multiorgánico</effect>
  . Trastornos del sistema
  <effect gate:gateId="4689" rule="Effect" Simplification="nervioso">nervioso</effect>
  Se han observado casos raros de
  <effect gate:gateId="4690" rule="Effect" Simplification="ataque">convulsiones</effect>
  o de pérdida transitoria de conocimiento con la administración de docetaxel. Estas reacciones aparecen algunas veces durante la perfusión del medicamento. Trastornos oculares Se han notificado casos muy raros de
  <effect gate:gateId="4691" rule="Effect" Simplification="trastornos visuales">trastornos visuales</effect>
  transitorios (destellos, luces deslumbrantes,
  <effect gate:gateId="4692" rule="Effect" Simplification="ceguera parcial">escotoma</effect>
  ) que aparecieron normalmente durante la perfusión del medicamento y en asociación con reacciones de
  <effect gate:gateId="4693" rule="Effect" Simplification="alergia">hipersensibilidad</effect>
  . Fueron reversibles al interrumpir la perfusión. Se han notificado con rara frecuencia casos de
  <effect gate:gateId="4694" rule="Effect" Simplification="lagrimeo">lagrimeo</effect>
  con o sin
  <effect gate:gateId="4695" rule="Effect" Simplification="conjuntivitis">conjuntivitis</effect>
  , como la
  <effect gate:gateId="4696" rule="Effect" Simplification="obstrucción del conducto lagrimal">obstrucción del conducto lagrimal</effect>
  , que trae como consecuencia un
  <effect gate:gateId="4697" rule="Effect" Simplification="lagrimeo">lagrimeo</effect>
  excesivo. Trastornos del oído y del laberinto Se han notificado casos raros de
  <effect gate:gateId="4698" rule="Effect" Simplification="infecciones de los oídos">ototoxicidad</effect>
  , trastornos y/o
  <effect gate:gateId="4699" rule="Effect" Simplification="pérdida de audición">pérdida de audición</effect>
  . Trastornos respiratorios, torácicos y mediastínicos Rara vez se han notificado casos de síndrome agudo de distress respiratorio,
  <effect gate:gateId="4700" rule="Effect" Simplification="enfermedad pulmonar intersticial">neumonía intersticial</effect>
  y
  <effect gate:gateId="4701" rule="Effect" Simplification="exceso de tejido en los pulmones">fibrosis pulmonar</effect>
  . Se han notificado casos raros de
  <effect gate:gateId="4702" rule="Effect" Simplification="inflamación pulmonar">neumonitis por radiación</effect>
  en pacientes que habían recibido radioterapia de forma concomitante. Trastornos gastrointestinales Se han notificado casos raros de
  <effect gate:gateId="4703" rule="Effect" Simplification="deshidratación">deshidratación</effect>
  como consecuencia de acontecimientos gastrointestinales,
  <effect gate:gateId="4704" rule="Effect" Simplification="perforación intestinal">perforación gastrointestinal</effect>
  ,
  <effect gate:gateId="4705" rule="Effect" Simplification="enfermedades del colon">colitis isquémica</effect>
  ,
  <effect gate:gateId="4706" rule="Effect" Simplification="inflamación en el colon">colitis</effect>
  y
  <effect gate:gateId="4707" rule="Effect" Simplification="inflamación del intestino delgado y colon">enterocolitis neutropénica</effect>
  . Se han comunicado casos raros de
  <effect gate:gateId="4708" rule="Effect" Simplification="obstrucción intestinal">íleo paralítico</effect>
  y de
  <effect gate:gateId="4709" rule="Effect" Simplification="obstrucción intestinal">obstrucción intestinal</effect>
  . Trastornos de la piel y del tejido subcutáneo Se han notificado con docetaxel casos muy raros de
  <effect gate:gateId="4710" rule="Effect" Simplification="daño en la piel">lupus eritematoso cutáneo</effect>
  y erupciones bullosas, como
  <effect gate:gateId="4711" rule="Effect" Simplification="múltiples manchas rojas">eritema multiforme</effect>
  , síndrome de Stevens-Johnson,
  <effect gate:gateId="4712" rule="Effect" Simplification="enfermedad de la piel">necrolisis epidérmica tóxica</effect>
  . En algunos casos, podrían haber contribuido otros factores concomitantes en el desarrollo de estos efectos. Neoplasias benignas, malignas y no especificadas (incluidos quistes y
  <effect gate:gateId="4713" rule="Effect" Simplification="tejido extra en el cuerpo">pólipos</effect>
  ) Se han notificado casos muy raros de
  <effect gate:gateId="4714" rule="Effect" Simplification="cáncer de leucocitos">leucemia mieloide aguda</effect>
  y
  <effect gate:gateId="4715" rule="Effect" Simplification="problemas en la sangre">síndrome mielodisplásico</effect>
  relacionados con docetaxel, cuando se ha utilizado en combinación con otros agentes quimioterápicos y/o radioterapia. Trastornos vasculares Se han notificado raramente acontecimientos tromboembólicos venosos. Trastornos generales y alteraciones en el lugar de administración Raramente se han notificado fenómenos de recuerdo de radiación. La
  <effect gate:gateId="4716" rule="Effect" Simplification="retención de líquidos">retención de líquidos</effect>
  no está acompañada de episodios agudos de
  <effect gate:gateId="4717" rule="Effect" Simplification="disminución de orina">oliguria</effect>
  o
  <effect gate:gateId="4718" rule="Effect" Simplification="presión arterial baja">hipotensión</effect>
  . Raramente se han notificado casos de
  <effect gate:gateId="4719" rule="Effect" Simplification="deshidratación">deshidratación</effect>
  o de
  <effect gate:gateId="4720" rule="Effect" Simplification="hinchazón en los pulmones">edema pulmonar</effect>
  . Trastornos del sistema inmunológico Se han notificado algunos casos de
  <effect gate:gateId="4721" rule="Effect" Simplification="reacción alérgica mortal">shock anafiláctico</effect>
  , algunas veces mortales. 24 Trastornos hepatobiliares Se han notificado casos muy raros de
  <effect gate:gateId="4722" rule="Effect" Simplification="hepatitis">hepatitis</effect>
  , algunas veces mortales, principalmente en pacientes con alteraciones hepáticas previas.
</paragraph>
