<?xml version="1.0" encoding="UTF-8"?>
<paragraph xmlns:gate="http://www.gate.ac.uk" gate:gateId="0" gate:annotMaxId="199">
  La frecuencia de las reacciones adversas es baja con las dosis recomendadas. La
  <drug gate:gateId="183" rule="Drug">terbutalina</drug>
  administada por inhalación es improbable que produzca reacciones adversas a nivel sistémico importantes a las dosis recomendadas debido a que no se alcanzan concentraciones del fármaco farmacológicamente activas en la circulación sistémica. Las reacciones adversas observadas, p.ej.
  <effect gate:gateId="184" rule="Effect" Simplification="temblor">temblor</effect>
  , cefaleas,
  <effect gate:gateId="185" rule="Effect" Simplification="náuseas">náuseas</effect>
  ,
  <effect gate:gateId="186" rule="Effect" Simplification="calambres musculares">calambres musculares</effect>
  tónicos,
  <effect gate:gateId="187" rule="Effect" Simplification="alteración del ritmo cardíaco">taquicardia</effect>
  y
  <effect gate:gateId="188" rule="Effect" Simplification="palpitaciones">palpitaciones</effect>
  , son todas características de las aminas simpaticomiméticas. La mayoría de estos efectos revierten de forma espontánea después de las primeras 1-2 semanas de tratamiento. Al igual que con todos los agonistas 2, se han comunicado raramente arritmias cardíacas así como
  <effect gate:gateId="189" rule="Effect" Simplification="alteración en el ritmo cardiaco">fibrilación auricular</effect>
  ,
  <effect gate:gateId="190" rule="Effect" Simplification="alteración del ritmo cardiaco">taquicardia supraventricular</effect>
  y
  <effect gate:gateId="191" rule="Effect" Simplification="latido anticipado">extrasístoles</effect>
  . Puede aparecer
  <effect gate:gateId="192" rule="Effect" Simplification="urticaria">urticaria</effect>
  o
  <effect gate:gateId="193" rule="Effect" Simplification="erupción">exantema</effect>
  . Se han observado
  <effect gate:gateId="194" rule="Effect" Simplification="alteraciones del sueño">alteraciones del sueño</effect>
  y del comportamiento, como
  <effect gate:gateId="195" rule="Effect" Simplification="agitación">agitación</effect>
  ,
  <effect gate:gateId="196" rule="Effect" Simplification="hiperactividad">hiperactividad</effect>
  e
  <effect gate:gateId="197" rule="Effect" Simplification="inquietud">inquietud</effect>
  . Raramente, mediante mecanismos inespecíficos, los fármacos para inhalación pueden causar
  <effect gate:gateId="198" rule="Effect" Simplification="trastornos de los bronquios">broncoespasmo</effect>
  .
</paragraph>
