<?xml version="1.0" encoding="UTF-8"?>
<paragraph xmlns:gate="http://www.gate.ac.uk" gate:gateId="0" gate:annotMaxId="350">
  Las reacciones adversas más frecuentes fueron
  <effect gate:gateId="329" rule="Effect" Simplification="enrojecimiento">eritema</effect>
  en el lugar de aplicación y aumento de PSA, teniendo lugar ambas aproximadamente en un 4% de los pacientes. En la siguiente tabla se señalan las reacciones adversas más frecuentemente comunicadas, posible o probablemente relacionadas al medicamento con una incidencia 1% y 10% presentadas en pacientes tratados con Testim durante ensayos clínicos: Clasificación por Órganos y Sistemas Reacción Adversa Trastornos vasculares Empeoramiento de la
  <effect gate:gateId="330" rule="Effect" Simplification="presión arterial alta">hipertensión</effect>
  Trastornos de la piel y del tejido subcutáneo Acné Trastornos generales y alteraciones en el lugar Eritema,
  <effect gate:gateId="331" rule="Effect" Simplification="alteración de la piel">rash</effect>
  , reacción en el lugar de aplicación de administración Exploraciones complementarias Aumento de PSA, del hematocrito, de la Raramente, puede desarrollarse y persistir
  <effect gate:gateId="332" rule="Effect" Simplification="enfermedades del seno">ginecomastia</effect>
  en pacientes con
  <effect gate:gateId="333" rule="Effect" Simplification="incapacidad genética">hipogonadismo</effect>
  tratado con Testim. Otras reacciones adversas que se sabe que se pueden asociar a los tratamientos con testosterona son anomalías prostáticas y
  <effect gate:gateId="334" rule="Effect" Simplification="cáncer de próstata">cáncer de próstata</effect>
  ,
  <effect gate:gateId="335" rule="Effect" Simplification="picazón">prurito</effect>
  ,
  <effect gate:gateId="336" rule="Effect" Simplification="venas dilatadas">vasodilatación</effect>
  ,
  <effect gate:gateId="337" rule="Effect" Simplification="problema psiquiátrico">labilidad emocional</effect>
  ,
  <effect gate:gateId="338" rule="Effect" Simplification="náuseas">náuseas</effect>
  ,
  <effect gate:gateId="339" rule="Effect" Simplification="pérdida de cabello ">alopecia</effect>
  ,
  <effect gate:gateId="340" rule="Effect" Simplification="piel amarrilla">ictericia</effect>
  colestásica,
  <effect gate:gateId="341" rule="Effect" Simplification="cosquilleo">parestesias generalizadas</effect>
  ,
  <effect gate:gateId="342" rule="Effect" Simplification="vellosidad">hirsutismo</effect>
  ,
  <effect gate:gateId="343" rule="Effect" Simplification="problemas en la piel">seborrea</effect>
  , disminución de la libido,
  <effect gate:gateId="344" rule="Effect" Simplification="ansiedad">ansiedad</effect>
  , alteraciones de las concentraciones sanguíneas de lípidos incluyendo un descenso del colesterol HDL y alteraciones en las pruebas de función hepática; en casos de administración prolongada o dosis excesivas, alteraciones electrolíticas (tales como
  <effect gate:gateId="345" rule="Effect" Simplification="retención de sodio">retención de sodio</effect>
  , cloruro,
  <drug gate:gateId="346" rule="Drug">potasio</drug>
  , calcio, fosfatos inorgánicos y agua),
  <effect gate:gateId="347" rule="Effect" Simplification="pocos espermatozoides en el semen">oligospermia</effect>
  y erecciones frecuentes o prolongadas. Se debe advertir a los pacientes de que informen a su médico en caso de presentar los siguientes problemas: erecciones peneanas demasiado frecuentes o persistentes, cualquier cambio en la coloración cutánea,
  <effect gate:gateId="348" rule="Effect" Simplification="hinchazón">hinchazón</effect>
  en los tobillos o
  <effect gate:gateId="349" rule="Effect" Simplification="vómitos">náuseas y vómitos</effect>
  sin causa aparente y cualquier tipo de alteración respiratoria, incluidas las relacionadas con el sueño.
</paragraph>
