<?xml version="1.0" encoding="UTF-8"?>
<paragraph xmlns:gate="http://www.gate.ac.uk" gate:gateId="0" gate:annotMaxId="257">
  Se dispone de datos de estudios farmacológicos y clínicos en 2.714 pacientes adultos tratados con racecadotrilo y 496 con placebo. La incidencia global de reacciones adversas fue de 13,6% en los pacientes tratados con racecadotrilo y de 22% en los grupos placebo. Las más frecuentes fueron
  <effect gate:gateId="243" rule="Effect" Simplification="dolor de cabeza">cefalea</effect>
  (1,8% vs. 1,6%),
  <effect gate:gateId="244" rule="Effect" Simplification="náuseas">náuseas</effect>
  (1,5% vs. 2,4%) y
  <effect gate:gateId="245" rule="Effect" Simplification="estreñimiento">constipación</effect>
  (1,3% vs. 1,4%). Las reacciones adversas enumeradas a continuación han ocurrido con mayor frecuencia con racecadotrilo que con placebo o bien han sido notificadas durante la vigilancia postcomercialización. La frecuencia de las reacciones adversas se define usando la siguiente convención: muy frecuente ( 1/10), frecuente ( 1/100 a &lt; 1/10), poco frecuente ( 1/1.000 a &lt; 1/100), rara ( 1/10.000 a &lt; 1/1.000), muy rara (&lt; 1/10.000), frecuencia desconocida (no puede estimarse a partir de los datos disponibles). Trastornos del sistema
  <effect gate:gateId="246" rule="Effect" Simplification="nervioso">nervioso</effect>
  Frecuentes: cefaleas. Trastornos de la piel y del tejido subcutáneo Poco frecuentes:
  <effect gate:gateId="247" rule="Effect" Simplification="inflamación">erupción</effect>
  ,
  <effect gate:gateId="248" rule="Effect" Simplification="enrojecimiento">eritema</effect>
  . Frecuencia desconocida:
  <effect gate:gateId="249" rule="Effect" Simplification="múltiples manchas rojas">eritema multiforme</effect>
  ,
  <effect gate:gateId="250" rule="Effect" Simplification="hinchazón en la lengua">edema de lengua</effect>
  ,
  <effect gate:gateId="251" rule="Effect" Simplification="hinchazón en la cara">edema de cara</effect>
  ,
  <effect gate:gateId="252" rule="Effect" Simplification="hinchazón debajo de la piel">angioedema</effect>
  ,
  <effect gate:gateId="253" rule="Effect" Simplification="urticaria">urticaria</effect>
  ,
  <effect gate:gateId="254" rule="Effect" Simplification="enrojecimiento">eritema</effect>
  nodoso,
  <effect gate:gateId="255" rule="Effect" Simplification="manchas rojas">erupción papular</effect>
  ,
  <effect gate:gateId="256" rule="Effect" Simplification="lesiones en la piel">prurigo</effect>
  .
</paragraph>
