<?xml version="1.0" encoding="UTF-8"?>
<paragraph xmlns:gate="http://www.gate.ac.uk" gate:gateId="0" gate:annotMaxId="504">
  Las reacciones adversas se presentan agrupadas según su frecuencia (muy frecuentes &gt;10%; frecuentes &gt;1%; nada frecuentes &gt;0,1%; escasas &gt;0,01%; muy escasas &lt;0,1%) y según la clasificación de órganos y sistemas. Psiquiátricas: · Frecuentes: Respuesta bradipsíquica. · Poco frecuentes: Reacciones paradójicas. Al utilizar benzodiazepinas o compuestos similares, pueden aparecer reacciones tales como
  <effect gate:gateId="485" rule="Effect" Simplification="intranquilidad">intranquilidad</effect>
  ,
  <effect gate:gateId="486" rule="Effect" Simplification="agitación">agitación</effect>
  ,
  <effect gate:gateId="487" rule="Effect" Simplification="irritabilidad">irritabilidad</effect>
  ,
  <effect gate:gateId="488" rule="Effect" Simplification="agresividad">agresividad</effect>
  ,
  <effect gate:gateId="489" rule="Effect" Simplification="delirio">delirio</effect>
  , ataques de
  <effect gate:gateId="490" rule="Effect" Simplification="ira">ira</effect>
  ,
  <effect gate:gateId="491" rule="Effect" Simplification="pesadillas">pesadillas</effect>
  ,
  <effect gate:gateId="492" rule="Effect" Simplification="alucinaciones">alucinaciones</effect>
  ,
  <effect gate:gateId="493" rule="Effect" Simplification="psicótico">psicosis</effect>
  , comportamiento inadecuado y otras alteraciones de la conducta. Dichas reacciones pueden ser severas y aparecen más frecuentemente en niños y ancianos. · Confusión o síndrome de
  <effect gate:gateId="494" rule="Effect" Simplification="confusión">confusión</effect>
  onírico. MINISTERIO · Raras: Puede aparecer síndrome de rebote con agravación de la
  <effect gate:gateId="495" rule="Effect" Simplification="ansiedad">ansiedad</effect>
  , la cual precisó de este tratamiento. · Frecuentes: Síndrome de retirada. El uso prolongado (especialmente, a dosis elevadas) puede conducir al desarrollo de
  <effect gate:gateId="496" rule="Effect" Simplification="dependencia">dependencia</effect>
  física, y al retirar el tratamiento conduce al síndrome de retirada ( ver apartado 4.4 "Advertencias y precauciones especiales de empleo"). Estos síntomas pueden ocurrir más rápidamente en benzodiazepinas de acción corta que con benzodiazepinas de acción larga ( varios días). Se han comunicado casos de
  <effect gate:gateId="497" rule="Effect" Simplification="abuso">abuso</effect>
  . · Embotamiento afectivo. · Depresión: La utilización de benzodiazepinas puede desenmascarar una
  <effect gate:gateId="498" rule="Effect" Simplification="depresión">depresión</effect>
  pre existente. Sistema Nervioso Central: · Frecuentes: Amnesia anterógrada. Puede desarrollarse una
  <effect gate:gateId="499" rule="Effect" Simplification="tipo de pérdida de memoria">amnesia anterógrada</effect>
  al utilizar dosis terapéuticas, siendo mayor el riesgo al incrementar la dosis. Los efectos amnésicos pueden asociarse a conductas inadecuadas ( ver apartado 4.4 "Advertencias y precauciones especiales de empleo"). · Frecuentes: Mareos. · Muy frecuentes: Somnolencia( particularmente en ancianos y sobre todo durante el día si se utiliza como hipnótico). · Frecuentes: Hipotonía muscular. · Reducción del estado de alerta. · Ataxia. · Cefalea. Oculares: · Diplopía. Cutáneas y órganos anejos: · Raras: Rash cutáneo pruriginoso y
  <effect gate:gateId="500" rule="Effect" Simplification="manchas rojas">maculopapular</effect>
  . Generales: · Frecuentes: Astenia y
  <effect gate:gateId="501" rule="Effect" Simplification="___">fatiga.</effect>
  Estos fenómenos ocurren predominantemente al comienzo del tratamiento y generalmente desaparecen con la administración continuada. Otras reacciones adversas tales como alteraciones gastrointestinales y cambios en la líbido pueden ocurrir ocasionalmente. La administración del producto (incluso a dosis terapéuticas) puede conducir al desarrollo de
  <effect gate:gateId="502" rule="Effect" Simplification="dependencia">dependencia</effect>
  física: la supresión del tratamiento puede conducir al desarrollo de fenómenos de retirada o rebote (ver Precauciones y Advertencias). Puede producirse
  <effect gate:gateId="503" rule="Effect" Simplification="dependencia">dependencia</effect>
  psíquica.
</paragraph>
