<?xml version="1.0" encoding="UTF-8"?>
<paragraph xmlns:gate="http://www.gate.ac.uk" gate:gateId="0" gate:annotMaxId="509">
  Las reacciones adversas observadas con mayor frecuencia son
  <effect gate:gateId="466" rule="Effect" Simplification="somnolencia">somnolencia</effect>
  ,
  <effect gate:gateId="467" rule="Effect" Simplification="dolor de cabeza">cefalea</effect>
  ,
  <effect gate:gateId="468" rule="Effect" Simplification="visión doble">diplopía</effect>
  , nauseas,
  <effect gate:gateId="469" rule="Effect" Simplification="vómitos">vómitos</effect>
  ,
  <effect gate:gateId="470" rule="Effect" Simplification="fatiga ">fatiga</effect>
  y ocurren en más de un 10% de los pacientes. El perfil de efectos indeseados por sistema orgánico se basa en los acontecimientos adversos de los ensayos clínicos valorados como relacionados con Trileptal. También se tuvieron en cuenta los informes clínicamente relevantes sobre eventos adversos procedentes de los programas de uso compasivo y de la experiencia postcomercialización. Estimación de la frecuencia : muy frecuente: 1/10; frecuente: 1/100 - &lt; 1/10; poco frecuente: 1/1.000 - &lt; 1/100; raro: 1/10.000 - &lt; 1/1.000; muy raro: &lt; 1/10.000 Trastornos de la sangre y del sistema linfático Poco frecuente
  <effect gate:gateId="471" rule="Effect" Simplification="disminución de leucocitos en la sangre">leucopenia</effect>
  . Muy raro
  <effect gate:gateId="472" rule="Effect" Simplification="problemas de coagulación">trombocitopenia</effect>
  . Desconocido Depresión de la medula ósea,
  <effect gate:gateId="473" rule="Effect" Simplification="anemia">anemia aplásica</effect>
  , Trastornos del sistema inmunológico Muy raro
  <effect gate:gateId="474" rule="Effect" Simplification="alergia">hipersensibilidad</effect>
  (incluida
  <effect gate:gateId="475" rule="Effect" Simplification="alergia">hipersensibilidad</effect>
  multiorgánica) Trastornos del metabolismo y de la nutrición Frecuente:
  <effect gate:gateId="476" rule="Effect" Simplification="problemas en la sangre">hiponatremia</effect>
  . Muy raro:
  <effect gate:gateId="477" rule="Effect" Simplification="problemas en la sangre">hiponatremia</effect>
  asociada con signos y síntomas tales como según la clasificación de la frecuencia del CIOMS (III). Trastornos psiquiátricos Frecuente
  <effect gate:gateId="478" rule="Effect" Simplification="confusión">estado confusional</effect>
  ,
  <effect gate:gateId="479" rule="Effect" Simplification="depresión">depresión</effect>
  ,
  <effect gate:gateId="480" rule="Effect" Simplification="falta de motivación">apatía</effect>
  ,
  <effect gate:gateId="481" rule="Effect" Simplification="agitación">agitación</effect>
  (p.ej. Trastornos del sistema
  <effect gate:gateId="482" rule="Effect" Simplification="nervioso">nervioso</effect>
  Muy Frecuente:
  <effect gate:gateId="483" rule="Effect" Simplification="somnolencia">somnolencia</effect>
  ,
  <effect gate:gateId="484" rule="Effect" Simplification="dolor de cabeza">cefalea</effect>
  ,
  <effect gate:gateId="485" rule="Effect" Simplification="mareo">mareo</effect>
  . Frecuente:
  <effect gate:gateId="486" rule="Effect" Simplification="descoordinación muscular">ataxia</effect>
  ,
  <effect gate:gateId="487" rule="Effect" Simplification="temblor">temblor</effect>
  , nistagmo,
  <effect gate:gateId="488" rule="Effect" Simplification="alteración de la atención">alteración de la atención</effect>
  , Trastornos oculares Muy Frecuente
  <effect gate:gateId="489" rule="Effect" Simplification="visión doble">diplopía</effect>
  . Frecuente
  <effect gate:gateId="490" rule="Effect" Simplification="visión borrosa">visión borrosa</effect>
  ,
  <effect gate:gateId="491" rule="Effect" Simplification="alteraciones visuales">alteraciones visuales</effect>
  . Trastornos del oído y del laberinto Frecuente Vértigo Trastornos cardíacos Muy raro
  <effect gate:gateId="492" rule="Effect" Simplification="arritmia">arritmia</effect>
  ,
  <effect gate:gateId="493" rule="Effect" Simplification="bloqueo cardiaco">bloqueo auriculoventricular</effect>
  . Trastornos gastrointestinales Muy Frecuente
  <effect gate:gateId="494" rule="Effect" Simplification="náuseas">náuseas</effect>
  ,
  <effect gate:gateId="495" rule="Effect" Simplification="___">vómitos.</effect>
  Frecuente Diarrea,
  <effect gate:gateId="496" rule="Effect" Simplification="estreñimiento">estreñimiento</effect>
  ,
  <effect gate:gateId="497" rule="Effect" Simplification="dolor abdominal">dolor abdominal</effect>
  . Muy raro
  <effect gate:gateId="498" rule="Effect" Simplification="pancreatitis">pancreatitis</effect>
  y/o aumento de la lipasa y/o aumento de la Trastornos hepatobiliares Muy raro
  <effect gate:gateId="499" rule="Effect" Simplification="hepatitis">hepatitis</effect>
  . Trastornos de la piel y del tejido subcutáneo Frecuente
  <effect gate:gateId="500" rule="Effect" Simplification="erupción">exantema</effect>
  ,
  <effect gate:gateId="501" rule="Effect" Simplification="pérdida de cabello ">alopecia</effect>
  ,
  <effect gate:gateId="502" rule="Effect" Simplification="acné">acné</effect>
  . Poco frecuente
  <effect gate:gateId="503" rule="Effect" Simplification="___">urticaria.</effect>
  Muy raro
  <effect gate:gateId="504" rule="Effect" Simplification="hinchazón debajo de la piel">angioedema</effect>
  , Síndrome de Stevens-Johnson, necrólisis Trastornos musculoesqueléticos y del tejido conjuntivo Muy raro
  <effect gate:gateId="505" rule="Effect" Simplification="enfermedad del sistema inmunitario">lupus eritematoso sistémico</effect>
  . Trastornos generales y alteraciones en el lugar de administración Muy Frecuente
  <effect gate:gateId="506" rule="Effect" Simplification="___">fatiga.</effect>
  Frecuente Astenia. Exploraciones complementarias Poco frecuente aumento de enzimas hepáticos, aumento de la fosfatasa Durante el uso de Trileptal, se puede desarrollar muy raramente,
  <effect gate:gateId="507" rule="Effect" Simplification="problemas en la sangre">hiponatremia</effect>
  clínicamente significativa (sodio &lt;125 mmol/
  <effect gate:gateId="508" rule="Effect" Simplification="..">l</effect>
  ). Generalmente, ocurre durante los 3 primeros meses del tratamiento con Trileptal, aunque ha habido pacientes que han tenido
</paragraph>
