<?xml version="1.0" encoding="UTF-8"?>
<paragraph xmlns:gate="http://www.gate.ac.uk" gate:gateId="0" gate:annotMaxId="180">
  Las frecuencias se han definido de la siguiente forma: muy frecuentes (1/10), frecuentes (1/100 y &lt;1/10), poco frecuentes (1/1.000 y &lt;1/100), raras (1/10.000 y &lt;1/1.000), muy raras (&lt;1/10.000). Trastornos gastrointestinales: Frecuentes:
  <effect gate:gateId="162" rule="Effect" Simplification="dolor abdominal">dolor abdominal</effect>
  ,
  <effect gate:gateId="163" rule="Effect" Simplification="diarrea">diarrea</effect>
  ,
  <effect gate:gateId="164" rule="Effect" Simplification="enfermedades del estómago ">dispepsia</effect>
  ,
  <effect gate:gateId="165" rule="Effect" Simplification="vómitos">náuseas y vómitos</effect>
  . Trastornos generales: Frecuentes:
  <effect gate:gateId="166" rule="Effect" Simplification="fatiga">astenia</effect>
  Trastornos del sistema
  <effect gate:gateId="167" rule="Effect" Simplification="nervioso">nervioso</effect>
  : Frecuentes:
  <effect gate:gateId="168" rule="Effect" Simplification="mareo">mareos</effect>
  , cefaleas. Muy raros:
  <effect gate:gateId="169" rule="Effect" Simplification="síntomas musculares">síntomas extrapiramidales</effect>
  (
  <effect gate:gateId="170" rule="Effect" Simplification="temblor">temblor</effect>
  ,
  <effect gate:gateId="171" rule="Effect" Simplification="rigidez">rigidez</effect>
  ,
  <effect gate:gateId="172" rule="Effect" Simplification="incapacidad de realizar movimientos">acinesia</effect>
  ,
  <effect gate:gateId="173" rule="Effect" Simplification="inestabilidad">inestabilidad</effect>
  ), en particular en pacientes con
  <effect gate:gateId="174" rule="Effect" Simplification="enfermedad">enfermedad</effect>
  de Parkinson, que remiten tras la suspensión del tratamiento. Trastornos de la piel y del tejido subcutáneo: Frecuentes:
  <effect gate:gateId="175" rule="Effect" Simplification="inflamación">erupción</effect>
  ,
  <effect gate:gateId="176" rule="Effect" Simplification="picazón">prurito</effect>
  ,
  <effect gate:gateId="177" rule="Effect" Simplification="___">urticaria.</effect>
  Trastornos vasculares: Raros:
  <effect gate:gateId="178" rule="Effect" Simplification="incapacidad de quedarse quieto">hipotensión ortostática</effect>
  ,
  <effect gate:gateId="179" rule="Effect" Simplification="enrojecimiento de la piel">rubefacción</effect>
  .
</paragraph>
