<?xml version="1.0" encoding="UTF-8"?>
<paragraph xmlns:gate="http://www.gate.ac.uk" gate:gateId="0" gate:annotMaxId="265">
  Las reacciones adversas más comúnmente relacionadas con la administración de remifentanilo son consecuencia directa de la acción farmacológica de los fármacos que actúan en los receptores opiodeos . Estas reacciones adversas desaparecen a los pocos minutos de interrumpir o de disminuir la velocidad de administración de remifentanilo. Se definen a continuación las frecuencias: muy frecuentes ( 1/10), frecuentes ( 1/100 y &lt; 1/10), poco frecuentes ( 1/1.000 y &lt; 1/100), raras (&gt; 1/10.000 y &lt; 1/1.000) y muy raras (&lt; 1/10.000). Trastornos del sistema inmunológico Raras: Se han notificado reacciones alérgicas, incluyendo
  <effect gate:gateId="257" rule="Effect" Simplification="anafilaxia">anafilaxia</effect>
  , en pacientes que recibieron remifentanilo junto con uno o más fármacos anestésicos. MINISTERIO Trastornos del sistema
  <effect gate:gateId="258" rule="Effect" Simplification="nervioso">nervioso</effect>
  Muy frecuentes: Rigidez musculoesquelética Raras: Sedación (durante la recuperación de la
  <effect gate:gateId="259" rule="Effect" Simplification="anestesia">anestesia</effect>
  general) Trastornos cardíacos Frecuentes: Bradicardia Raras: Se ha notificado
  <effect gate:gateId="260" rule="Effect" Simplification="parada cardiaca">asistolia</effect>
  /
  <effect gate:gateId="261" rule="Effect" Simplification="paro cardiaco">parada cardiaca</effect>
  , generalmente precedida por
  <effect gate:gateId="262" rule="Effect" Simplification="anomalía cardiaca">bradicardia</effect>
  , en pacientes que recibieron remifentanilo junto con otros fármacos anestésicos. Trastornos vasculares Muy frecuentes: Hipotensión Frecuentes: Hipertensión postoperatoria Trastornos respiratorios, torácicos y mediastínicos Frecuentes: Depresión respiratoria aguda,
  <effect gate:gateId="263" rule="Effect" Simplification="interrupción de la respiración">apnea</effect>
  Poco frecuentes: Hipoxia Trastornos gastrointestinales Muy frecuentes: Náuseas,
  <effect gate:gateId="264" rule="Effect" Simplification="vómitos">vómitos</effect>
  Poco frecuentes: Estreñimiento Trastornos de la piel y de tejido subcutáneo Frecuente: Prurito Trastornos generales y alteraciones en el lugar de la administración Frecuentes: Escalofríos postoperatorios Poco frecuentes: Dolor postoperatorio
</paragraph>
