<?xml version="1.0" encoding="UTF-8"?>
<paragraph xmlns:gate="http://www.gate.ac.uk" gate:gateId="0" gate:annotMaxId="2475">
  En el primer año del Women´s Health, Osteoporosis, Progestin, Estrogen Study (HOPE), un total de 2805 mujeres posmenopáusicas fueron asignadas de forma randomizada de 1 a 8 brazos de tratamiento, 331 mujeres fueron tratadas con 0.625 mg de estrógenos conjugados/2.5 mg de MPA. La media de edad de las pacientes fue de 53 años, con edades entre los 41 a los 65 años. 153 mujeres (46 %) comunicaron al menos una
  <effect gate:gateId="2401" rule="Effect" Simplification="alergia ">reacción adversa</effect>
  relacionada con el medicamento. Las reacciones adversas comunicadas más frecuentemente ocurridas en más del 10 % de pacientes durante la fase III del ensayo clínico fueron 64 casos de
  <effect gate:gateId="2402" rule="Effect" Simplification="dolor de cabeza">cefalea</effect>
  (19 %), 39 casos de
  <effect gate:gateId="2403" rule="Effect" Simplification="dolor abdominal">dolor abdominal</effect>
  (12 %) y 90 casos de
  <effect gate:gateId="2404" rule="Effect" Simplification="dolor en las mamas">dolor en las mamas</effect>
  (27 %). En el primer año del estudio HOPE, un total de 2805 mujeres posmenopáusicas fueron asignadas de forma randomizada de 1 a 8 brazos de tratamiento, 331 mujeres estuvieron en el brazo de tratamiento con 0.45 mg de estrógenos conjugados/ 1.5 mg MPA. 153 mujeres (46 %) comunicaron al menos una
  <effect gate:gateId="2405" rule="Effect" Simplification="alergia ">reacción adversa</effect>
  relacionada con el medicamento. La media de edad fue de 53 años, con edades entre los 40 a los 65 años. Las reacciones adversas comunicadas con mayor frecuencia, ocurridas en un porcentaje superior al 10% de los pacientes durante la fase III del ensayo clínico fueron 58 casos de cefaleas (18 %), 33 casos de
  <effect gate:gateId="2406" rule="Effect" Simplification="dolor abdominal">dolor abdominal</effect>
  (10 %) y 67 casos de
  <effect gate:gateId="2407" rule="Effect" Simplification="dolor en las mamas">dolor en las mamas</effect>
  (20 %). Sistema orgánico Muy Frecuentes Poco frecuentes Raras frecuente &gt;1/100, &gt;1/1000 &gt;1/10000 s &lt;1/10 &lt;1/100 &lt;1/1000 &gt;1/10 Trastornos del Dolor en Sangrados; Alteraciones en Galactorrea; aumento de sistema las
  <effect gate:gateId="2408" rule="Effect" Simplification="período">dismenorrea</effect>
  el
  <effect gate:gateId="2409" rule="Effect" Simplification="flujo">flujo</effect>
  ; tamaño de los leiomiomas reproductivo y de mamas ; spotting; alteraciones en uterinos las mamas
  <effect gate:gateId="2410" rule="Effect" Simplification="tensión">tensión</effect>
  el ectóprion Sistema orgánico Muy Frecuentes Poco frecuentes Raras frecuente &gt;1/100, &gt;1/1000 &gt;1/10000 s &lt;1/10 &lt;1/100 &lt;1/1000 &gt;1/10 Trastornos Náuseas, Hinchazón Vómitos;
  <effect gate:gateId="2411" rule="Effect" Simplification="pancreatitis">pancreatitis</effect>
  gastrointestinales
  <effect gate:gateId="2412" rule="Effect" Simplification="dolor abdominal">dolor abdominal</effect>
  ; abdomin al Trastornos del Cefaleas Ansiedad, Exacerbación de la
  <effect gate:gateId="2413" rule="Effect" Simplification="epilepsia">epilepsia</effect>
  ; sistema
  <effect gate:gateId="2414" rule="Effect" Simplification="nervioso">nervioso</effect>
  <effect gate:gateId="2415" rule="Effect" Simplification="mareo y vértigo">vértigo</effect>
  <effect gate:gateId="2416" rule="Effect" Simplification="infarto cerebral">accidente cerebrovascular</effect>
  Trastornos de Artralgias; tejido
  <effect gate:gateId="2417" rule="Effect" Simplification="calambres">calambres</effect>
  musculoesqueléti en las co, conectivo y piernas óseo Trastornos Depresión Cambios en la Irritabilidad psiquiátricos libido; cambios Trastornos Tromboembolis Tromboflebitis superficial; vasculares mo venoso
  <effect gate:gateId="2418" rule="Effect" Simplification="embolia pulmonar ">embolia pulmonar</effect>
  Trastornos Edema generales Trastornos de Acné;
  <effect gate:gateId="2419" rule="Effect" Simplification="pérdida de cabello ">alopecia</effect>
  ; Cloasma/
  <effect gate:gateId="2420" rule="Effect" Simplification="manchas oscuras en la piel">melasma</effect>
  ; piel y anejos
  <effect gate:gateId="2421" rule="Effect" Simplification="picazón">prurito</effect>
  <effect gate:gateId="2422" rule="Effect" Simplification="vellosidad">hirsutismo</effect>
  ;
  <effect gate:gateId="2423" rule="Effect" Simplification="erupción">exantema</effect>
  , Trastornos Colecistopatía hepatobiliares Infecciones e Vaginitis Candidiasis infestaciones vaginal Neoplasmas Cáncer de mama;
  <effect gate:gateId="2424" rule="Effect" Simplification="cáncer">cáncer</effect>
  de benignos y ovarios; cambios en las malignos mamas fibroquísticas (incluyendo quistes y
  <effect gate:gateId="2425" rule="Effect" Simplification="tejido extra en el cuerpo">pólipos</effect>
  ) Trastornos del Reacciones sistema inmune anafilácticas/anafilactoides Trastornos Intolerancia a la glucosa metabólicos y nutricionales Trastornos Intolerancia a oculares las lentes de Trastornos Infarto de miocardio cardíacos Sistema orgánico Muy Frecuentes Poco frecuentes Raras frecuente &gt;1/100, &gt;1/1000 &gt;1/10000 s &lt;1/10 &lt;1/100 &lt;1/1000 &gt;1/10 Trastornos Exacerbación del
  <effect gate:gateId="2426" rule="Effect" Simplification="asma">asma</effect>
  respiratorios, torácicos y mediastínicos Investigaciones Cambios de Cáncer de mama De acuerdo con los datos procedentes de un número elevado de estudios epidemiológicos y un ensayo clínico randomizado controlado frente a placebo, el Women's Health Initiative (WHI), el riesgo global de
  <effect gate:gateId="2427" rule="Effect" Simplification="cáncer de mama">cáncer de mama</effect>
  aumenta con la duración del tratamiento en usuarias actuales o recientes de THS. Para los productos que solo contienen estrógenos, la estimación del riesgo relativo (RR) procedente del reanálisis de los datos de 51 estudios epidemiológicos (en los cuales más del 80% del uso de la THS fue con productos que contienen únicamente estrógenos) fue de 1.35 (IC 95%: 1.21-1.49), estimación similar a la obtenida en el estudio epidemiológico Million Women Study (MWS): 1.30 (IC 95%: 1.21-1.40). Para productos que contienen estrógenos y progestágenos en combinación, la información procedente de diversos estudios epidemiológicos indica un riesgo global mayor de
  <effect gate:gateId="2428" rule="Effect" Simplification="cáncer de mama">cáncer de mama</effect>
  que el observado para productos solo con estrógenos. Los datos procedentes del MWS indican que, comparado con las mujeres que nunca han utilizado la THS, el uso de la combinación
  <drug gate:gateId="2429" rule="Drug">estrógeno</drug>
  +progestágeno se asocia un riesgo mayor de
  <effect gate:gateId="2430" rule="Effect" Simplification="cáncer de mama">cáncer de mama</effect>
  (RR=2,00 IC 95%: 1.88-2.12) que el uso de estrógenos en monoterapia (RR=1.30, IC 95%: 1.21-1.40) o de tibolona (RR=1.45 IC 95%:1.25-1.68). Los datos procedentes del ensayo WHI proporcionan un riesgo de
  <effect gate:gateId="2431" rule="Effect" Simplification="cáncer de mama">cáncer de mama</effect>
  de 1.24 (IC 95%: 1.01-1.54) después de 5.6 años de uso de THS combinada de estrógenos y progestágenos (estrógenos equinos conjugados y acetato de
  <drug gate:gateId="2432" rule="Drug">medroxiprogesterona</drug>
  ) en comparación con el grupo de mujeres que recibió placebo. El riesgo absoluto calculado a partir de los datos del MWS y del estudio WHI se presentan a continuación: El MWS ha estimado a partir de la incidencia media conocida de
  <effect gate:gateId="2433" rule="Effect" Simplification="cáncer de mama">cáncer de mama</effect>
  en países desarrollados lo siguiente: · Para mujeres que no usan la THS, se espera que aproximadamente a 32 de cada 1000 se
  <effect gate:gateId="2434" rule="Effect" Simplification="enfermedad del sistema inmune">les</effect>
  diagnostique un
  <effect gate:gateId="2435" rule="Effect" Simplification="cáncer de mama">cáncer de mama</effect>
  entre los 50 y 64 años de edad. · Por cada 1000 usuarias actuales o recientes de THS, el número de casos adicionales durante este periodo serían los siguientes: en combinación: En el ensayo WHI se ha estimado que, después de 5.6 años de seguimiento de mujeres de edad comprendida entre 50 y 79 años expuestas a la THS combinada de estrógenos y progestágenos (estrógenos equinos conjugados + acetato de
  <drug gate:gateId="2436" rule="Drug">medroxiprogesterona</drug>
  ), 8 casos adicionales de
  <effect gate:gateId="2437" rule="Effect" Simplification="cáncer de mama">cáncer de mama</effect>
  invasivo por 10.000 mujeres-año se deberían al tratamiento).Con los datos del ensayo se ha estimado lo siguiente: Por cada 1000 mujeres tratadas con placebo, en 5 años se diagnosticarían aproximadamente 16 casos de
  <effect gate:gateId="2438" rule="Effect" Simplification="cáncer de mama">cáncer de mama</effect>
  invasivo. Por cada 1000 mujeres usuarias de THS combinada de estrógenos con progestágenos (estrógenos equinos conjugados + acetato de
  <drug gate:gateId="2439" rule="Drug">medroxiprogesterona</drug>
  ), el número de casos adicionales se encontraría entre 0 y 9 (mejor estimación 4) tras 5 años de uso. El número de casos adicionales de
  <effect gate:gateId="2440" rule="Effect" Simplification="cáncer de mama">cáncer de mama</effect>
  en mujeres que usan THS es similar para todas las mujeres que inician el tratamiento con THS, independientemente de la edad de comienzo del mismo (entre edades de 45-65 años) (ver sección 4.4). Cáncer de endometrio En mujeres con útero intacto, el riesgo de
  <effect gate:gateId="2441" rule="Effect" Simplification="aumento de tamaño de un órgano">hiperplasia</effect>
  de endometrio y
  <effect gate:gateId="2442" rule="Effect" Simplification="cáncer de útero">cáncer de endometrio</effect>
  aumenta con la duración del tratamiento con estrógenos solos. De acuerdo con los resultados de estudios epidemiológicos, la mejor estimación del riesgo para mujeres no usuarias de THS es que aproximadamente 5 de cada 1000 mujeres de edades comprendidas entre los 50 y 65 años serán diagnosticadas de
  <effect gate:gateId="2443" rule="Effect" Simplification="cáncer de útero">cáncer de endometrio</effect>
  . Dependiendo de la duración de tratamiento y la dosis de estrógenos, el incremento del riesgo de
  <effect gate:gateId="2444" rule="Effect" Simplification="cáncer de útero">cáncer de endometrio</effect>
  en usuarias de estrógenos en monoterapia es de 2 a 12 veces mayor, comparado con las no usuarias. Cuando se añade un progestágeno a la THS con estrógenos solos se reduce de manera muy importante este incremento del riesgo. Se han descrito otras reacciones adversas asociadas con el tratamiento combinado de estrógenos/progestágeno: · Neoplasmas
  <drug gate:gateId="2445" rule="Drug">estrógeno</drug>
  -dependientes benignas o malignas, p.ej.
  <effect gate:gateId="2446" rule="Effect" Simplification="crecimiento en el útero">hiperplasia endometrial</effect>
  ,
  <effect gate:gateId="2447" rule="Effect" Simplification="cáncer de útero">cáncer de endometrio</effect>
  , aumento de hemangiomas hepáticos. · Exacerbación del Corea. · Alteraciones subcutáneas y de la piel:
  <effect gate:gateId="2448" rule="Effect" Simplification="múltiples manchas rojas">eritema multiforme</effect>
  y
  <effect gate:gateId="2449" rule="Effect" Simplification="enrojecimiento">eritema</effect>
  nodoso. · Púrpura vascular, alteraciones de la
  <effect gate:gateId="2450" rule="Effect" Simplification="pigmentación">pigmentación</effect>
  . · Ictericia colestásica. · Exacerbación de
  <effect gate:gateId="2451" rule="Effect" Simplification="grupo de enfermedades metabólicas">porfiria</effect>
  ,
  <effect gate:gateId="2452" rule="Effect" Simplification="bajo nivel de calcio en la sangre">hipocalcemia</effect>
  · Trombosis vascular de retina · Hipertensión A. Sobredosificación Numerosos informes sobre la ingestión por niños de grandes dosis de
  <drug gate:gateId="2453" rule="Drug">estrógeno</drug>
  /progestágeno de contraceptivos orales indican que no se han descrito graves efectos patológicos. La sobredosis de estrógenos puede producir
  <effect gate:gateId="2454" rule="Effect" Simplification="náuseas">náuseas</effect>
  y
  <effect gate:gateId="2455" rule="Effect" Simplification="sangrado">sangrado</effect>
  en mujeres. No existen casos notificados de
  <effect gate:gateId="2456" rule="Effect" Simplification="sobredosis">sobredosificación</effect>
  con MPA. En el tratamiento de la
  <effect gate:gateId="2457" rule="Effect" Simplification="sobredosis">sobredosificación</effect>
  , podrían ser necesarias las prácticas estándar de evacuación gástrica, administración de carbón activado y terapia general de apoyo.   5.1 Propiedades farmacodinámicas UNIPREMELLE contiene una combinación fija de estrógenos conjugados y
  <drug gate:gateId="2458" rule="Drug">medroxiprogesterona</drug>
  acetato (MPA). Medroxiprogesterona acetato es un derivado sintético de 17-OH
  <drug gate:gateId="2459" rule="Drug">progesterona</drug>
  . Los principios activos son ésteres sulfatos de estrona, equilin-sulfatos y 17 /- estradiol. Estos principios activos sustituyen la pérdida de producción de estrógenos que acontece durante la
  <effect gate:gateId="2460" rule="Effect" Simplification="menopausia">menopausia</effect>
  y alivia los síntomas de la
  <effect gate:gateId="2461" rule="Effect" Simplification="menopausia">menopausia</effect>
  . Los estrógenos previenen la pérdida de
  <effect gate:gateId="2462" rule="Effect" Simplification="masa">masa</effect>
  ósea consecuencia de la
  <effect gate:gateId="2463" rule="Effect" Simplification="menopausia">menopausia</effect>
  o la ovariectomía. Los estrógenos promueven el crecimiento del endometrio, por lo cual aumentan la incidencia de
  <effect gate:gateId="2464" rule="Effect" Simplification="aumento de tamaño de un órgano">hiperplasia</effect>
  de endometrio y el riesgo de
  <effect gate:gateId="2465" rule="Effect" Simplification="cáncer">carcinoma</effect>
  del endometrio. De los estudios se desprende que la adición de progestágeno durante 10 o más días del ciclo de administración del
  <drug gate:gateId="2466" rule="Drug">estrógeno</drug>
  disminuye de manera importante el riesgo de
  <effect gate:gateId="2467" rule="Effect" Simplification="aumento de tamaño de un órgano">hiperplasia</effect>
  de endometrio inducido por estrógenos, en mujeres no histerectomizadas. Información del ensayo clínico · Alivio de los síntomas derivados de la deficiencia de estrógenos: · Prevención de la
  <effect gate:gateId="2468" rule="Effect" Simplification="problemas en los huesos">osteoporosis</effect>
  - El
  <effect gate:gateId="2469" rule="Effect" Simplification="déficit de estrógenos">déficit de estrógenos</effect>
  durante la
  <effect gate:gateId="2470" rule="Effect" Simplification="menopausia">menopausia</effect>
  se asocia con un - Premelle 0.625/2.5 mg también presentó efecto sobre la DMO de la 5.2 Propiedades farmacocinéticas Los estrógenos conjugados son solubles en agua y se absorben bien a partir del tracto gastrointestinal. El metabolismo y la inactivación se producen principalmente en el hígado. Algunos estrógenos son excretados por la bilis; sin embargo, son reabsorbidos en el intestino y vuelven al hígado a través del sistema venoso portal. Los estrógenos conjugados hidrosolubles son fuertemente ácidos y se ionizan en los fluidos corporales, lo que favorece la excreción a través de los riñones, ya que su reabsorción tubular es mínima. Los datos de un estudio de
  <effect gate:gateId="2471" rule="Effect" Simplification="interacción">interacción</effect>
  fármaco-fármaco con estrógenos conjugados equinos y acetato de
  <drug gate:gateId="2472" rule="Drug">medroxiprogesterona</drug>
  , indican que la disposición farmacocinética de ambos fármacos se altera con la administración conjunta. No se han realizado otros estudios de
  <effect gate:gateId="2473" rule="Effect" Simplification="interacción">interacción</effect>
  clínica fármaco-fármaco con estrógenos conjugados equinos. MINISTERIO MPA se metaboliza principalmente en el hígado mediante reacciones de hidroxilación. 5.3 Datos preclínicos sobre seguridad La administración continuada y a largo plazo de estrógenos naturales y sintéticos en ciertas especies animales incrementa la frecuencia de carcinomas de mama, cérvix, vagina e hígado. En un estudio de administración oral, durante dos años a ratas hembras, de dosis de MPA de hasta 5000 g/kg/día en sus dietas (50 veces mayores - en base a los valores AUC- que el nivel observado en mujeres en tratamiento con 10 mg de MPA), apareció un incremento dosis-dependiente de tumores celulares de los islotes pancreáticos (adenomas y carcinomas). La incidencia de tumor pancreático se incrementó a las dosis de 1000 y 5000 g/kg/día, pero no a la de 200 g/kg/día. Se cree que el efecto cortisol de MPA, a estas dosis elevadas, consiste en incrementar la glucosa sérica en ratas en las que se estimula reactivamente las células beta de los islotes pancreáticos para producir insulina. Se cree que esta estimulación repetida es, de esta manera, la causante de tumores en rata. En humanos no suelen aparecer lesiones similares, debido a que el sistema endocrino de las ratas es más sensible a las hormonas que el de las mujeres. Cuando se combina MPA con
  <drug gate:gateId="2474" rule="Drug">estrógeno</drug>
  , MPA se une a unos pocos receptores glucocorticosteroides y, de esta manera, ejerce un efecto menor sobre la glucosa plasmática. En humanos, la respuesta diabetogénica frente a dosis terapéuticas de MPA es insignificante. Además, en una búsqueda bibliográfica extensa no se hallaron evidencias de que MPA fuese causante de tumores pancreáticos en humanos.   6.1 Relación de excipientes Excipientes: sacarosa (212,3 mg en UNIPREMELLE 5 y 217 mg en UNIPREMELLE 2,5), lactosa, sulfato cálcico, fosfato cálcico tribásico, cera de carnauba, celulosa microcristalina, monooleato de glicerol, estearato magnésico, metilcelulosa, barniz farmacéutico, polietilénglicol, polivinilpirrolidona, dióxido de titanio, ácido esteárico, óxido de hierro rojo (E-172 para UNIPREMELLE 2,5), indigotina (E-132 para UNIPREMELLE 5) y tinta negra (agua purificada, laca Shelac, E-172, etanol, N-butil alcohol, propilenglicol y acetato de etilo). 6.2 Incompatibilidades No se han descrito. 6.3 Período de validez Tres años 6.4 Precauciones especiales de conservación Almacenar a temperatura ambiente 6.5 Naturaleza y contenido del recipiente Envase blister de Cloruro de Polivinilo (PVC)/lámina de Aluminio MINISTERIO 6.6 Instrucciones de uso / manipulación No requiere instrucciones especiales. 6.7. Presentaciones UNIPREMELLE 2,5: Cada envase contiene un blister con 28 comprimidos recubiertos. UNIPREMELLE 5: Cada envase contiene un blister con 28 comprimidos recubiertos. Otras presentaciones: UNIPREMELLE Cíclico 5 UNIPREMELLE Cíclico 10   8. NÚMERO(S) DE AUTORIZACIÓN DE COMERCIALIZACIÓN UNIPREMELLE 2.5 mg Nº Registro: 63.181 UNIPREMELLE 5 mg Nº Registro: 63.180 9. FECHA DE LA PRIMERA AUTORIZACIÓN/RENOVACIÓN DE LA AUTORIZACIÓN UNIPREMELLE 2.5 mg 15 Junio 2000 UNIPREMELLE 5 mg 15 Junio 2000 10. FECHA DE LA REVISIÓN DEL TEXTO JUNIO DE 2004
</paragraph>
