<?xml version="1.0" encoding="UTF-8"?>
<paragraph xmlns:gate="http://www.gate.ac.uk" gate:gateId="0" gate:annotMaxId="421">
  MINISTERIO La categoría de frecuencias utilizada es: Muy frecuentes Frecuentes Poco frecuentes Raras Muy raras Para clasificar las reacciones adversas en la categoría de frecuencias, se han utilizado los datos de ensayos clínicos cuando existía evidencia de asociación con
  <drug gate:gateId="397" rule="Drug">valaciclovir</drug>
  (es decir, que hubiese una diferencia estadísticamente significativa entre la incidencia en pacientes que recibieron
  <drug gate:gateId="398" rule="Drug">valaciclovir</drug>
  y placebo). Para el resto de las reacciones adversas, se han utilizado los datos de las notificaciones espontáneas posteriores a la comercialización como base para la distribución en la categoría de frecuencias. Datos de los ensayos clínicos: Trastornos del sistema
  <effect gate:gateId="399" rule="Effect" Simplification="nervioso">nervioso</effect>
  Frecuentes: Cefalea Trastornos gastrointestinales Frecuentes: Náuseas Datos de las notificaciones espontáneas posteriores a la comercialización Trastornos de la sangre y del sistema linfático Muy raras: Leucopenia,
  <effect gate:gateId="400" rule="Effect" Simplification="problemas de coagulación">trombocitopenia</effect>
  La
  <effect gate:gateId="401" rule="Effect" Simplification="disminución de leucocitos en la sangre">leucopenia</effect>
  se ha comunicado principalmente en pacientes inmunodeprimidos Trastornos del sistema inmunológico Muy raras: Anafilaxis Trastornos psiquiátricos y del sistema
  <effect gate:gateId="402" rule="Effect" Simplification="nervioso">nervioso</effect>
  . Raras: Mareo,
  <effect gate:gateId="403" rule="Effect" Simplification="confusión">confusión</effect>
  ,
  <effect gate:gateId="404" rule="Effect" Simplification="alucinaciones">alucinaciones</effect>
  , disminución del conocimiento Muy raras: Agitación,
  <effect gate:gateId="405" rule="Effect" Simplification="temblor">temblor</effect>
  ,
  <effect gate:gateId="406" rule="Effect" Simplification="descoordinación muscular">ataxia</effect>
  ,
  <effect gate:gateId="407" rule="Effect" Simplification="dificultad para hablar">disartria</effect>
  , síntomas psicóticos,
  <effect gate:gateId="408" rule="Effect" Simplification="ataque">convulsiones</effect>
  , · Las reacciones adversas anteriores son reversibles y normalmente se han observado en pacientes con
  <effect gate:gateId="409" rule="Effect" Simplification="alteración renal">disfunción renal</effect>
  y en pacientes con órganos transplantados que reciben dosis elevadas de VALTREX. Trastornos respiratorios, torácicos y mediastínicos Poco frecuentes:
  <effect gate:gateId="410" rule="Effect" Simplification="jadeo">disnea</effect>
  Trastornos gastrointestinales Raras: molestias abdominales,
  <effect gate:gateId="411" rule="Effect" Simplification="vómitos">vómitos</effect>
  ,
  <effect gate:gateId="412" rule="Effect" Simplification="diarrea">diarrea</effect>
  Trastornos hepatobiliares Muy raras: Aumentos reversibles en las pruebas de la función hepática. Ocasionalmente descritos como
  <effect gate:gateId="413" rule="Effect" Simplification="hepatitis">hepatitis</effect>
  Trastornos de la piel y del tejido subcutáneo Poco frecuentes: Erupciones cutáneas incluyendo
  <effect gate:gateId="414" rule="Effect" Simplification="intolerancia a la luz">fotosensibilidad</effect>
  Raras: Prurito Muy raras: Urticaria,
  <effect gate:gateId="415" rule="Effect" Simplification="hinchazón debajo de la piel">angioedema</effect>
  Trastornos renales y urinarios Raras: Alteración renal Muy raras: Fracaso renal agudo. Otros: En pacientes gravemente inmunocomprometidos: existen informes de
  <effect gate:gateId="416" rule="Effect" Simplification="insuficiencia renal ">insuficiencia renal</effect>
  ,
  <effect gate:gateId="417" rule="Effect" Simplification="anemia">anemia hemolítica microangiopática</effect>
  y
  <effect gate:gateId="418" rule="Effect" Simplification="problemas de coagulación">trombocitopenia</effect>
  (a veces en combinación) en pacientes gravemente inmunodeprimidos recibiendo dosis altas (8 g diarios) de
  <drug gate:gateId="419" rule="Drug">valaciclovir</drug>
  durante períodos prolongados de tiempo en los ensayos clínicos. Estos hallazgos se han observado en pacientes no tratados con
  <drug gate:gateId="420" rule="Drug">valaciclovir</drug>
  que presentan las mismas condiciones subyacentes o concurrentes.
</paragraph>
