<?xml version="1.0" encoding="UTF-8"?>
<paragraph xmlns:gate="http://www.gate.ac.uk" gate:gateId="0" gate:annotMaxId="460">
  A continuación se muestran las reacciones adversas clasificadas por órganos y sistemas y categorías de frecuencia. La categoría de frecuencias utilizadas es: Muy frecuentes &gt; 1/10 Frecuentes Poco frecuentes Raras Muy raras &lt;1/10.000 Para clasificar las reacciones adversas en la categoría de frecuencias, se han utilizado los datos de ensayos clínicos cuando existía evidencia de asociación con
  <drug gate:gateId="428" rule="Drug">valaciclovir</drug>
  (es decir, que hubiese una diferencia estadísticamente significativa entre la incidencia en pacientes que recibieron
  <drug gate:gateId="429" rule="Drug">valaciclovir</drug>
  y placebo). Para el resto de las reacciones adversas, se han utilizado los datos de las notificaciones espontáneas posteriores a la comercialización como base para la distribución en la categoría de frecuencias. Datos de los ensayos clínicos: -Trastornos del sistema
  <effect gate:gateId="430" rule="Effect" Simplification="nervioso">nervioso</effect>
  : Frecuente:
  <effect gate:gateId="431" rule="Effect" Simplification="dolor de cabeza">cefalea</effect>
  - Trastornos gastrointestinales: Frecuente:
  <effect gate:gateId="432" rule="Effect" Simplification="náusea">náusea</effect>
  Datos de las notificaciones espontáneas posteriores a la comercialización - Trastornos del sistema linfático y sanguíneo Muy raras:
  <effect gate:gateId="433" rule="Effect" Simplification="problemas de coagulación">trombocitopenia</effect>
  - Trastornos del sistema inmunitario Muy raras: anafilaxis - Trastornos psiquiátricos y del sistema
  <effect gate:gateId="434" rule="Effect" Simplification="nervioso">nervioso</effect>
  Raras:
  <effect gate:gateId="435" rule="Effect" Simplification="mareo">mareo</effect>
  ,
  <effect gate:gateId="436" rule="Effect" Simplification="confusión">confusión</effect>
  ,
  <effect gate:gateId="437" rule="Effect" Simplification="alucinaciones">alucinaciones</effect>
  , disminución del conocimiento Muy raras:
  <effect gate:gateId="438" rule="Effect" Simplification="temblor">temblor</effect>
  ,
  <effect gate:gateId="439" rule="Effect" Simplification="descoordinación muscular">ataxia</effect>
  , disatria,
  <effect gate:gateId="440" rule="Effect" Simplification="ataque">convulsiones</effect>
  ,
  <effect gate:gateId="441" rule="Effect" Simplification="enfermedad en el cerebro">encefalopatía</effect>
  ,
  <effect gate:gateId="442" rule="Effect" Simplification="coma">coma</effect>
  . Los reacciones adversas anteriores son reversibles y normalmente se han observado en pacientes con
  <effect gate:gateId="443" rule="Effect" Simplification="alteración renal">disfunción renal</effect>
  y en pacientes con órganos transplantados que reciben dosis elevadas de Valherpes. · Trastornos respiratorios, torácicos y mediastínicos Poco frecuentes:
  <effect gate:gateId="444" rule="Effect" Simplification="jadeo">disnea</effect>
  - Trastornos gastrointestinales Raras: molestias abdominales,
  <effect gate:gateId="445" rule="Effect" Simplification="vómitos">vómitos</effect>
  ,
  <effect gate:gateId="446" rule="Effect" Simplification="diarrea">diarrea</effect>
  - Trastornos hepatobiliares Muy raras: aumentos reversibles en las pruebas de la función hepática. Ocasionalmente descritos como
  <effect gate:gateId="447" rule="Effect" Simplification="hepatitis">hepatitis</effect>
  . - Trastornos de la piel y subcutáneos Poco frecuentes:
  <effect gate:gateId="448" rule="Effect" Simplification="inflamación">erupciones cutáneas</effect>
  incluyendo
  <effect gate:gateId="449" rule="Effect" Simplification="intolerancia a la luz">fotosensibilidad</effect>
  Raras:
  <effect gate:gateId="450" rule="Effect" Simplification="picazón">prurito</effect>
  Muy raras:
  <effect gate:gateId="451" rule="Effect" Simplification="urticaria">urticaria</effect>
  ,
  <effect gate:gateId="452" rule="Effect" Simplification="hinchazón debajo de la piel">angioedema</effect>
  - Trastornos renales y urinarios Raras:
  <effect gate:gateId="453" rule="Effect" Simplification="alteración renal">alteración renal</effect>
  Muyr raras:
  <effect gate:gateId="454" rule="Effect" Simplification="daño en los riñones">fracaso renal agudo</effect>
  - Otros: En pacientes gravemente inmunocomprometidos: existen informes de
  <effect gate:gateId="455" rule="Effect" Simplification="insuficiencia renal ">insuficiencia renal</effect>
  ,
  <effect gate:gateId="456" rule="Effect" Simplification="anemia">anemia hemolítica microangiopática</effect>
  y
  <effect gate:gateId="457" rule="Effect" Simplification="problemas de coagulación">trombocitopenia</effect>
  (a veces en combinación) en pacientes gravemente inmunodeprimidos, particularmente en aquellos con VIH avanzado, recibiendo dosis altas (8 g diarios) de
  <drug gate:gateId="458" rule="Drug">valaciclovir</drug>
  durante períodos prolongados de tiempo en los ensayos clínicos. Estos hallazgos se han observado en pacientes no tratados con
  <drug gate:gateId="459" rule="Drug">valaciclovir</drug>
  que presentan las mismas condiciones subyacentes o concurrentes.
</paragraph>
