<?xml version="1.0" encoding="UTF-8"?>
<paragraph xmlns:gate="http://www.gate.ac.uk" gate:gateId="0" gate:annotMaxId="712">
  Las reacciones adversas se enumeran a continuación por órganos y sistemas de acuerdo con las categorías de frecuencia siguientes: Frecuentes: &gt; 1% Poco frecuentes: &gt; 0,1% y &lt; 1% Raras: &gt; 0,01% y &lt; 0,1% Muy raras: &lt;0,01% Trastornos generales y alteraciones en el lugar de administración Frecuentes: Astenia,
  <effect gate:gateId="664" rule="Effect" Simplification="___">fatiga.</effect>
  Poco frecuentes: Reacción de
  <effect gate:gateId="665" rule="Effect" Simplification="intolerancia a la luz">fotosensibilidad</effect>
  . Muy raras: Anafilaxis. Trastornos cardiovasculares Frecuentes: Hipertensión,
  <effect gate:gateId="666" rule="Effect" Simplification="venas dilatadas">vasodilatación</effect>
  (principalmente
  <effect gate:gateId="667" rule="Effect" Simplification="sofoco">sofocos</effect>
  ). Poco frecuentes: Hipotensión,
  <effect gate:gateId="668" rule="Effect" Simplification="presión sanguínea baja">hipotensión postural</effect>
  ,
  <effect gate:gateId="669" rule="Effect" Simplification="desmayo">síncope</effect>
  ,
  <effect gate:gateId="670" rule="Effect" Simplification="alteración del ritmo cardíaco">taquicardia</effect>
  . Muy raras: Prolongación del intervalo QT,
  <effect gate:gateId="671" rule="Effect" Simplification="alteración en el ritmo cardiaco">fibrilación ventricular</effect>
  , Trastornos gastrointestinales Frecuentes: Disminución del apetito,
  <effect gate:gateId="672" rule="Effect" Simplification="estreñimiento">estreñimiento</effect>
  ,
  <effect gate:gateId="673" rule="Effect" Simplification="náuseas">náuseas</effect>
  ,
  <effect gate:gateId="674" rule="Effect" Simplification="___">vómitos.</effect>
  Poco frecuentes: Bruxismo,
  <effect gate:gateId="675" rule="Effect" Simplification="___">diarrea.</effect>
  Muy raras: Pancreatitis. Trastornos de la sangre y el sistema linfático Poco frecuentes: Equimosis,
  <effect gate:gateId="676" rule="Effect" Simplification="sangrado">sangrado</effect>
  de mucosas. Raras: Sangrados prolongados,
  <effect gate:gateId="677" rule="Effect" Simplification="problemas de coagulación">trombocitopenia</effect>
  . Muy raras: Discrasias sanguíneas (incluyendo
  <effect gate:gateId="678" rule="Effect" Simplification="poca producción de defensas en la sangre">agranulocitosis</effect>
  , Trastornos del metabolismo y la nutrición Frecuentes: Hipercolesterolemia (especialmente tras la administración Poco frecuentes: Alteraciones de las pruebas de funcionalidad hepática, Raras: Hepatitis, Síndrome de secreción inapropiada de hormona Muy raras: Aumento de prolactina. Trastornos musculoesquelético y del tejido conjuntivo Muy raras: Rabdomiólisis. Trastornos del sistema
  <effect gate:gateId="679" rule="Effect" Simplification="nervioso">nervioso</effect>
  Frecuentes: Alteración del sueño, disminución de la libido,
  <effect gate:gateId="680" rule="Effect" Simplification="mareo">mareos</effect>
  , Poco frecuentes: Apatía,
  <effect gate:gateId="681" rule="Effect" Simplification="alucinaciones">alucinaciones</effect>
  , mioclonía,
  <effect gate:gateId="682" rule="Effect" Simplification="agitación">agitación</effect>
  . Raras: Acatisia,
  <effect gate:gateId="683" rule="Effect" Simplification="ataque">convulsiones</effect>
  ,
  <effect gate:gateId="684" rule="Effect" Simplification="manía">manía</effect>
  , síndrome neuroléptico Muy raras: Delirio, reacciones extrapiramidales (incluyendo
  <effect gate:gateId="685" rule="Effect" Simplification="movimiento involuntario">distonía</effect>
  Trastornos respiratorios, torácicos y mediastínicos Frecuentes: Bostezos. Muy raras: Eosinofilia pulmonar. Trastornos de la piel y del tejido subcutáneo Frecuentes: Sudoración (incluyendo
  <effect gate:gateId="686" rule="Effect" Simplification="sudores nocturnos">sudores nocturnos</effect>
  ). Poco frecuentes: Rash (
  <effect gate:gateId="687" rule="Effect" Simplification="inflamación">erupción cutánea</effect>
  ),
  <effect gate:gateId="688" rule="Effect" Simplification="pérdida de cabello ">alopecia</effect>
  . Muy raras: Eritema multiforme, síndrome de Stevens-Johnson, Trastornos sensoriales Frecuentes: Anomalías en la acomodación,
  <effect gate:gateId="689" rule="Effect" Simplification="dilatación de pupilas">midriasis</effect>
  ,
  <effect gate:gateId="690" rule="Effect" Simplification="trastornos visuales">trastornos visuales</effect>
  . Poco frecuentes: Percepción alterada del gusto,
  <effect gate:gateId="691" rule="Effect" Simplification="sonidos en el oído">acúfenos</effect>
  . Muy raras: Glaucoma de ángulo cerrado. Trastornos del aparato reproductor Frecuentes: Eyaculación/orgasmo anormales (varones),
  <effect gate:gateId="692" rule="Effect" Simplification="impotencia orgásmica">anorgasmia</effect>
  , Poco frecuentes: Orgasmo anormal (mujeres),
  <effect gate:gateId="693" rule="Effect" Simplification="menstruación abundante">menorragia</effect>
  . Trastornos renales y urinarios: Frecuentes: Trastornos de la micción (en particular dificultad para Poco frecuentes: Retención urinaria. Se han notificado casos de
  <effect gate:gateId="694" rule="Effect" Simplification="suicidio">ideación suicida</effect>
  y conductas suicidas durante el tratamiento con Vandral o inmediatamente después de la interrupción del mismo (ver sección 4.4). El perfil de reacciones adversas en pacientes ancianos es similar al que se presenta en pacientes adultos. MINISTERIO Con medicamentos inhibidores de la recaptación de serotonina se han descrito raramente hemorragias (
  <effect gate:gateId="695" rule="Effect" Simplification="moretones ">equimosis</effect>
  , hemorragias ginecológicas,
  <effect gate:gateId="696" rule="Effect" Simplification="sangrado gastrointestinal">sangrado gastrointestinal</effect>
  y otros sangrados cutáneos o de mucosas, ver sección 4.4). Síntomas de retirada observados durante la suspensión del tratamiento con ISRS: La retirada de
  <drug gate:gateId="697" rule="Drug">venlafaxina</drug>
  (particularmente si se realiza de forma brusca) se asocia frecuentemente con la aparición de síntomas de retirada. Los síntomas de retirada comunicados con mayor frecuencia son
  <effect gate:gateId="698" rule="Effect" Simplification="mareo">mareos</effect>
  , alteraciones sensoriales (incluyendo
  <effect gate:gateId="699" rule="Effect" Simplification="cosquilleo">parestesias</effect>
  ),
  <effect gate:gateId="700" rule="Effect" Simplification="alteraciones del sueño">alteraciones del sueño</effect>
  (incluyendo
  <effect gate:gateId="701" rule="Effect" Simplification="insomnio">insomnio</effect>
  y
  <effect gate:gateId="702" rule="Effect" Simplification="pesadillas">pesadillas</effect>
  ),
  <effect gate:gateId="703" rule="Effect" Simplification="agitación">agitación</effect>
  o
  <effect gate:gateId="704" rule="Effect" Simplification="ansiedad">ansiedad</effect>
  ,
  <effect gate:gateId="705" rule="Effect" Simplification="náuseas">náuseas</effect>
  y/o
  <effect gate:gateId="706" rule="Effect" Simplification="vómitos">vómitos</effect>
  ,
  <effect gate:gateId="707" rule="Effect" Simplification="temblor">temblor</effect>
  y
  <effect gate:gateId="708" rule="Effect" Simplification="dolor de cabeza">cefalea</effect>
  (ver sección 4.2 y sección 4.4). Aunque pueden aparecer reacciones de retirada al interrumpir el tratamiento, los datos clínicos y preclínicos disponibles no sugieren que
  <drug gate:gateId="709" rule="Drug">venlafaxina</drug>
  origine
  <effect gate:gateId="710" rule="Effect" Simplification="dependencia">dependencia</effect>
  o
  <effect gate:gateId="711" rule="Effect" Simplification="tolerancia">tolerancia</effect>
  .
</paragraph>
