<?xml version="1.0" encoding="UTF-8"?>
<paragraph xmlns:gate="http://www.gate.ac.uk" gate:gateId="0" gate:annotMaxId="2019">
  Estudios clínicos Perfil global de seguridad de la
  <effect gate:gateId="1838" rule="Effect" Simplification="vacuna">vacuna</effect>
  antivaricela de virus vivos (cepa Oka/Merck) En ensayos clínicos, se administró una formulación congelada y otra estable en nevera de la
  <effect gate:gateId="1839" rule="Effect" Simplification="vacuna">vacuna</effect>
  antivaricela de virus vivos (cepa Oka/Merck) a aproximadamente 17.000 individuos sanos de edad 12 meses que fueron monitorizados hasta 42 días después de cada dosis. Aparentemente, no hubo un incremento en el riesgo de reacciones adversas con el uso de VARIVAX en individuos seropositivos. El perfil de seguridad de la formulación estable en nevera de la
  <effect gate:gateId="1840" rule="Effect" Simplification="vacuna">vacuna</effect>
  antivaricela de virus vivos (cepa Oka/Merck), fue generalmente similar al perfil de seguridad de formulaciones anteriores de la
  <effect gate:gateId="1841" rule="Effect" Simplification="vacuna">vacuna</effect>
  . En un estudio doble
  <effect gate:gateId="1842" rule="Effect" Simplification="ciego">ciego</effect>
  y controlado con placebo en 956 individuos sanos de edades comprendidas entre 12 meses y 14 años, de los que 914 fueron serológicamente confirmados como susceptibles a la
  <effect gate:gateId="1843" rule="Effect" Simplification="varicela">varicela</effect>
  , las únicas reacciones adversas detectadas con una tasa significativamente mayor en los receptores de la
  <effect gate:gateId="1844" rule="Effect" Simplification="vacuna">vacuna</effect>
  que en los receptores del placebo fueron
  <effect gate:gateId="1845" rule="Effect" Simplification="dolor">dolor</effect>
  (26,7% frente a 18,1%),
  <effect gate:gateId="1846" rule="Effect" Simplification="enrojecimiento">enrojecimiento</effect>
  en el punto de inyección (5,7% frente a 2,4%) y
  <effect gate:gateId="1847" rule="Effect" Simplification="inflamación">erupción</effect>
  de tipo varicelosa en áreas distintas del punto de inyección (2,2% frente a 0,2%). A lo largo de los estudios clínicos en los cuales se evaluó la causalidad (5129 sujetos), se notificaron las siguientes reacciones adversas en asociación temporal con la vacunación: Muy frecuentes (&gt;1/10), Frecuentes (&gt;1/100, &lt;1/10), Infrecuentes (&gt;1/1000, &lt;1/100), Raras (&gt;1/10000, &lt;1/1000) Individuos sanos de 12 meses a 12 años de edad (1 dosis) MINISTERIO Infecciones e infestaciones Frecuentes:
  <effect gate:gateId="1848" rule="Effect" Simplification="infección del tracto respiratorio">infección del tracto respiratorio superior</effect>
  . Infrecuentes:
  <effect gate:gateId="1849" rule="Effect" Simplification="gripe">gripe</effect>
  ,
  <effect gate:gateId="1850" rule="Effect" Simplification="inflamación en el estomago">gastroenteritis</effect>
  ,
  <effect gate:gateId="1851" rule="Effect" Simplification="infecciones de los oídos">otitis</effect>
  ,
  <effect gate:gateId="1852" rule="Effect" Simplification="infecciones de los oídos">otitis media</effect>
  ,
  <effect gate:gateId="1853" rule="Effect" Simplification="faringitis">faringitis</effect>
  ,
  <effect gate:gateId="1854" rule="Effect" Simplification="varicela">varicela</effect>
  ,
  <effect gate:gateId="1855" rule="Effect" Simplification="erupción">exantema</effect>
  viral,
  <effect gate:gateId="1856" rule="Effect" Simplification="infección">infección</effect>
  viral. Raras:
  <effect gate:gateId="1857" rule="Effect" Simplification="infección">infección</effect>
  ,
  <effect gate:gateId="1858" rule="Effect" Simplification="infección en la piel">candidiasis</effect>
  ,
  <effect gate:gateId="1859" rule="Effect" Simplification="enfermedad de tipo gripal">enfermedad tipo gripal</effect>
  ,
  <effect gate:gateId="1860" rule="Effect" Simplification="picadura">picadura</effect>
  /
  <effect gate:gateId="1861" rule="Effect" Simplification="mordedura">mordedura</effect>
  no venenosa. Alteraciones del sistema hematológico y linfático Raras:
  <effect gate:gateId="1862" rule="Effect" Simplification="trastorno en los ganglios">linfadenopatía</effect>
  ,
  <effect gate:gateId="1863" rule="Effect" Simplification="inflamación circulaciones">linfadenitis</effect>
  ,
  <effect gate:gateId="1864" rule="Effect" Simplification="problemas de coagulación">trombocitopenia</effect>
  Alteraciones metabólicas y nutricionales Infrecuentes:
  <effect gate:gateId="1865" rule="Effect" Simplification="trastornos de la alimentación ">anorexia</effect>
  . Alteraciones psiquiátricas Frecuentes:
  <effect gate:gateId="1866" rule="Effect" Simplification="irritabilidad">irritabilidad</effect>
  . Infrecuentes:
  <effect gate:gateId="1867" rule="Effect" Simplification="lloroso">llanto</effect>
  ,
  <effect gate:gateId="1868" rule="Effect" Simplification="insomnio">insomnio</effect>
  ,
  <effect gate:gateId="1869" rule="Effect" Simplification="alteraciones del sueño">alteraciones del sueño</effect>
  . Alteraciones del Sistema Nervioso Infrecuentes:
  <effect gate:gateId="1870" rule="Effect" Simplification="dolor de cabeza">cefalea</effect>
  ,
  <effect gate:gateId="1871" rule="Effect" Simplification="somnolencia">somnolencia</effect>
  Raras:
  <effect gate:gateId="1872" rule="Effect" Simplification="falta de motivación">apatía</effect>
  ,
  <effect gate:gateId="1873" rule="Effect" Simplification=" nerviosismo ">nerviosismo</effect>
  ,
  <effect gate:gateId="1874" rule="Effect" Simplification="agitación">agitación</effect>
  ,
  <effect gate:gateId="1875" rule="Effect" Simplification="sueño excesivo">hipersomnia</effect>
  , anormalidad en el sueño, cambios emocionales, alteraciones en la marcha,
  <effect gate:gateId="1876" rule="Effect" Simplification="convulsiones por fiebre">convulsión febril</effect>
  ,
  <effect gate:gateId="1877" rule="Effect" Simplification="temblor">temblor</effect>
  . Alteraciones oculares Infrecuentes:
  <effect gate:gateId="1878" rule="Effect" Simplification="conjuntivitis">conjuntivitis</effect>
  . Raras:
  <effect gate:gateId="1879" rule="Effect" Simplification="conjuntivitis aguda">conjuntivitis aguda</effect>
  ,
  <effect gate:gateId="1880" rule="Effect" Simplification="lagrimeo">lagrimeo</effect>
  ,
  <effect gate:gateId="1881" rule="Effect" Simplification="hinchazón">edema</effect>
  en el párpado,
  <effect gate:gateId="1882" rule="Effect" Simplification="irritación">irritación</effect>
  . Alteraciones del oído y el laberinto Raras:
  <effect gate:gateId="1883" rule="Effect" Simplification="dolor de oído">dolor de oído</effect>
  . Alteraciones vasculares Raras:
  <effect gate:gateId="1884" rule="Effect" Simplification="perdida de líquido venoso">extravasación</effect>
  . Alteraciones respiratorias, torácicas y mediastínicas Infrecuentes:
  <effect gate:gateId="1885" rule="Effect" Simplification="tos">tos</effect>
  ,
  <effect gate:gateId="1886" rule="Effect" Simplification="congestión nasal">congestión nasal</effect>
  ,
  <effect gate:gateId="1887" rule="Effect" Simplification="congestión">congestión</effect>
  respiratoria,
  <effect gate:gateId="1888" rule="Effect" Simplification="exceso de mucosa nasal">rinorrea</effect>
  . Raras:
  <effect gate:gateId="1889" rule="Effect" Simplification="inflamación nasal">sinusitis</effect>
  ,
  <effect gate:gateId="1890" rule="Effect" Simplification="estornudos">estornudos</effect>
  ,
  <effect gate:gateId="1891" rule="Effect" Simplification="congestión pulmonar">congestión pulmonar</effect>
  ,
  <effect gate:gateId="1892" rule="Effect" Simplification="sangrado nasal">epistaxis</effect>
  ,
  <effect gate:gateId="1893" rule="Effect" Simplification="inflamación en las fosas nasales">rinitis</effect>
  , respiración
  <effect gate:gateId="1894" rule="Effect" Simplification="sibilante">sibilante</effect>
  ,
  <effect gate:gateId="1895" rule="Effect" Simplification="bronquitis">bronquitis</effect>
  ,
  <effect gate:gateId="1896" rule="Effect" Simplification="infección respiratoria">infección respiratoria</effect>
  ,
  <effect gate:gateId="1897" rule="Effect" Simplification="neumonía">neumonía</effect>
  . Alteraciones gastrointestinales Infrecuentes:
  <effect gate:gateId="1898" rule="Effect" Simplification="diarrea">diarrea</effect>
  ,
  <effect gate:gateId="1899" rule="Effect" Simplification="___">vómitos.</effect>
  Raras:
  <effect gate:gateId="1900" rule="Effect" Simplification="dolor abdominal">dolor abdominal</effect>
  , nauseas,
  <effect gate:gateId="1901" rule="Effect" Simplification="flatulencia">flatulencia</effect>
  ,
  <effect gate:gateId="1902" rule="Effect" Simplification="hemorragia en el colon">hematoquecia</effect>
  ,
  <effect gate:gateId="1903" rule="Effect" Simplification="ulceración de la boca">úlcera bucal</effect>
  . Alteraciones de la piel y del tejido subcutáneo MINISTERIO Frecuentes:
  <effect gate:gateId="1904" rule="Effect" Simplification="inflamación">erupción</effect>
  ,
  <effect gate:gateId="1905" rule="Effect" Simplification="inflamación">erupción</effect>
  de tipo
  <effect gate:gateId="1906" rule="Effect" Simplification="sarampión">sarampión</effect>
  /
  <effect gate:gateId="1907" rule="Effect" Simplification="rubéola">rubéola</effect>
  ,
  <effect gate:gateId="1908" rule="Effect" Simplification="inflamación">erupción</effect>
  de tipo varicelosa. Infrecuentes:
  <effect gate:gateId="1909" rule="Effect" Simplification="dermatitis de contacto">dermatitis de contacto</effect>
  ,
  <effect gate:gateId="1910" rule="Effect" Simplification="dermatitis del pañal">dermatitis del pañal</effect>
  ,
  <effect gate:gateId="1911" rule="Effect" Simplification="enrojecimiento">eritema</effect>
  ,
  <effect gate:gateId="1912" rule="Effect" Simplification="enfermedad en la piel">miliaria</effect>
  rubrum,
  <effect gate:gateId="1913" rule="Effect" Simplification="picazón">prurito</effect>
  ,
  <effect gate:gateId="1914" rule="Effect" Simplification="___">urticaria.</effect>
  Raras:
  <effect gate:gateId="1915" rule="Effect" Simplification="rubor">rubor</effect>
  ,
  <effect gate:gateId="1916" rule="Effect" Simplification="vesículas">vesículas</effect>
  ,
  <effect gate:gateId="1917" rule="Effect" Simplification="inflamación en la piel">dermatitis atópica</effect>
  , eccema,
  <effect gate:gateId="1918" rule="Effect" Simplification="acné">acné</effect>
  ,
  <effect gate:gateId="1919" rule="Effect" Simplification="llagas en el rostro">herpes simplex</effect>
  ,
  <effect gate:gateId="1920" rule="Effect" Simplification="inflamación">erupción</effect>
  semejante a
  <effect gate:gateId="1921" rule="Effect" Simplification="urticaria">urticaria</effect>
  ,
  <effect gate:gateId="1922" rule="Effect" Simplification="moretones">contusión</effect>
  ,
  <effect gate:gateId="1923" rule="Effect" Simplification="dermatitis">dermatitis</effect>
  ,
  <effect gate:gateId="1924" rule="Effect" Simplification="manchas rojas">erupción medicamentosa</effect>
  ,
  <effect gate:gateId="1925" rule="Effect" Simplification="enfermedad infecciosa en la piel">impétigo</effect>
  ,
  <effect gate:gateId="1926" rule="Effect" Simplification="infección">infección</effect>
  de la piel,
  <effect gate:gateId="1927" rule="Effect" Simplification="sarampión">sarampión</effect>
  , quemaduras solares. Alteraciones del tejido músculo-esquelético y del tejido conectivo Raras:
  <effect gate:gateId="1928" rule="Effect" Simplification="dolor">dolor</effect>
  músculo-esquelético,
  <effect gate:gateId="1929" rule="Effect" Simplification="dolor muscular">mialgia</effect>
  ,
  <effect gate:gateId="1930" rule="Effect" Simplification="dolor">dolor</effect>
  en la cadera, pierna o cuello,
  <effect gate:gateId="1931" rule="Effect" Simplification="rigidez">rigidez</effect>
  . Alteraciones generales y afecciones en el lugar de inyección Muy Frecuentes:
  <effect gate:gateId="1932" rule="Effect" Simplification="___">fiebre.</effect>
  Frecuentes:
  <effect gate:gateId="1933" rule="Effect" Simplification="enrojecimiento">eritema</effect>
  en el lugar de inyección,
  <effect gate:gateId="1934" rule="Effect" Simplification="inflamación">erupción</effect>
  ,
  <effect gate:gateId="1935" rule="Effect" Simplification="dolor">dolor</effect>
  /
  <effect gate:gateId="1936" rule="Effect" Simplification="dolor">dolor</effect>
  al tacto/molestias,
  <effect gate:gateId="1937" rule="Effect" Simplification="hinchazón">hinchazón</effect>
  , y
  <effect gate:gateId="1938" rule="Effect" Simplification="inflamación">erupción</effect>
  de tipo varicelosa. Infrecuentes:
  <effect gate:gateId="1939" rule="Effect" Simplification="fatiga">astenia</effect>
  /
  <effect gate:gateId="1940" rule="Effect" Simplification="fatiga ">fatiga</effect>
  ,
  <effect gate:gateId="1941" rule="Effect" Simplification="moretones ">equimosis</effect>
  en el lugar de inyección,
  <effect gate:gateId="1942" rule="Effect" Simplification="moretones ">hematoma</effect>
  ,
  <effect gate:gateId="1943" rule="Effect" Simplification="callosidad">induración</effect>
  ,
  <effect gate:gateId="1944" rule="Effect" Simplification="inflamación">erupción</effect>
  ,
  <effect gate:gateId="1945" rule="Effect" Simplification="malestar">malestar</effect>
  . Raras: eccema en el lugar de inyección, bultos,
  <effect gate:gateId="1946" rule="Effect" Simplification="calor">calor</effect>
  ,
  <effect gate:gateId="1947" rule="Effect" Simplification="inflamación">erupción</effect>
  semejante a
  <effect gate:gateId="1948" rule="Effect" Simplification="urticaria">urticaria</effect>
  , decoloración,
  <effect gate:gateId="1949" rule="Effect" Simplification="inflamación">inflamación</effect>
  ,
  <effect gate:gateId="1950" rule="Effect" Simplification="rigidez">rigidez</effect>
  , trauma, aspereza/
  <effect gate:gateId="1951" rule="Effect" Simplification="sequedad">sequedad</effect>
  ,
  <effect gate:gateId="1952" rule="Effect" Simplification="hinchazón">edema</effect>
  /
  <effect gate:gateId="1953" rule="Effect" Simplification="hinchazón">hinchazón</effect>
  ,
  <effect gate:gateId="1954" rule="Effect" Simplification="dolor">dolor</effect>
  /
  <effect gate:gateId="1955" rule="Effect" Simplification="dolor">dolor</effect>
  al tacto/molestias,
  <effect gate:gateId="1956" rule="Effect" Simplification="sensación de calor">sensación de calor</effect>
  ,
  <effect gate:gateId="1957" rule="Effect" Simplification="calor">calor</effect>
  al tacto,
  <effect gate:gateId="1958" rule="Effect" Simplification="sangrado ">hemorragia</effect>
  en el lugar de inyección, anormalidad en los labios. Se comunicaron las siguientes reacciones adversas graves asociadas temporalmente con la vacunación en individuos de edades comprendidas entre 12 meses y 12 años a los que se administró
  <effect gate:gateId="1959" rule="Effect" Simplification="vacuna">vacuna</effect>
  antivaricela de virus vivos (cepa Oka/Merck):
  <effect gate:gateId="1960" rule="Effect" Simplification="diarrea">diarrea</effect>
  ,
  <effect gate:gateId="1961" rule="Effect" Simplification="convulsiones por fiebre">convulsión febril</effect>
  ,
  <effect gate:gateId="1962" rule="Effect" Simplification="fiebre">fiebre</effect>
  ,
  <effect gate:gateId="1963" rule="Effect" Simplification="artritis">artritis</effect>
  post-infecciosa,
  <effect gate:gateId="1964" rule="Effect" Simplification="___">vómitos.</effect>
  Individuos sanos de edad igual o superior a 13 años (la mayoría recibió 2 dosis con un intervalo de 4-8 semanas) No se valoró la causalidad en individuos de edad igual o superior a 13 años, con la excepción de reacciones adversas graves. No obstante, a lo largo de los estudios clínicos (1648 sujetos), los siguientes acontecimientos se asociaron temporalmente con la vacunación: Alteraciones de la piel y del tejido subcutáneo Frecuentes:
  <effect gate:gateId="1965" rule="Effect" Simplification="inflamación">erupción</effect>
  de tipo varicelosa, generalizada Alteraciones generales y afecciones en el lugar de inyección Muy frecuentes:
  <effect gate:gateId="1966" rule="Effect" Simplification="fiebre">fiebre</effect>
  &gt; 37,7ºC oral,
  <effect gate:gateId="1967" rule="Effect" Simplification="enrojecimiento">eritema</effect>
  en lugar de inyección,
  <effect gate:gateId="1968" rule="Effect" Simplification="dolor">dolor</effect>
  e
  <effect gate:gateId="1969" rule="Effect" Simplification="hinchazón">hinchazón</effect>
  . Frecuentes:
  <effect gate:gateId="1970" rule="Effect" Simplification="inflamación">erupción</effect>
  en el lugar de inyección,
  <effect gate:gateId="1971" rule="Effect" Simplification="picazón">prurito</effect>
  y
  <effect gate:gateId="1972" rule="Effect" Simplification="inflamación">erupción</effect>
  de tipo varicelosa. Infrecuentes:
  <effect gate:gateId="1973" rule="Effect" Simplification="moretones ">equimosis</effect>
  en el lugar de inyección,
  <effect gate:gateId="1974" rule="Effect" Simplification="moretones ">hematoma</effect>
  ,
  <effect gate:gateId="1975" rule="Effect" Simplification="callosidad">induración</effect>
  ,
  <effect gate:gateId="1976" rule="Effect" Simplification="entumecimiento">entumecimiento</effect>
  y
  <effect gate:gateId="1977" rule="Effect" Simplification="calor">calor</effect>
  . Raras: pesadez, hiperpigmentación,
  <effect gate:gateId="1978" rule="Effect" Simplification="rigidez">rigidez</effect>
  . Ancianos La experiencia de los ensayos clínicos no ha identificado diferencias en el perfil de seguridad entre los ancianos (individuos de edad &gt; 65 años) y sujetos más jóvenes. Casos de
  <effect gate:gateId="1979" rule="Effect" Simplification="herpes">herpes</effect>
  zoster en estudios clínicos En ensayos clínicos, se comunicaron 12 casos de
  <effect gate:gateId="1980" rule="Effect" Simplification="herpes">herpes</effect>
  zoster en 9543 individuos vacunados de edades comprendidas entre 12 meses y 12 años durante el seguimiento de 84.414 personas-año. Esto dio como resultado el cálculo de una incidencia de al menos 14 casos por 100.000 personas-año en comparación con 77 casos por 100.000 personas-año después de una
  <effect gate:gateId="1981" rule="Effect" Simplification="infección">infección</effect>
  con el virus salvaje de la
  <effect gate:gateId="1982" rule="Effect" Simplification="varicela">varicela</effect>
  . En 1652 individuos vacunados de edad igual o superior a 13 años, se notificaron 2 casos de
  <effect gate:gateId="1983" rule="Effect" Simplification="herpes">herpes</effect>
  zoster. Los 14 casos fueron leves y no se comunicaron secuelas. En la actualidad se desconoce el efecto a largo plazo de la
  <effect gate:gateId="1984" rule="Effect" Simplification="vacuna">vacuna</effect>
  antivaricela de virus vivos (cepa Oka/Merck) en la incidencia del
  <effect gate:gateId="1985" rule="Effect" Simplification="herpes">herpes</effect>
  zoster, particularmente en aquellas personas vacunadas expuestas a la
  <effect gate:gateId="1986" rule="Effect" Simplification="varicela">varicela</effect>
  de tipo salvaje. Uso concomitante de la
  <effect gate:gateId="1987" rule="Effect" Simplification="vacuna">vacuna</effect>
  antivaricela de virus vivos (cepa Oka/Merck) con otras vacunas pediátricas Cuando la
  <effect gate:gateId="1988" rule="Effect" Simplification="vacuna">vacuna</effect>
  antivaricela de virus vivos (cepa Oka/Merck) se administró concomitantemente con la
  <effect gate:gateId="1989" rule="Effect" Simplification="vacuna">vacuna</effect>
  frente a
  <effect gate:gateId="1990" rule="Effect" Simplification="sarampión">sarampión</effect>
  ,
  <effect gate:gateId="1991" rule="Effect" Simplification="paperas">parotiditis</effect>
  y rubeola (Vacuna Triple Vírica) a individuos de edad comprendida entre los 12 y 23 meses, se notificó
  <effect gate:gateId="1992" rule="Effect" Simplification="fiebre">fiebre</effect>
  (&gt;38,9ºC, equivalente oral, Días 0 a 42 después de la vacunación) en 26-40%. Estudios clínicos post-comercialización En un estudio post-comercialización con la
  <effect gate:gateId="1993" rule="Effect" Simplification="vacuna">vacuna</effect>
  antivaricela de virus vivos (cepa Oka/Merck) llevado a cabo para evaluar la seguridad a corto plazo (seguimiento de 30 ó 60 días) en aproximadamente 86.000 niños, de 12 meses a 12 años de edad, y 3.600 individuos, de edad igual o superior a 13 años, no se comunicaron acontecimientos adversos graves relacionados con la
  <effect gate:gateId="1994" rule="Effect" Simplification="vacuna">vacuna</effect>
  . Seguimiento post-comercialización Después de la autorización de comercialización, se han comunicado otros efectos adversos muy raramente (&lt;1/100.000) en relación temporal con la vacunación. Infecciones e infestaciones Encefalitis*;
  <effect gate:gateId="1995" rule="Effect" Simplification="faringitis">faringitis</effect>
  ;
  <effect gate:gateId="1996" rule="Effect" Simplification="neumonía">neumonía</effect>
  *;
  <effect gate:gateId="1997" rule="Effect" Simplification="herpes">herpes</effect>
  zoster*. Alteraciones de la sangre y del sistema linfático Trombocitopenia. Alteraciones del Sistema Inmune Anafilaxia en individuos con o sin historia alérgica. Alteraciones del sistema
  <effect gate:gateId="1998" rule="Effect" Simplification="nervioso">nervioso</effect>
  Accidente cerebrovascular;
  <effect gate:gateId="1999" rule="Effect" Simplification="convulsiones por fiebre">convulsiones febriles</effect>
  y no febriles; síndrome de Guillain- Barré;
  <effect gate:gateId="2000" rule="Effect" Simplification="enfermedades de la médula espinal">mielitis transversa</effect>
  ;
  <effect gate:gateId="2001" rule="Effect" Simplification="parálisis">parálisis</effect>
  de Bell;
  <effect gate:gateId="2002" rule="Effect" Simplification="descoordinación muscular">ataxia</effect>
  *;
  <effect gate:gateId="2003" rule="Effect" Simplification="mareo y vértigo">vértigo</effect>
  /
  <effect gate:gateId="2004" rule="Effect" Simplification="mareo">mareo</effect>
  ;
  <effect gate:gateId="2005" rule="Effect" Simplification="cosquilleo">parestesias</effect>
  . Alteraciones respiratorias, torácicas y mediastínicas Faringitis;
  <effect gate:gateId="2006" rule="Effect" Simplification="inflamación pulmonar">neumonitis</effect>
  . Alteraciones de la piel y de los tejidos subcutáneos Síndrome de Stevens-Johnson;
  <effect gate:gateId="2007" rule="Effect" Simplification="múltiples manchas rojas">eritema multiforme</effect>
  ; púrpura de Schönlein-Henoch;
  <effect gate:gateId="2008" rule="Effect" Simplification="infecciones">infecciones</effect>
  bacterianas secundarias de piel y tejidos blandos, incluidos el
  <effect gate:gateId="2009" rule="Effect" Simplification="enfermedad infecciosa en la piel">impétigo</effect>
  y la
  <effect gate:gateId="2010" rule="Effect" Simplification="celulitis">celulitis</effect>
  . * Estas reacciones adversas, notificadas con la
  <effect gate:gateId="2011" rule="Effect" Simplification="vacuna">vacuna</effect>
  antivaricela de virus vivos (cepa Oka/Merck), son también una consecuencia de la
  <effect gate:gateId="2012" rule="Effect" Simplification="infección">infección</effect>
  por el virus salvaje de la
  <effect gate:gateId="2013" rule="Effect" Simplification="varicela">varicela</effect>
  . No existe indicio de un riesgo incrementado de estas reacciones adversas después de la vacunación en comparación con la
  <effect gate:gateId="2014" rule="Effect" Simplification="enfermedad">enfermedad</effect>
  de tipo natural, en estudios de seguimiento post-comercialización o informes de seguimiento post-comercialización (véase sección 5.1 y Estudios clínicos post-comercialización). Las erupciones después de la vacunación en las cuales se aisló la cepa Oka/Merck, fueron generalmente leves (véase sección 5.1). Transmisión El virus de la
  <effect gate:gateId="2015" rule="Effect" Simplification="vacuna">vacuna</effect>
  podría transmitirse raramente a contactos de vacunados que desarrollaron una
  <effect gate:gateId="2016" rule="Effect" Simplification="inflamación">erupción</effect>
  de tipo varicelosa (véase sección 4.4). En particular, esta clase de transmisión se documentó en 3 ocasiones hasta Mayo de 2003 desde que el producto se comercializó por primera vez (1995). Durante este tiempo, se han distribuido más de 40 millones de dosis. Se ha descrito la transmisión del virus de la
  <effect gate:gateId="2017" rule="Effect" Simplification="vacuna">vacuna</effect>
  a partir de vacunados sin una
  <effect gate:gateId="2018" rule="Effect" Simplification="inflamación">erupción</effect>
  de tipo varicelosa, pero no se ha confirmado.
</paragraph>
