<?xml version="1.0" encoding="UTF-8"?>
<paragraph xmlns:gate="http://www.gate.ac.uk" gate:gateId="0" gate:annotMaxId="1525">
  El perfil de seguridad de
  <drug gate:gateId="1424" rule="Drug">voriconazol</drug>
  se basa en una base de datos de seguridad integrada por más de 2000 sujetos (1655 pacientes en ensayos clínicos terapéuticos). Esto representa una población heterogénea, incluyendo pacientes con neoplasias hematológicas, pacientes infectados por el VIH con
  <effect gate:gateId="1425" rule="Effect" Simplification="infección en la garganta">candidiasis esofágica</effect>
  e
  <effect gate:gateId="1426" rule="Effect" Simplification="infecciones">infecciones</effect>
  fúngicas refractarias, pacientes no neutropénicos con
  <effect gate:gateId="1427" rule="Effect" Simplification="infección en la piel">candidemia</effect>
  o
  <effect gate:gateId="1428" rule="Effect" Simplification="infección por hongos">aspergilosis</effect>
  y voluntarios sanos. La duración del tratamiento con
  <drug gate:gateId="1429" rule="Drug">voriconazol</drug>
  fue superior a 12 semanas en 561 pacientes y superior a 6 meses en 136 pacientes. Dado que la mayoría de los estudios fueron abiertos, en la tabla siguiente, se enumeran todas las reacciones adversas, con una relación causal con el tratamiento, según el Sistema MedDRA de Clasificación de Órganos y Frecuencias. Las frecuencias se definen como: muy frecuentes (1/10), frecuentes (1/100, &lt;1/10), poco frecuentes (1/1.000, &lt;1/100), raras (1/10.000, &lt;1/1.000) y muy raras (&lt;1/10.000). Las reacciones adversas se presentan en orden decreciente de gravedad dentro de cada intervalo de frecuencia. Las reacciones adversas notificadas con mayor frecuencia fueron alteraciones de la visión,
  <effect gate:gateId="1430" rule="Effect" Simplification="fiebre">pirexia</effect>
  ,
  <effect gate:gateId="1431" rule="Effect" Simplification="inflamación">erupción cutánea</effect>
  ,
  <effect gate:gateId="1432" rule="Effect" Simplification="vómitos">vómitos</effect>
  ,
  <effect gate:gateId="1433" rule="Effect" Simplification="náuseas">náuseas</effect>
  ,
  <effect gate:gateId="1434" rule="Effect" Simplification="diarrea">diarrea</effect>
  ,
  <effect gate:gateId="1435" rule="Effect" Simplification="dolor de cabeza">cefalea</effect>
  ,
  <effect gate:gateId="1436" rule="Effect" Simplification="hinchazón en la pierna">edema periférico</effect>
  y
  <effect gate:gateId="1437" rule="Effect" Simplification="dolor abdominal">dolor abdominal</effect>
  . La gravedad de las reacciones adversas fue generalmente de leve a moderada. No se observaron diferencias clínicamente significativas al analizar los datos de seguridad por edad, raza o sexo. Reacciones adversas notificadas en sujetos tratados con
  <drug gate:gateId="1438" rule="Drug">voriconazol</drug>
  Sistema / Órgano Reacciones adversas Exploraciones complementarias Frecuentes Pruebas de función hepática elevadas (incluyendo ASAT, ALAT, Poco frecuentes Prolongación del intervalo QT corregido en electrocardiograma, niveles Trastornos cardiacos Muy frecuentes Edema periférico Poco frecuentes Fibrilación ventricular,
  <effect gate:gateId="1439" rule="Effect" Simplification="alteración del ritmo cardiaco">arritmia ventricular</effect>
  ,
  <effect gate:gateId="1440" rule="Effect" Simplification="desmayo">síncope</effect>
  ,
  <effect gate:gateId="1441" rule="Effect" Simplification="arritmia">arritmia</effect>
  Raras Torsades de pointes,
  <effect gate:gateId="1442" rule="Effect" Simplification="alteración del ritmo cardiaco">taquicardia ventricular</effect>
  , bloqueo AV completo, Trastornos de la sangre y del sistema linfático Frecuentes Pancitopenia,
  <effect gate:gateId="1443" rule="Effect" Simplification="insuficiencia de médula ósea">depresión de la médula ósea</effect>
  ,
  <effect gate:gateId="1444" rule="Effect" Simplification="disminución de leucocitos en la sangre">leucopenia</effect>
  ,
  <effect gate:gateId="1445" rule="Effect" Simplification="problemas de coagulación">trombocitopenia</effect>
  , Poco frecuentes Coagulación intravascular diseminada,
  <effect gate:gateId="1446" rule="Effect" Simplification="poca producción de defensas en la sangre">agranulocitosis</effect>
  ,
  <effect gate:gateId="1447" rule="Effect" Simplification="trastorno en los ganglios">linfadenopatía</effect>
  , Trastornos del sistema
  <effect gate:gateId="1448" rule="Effect" Simplification="nervioso">nervioso</effect>
  Muy frecuentes Cefalea Frecuentes Mareos,
  <effect gate:gateId="1449" rule="Effect" Simplification="confusión">estado confusional</effect>
  ,
  <effect gate:gateId="1450" rule="Effect" Simplification="temblor">temblores</effect>
  ,
  <effect gate:gateId="1451" rule="Effect" Simplification="agitación">agitación</effect>
  ,
  <effect gate:gateId="1452" rule="Effect" Simplification="cosquilleo">parestesia</effect>
  Poco frecuentes Edema cerebral,
  <effect gate:gateId="1453" rule="Effect" Simplification="descoordinación muscular">ataxia</effect>
  , diplopia,
  <effect gate:gateId="1454" rule="Effect" Simplification="mareo y vértigo">vértigo</effect>
  ,
  <effect gate:gateId="1455" rule="Effect" Simplification="entumecimiento">hipoestesia</effect>
  Raras Convulsión,
  <effect gate:gateId="1456" rule="Effect" Simplification="enfermedad en el cerebro">encefalopatía</effect>
  , síndrome de Guillain-Barré, síntomas Trastornos oculares Muy frecuentes Alteración de la visión (incluida
  <effect gate:gateId="1457" rule="Effect" Simplification="visión borrosa">visión borrosa</effect>
  (ver sección 4.4), Poco frecuentes Papiledema (ver sección 4.4),
  <effect gate:gateId="1458" rule="Effect" Simplification="trastorno del nervio óptico">trastorno del nervio óptico</effect>
  (incluida Raras Hemorragia de la retina,
  <effect gate:gateId="1459" rule="Effect" Simplification="poco desarrollo visual">atrofia óptica</effect>
  ,
  <effect gate:gateId="1460" rule="Effect" Simplification="problemas en los ojos">movimiento oculógiro</effect>
  , opacidad Trastornos del oído y del laberinto Raras Hipoacusia, tinnitus Trastornos respiratorios, torácicos y mediastínicos Frecuentes Síndrome de distrés respiratorio agudo,
  <effect gate:gateId="1461" rule="Effect" Simplification="hinchazón en los pulmones">edema pulmonar</effect>
  , dificultad Trastornos gastrointestinales Muy frecuentes Dolor abdominal,
  <effect gate:gateId="1462" rule="Effect" Simplification="náuseas">náuseas</effect>
  ,
  <effect gate:gateId="1463" rule="Effect" Simplification="vómitos">vómitos</effect>
  ,
  <effect gate:gateId="1464" rule="Effect" Simplification="diarrea">diarrea</effect>
  Poco frecuentes Pancreatitis,
  <effect gate:gateId="1465" rule="Effect" Simplification="apendicitis aguda">peritonitis</effect>
  ,
  <effect gate:gateId="1466" rule="Effect" Simplification="inflamación en los intestinos">duodenitis</effect>
  ,
  <effect gate:gateId="1467" rule="Effect" Simplification="inflamacion de encias">gingivitis</effect>
  ,
  <effect gate:gateId="1468" rule="Effect" Simplification="inflamación de la lengua">glositis</effect>
  ,
  <effect gate:gateId="1469" rule="Effect" Simplification="lengua hinchada">lengua hinchada</effect>
  , Raras Disgeusia Trastornos renales y urinarios Frecuentes Fallo renal agudo,
  <effect gate:gateId="1470" rule="Effect" Simplification="orina y micción">hematuria</effect>
  Poco frecuentes Nefritis,
  <effect gate:gateId="1471" rule="Effect" Simplification="exceso de proteína en la orina">proteinuria</effect>
  13 Sistema / Órgano Reacciones adversas Raras Necrosis tubular renal Trastornos de la piel y del tejido subcutáneo Muy frecuentes Erupción/
  <effect gate:gateId="1472" rule="Effect" Simplification="alteración de la piel">rash</effect>
  Frecuentes Dermatitis exfoliativa,
  <effect gate:gateId="1473" rule="Effect" Simplification="hinchazón">edema</effect>
  facial, reacción de fotosensibilización, Poco frecuentes Síndrome de Stevens-Johnson,
  <effect gate:gateId="1474" rule="Effect" Simplification="hinchazón en la piel">edema angioneurótico</effect>
  ,
  <effect gate:gateId="1475" rule="Effect" Simplification="dermatitis alérgica">dermatitis alérgica</effect>
  , Raras Necrolisis epidérmica tóxica,
  <effect gate:gateId="1476" rule="Effect" Simplification="múltiples manchas rojas">eritema multiforme</effect>
  ,
  <effect gate:gateId="1477" rule="Effect" Simplification="daño en los tejidos">lupus eritematoso</effect>
  Trastornos musculoesqueléticos y del tejido conjuntivo Frecuentes Dolor de espalda Poco frecuentes Artritis Raras Hipertonía muscular Trastornos endocrinos Poco frecuentes Raras Trastornos del metabolismo y de la nutrición Frecuentes Hipoglucemia,
  <effect gate:gateId="1478" rule="Effect" Simplification="trastorno del metabolismo">hipopotasemia</effect>
  Infecciones e infestaciones Frecuentes Gastroenteritis,
  <effect gate:gateId="1479" rule="Effect" Simplification="enfermedad de tipo gripal">enfermedad de tipo gripal</effect>
  Raras Colitis pseudomembranosa Trastornos vasculares Frecuentes Hipotensión,
  <effect gate:gateId="1480" rule="Effect" Simplification="inflamación de venas">tromboflebitis</effect>
  ,
  <effect gate:gateId="1481" rule="Effect" Simplification="inflamación de una vena">flebitis</effect>
  Raras Linfangitis Trastornos generales y alteraciones en el lugar de administración Muy Frecuentes Pirexia Frecuentes Reacción local o
  <effect gate:gateId="1482" rule="Effect" Simplification="inflamación">inflamación</effect>
  en el lugar de inyección,
  <effect gate:gateId="1483" rule="Effect" Simplification="escalofríos">escalofríos</effect>
  ,
  <effect gate:gateId="1484" rule="Effect" Simplification="fatiga">astenia</effect>
  Trastornos del sistema inmunológico Frecuentes Sinusitis Poco frecuentes Reacción anafilactoide,
  <effect gate:gateId="1485" rule="Effect" Simplification="alergia">hipersensibilidad</effect>
  Trastornos hepatobiliares Frecuentes Ictericia,
  <effect gate:gateId="1486" rule="Effect" Simplification="problemas en los conductos biliares">ictericia colestática</effect>
  Poco frecuentes Insuficiencia hepática,
  <effect gate:gateId="1487" rule="Effect" Simplification="hepatitis">hepatitis</effect>
  ,
  <effect gate:gateId="1488" rule="Effect" Simplification="aumento del tamaño del hígado">hepatomegalia</effect>
  ,
  <effect gate:gateId="1489" rule="Effect" Simplification="enfermedad de la vesícula biliar">colecistitis</effect>
  ,
  <effect gate:gateId="1490" rule="Effect" Simplification="anomalía en el flujo de la bilis">colelitiasis</effect>
  Raras Coma hepático Trastornos psiquiátricos Frecuentes Depresión,
  <effect gate:gateId="1491" rule="Effect" Simplification="ansiedad">ansiedad</effect>
  ,
  <effect gate:gateId="1492" rule="Effect" Simplification="alucinaciones">alucinaciones</effect>
  Raras Insomnio Alteraciones visuales En los ensayos clínicos fueron muy frecuentes las
  <effect gate:gateId="1493" rule="Effect" Simplification="alteraciones visuales">alteraciones visuales</effect>
  relacionadas con el tratamiento con
  <drug gate:gateId="1494" rule="Drug">voriconazol</drug>
  . En estos ensayos, tanto con tratamiento a corto plazo como con tratamiento a largo plazo, aproximadamente el 30% de los sujetos sufrieron una alteración/intensificación de la percepción visual,
  <effect gate:gateId="1495" rule="Effect" Simplification="visión borrosa">visión borrosa</effect>
  ,
  <effect gate:gateId="1496" rule="Effect" Simplification="cambio en la visión">cambio en la visión</effect>
  de los colores o
  <effect gate:gateId="1497" rule="Effect" Simplification="intolerancia a la luz">fotofobia</effect>
  . Estos
  <effect gate:gateId="1498" rule="Effect" Simplification="trastornos visuales">trastornos visuales</effect>
  fueron transitorios y completamente reversibles, resolviéndose la mayoría espontáneamente en 60 minutos y 14 no se han observado efectos visuales clínicamente significativos a largo plazo. Hubo evidencias de atenuación con la administración repetida de
  <drug gate:gateId="1499" rule="Drug">voriconazol</drug>
  . Los
  <effect gate:gateId="1500" rule="Effect" Simplification="trastornos visuales">trastornos visuales</effect>
  fueron generalmente leves, raramente obligaron al abandono del tratamiento y no se asociaron con secuelas a largo plazo. Los
  <effect gate:gateId="1501" rule="Effect" Simplification="trastornos visuales">trastornos visuales</effect>
  pueden asociarse a mayores concentraciones plasmáticas y/o dosis. Se desconoce el mecanismo de acción, aunque lo más probable es que sea a nivel de la retina. En un ensayo con voluntarios sanos en el que se estudiaba el efecto de
  <drug gate:gateId="1502" rule="Drug">voriconazol</drug>
  sobre la función retiniana,
  <drug gate:gateId="1503" rule="Drug">voriconazol</drug>
  originó un descenso de la amplitud de la onda del electrorretinograma (ERG). El ERG mide las corrientes eléctricas en la retina. Las variaciones en el ERG no progresaron durante los 29 días de tratamiento, siendo totalmente reversibles tras la retirada de
  <drug gate:gateId="1504" rule="Drug">voriconazol</drug>
  . Reacciones dermatológicas Las reacciones dermatológicas fueron frecuentes en pacientes tratados con
  <drug gate:gateId="1505" rule="Drug">voriconazol</drug>
  en ensayos clínicos, si bien estos pacientes padecían enfermedades subyacentes graves y recibían múltiples medicaciones concomitantes. La mayoría de las
  <effect gate:gateId="1506" rule="Effect" Simplification="inflamación">erupciones cutáneas</effect>
  fueron de intensidad de leve a moderada. Algunos pacientes han presentado ocasionalmente reacciones cutáneas graves durante el tratamiento con VFEND, incluyendo síndrome de Stevens-Johnson, necrolisis tóxica epidérmica y
  <effect gate:gateId="1507" rule="Effect" Simplification="múltiples manchas rojas">eritema multiforme</effect>
  . Si un paciente desarrolla una
  <effect gate:gateId="1508" rule="Effect" Simplification="inflamación">erupción cutánea</effect>
  , debe ser monitorizado cuidadosamente y suspenderse el tratamiento con VFEND si las lesiones progresan. Se han registrado reacciones de
  <effect gate:gateId="1509" rule="Effect" Simplification="intolerancia a la luz">fotosensibilidad</effect>
  , especialmente durante tratamientos prolongados (ver también sección 4.4). Pruebas de función hepática En el programa clínico de
  <drug gate:gateId="1510" rule="Drug">voriconazol</drug>
  , la incidencia global de alteraciones clínicamente significativas de transaminasas fue del 13,4% (200/1493) en los sujetos tratados con
  <drug gate:gateId="1511" rule="Drug">voriconazol</drug>
  . Las alteraciones de las pruebas de función hepática pueden estar asociadas a mayores concentraciones plasmáticas y/o dosis. En la mayoría de los casos se resolvieron durante el tratamiento con o sin ajuste de dosis, habiendo sido necesaria en algunos casos la suspensión del tratamiento. En pacientes con otros trastornos subyacentes graves se ha asociado
  <drug gate:gateId="1512" rule="Drug">voriconazol</drug>
  a casos poco frecuentes de toxicidad hepática grave, incluyendoictericia y casos ocasionales de
  <effect gate:gateId="1513" rule="Effect" Simplification="hepatitis">hepatitis</effect>
  y
  <effect gate:gateId="1514" rule="Effect" Simplification="insuficiencia hepática">fallo hepático</effect>
  letales (ver sección 4.4). Uso pediátrico Se ha investigado la seguridad de
  <drug gate:gateId="1515" rule="Drug">voriconazol</drug>
  en 245 pacientes pediátricos de 2 a &lt;12 años de edad tratados con
  <drug gate:gateId="1516" rule="Drug">voriconazol</drug>
  en ensayos farmacocinéticos (87 pacientes pediátricos) y en el marco de uso compasivo (158 pacientes pediátricos). El perfil de reacciones adversas en estos 245 pacientes pediátricos fue similar al de los adultos. En 22 pacientes de menos de 2 años de edad que recibieron
  <drug gate:gateId="1517" rule="Drug">voriconazol</drug>
  bajo uso compasivo, se notificaron las siguientes reacciones adversas (para las que no se excluye una posible relación con
  <drug gate:gateId="1518" rule="Drug">voriconazol</drug>
  ):
  <effect gate:gateId="1519" rule="Effect" Simplification="intolerancia a la luz">reacción de fotosensibilidad</effect>
  (1),
  <effect gate:gateId="1520" rule="Effect" Simplification="arritmia">arritmia</effect>
  (1),
  <effect gate:gateId="1521" rule="Effect" Simplification="pancreatitis">pancreatitis</effect>
  (1), niveles aumentados de bilirrubina en sangre (1), elevación de enzimas hepáticas (1),
  <effect gate:gateId="1522" rule="Effect" Simplification="alteración de la piel">rash</effect>
  (1) y
  <effect gate:gateId="1523" rule="Effect" Simplification="hinchazón en el ojo">papiledema</effect>
  (1). Durante la experiencia post-comercialización se han notificado casos de
  <effect gate:gateId="1524" rule="Effect" Simplification="pancreatitis">pancreatitis</effect>
  en pacientespediátricos.
</paragraph>
