<?xml version="1.0" encoding="UTF-8"?>
<paragraph xmlns:gate="http://www.gate.ac.uk" gate:gateId="0" gate:annotMaxId="577">
  El perfil de seguridad de Viagra se basa en 8691 pacientes que recibieron el régimen posológico adecuado en 67 ensayos clínicos controlados con placebo. Las reacciones adversas más frecuentemente notificadas en los ensayos clínicos entre los pacientes tratados con sildenafilo fueron
  <effect gate:gateId="556" rule="Effect" Simplification="dolor de cabeza">dolor de cabeza</effect>
  ,
  <effect gate:gateId="557" rule="Effect" Simplification="enrojecimiento de la piel">rubefacción</effect>
  ,
  <effect gate:gateId="558" rule="Effect" Simplification="enfermedades del estómago ">dispepsia</effect>
  ,
  <effect gate:gateId="559" rule="Effect" Simplification="alteraciones visuales">alteraciones visuales</effect>
  ,
  <effect gate:gateId="560" rule="Effect" Simplification="congestión nasal">congestión nasal</effect>
  ,
  <effect gate:gateId="561" rule="Effect" Simplification="mareo">mareos</effect>
  , y distorsión visual de los colores Las reacciones adversas notificadas durante la experiencia post-comercialización se han recogido cubriendo un período estimado superior a 9 años. Dado que no todas las reacciones adversas se han notificado al titular de la autorización de comercialización e incluido en la base de datos de seguridad, las frecuencias de estas reacciones adversas no pueden determinarse de modo fiable. En la tabla de abajo aparecen todas las reacciones adversas clíncamente importantes, que ocurrieron en los ensayos clínicos con una incidencia superior al placebo, listadas según la clasificación por órganos y sistemas (muy frecuentes 1/10), frecuentes ( 1/100 y &lt; 1/10), poco frecuentes ( 1/1.000 y &lt; 1/100), raras ( 1/10.000 y &lt; 1/1.000), muy raras (&lt; 1/10.000). Además, la frecuencia de las reacciones adversas clínicamente importantes notificadas a partir de la experiencia post-comercialización, se incluye como frecuencia no conocida. Las reacciones adversas se enumeran en orden decreciente de gravedad dentro de cada intervalo de frecuencia. Tabla 1: Reacciones adversas clínicamente importantes notificadas con una incidencia superior a placebo en ensayos clínicos controlados y reacciones adversas clínicamente importantes notificadas a partir de la experiencia post-comercialización. Clasificación por órganos y sistemas Reacciones adversas Trastornos del sistema inmunológico Raros Reacciones de
  <effect gate:gateId="562" rule="Effect" Simplification="alergia">hipersensibilidad</effect>
  Trastornos del sistema
  <effect gate:gateId="563" rule="Effect" Simplification="nervioso">nervioso</effect>
  : Muy frecuentes Cefalea Frecuentes Mareo Poco frecuentes Somnolencia,
  <effect gate:gateId="564" rule="Effect" Simplification="entumecimiento">hipoestesia</effect>
  Raros Accidente cerebrovascular,
  <effect gate:gateId="565" rule="Effect" Simplification="desmayo">síncope</effect>
  Muy raros Ataque isquémico transitorio,
  <effect gate:gateId="566" rule="Effect" Simplification="ataque">convulsiones</effect>
  ,
  <effect gate:gateId="567" rule="Effect" Simplification="ataque">convulsiones</effect>
  Trastornos oculares: Frecuentes Trastornos visuales, distorsión visual de los colores Poco frecuentes Trastornos conjuntivales, trastornos del ojo, trastornos de la No conocidos Neuropatía óptica isquémica anterior no arterítica (NOIA- Trastornos del oido y del laberinto: Poco frecuentes Vértigo, Acúfenos Raros: Sordera* Trastornos vasculares Frecuentes Rubefacción Raros Hipotensión,
  <effect gate:gateId="568" rule="Effect" Simplification="presión arterial alta">hipertensión</effect>
  Trastornos cardiacos Poco frecuentes Palpitaciones,
  <effect gate:gateId="569" rule="Effect" Simplification="alteración del ritmo cardíaco">taquicardia</effect>
  Raros Infarto de miocardio,
  <effect gate:gateId="570" rule="Effect" Simplification="alteración en el ritmo cardiaco">fibrilación auricular</effect>
  . No conocidos Arritmia ventricular,
  <effect gate:gateId="571" rule="Effect" Simplification="poco oxígeno en el corazón">angina inestable</effect>
  ,
  <effect gate:gateId="572" rule="Effect" Simplification="muerte">muerte</effect>
  cardíaca Trastornos respiratorios, torácicos y mediastínicos. Frecuentes Congestión nasal Raros Trastornos gastrointestinales Frecuentes Dispepsia Poco frecuentes Vómitos, naúsea,
  <effect gate:gateId="573" rule="Effect" Simplification="boca seca">boca seca</effect>
  Trastornos de la piel y del tejido subcutáneo Poco frecuentes Erupciones cutáneas Trastornos musculoesqueléticos y del tejido conectivo Poco frecuentes Mialgia Trastornos del aparato reproductor y de la mama Poco frecuentes Erección prolongada,
  <effect gate:gateId="574" rule="Effect" Simplification="dolor en el pene">priapismo</effect>
  Trastornos generales y alteraciones en el lugar de administración Poco frecuentes Dolor torácico,
  <effect gate:gateId="575" rule="Effect" Simplification="fatiga ">fatiga</effect>
  Investigaciones Poco frecuentes Frecuencia cardíaca aumentada * Trastornos del oído y del laberinto:
  <effect gate:gateId="576" rule="Effect" Simplification="sordera súbita">sordera súbita</effect>
  . Durante los ensayos clínicos y la experiencia post-comercialización se han notificado un número reducido de casos de disminución o pérdida súbita de la audición en pacientes tratados con inhibidores de la PDE5, entre ellos sildenafilo.
</paragraph>
