<?xml version="1.0" encoding="UTF-8"?>
<paragraph xmlns:gate="http://www.gate.ac.uk" gate:gateId="0" gate:annotMaxId="1404">
  En 9 ensayos clínicos con un número grande de pacientes de hasta 2 años de duración, más de 2.700 pacientes han recibido tratamiento con 100 mg de Xelevia al día, solo o en combinación con
  <drug gate:gateId="1327" rule="Drug">metformina</drug>
  , una sulfonilurea (con o sin
  <drug gate:gateId="1328" rule="Drug">metformina</drug>
  ) o un agonista PPAR. En estos ensayos, la tasa de abandonos por reacciones adversas que se consideraron relacionadas con el fármaco fue del 0,8% con 100 mg al día y del 1,5% con los otros tratamientos. En los pacientes tratados con
  <drug gate:gateId="1329" rule="Drug">sitagliptina</drug>
  las reacciones adversas que se consideraron relacionadas con el fármaco no se notificaron con una frecuencia mayor (&gt; 0,2% y una diferencia &gt; 1 paciente) a la de los pacientes tratados con control. Las reacciones adversas consideradas como relacionadas con el fármaco, notificadas en pacientes tratados con
  <drug gate:gateId="1330" rule="Drug">sitagliptina</drug>
  con una frecuencia mayor (&gt; 0,2% y una diferencia &gt; 1 paciente) a la de los pacientes tratados con placebo, se indican a continuación (Tabla 1) clasificados por sistemas y frecuencia. Las frecuencias se definen como: muy frecuentes ( 1/10); frecuentes ( 1/100, &lt; 1/10); poco frecuentes ( 1/1.000, &lt; 1/100); raras ( 1/10.000, &lt; 1/1.000); y muy raras (&lt; 1/10.000). Tabla 1. Frecuencia de reacciones adversas identificadas en ensayos clínicos controlados con placebo Reacción adversa Frecuencia de reacciones adversas por régimen de tratamiento Trastornos del metabolismo y de la nutrición
  <effect gate:gateId="1331" rule="Effect" Simplification="poca azúcar en la sangre">hipoglucemia</effect>
  * Muy frecuente Muy frecuente Frecuente Trastornos del sistema
  <effect gate:gateId="1332" rule="Effect" Simplification="nervioso">nervioso</effect>
  <effect gate:gateId="1333" rule="Effect" Simplification="somnolencia">somnolencia</effect>
  Poco frecuente Trastornos gastrointestinales
  <effect gate:gateId="1334" rule="Effect" Simplification="diarrea">diarrea</effect>
  Poco frecuente
  <effect gate:gateId="1335" rule="Effect" Simplification="náuseas">náuseas</effect>
  Frecuente
  <effect gate:gateId="1336" rule="Effect" Simplification="flatulencia">flatulencia</effect>
  Frecuente
  <effect gate:gateId="1337" rule="Effect" Simplification="estreñimiento">estreñimiento</effect>
  Frecuente
  <effect gate:gateId="1338" rule="Effect" Simplification="dolor abdominal">dolor abdominal</effect>
  Poco frecuente superior Trastornos generales
  <effect gate:gateId="1339" rule="Effect" Simplification="hinchazón en la pierna">edema periférico</effect>
  Frecuente 5 Reacción adversa Frecuencia de reacciones adversas por régimen de tratamiento Exploraciones complementarias descenso de la Poco frecuente glucosa en sangre * En ensayos clínicos controlados de Xelevia, en monoterapia y
  <drug gate:gateId="1340" rule="Drug">sitagliptina</drug>
  como parte de tratamiento de combinación con
  <drug gate:gateId="1341" rule="Drug">metformina</drug>
  o
  <drug gate:gateId="1342" rule="Drug">pioglitazona</drug>
  , los índices de
  <effect gate:gateId="1343" rule="Effect" Simplification="poca azúcar en la sangre">hipoglucemia</effect>
  comunicados con
  <drug gate:gateId="1344" rule="Drug">sitagliptina</drug>
  fueron similares a los índices de los pacientes que tomaban placebo. 1 En este ensayo controlado con placebo de 24 semanas de 100 mg de
  <drug gate:gateId="1345" rule="Drug">sitagliptina</drug>
  una vez al día en combinación con
  <drug gate:gateId="1346" rule="Drug">metformina</drug>
  , la incidencia de reacciones adversas que se consideraron relacionadas con el fármaco en los pacientes tratados con
  <drug gate:gateId="1347" rule="Drug">sitagliptina</drug>
  /
  <drug gate:gateId="1348" rule="Drug">metformina</drug>
  , en comparación con el tratamiento con placebo/
  <drug gate:gateId="1349" rule="Drug">metformina</drug>
  , fue del 9,3% y el 10,1%, respectivamente. En un ensayo adicional de un año de 100 mg de
  <drug gate:gateId="1350" rule="Drug">sitagliptina</drug>
  una vez al día en combinación con
  <drug gate:gateId="1351" rule="Drug">metformina</drug>
  , la incidencia de reacciones adversas que se consideraron relacionadas con el fármaco en los pacientes tratados con
  <drug gate:gateId="1352" rule="Drug">sitagliptina</drug>
  /
  <drug gate:gateId="1353" rule="Drug">metformina</drug>
  , en comparación con el tratamiento con sulfonilurea/
  <drug gate:gateId="1354" rule="Drug">metformina</drug>
  , fue del 14,5% y el 30,3%, respectivamente. En ensayos combinados de hasta un año de duración que compararon
  <drug gate:gateId="1355" rule="Drug">sitagliptina</drug>
  /
  <drug gate:gateId="1356" rule="Drug">metformina</drug>
  frente a una sulfonilurea/
  <drug gate:gateId="1357" rule="Drug">metformina</drug>
  , las reacciones adversas que se consideraron relacionadas con el fármaco notificadas en pacientes tratados con 100 mg de
  <drug gate:gateId="1358" rule="Drug">sitagliptina</drug>
  con una frecuencia mayor (&gt; 0,2% y una diferencia &gt; 1 paciente) a la de los pacientes tratados con sulfonilurea fueron las siguientes:
  <effect gate:gateId="1359" rule="Effect" Simplification="trastornos de la alimentación ">anorexia</effect>
  (Trastornos del metabolismo y de la nutrición; poco frecuente) y disminución del peso (Exploraciones complementarias; poco frecuente). 2 En este ensayo de 24 semanas de 100 mg de
  <drug gate:gateId="1360" rule="Drug">sitagliptina</drug>
  una vez al día en combinación con
  <drug gate:gateId="1361" rule="Drug">glimepirida</drug>
  , la incidencia de reacciones adversas que se consideraron relacionadas con el fármaco en los pacientes tratados con
  <drug gate:gateId="1362" rule="Drug">sitagliptina</drug>
  /
  <drug gate:gateId="1363" rule="Drug">glimepirida</drug>
  , en comparación con los tratados con placebo/
  <drug gate:gateId="1364" rule="Drug">glimepirida</drug>
  , fue del 11,3% y del 6,6%, respectivamente. 3 En este ensayo de 24 semanas de 100 mg de
  <drug gate:gateId="1365" rule="Drug">sitagliptina</drug>
  una vez al día en combinación con
  <drug gate:gateId="1366" rule="Drug">glimepirida</drug>
  y
  <drug gate:gateId="1367" rule="Drug">metformina</drug>
  , la incidencia de reacciones adversas que se consideraron relacionadas con el fármaco en los pacientes tratados con
  <drug gate:gateId="1368" rule="Drug">sitagliptina</drug>
  en combinación con
  <drug gate:gateId="1369" rule="Drug">glimepirida</drug>
  /
  <drug gate:gateId="1370" rule="Drug">metformina</drug>
  , en comparación con los tratados con placebo en combinación con
  <drug gate:gateId="1371" rule="Drug">glimepirida</drug>
  /
  <drug gate:gateId="1372" rule="Drug">metformina</drug>
  , fue del 18,1% y del 7,1%, respectivamente. 4 En este ensayo de 24 semanas de la combinación de 100 mg de
  <drug gate:gateId="1373" rule="Drug">sitagliptina</drug>
  una vez al día y
  <drug gate:gateId="1374" rule="Drug">pioglitazona</drug>
  , la incidencia de reacciones adversas que se consideraron relacionadas con el fármaco en pacientes tratados con
  <drug gate:gateId="1375" rule="Drug">sitagliptina</drug>
  /
  <drug gate:gateId="1376" rule="Drug">pioglitazona</drug>
  , en comparación con los pacientes tratados con placebo/
  <drug gate:gateId="1377" rule="Drug">pioglitazona</drug>
  , fue del 9,1% y el 9,0%, respectivamente. Además, en los ensayos en monoterapia de hasta 24 semanas de duración con 100 mg de
  <drug gate:gateId="1378" rule="Drug">sitagliptina</drug>
  una vez al día solo comparado con placebo, las reacciones adversas que se consideraron relacionadas con el fármaco notificadas en los pacientes tratados con
  <drug gate:gateId="1379" rule="Drug">sitagliptina</drug>
  con una frecuencia mayor (&gt; 0,2% y una diferencia &gt; 1 paciente) a la de los pacientes tratados con placebo fueron:
  <effect gate:gateId="1380" rule="Effect" Simplification="dolor de cabeza">cefalea</effect>
  ,
  <effect gate:gateId="1381" rule="Effect" Simplification="poca azúcar en la sangre">hipoglucemia</effect>
  ,
  <effect gate:gateId="1382" rule="Effect" Simplification="estreñimiento">estreñimiento</effect>
  y
  <effect gate:gateId="1383" rule="Effect" Simplification="mareo">mareo</effect>
  . Además de los efectos adversos relacionados con el fármaco descritos anteriormente, otros acontecimientos adversos adicionales, notificados independientemente de la relación causal con la medicación, y que se produjeron en al menos el 5% y más frecuentemente en pacientes tratados con 6 Xelevia, incluyeron
  <effect gate:gateId="1384" rule="Effect" Simplification="resfriado">resfriado</effect>
  y
  <effect gate:gateId="1385" rule="Effect" Simplification="resfriado">nasofaringitis</effect>
  . Acontecimientos adversos adicionales, notificados independientemente de la relación causal con la medicación, y que ocurrieron con más frecuencia en los pacientes tratados con Xelevia (sin alcanzar el nivel del 5%, pero que se produjeron con Xelevia con una incidencia superior al &gt;0,5% respecto al grupo control), incluyeron
  <effect gate:gateId="1386" rule="Effect" Simplification="destrucción del cartílago de las articulaciones">artrosis</effect>
  y
  <effect gate:gateId="1387" rule="Effect" Simplification="dolor">dolor</effect>
  en las extremidades. En un ensayo de 24 semanas de terapia de combinación inicial con
  <drug gate:gateId="1388" rule="Drug">sitagliptina</drug>
  y
  <drug gate:gateId="1389" rule="Drug">metformina</drug>
  dos veces al día (
  <drug gate:gateId="1390" rule="Drug">sitagliptina</drug>
  /
  <drug gate:gateId="1391" rule="Drug">metformina</drug>
  50 mg/500 mg o 50 mg/1000 mg), la incidencia global de reacciones adversas que se consideraron relacionadas con el fármaco en pacientes tratados con la combinación de
  <drug gate:gateId="1392" rule="Drug">sitagliptina</drug>
  y
  <drug gate:gateId="1393" rule="Drug">metformina</drug>
  , en comparación con los pacientes tratados con placebo, fue del 14,0% y 9,7% respectivamente. La incidencia global de reacciones adversas que se consideraron relacionadas con el fármaco en pacientes tratados con la combinación de
  <drug gate:gateId="1394" rule="Drug">sitagliptina</drug>
  y
  <drug gate:gateId="1395" rule="Drug">metformina</drug>
  fue comparable a las de
  <drug gate:gateId="1396" rule="Drug">metformina</drug>
  sola (14,0% cada una) y superior que
  <drug gate:gateId="1397" rule="Drug">sitagliptina</drug>
  sola (6,7%), con las diferencias relativas a
  <drug gate:gateId="1398" rule="Drug">sitagliptina</drug>
  sola primariamente debido a las reacciones adversas gastrointestinales. En los ensayos clínicos, se observó un pequeño aumento del recuento de leucocitos (la diferencia de leucocitos frente al placebo fue de aproximadamente 200 células/microlitro; el valor basal medio de leucocitos fue de aproximadamente 6.600 células/microlitro) debido a un incremento de neutrófilos. Esta observación se halló en la mayoría de los ensayos, pero no en todos. Este cambio en los parámetros de laboratorio no se considera clínicamente relevante. No se observaron cambios clínicamente significativos en las constantes vitales o en el ECG (incluido el intervalo QTc) con el tratamiento de Xelevia. Experiencia post-comercialización: Se han notificado las siguientes reacciones adversas durante la experiencia post-comercialización (frecuencia no conocida): reacciones de
  <effect gate:gateId="1399" rule="Effect" Simplification="alergia">hipersensibilidad</effect>
  incluyendo
  <effect gate:gateId="1400" rule="Effect" Simplification="anafilaxia">anafilaxia</effect>
  ,
  <effect gate:gateId="1401" rule="Effect" Simplification="hinchazón debajo de la piel">angioedema</effect>
  ,
  <effect gate:gateId="1402" rule="Effect" Simplification="alteración de la piel">rash</effect>
  cutáneo,
  <effect gate:gateId="1403" rule="Effect" Simplification="urticaria">urticaria</effect>
  y enfermedades exfoliativas de la piel incluyendo el síndrome de Stevens-Johnson (ver sección 4.4.).
</paragraph>
