<?xml version="1.0" encoding="UTF-8"?>
<paragraph xmlns:gate="http://www.gate.ac.uk" gate:gateId="0" gate:annotMaxId="355">
  Para los efectos adversos graves en usuarias de AOC ver el apartado 4.4. Se han registrado las siguientes reacciones adversas durante el uso de Yasmin: Sistema orgánico Frecuencia de las reacciones adversas Sistema inmune Asma Sistema endocrino Trastornos menstruales, Secreción mamaria Sistema
  <effect gate:gateId="336" rule="Effect" Simplification="nervioso">nervioso</effect>
  <effect gate:gateId="337" rule="Effect" Simplification="dolor de cabeza">cefalea</effect>
  , ánimo depresivo Cambios en la libido Sistema auditivo Hipoacusia Sistema vascular Migraña Hipertensión, Tromboembolismo Sistema gastrointestinal Nauseas Vómitos Piel y tejido subcutáneo Acné, Sistema reproductor y Leucorrea, Vaginitis mamas
  <effect gate:gateId="338" rule="Effect" Simplification="enfermedad de transmisión sexual">moniliasis vaginal</effect>
  , General Retención de líquidos, Se han registrado los siguientes efectos adversos graves en mujeres usuarias de AOC, que se discuten en el apartado 4.4 "Advertencias y precauciones especiales de empleo": - Tromboembolismo venoso; - Tromboembolismo arterial; - Hipertensión; - Tumores hepáticos; - Aparición o deterioro de cuadros en los que la asociación con un AOC no resulta concluyente: Enfermedad de Crohn,
  <effect gate:gateId="339" rule="Effect" Simplification="inflamación en el colon">colitis ulcerosa</effect>
  ,
  <effect gate:gateId="340" rule="Effect" Simplification="epilepsia">epilepsia</effect>
  ,
  <effect gate:gateId="341" rule="Effect" Simplification="migraña">migraña</effect>
  ,
  <effect gate:gateId="342" rule="Effect" Simplification="problemas en el útero">endometriosis</effect>
  ,
  <effect gate:gateId="343" rule="Effect" Simplification="tumor en el útero">mioma uterino</effect>
  ,
  <effect gate:gateId="344" rule="Effect" Simplification="grupo de enfermedades metabólicas">porfiria</effect>
  ,
  <effect gate:gateId="345" rule="Effect" Simplification="enfermedad del sistema inmunitario">lupus eritematoso sistémico</effect>
  ,
  <effect gate:gateId="346" rule="Effect" Simplification="herpes del embarazo">herpes gestacional</effect>
  ,
  <effect gate:gateId="347" rule="Effect" Simplification="movimiento involuntario">corea</effect>
  de Sydenham,
  <effect gate:gateId="348" rule="Effect" Simplification="lesión en los riñones">síndrome hemolítico urémico</effect>
  ;
  <effect gate:gateId="349" rule="Effect" Simplification="problemas en los conductos biliares">ictericia colestática</effect>
  ; - Cloasma; - Los trastornos agudos o crónicos de la función hepática pueden necesitar el cese de la toma de AOC hasta que los marcadores de la función hepática retornen a la normalidad. - En mujeres con
  <effect gate:gateId="350" rule="Effect" Simplification="hinchazón debajo de la piel">angioedema hereditario</effect>
  , los estrógenos exógenos pueden inducir o exacerbar los síntomas del
  <effect gate:gateId="351" rule="Effect" Simplification="hinchazón debajo de la piel">angioedema</effect>
  . La frecuencia del diagnóstico de
  <effect gate:gateId="352" rule="Effect" Simplification="cáncer de mama">cáncer de mama</effect>
  entre usuarias de AOC está aumentada de forma muy ligera. Dado que el
  <effect gate:gateId="353" rule="Effect" Simplification="cáncer de mama">cáncer de mama</effect>
  es raro en mujeres menores de 40 años, este aumento es pequeño con relación al riesgo global de
  <effect gate:gateId="354" rule="Effect" Simplification="cáncer de mama">cáncer de mama</effect>
  . Se desconoce la causalidad relacionada con el uso de AOC. Para más información ver los apartados 4.3 y 4.4.
</paragraph>
