<?xml version="1.0" encoding="UTF-8"?>
<paragraph xmlns:gate="http://www.gate.ac.uk" gate:gateId="0" gate:annotMaxId="554">
  Enfermedad renal crónica, estadíos 3 y 4 Se ha evaluado la seguridad de paricalcitol cápsulas se ha evaluado en tres ensayos clínicos de 24 semanas de duración, doble
  <effect gate:gateId="545" rule="Effect" Simplification="ciego">ciego</effect>
  , controlados con placebo, multicéntricos y en los cuales participaron 220 pacientes con
  <effect gate:gateId="546" rule="Effect" Simplification="enfermedad del riñón">enfermedad renal crónica</effect>
  en estadíos 3 y 4. En la incidencia de
  <effect gate:gateId="547" rule="Effect" Simplification="aumento de calcio en la sangre">hipercalcemia</effect>
  , no hubo diferencias estadísticamente significativas entre los pacientes tratados con paricalcitol y los pacientes tratados con placebo. Zemplar (2/106, 2%) vs. placebo (0/111, 0%). Tampoco se encontraron en relación con elo del balance calcio-fósforo elevado Zemplar (13/106, 12%) vs. placebo (7/111, 6%). La
  <effect gate:gateId="548" rule="Effect" Simplification="alergia ">reacción adversa</effect>
  notificada con mayor frecuencia en pacientes tratados con paricalcitol fue laerupción cutánea, observada en un 2% de los pacientes. MINISTERIO Todas las reacciones adversas, tanto clínicas como de laboratorio, definidas como al menos posiblemente relacionadas con paricalcitol, se muestran en la tabla 3 clasificadas según el sistema MedDRA, término preferente y su frecuencia. Se utilizan los siguientes grupos de frecuencia: muy frecuente (1/10); frecuente (1/100 y &lt;1/10); poco frecuente (1/1.000 y &lt;1/100); raro (1/10.000 y &lt;1/1.000); muy raro (&lt;1/10.000), incluyendo casos aislados. Tabla 3 Reacciones adversas notificadas en ensayos clínicos con ERC en estadíos 3 y 4 Trastornos gastrointestinales Sequedad de boca Poco frecuente Trastornos del sistema inmune Hipersensibilidad Poco frecuente Pruebas de laboratorio Función hepática anormal Poco frecuente Trastornos musculoesqueléticos y del tejido conjuntivo Trastornos del sistema
  <effect gate:gateId="549" rule="Effect" Simplification="nervioso">nervioso</effect>
  Trastornos de la piel y del tejido subcutáneo Enfermedad renal crónica, estadío 5 La seguridad de las cápsulas de paricalcitol ha sido evaluada en un ensayo clínico multicéntrico de 12 semanas de duración, doble
  <effect gate:gateId="550" rule="Effect" Simplification="ciego">ciego</effect>
  y controlado frente a placebo que incluyó 88 pacientes con ERC en estadío 5. No hubo diferencias estadísticamente significativas entre los pacientes tratados con paricalcitol y los pacientes tratados con placebo en la incidencia de
  <effect gate:gateId="551" rule="Effect" Simplification="aumento de calcio en la sangre">hipercalcemia</effect>
  de Zemplar (1/61, 2%) frente a placebo (0/26, 0,0%), o del balance calcio-fósforo elevado de Zemplar (6/61, 10%) frente a placebo (1/26, 4%). Todos los efectos adversos tanto clínicos como de laboratorio definidos como al menos posiblemente relacionados con paricalcitol, se muestran en la tabla 4 clasificados según el sistema MedDRA, término preferente y su frecuencia. Se utilizan los siguientes grupos de frecuencia: muy frecuente (1/10); frecuente (1/100 y &lt;1/10); poco frecuente (1/1000 y 1/100); raro (1/10000 y &lt;1/1000); muy raro (&lt;1/10000), incluyendo informes aislados. Tabla 4. Reacciones adversas notificadas en el ensayo clínico pivotal de Fase III en
  <effect gate:gateId="552" rule="Effect" Simplification="enfermedad del riñón">enfermedad renal crónica</effect>
  estadío 5 Sistema Término preferente Frecuencia Trastornos gastrointestinales Trastornos metabólicos y nutricionales Trastornos del sistema
  <effect gate:gateId="553" rule="Effect" Simplification="nervioso">nervioso</effect>
  Mareo Frecuente Trastornos del sistema reproductor y del pecho Trastornos de la piel y del Acné Frecuente tejido subcutáneo
</paragraph>
