<?xml version="1.0" encoding="UTF-8"?>
<paragraph xmlns:gate="http://www.gate.ac.uk" gate:gateId="0" gate:annotMaxId="740">
  El perfil de reacciones adversas parece similar en niños y en adultos. Las reacciones adversas más graves incluyen:
  <effect gate:gateId="689" rule="Effect" Simplification="anemia">anemia</effect>
  (puede requerir transfusiones),
  <effect gate:gateId="690" rule="Effect" Simplification="problemas en la sangre">neutropenia</effect>
  y
  <effect gate:gateId="691" rule="Effect" Simplification="disminución de leucocitos en la sangre">leucopenia</effect>
  . Estas reacciones ocurrieron con más frecuencia a las dosis más altas (1200 a 1500 mg/día),en los pacientes con la
  <effect gate:gateId="692" rule="Effect" Simplification="enfermedad">enfermedad</effect>
  avanzada por VIH (especialmente cuando la función de la médula ósea es escasa antes del tratamiento) y particularmente en pacientes con un recuento de células CD4+ inferior a 100/mm3. Puede ser necesaria la reducción de la dosis o suspensión del tratamiento (véase Advertencias y precauciones especiales de empleo). La incidencia de
  <effect gate:gateId="693" rule="Effect" Simplification="problemas en la sangre">neutropenia</effect>
  se incrementó en aquellos pacientes cuyos recuentos de neutrófilos, niveles de hemoglobina y niveles séricos de vitamina B12 fueron bajos al comenzar la terapia con Zidovudina. Con el uso de análogos de nucleósidos se han comunicado casos de
  <effect gate:gateId="694" rule="Effect" Simplification="poco oxígeno en la sangre">acidosis láctica</effect>
  , normalmente asociada a
  <effect gate:gateId="695" rule="Effect" Simplification="aumento del tamaño del hígado">hepatomegalia</effect>
  grave y
  <effect gate:gateId="696" rule="Effect" Simplification="hígado graso">esteatosis hepática</effect>
  . Los siguientes efectos han sido comunicados en pacientes tratados con Zidovudina. Pueden ocurrir también como parte del proceso de la
  <effect gate:gateId="697" rule="Effect" Simplification="enfermedad">enfermedad</effect>
  o estar relacionados con otros fármacos utilizados en el tratamiento de la
  <effect gate:gateId="698" rule="Effect" Simplification="enfermedad">enfermedad</effect>
  por VIH. La relación entre estos efectos y el empleo de Zidovudina es difícil de evaluar, particularmente en situaciones médicamente complicadas que caracterizan una
  <effect gate:gateId="699" rule="Effect" Simplification="infección">infección</effect>
  avanzada por VIH. Puede ser necesario reducir la dosis o suspender el tratamiento con Zidovudina para controlar estas alteraciones: Tracto gastrointestinal: Náuseas,
  <effect gate:gateId="700" rule="Effect" Simplification="vómitos">vómitos</effect>
  ,
  <effect gate:gateId="701" rule="Effect" Simplification="pigmentación">pigmentación</effect>
  de la mucosa oral,
  <effect gate:gateId="702" rule="Effect" Simplification="dolor abdominal">dolor abdominal</effect>
  ,
  <effect gate:gateId="703" rule="Effect" Simplification="enfermedades del estómago ">dispepsia</effect>
  ,
  <effect gate:gateId="704" rule="Effect" Simplification="trastornos de la alimentación ">anorexia</effect>
  ,
  <effect gate:gateId="705" rule="Effect" Simplification="diarrea">diarrea</effect>
  ,
  <effect gate:gateId="706" rule="Effect" Simplification="flatulencia">flatulencia</effect>
  . Hematológicas: Anemia,
  <effect gate:gateId="707" rule="Effect" Simplification="problemas en la sangre">neutropenia</effect>
  ,
  <effect gate:gateId="708" rule="Effect" Simplification="disminución de leucocitos en la sangre">leucopenia</effect>
  ,
  <effect gate:gateId="709" rule="Effect" Simplification="problemas de coagulación">trombocitopenia</effect>
  ,
  <effect gate:gateId="710" rule="Effect" Simplification="problemas en la sangre">pancitopenia</effect>
  con hipoplasia medular. Hígado/páncreas: Alteraciones hepáticas como hapatomegalia grave con esteatosis, elevación de los niveles en sangre de enzimas hepáticas y bilirrubina,
  <effect gate:gateId="711" rule="Effect" Simplification="pancreatitis">pancreatitis</effect>
  . Metabólicas/endocrinas: Acidosis láctica en
  <effect gate:gateId="712" rule="Effect" Simplification="ausencia">ausencia</effect>
  de
  <effect gate:gateId="713" rule="Effect" Simplification="enfermedad pulmonar">hipoxemia</effect>
  . MINISTERIO Musculoesqueléticas: Mialgia,
  <effect gate:gateId="714" rule="Effect" Simplification="enfermedad muscular">miopatía</effect>
  . Neurológicas/psiquiatría: Dolor de cabeza,
  <effect gate:gateId="715" rule="Effect" Simplification="mareo">mareos</effect>
  ,
  <effect gate:gateId="716" rule="Effect" Simplification="insomnio">insomnio</effect>
  ,
  <effect gate:gateId="717" rule="Effect" Simplification="cosquilleo">parestesia</effect>
  ,
  <effect gate:gateId="718" rule="Effect" Simplification="somnolencia">somnolencia</effect>
  , pérdida de agudeza mental,
  <effect gate:gateId="719" rule="Effect" Simplification="ataque">convulsiones</effect>
  ,
  <effect gate:gateId="720" rule="Effect" Simplification="ansiedad">ansiedad</effect>
  ,
  <effect gate:gateId="721" rule="Effect" Simplification="___">depresión.</effect>
  Tracto respiratorio: Disnea,
  <effect gate:gateId="722" rule="Effect" Simplification="___">tos.</effect>
  Piel: Pigmentación de uñas y piel,
  <effect gate:gateId="723" rule="Effect" Simplification="inflamación">erupción</effect>
  ,
  <effect gate:gateId="724" rule="Effect" Simplification="urticaria">urticaria</effect>
  ,
  <effect gate:gateId="725" rule="Effect" Simplification="picazón">prurito</effect>
  ,
  <effect gate:gateId="726" rule="Effect" Simplification="___">sudoración.</effect>
  Varias: Micción frecuente,
  <effect gate:gateId="727" rule="Effect" Simplification="alteración del gusto">alteración del gusto</effect>
  ,
  <effect gate:gateId="728" rule="Effect" Simplification="fiebre">fiebre</effect>
  ,
  <effect gate:gateId="729" rule="Effect" Simplification="malestar">malestar</effect>
  ,
  <effect gate:gateId="730" rule="Effect" Simplification="dolor">dolor</effect>
  generalizado,
  <effect gate:gateId="731" rule="Effect" Simplification="escalofríos">escalofríos</effect>
  ,
  <effect gate:gateId="732" rule="Effect" Simplification="dolor de pecho">dolor en el pecho</effect>
  ,
  <effect gate:gateId="733" rule="Effect" Simplification="gripe">síndrome gripal</effect>
  ,
  <effect gate:gateId="734" rule="Effect" Simplification="enfermedades del seno">ginecomastia</effect>
  ,
  <effect gate:gateId="735" rule="Effect" Simplification="fatiga">astenia</effect>
  . Los datos disponibles procedentes de estudios controlados con placebo y abiertos indican que la incidencia de
  <effect gate:gateId="736" rule="Effect" Simplification="náuseas">náuseas</effect>
  y otros efectos adversos clínicos frecuentemente informados, disminuye con el tiempo durante las primeras semanas de tratamiento con Zidovudina. Reacciones adversas con Zidovudina en la prevención de la transmisión materno-fetal: En un estudio controlado por placebo, las anormalidades en las pruebas de laboratorio y los efectos clínicos adversos en general fueron similares para las mujeres tratadas con Zidovudina y para los grupos de placebo. Sin embargo, hubo una tendencia a la aparición de
  <effect gate:gateId="737" rule="Effect" Simplification="anemia">anemia</effect>
  leve y moderada, observada más frecuentemente antes del
  <effect gate:gateId="738" rule="Effect" Simplification="parto">parto</effect>
  en las mujeres tratadas con zidovudina. En el mismo ensayo, las concentraciones de hemoglobina en niños expuestos a Zidovudina para esta indicación fueron marginalmente menores a las de los niños en el grupo de placebo, no precisándose transfusión. La
  <effect gate:gateId="739" rule="Effect" Simplification="anemia">anemia</effect>
  se resolvió en las seis semanas siguientes a la terminación de la terapia con Zidovudina. Otros efectos adversos clínicos y alteraciones en los ensayos de laboratorio fueron similares en los grupos de Zidovudina y de placebo. Las consecuencias a largo plazo de la exposición in utero y en lactantes de Zidovudina son desconocidas aún.
</paragraph>
