<?xml version="1.0" encoding="UTF-8"?>
<paragraph xmlns:gate="http://www.gate.ac.uk" gate:gateId="0" gate:annotMaxId="315">
  Los posibles efectos adversos son habitualmente transitorios, tienden a presentarse en el plazo de 4 horas tras la administración, no son más frecuentes después de dosis repetidas y se resuelven espontáneamente sin tratamiento adicional. Se aplican las siguientes definiciones a la incidencia de los efectos adversos: Muy frecuentes (1/10); frecuentes (1/100, &lt;1/10); poco frecuentes (1/1000, &lt;1/100); raros (1/10000, &lt;1/1000); muy raros (&lt;1/10000). Los efectos adversos se enumeran en orden decreciente de gravedad dentro de cada intervalo de frecuencia. Los siguientes efectos adversos han sido notificados tras la administración de zolmitriptán: Frecuentes (1/100, &lt;1/10) SNC: Anomalías o alteraciones de la sensibilidad;
  <effect gate:gateId="294" rule="Effect" Simplification="mareo">mareo</effect>
  ;
  <effect gate:gateId="295" rule="Effect" Simplification="dolor de cabeza">cefalea</effect>
  ; Cardiovascular: Palpitaciones Gastrointestinal: Dolor abdominal;
  <effect gate:gateId="296" rule="Effect" Simplification="náuseas">náuseas</effect>
  ;
  <effect gate:gateId="297" rule="Effect" Simplification="vómitos">vómitos</effect>
  ;
  <effect gate:gateId="298" rule="Effect" Simplification="sequedad de boca">sequedad de boca</effect>
  Musculoesquelético: Debilidad muscular;
  <effect gate:gateId="299" rule="Effect" Simplification="dolor muscular">mialgia</effect>
  General : Astenia; pesadez,
  <effect gate:gateId="300" rule="Effect" Simplification="tensión">tensión</effect>
  ,
  <effect gate:gateId="301" rule="Effect" Simplification="dolor">dolor</effect>
  o
  <effect gate:gateId="302" rule="Effect" Simplification="presión">presión</effect>
  en la garganta, cuello, Poco frecuentes (1/1000, &lt;1/100) Cardiovascular: Taquicardia; ligero aumento en la
  <effect gate:gateId="303" rule="Effect" Simplification="presión">presión</effect>
  arterial; aumentos Trastornos renales y urinarios: Poliuria; aumento de la
  <effect gate:gateId="304" rule="Effect" Simplification="frecuencia urinaria">frecuencia urinaria</effect>
  Raros (1/10000, &lt;1/1000) Sistema inmunológico: Reacciones de
  <effect gate:gateId="305" rule="Effect" Simplification="alergia">hipersensibilidad</effect>
  incluyendo
  <effect gate:gateId="306" rule="Effect" Simplification="urticaria">urticaria</effect>
  ,
  <effect gate:gateId="307" rule="Effect" Simplification="hinchazón debajo de la piel">angioedema</effect>
  Muy raros (&lt;1/10000) Cardiovascular: Infarto de miocardio;
  <effect gate:gateId="308" rule="Effect" Simplification="dolor en el pecho">angina de pecho</effect>
  ,
  <effect gate:gateId="309" rule="Effect" Simplification="construcción en los vasos sanguíneos">vasoespasmo coronario</effect>
  Gastrointestinal: Isquemia o
  <effect gate:gateId="310" rule="Effect" Simplification="infarto">infarto</effect>
  (por ejemplo,
  <effect gate:gateId="311" rule="Effect" Simplification="poco flujo de sangre en los intestinos">isquemia intestinal</effect>
  ,
  <effect gate:gateId="312" rule="Effect" Simplification="infarto">infarto</effect>
  Trastornos renales y urinarios: Tenesmo vesical Ciertos síntomas pueden formar parte de la
  <effect gate:gateId="313" rule="Effect" Simplification="crisis">crisis</effect>
  de
  <effect gate:gateId="314" rule="Effect" Simplification="migraña">migraña</effect>
  "per se".
</paragraph>
