<?xml version="1.0" encoding="UTF-8"?>
<paragraph xmlns:gate="http://www.gate.ac.uk" gate:gateId="0" gate:annotMaxId="342">
  Los posibles efectos adversos son habitualmente transitorios, tienden a presentarse en el plazo de 4 horas tras la administración, no son más frecuentes después de dosis repetidas y se resuelven espontáneamente sin tratamiento adicional. MINISTERIO Se aplican las siguientes definiciones a la incidencia de los efectos adversos: Muy frecuentes (1/10); frecuentes (1/100, &lt;1/10); poco frecuentes (1/1000, &lt;1/100); raros (1/10000, &lt;1/1000); muy raros (&lt;1/10000). Dentro de cada grupo de frecuencia, los efectos adversos se presentan en orden decreciente de gravedad. Se han comunicado los siguientes efectos adversos tras la administración de zolmitriptán: Muy frecuentes (1/10) SNC: Alteración del gusto Frecuentes (1/100, &lt;1/10) SNC: Anomalías o alteraciones de la sensibilidad;
  <effect gate:gateId="322" rule="Effect" Simplification="mareo">mareo</effect>
  ;
  <effect gate:gateId="323" rule="Effect" Simplification="dolor de cabeza">cefalea</effect>
  ; Cardiovascular: Palpitaciones Trastornos del aparato Respiratorio: Hemorragia nasal;
  <effect gate:gateId="324" rule="Effect" Simplification="malestar">malestar</effect>
  en las fosas nasales Gastrointestinal: Dolor abdominal;
  <effect gate:gateId="325" rule="Effect" Simplification="náuseas">náuseas</effect>
  ;
  <effect gate:gateId="326" rule="Effect" Simplification="vómitos">vómitos</effect>
  ;
  <effect gate:gateId="327" rule="Effect" Simplification="sequedad de boca">sequedad de boca</effect>
  Musculoesquelético: Debilidad muscular;
  <effect gate:gateId="328" rule="Effect" Simplification="dolor muscular">mialgia</effect>
  General: Astenia; pesadez,
  <effect gate:gateId="329" rule="Effect" Simplification="tensión">tensión</effect>
  ,
  <effect gate:gateId="330" rule="Effect" Simplification="dolor">dolor</effect>
  o
  <effect gate:gateId="331" rule="Effect" Simplification="presión">presión</effect>
  en la garganta, cuello, Poco frecuentes (1/1000, &lt;1/100) Cardiovascular: Taquicardia; ligero aumento en la
  <effect gate:gateId="332" rule="Effect" Simplification="presión">presión</effect>
  arterial; aumentos Trastornos renales y urinarios: Poliuria, aumento de la
  <effect gate:gateId="333" rule="Effect" Simplification="frecuencia urinaria">frecuencia urinaria</effect>
  Raros (1/10000, &lt;1/1000) Sistema inmunitario: Reacciones de
  <effect gate:gateId="334" rule="Effect" Simplification="alergia">hipersensibilidad</effect>
  incluyendo
  <effect gate:gateId="335" rule="Effect" Simplification="urticaria">urticaria</effect>
  ,
  <effect gate:gateId="336" rule="Effect" Simplification="hinchazón debajo de la piel">angioedema</effect>
  y Muy raros (&lt;1/10000) Cardiovascular: Infarto de miocardio;
  <effect gate:gateId="337" rule="Effect" Simplification="dolor en el pecho">angina de pecho</effect>
  ;
  <effect gate:gateId="338" rule="Effect" Simplification="construcción en los vasos sanguíneos">vasoespasmo coronario</effect>
  Gastrointestinal: Isquemia o
  <effect gate:gateId="339" rule="Effect" Simplification="infarto">infarto</effect>
  (por ejemplo,
  <effect gate:gateId="340" rule="Effect" Simplification="poco flujo de sangre en los intestinos">isquemia intestinal</effect>
  ,
  <effect gate:gateId="341" rule="Effect" Simplification="infarto">infarto</effect>
  Trastornos renales y urinarios: Tenesmo vesical La incidencia de los acontecimientos adversos locales fue mayor para Zomig Nasal 5 mg que para 2,5 mg.
</paragraph>
