<?xml version="1.0" encoding="UTF-8"?>
<paragraph xmlns:gate="http://www.gate.ac.uk" gate:gateId="0" gate:annotMaxId="805">
  La tabla siguiente muestra las reacciones adversas que han sido descritas durante la práctica clínica en pacientes tratados con ZOFENIL. Han sido clasificadas según los órganos del sistema y ordenadas por frecuencia según el criterio siguiente: muy frecuentes (=1/10),frecuentes (=1/100, &lt;1/10), poco frecuentes (=&gt;1/1.000, &lt;1/100), raras( 1/10.000, &lt;1/1.000) y muy raras (=&lt;1/10.000). Transtornos generales y condiciones en el punto de administración Frecuentes:
  <effect gate:gateId="730" rule="Effect" Simplification="fatiga ">fatiga</effect>
  Poco frecuentes:
  <effect gate:gateId="731" rule="Effect" Simplification="debilidad">debilidad</effect>
  Transtornos gastrointestinales Frecuentes: Nauseas/
  <effect gate:gateId="732" rule="Effect" Simplification="vómitos">vómitos</effect>
  Transtornos musculoesqueléticos, del tejido conectivo y óseos Poco frecuentes: Calambres musculares Transtornos del sistema
  <effect gate:gateId="733" rule="Effect" Simplification="nervioso">nervioso</effect>
  Frecuentes: Vértigo,
  <effect gate:gateId="734" rule="Effect" Simplification="dolor de cabeza">cefalea</effect>
  Transtornos respiratorios, torácicos y mediastínicos Frecuentes:
  <effect gate:gateId="735" rule="Effect" Simplification="tos">tos</effect>
  Transtornos del tejido de la piel y subcutáneos Poco frecuentes: Erupción cutánea Raros:
  <effect gate:gateId="736" rule="Effect" Simplification="hinchazón debajo de la piel">angioedema</effect>
  Se han observado las siguientes reacciones adversas asociadas a la terapia con IECAs: Sistema cardiovascular: Se ha presentado
  <effect gate:gateId="737" rule="Effect" Simplification="presión arterial baja">hipotensión</effect>
  severa después del inicio de la terapia o incremento de la dosis. Ello ocurre especialmente en ciertos grupos de riesgo (ver Advertencias y precauciones especiales de empleo). Pueden aparecer síntomas como
  <effect gate:gateId="738" rule="Effect" Simplification="mareo y vértigo">vértigo</effect>
  ,
  <effect gate:gateId="739" rule="Effect" Simplification="sensación de debilidad">sensación de debilidad</effect>
  , visión alterada, y raramente, alteraciones de la consciencia (
  <effect gate:gateId="740" rule="Effect" Simplification="desmayo">síncope</effect>
  ). Se han descrito casos individuales de
  <effect gate:gateId="741" rule="Effect" Simplification="alteración del ritmo cardíaco">taquicardia</effect>
  ,
  <effect gate:gateId="742" rule="Effect" Simplification="palpitaciones">palpitaciones</effect>
  , arritmias,
  <effect gate:gateId="743" rule="Effect" Simplification="dolor en el pecho">angina de pecho</effect>
  ,
  <effect gate:gateId="744" rule="Effect" Simplification="infarto">infarto de miocardio</effect>
  , ataques isquémicos pasajeros y
  <effect gate:gateId="745" rule="Effect" Simplification="hemorragia cerebral">hemorragia cerebral</effect>
  , para IECAs en asociación con
  <effect gate:gateId="746" rule="Effect" Simplification="presión arterial baja">hipotensión</effect>
  . Muy raramente se han descrito
  <effect gate:gateId="747" rule="Effect" Simplification="hinchazón en la pierna">edema periférico</effect>
  ,
  <effect gate:gateId="748" rule="Effect" Simplification="incapacidad de quedarse quieto">hipotensión ortostática</effect>
  y
  <effect gate:gateId="749" rule="Effect" Simplification="dolor torácico">dolor torácico</effect>
  . Sistema musculoesquelético: Ocasionalmente pueden producirse mialgias y
  <effect gate:gateId="750" rule="Effect" Simplification="calambres musculares">calambres musculares</effect>
  . Sistema renal: Puede producirse
  <effect gate:gateId="751" rule="Effect" Simplification="insuficiencia renal ">insuficiencia renal</effect>
  o intensificarse ésta. Se ha descrito
  <effect gate:gateId="752" rule="Effect" Simplification="insuficiencia renal">insuficiencia renal aguda</effect>
  (ver Advertencias y precauciones especiales de empleo). Sistema respiratorio: Se ha documentado la inducción de
  <effect gate:gateId="753" rule="Effect" Simplification="tos">tos</effect>
  por los IECA en un número sustancial de pacientes. Raramente se han descrito
  <effect gate:gateId="754" rule="Effect" Simplification="jadeo">disnea</effect>
  ,
  <effect gate:gateId="755" rule="Effect" Simplification="inflamación nasal">sinusitis</effect>
  ,
  <effect gate:gateId="756" rule="Effect" Simplification="inflamación en las fosas nasales">rinitis</effect>
  ,
  <effect gate:gateId="757" rule="Effect" Simplification="inflamación de la lengua">glositis</effect>
  ,
  <effect gate:gateId="758" rule="Effect" Simplification="bronquitis">bronquitis</effect>
  y
  <effect gate:gateId="759" rule="Effect" Simplification="trastornos de los bronquios">broncoespasmo</effect>
  . Se ha asociado el
  <effect gate:gateId="760" rule="Effect" Simplification="ataque">ataque</effect>
  de
  <effect gate:gateId="761" rule="Effect" Simplification="hinchazón en la piel">edema angioneurótico</effect>
  con IECAs en un pequeño conjunto de pacientes, afectando a la cara y a los tejidos orofaríngeos. En casos aislados el
  <effect gate:gateId="762" rule="Effect" Simplification="hinchazón en la piel">edema angioneurótico</effect>
  afectando a las vías respiratorias altas causó una
  <effect gate:gateId="763" rule="Effect" Simplification="obstrucción">obstrucción</effect>
  fatal de las vías aéreas. Tracto gastrointestinal: Ocasionalmente puede producirse
  <effect gate:gateId="764" rule="Effect" Simplification="náusea">náusea</effect>
  ,
  <effect gate:gateId="765" rule="Effect" Simplification="dolor abdominal">dolor abdominal</effect>
  ,
  <effect gate:gateId="766" rule="Effect" Simplification="vómitos">vómitos</effect>
  ,
  <effect gate:gateId="767" rule="Effect" Simplification="diarreas">diarreas</effect>
  ,
  <effect gate:gateId="768" rule="Effect" Simplification="estreñimiento">estreñimiento</effect>
  y
  <effect gate:gateId="769" rule="Effect" Simplification="sequedad de boca">sequedad de boca</effect>
  . Se han descrito casos individuales de
  <effect gate:gateId="770" rule="Effect" Simplification="problemas en los conductos biliares">ictericia colestática</effect>
  ,
  <effect gate:gateId="771" rule="Effect" Simplification="hepatitis">hepatitis</effect>
  ,
  <effect gate:gateId="772" rule="Effect" Simplification="pancreatitis">pancreatitis</effect>
  e
  <effect gate:gateId="773" rule="Effect" Simplification="obstrucción intestinal">íleo</effect>
  en asociación con IECAs. Piel y apéndices: Pueden darse ocasionalmente reacciones alérgicas y de
  <effect gate:gateId="774" rule="Effect" Simplification="alergia">hipersensibilidad</effect>
  , como
  <effect gate:gateId="775" rule="Effect" Simplification="inflamación">erupción cutánea</effect>
  ,
  <effect gate:gateId="776" rule="Effect" Simplification="picazón">prurito</effect>
  ,
  <effect gate:gateId="777" rule="Effect" Simplification="urticaria">urticaria</effect>
  ,
  <effect gate:gateId="778" rule="Effect" Simplification="múltiples manchas rojas">eritema multiforme</effect>
  , síndrome de Stevens-Johnson,
  <effect gate:gateId="779" rule="Effect" Simplification="enfermedad de la piel">necrolisis epidérmica tóxica</effect>
  , erupciones de tipo
  <effect gate:gateId="780" rule="Effect" Simplification="enfermedad de la piel">psoriasis</effect>
  y
  <effect gate:gateId="781" rule="Effect" Simplification="pérdida de cabello ">alopecia</effect>
  . Ello puede ir acompañado por
  <effect gate:gateId="782" rule="Effect" Simplification="fiebre">fiebre</effect>
  ,
  <effect gate:gateId="783" rule="Effect" Simplification="dolor muscular">mialgia</effect>
  ,
  <effect gate:gateId="784" rule="Effect" Simplification="dolor articular">artralgia</effect>
  ,
  <effect gate:gateId="785" rule="Effect" Simplification="problemas en la sangre">eosinofilia</effect>
  y/o título de los ANA incrementado. Sistema
  <effect gate:gateId="786" rule="Effect" Simplification="nervioso">nervioso</effect>
  : Ocasionalmente,
  <effect gate:gateId="787" rule="Effect" Simplification="dolor de cabeza">cefalea</effect>
  ,
  <effect gate:gateId="788" rule="Effect" Simplification="mareo y vértigo">vértigo</effect>
  ,
  <effect gate:gateId="789" rule="Effect" Simplification="fatiga ">fatiga</effect>
  ; raramente,
  <effect gate:gateId="790" rule="Effect" Simplification="depresión">depresión</effect>
  ,
  <effect gate:gateId="791" rule="Effect" Simplification="cambios de humor">cambios de humor</effect>
  ,
  <effect gate:gateId="792" rule="Effect" Simplification="alteraciones del sueño">alteraciones del sueño</effect>
  ,
  <effect gate:gateId="793" rule="Effect" Simplification="cosquilleo">parestesias</effect>
  ,
  <effect gate:gateId="794" rule="Effect" Simplification="impotencia">impotencia</effect>
  , alteraciones del equilibrio,
  <effect gate:gateId="795" rule="Effect" Simplification="confusión">confusión</effect>
  , tinnitus,
  <effect gate:gateId="796" rule="Effect" Simplification="visión borrosa">visión borrosa</effect>
  y
  <effect gate:gateId="797" rule="Effect" Simplification="mal sabor">disgeusia</effect>
  . Parámetros de laboratorio: Pueden producirse incrementos de urea en sangre e incrementos de creatinina en plasma reversibles al suspender el tratamiento, especialmente en presencia de
  <effect gate:gateId="798" rule="Effect" Simplification="insuficiencia renal ">insuficiencia renal</effect>
  , insuficiencia cardíaca severa e
  <effect gate:gateId="799" rule="Effect" Simplification="presión arterial alta">hipertensión</effect>
  renovascular. En un número reducido de pacientes se han descrito disminuciones en hemoglobina, hematocrito, plaquetas y recuento de glóbulos blancos. Esto incluye
  <effect gate:gateId="800" rule="Effect" Simplification="poca producción de defensas en la sangre">agranulocitosis</effect>
  y
  <effect gate:gateId="801" rule="Effect" Simplification="problemas en la sangre">pancitopenia</effect>
  . Existen casos de
  <effect gate:gateId="802" rule="Effect" Simplification="anemia">anemia hemolítica</effect>
  en pacientes con deficiencia de glucosa-6- fosfato deshidrogenasa. También se han observado incrementos en niveles séricos de enzimas hepáticas y de bilirrubina. General: Raramente se produce
  <effect gate:gateId="803" rule="Effect" Simplification=" sudoración ">sudoración</effect>
  incrementada,
  <effect gate:gateId="804" rule="Effect" Simplification="enrojecimiento">enrojecimiento</effect>
  y micción anormal.
</paragraph>
