<?xml version="1.0" encoding="UTF-8"?>
<paragraph xmlns:gate="http://www.gate.ac.uk" gate:gateId="0" gate:annotMaxId="927">
  La seguridad de ZOSTAVAX se ha evaluado en ensayos clínicos con más de 20.000 adultos. En el mayor de estos ensayos, el Estudio de Prevención de Herpes zóster (EPH), 38.546 individuos recibieron una dosis única de la formulación congelada de ZOSTAVAX (n=19.270) o placebo (n=19.276) y se monitorizó la seguridad a lo largo del ensayo. Durante el ensayo, se notificaron reacciones adversas graves relacionadas con la
  <effect gate:gateId="904" rule="Effect" Simplification="vacuna">vacuna</effect>
  en 2 sujetos vacunados con ZOSTAVAX (
  <effect gate:gateId="905" rule="Effect" Simplification="empeoramiento del asma">exacerbación de asma</effect>
  y
  <effect gate:gateId="906" rule="Effect" Simplification="dolor muscular">polimialgia reumática</effect>
  ) y en 3 sujetos que recibieron placebo (Síndrome de Goodpasture,
  <effect gate:gateId="907" rule="Effect" Simplification="reacción alérgica">reacción anafiláctica</effect>
  y
  <effect gate:gateId="908" rule="Effect" Simplification="dolor muscular">polimialgia reumática</effect>
  ). En el Subestudio de Monitorización de Acontecimientos Adversos, se le proporcionó a un subgrupo de individuos del EPH (n=3.345 recibieron ZOSTAVAX y n=3.271 recibieron placebo) tarjetas de vacunación para registrar las reacciones adversas que tuvieron lugar desde el Día 0 al Día 42 después de la vacunación, además del control rutinario de seguridad que se llevó a cabo durante todo el ensayo. Las siguientes reacciones adversas en el lugar de inyección y sistémicas relacionadas con la
  <effect gate:gateId="909" rule="Effect" Simplification="vacuna">vacuna</effect>
  fueron notificadas con una incidencia significativamente mayor en el grupo de la
  <effect gate:gateId="910" rule="Effect" Simplification="vacuna">vacuna</effect>
  frente al grupo del placebo en el Subestudio de Monitorización de Acontecimientos Adversos. La mayoría de estas reacciones adversas fueron notificadas como de intensidad leve. Se solicitaron diversas reacciones adversas (Días 0 a 4 post-vacunación) que se designaron con el símbolo *. [Muy frecuentes (&gt;1/10), Frecuentes (&gt;1/100, &lt;1/10), Poco frecuentes (&gt;1/1.000, &lt;1/100), Raras (&gt;1/10.000, &lt;1/1.000), Muy Raras (&lt;1/10.000) incluyendo notificaciones aisladas] Trastornos del sistema
  <effect gate:gateId="911" rule="Effect" Simplification="nervioso">nervioso</effect>
  Frecuentes:
  <effect gate:gateId="912" rule="Effect" Simplification="dolor de cabeza">dolor de cabeza</effect>
  Trastornos generales y alteraciones en el lugar de administración Muy Frecuentes:
  <effect gate:gateId="913" rule="Effect" Simplification="enrojecimiento">eritema</effect>
  *,
  <effect gate:gateId="914" rule="Effect" Simplification="dolor">dolor</effect>
  /
  <effect gate:gateId="915" rule="Effect" Simplification="dolor">dolor</effect>
  al tacto*,
  <effect gate:gateId="916" rule="Effect" Simplification="hinchazón">hinchazón</effect>
  * Frecuentes:
  <effect gate:gateId="917" rule="Effect" Simplification="moretones ">hematoma</effect>
  ,
  <effect gate:gateId="918" rule="Effect" Simplification="picazón">prurito</effect>
  ,
  <effect gate:gateId="919" rule="Effect" Simplification="calor">calor</effect>
  La incidencia general de las reacciones adversas en el lugar de inyección relacionadas con la
  <effect gate:gateId="920" rule="Effect" Simplification="vacuna">vacuna</effect>
  fue significativamente mayor en los sujetos vacunados con ZOSTAVAX frente a los sujetos que recibieron placebo (48% en ZOSTAVAX y 17% en placebo). En el resto de sujetos del EPH se realizó una monitorización rutinaria de la seguridad, pero no se
  <effect gate:gateId="921" rule="Effect" Simplification="enfermedad del sistema inmune">les</effect>
  proporcionó tarjetas de registro. Los tipos de acontecimientos adversos notificados en estos pacientes fueron generalmente similares a los del subgrupo de pacientes del Subestudio de Monitorización de Acontecimientos Adversos. Dentro de los 42 días del periodo de notificación post-vacunación en el EPH, el número de erupciones zosteriformes notificadas entre todos los sujetos fue pequeño (17 para ZOSTAVAX, 36 para placebo; p=0,009). De estas 53 erupciones zosteriformes, en 41 se obtuvieron muestras adecuadas para la prueba de PCR. Se detectó el VVZ silvestre en 25 de ellas (5 para ZOSTAVAX, 20 para placebo). La cepa Oka/Merck del VVZ no se detectó en ninguna de estas muestras. Dentro de esos mismos 42 días del periodo de notificación post-vacunación en el estudio EPH, el número (n=59) de notificaciones de
  <effect gate:gateId="922" rule="Effect" Simplification="inflamación">erupción</effect>
  varicelosa también fue pequeño. De éstas, en 10 se obtuvieron muestras adecuadas para PCR. No se detectó VVZ en ninguna de estas muestras. En los demás ensayos clínicos que respaldan la autorización inicial de la formulación congelada de ZOSTAVAX, las tasas de notificación de las erupciones zosteriformes y varicelosas fuera del lugar de inyección durante los 42 días posteriores a la vacunación también fueron bajas, tanto en los vacunados como en los que recibieron placebo. De las 17 erupciones zosteriformes y varicelosas fuera del lugar de inyección notificadas, en 10 casos se obtuvieron muestras adecuadas para PCR. La cepa Oka/Merck se identificó mediante análisis de PCR a partir de muestras de lesiones en sólo dos sujetos que notificaron
  <effect gate:gateId="923" rule="Effect" Simplification="inflamación">erupción</effect>
  varicelosa (comienzo en Día 8 y Día 17). En otros ensayos clínicos que evaluaron ZOSTAVAX en sujetos de 50 años o mayores, incluyendo un estudio de la
  <effect gate:gateId="924" rule="Effect" Simplification="vacuna">vacuna</effect>
  antigripal inactivada administrada concomitantemente, el perfil de seguridad fue generalmente similar al que se vio en el Subestudio de Monitorización de Acontecimientos Adversos del EPH. Sin embargo, en estos ensayos se notificó una tasa mayor de acontecimientos adversos en el lugar de inyección, de intensidad leve a moderada, entre los sujetos de 50-59 años en comparación con sujetos &gt; 60 años (ver sección 5.1). Los datos obtenidos de un ensayo clínico (n=368) demostraron que la actual formulación refrigerada es generalmente bien tolerada con un perfil de seguridad comparable al de la formulación congelada. En un ensayo clínico aleatorizado, doble
  <effect gate:gateId="925" rule="Effect" Simplification="ciego">ciego</effect>
  , controlado con placebo, en el que ZOSTAVAX se administró a 100 individuos de 50 años o mayores con antecedentes de
  <effect gate:gateId="926" rule="Effect" Simplification="enfermedad infecciosa">herpes zóster</effect>
  (HZ) antes de la vacunación, el perfil de seguridad fue generalmente similar al observado en el Subestudio de Monitorización de Acontecimientos Adversos del EPH.
</paragraph>
